# https://github.com/mikedh/trimesh
v -0.02000000 -0.02000000 0.00000000
v -0.01011200 -0.00617500 0.00400000
v -0.00258800 -0.00617500 0.00400000
v -0.02000000 -0.02000000 0.02200000
v -0.01011200 -0.00617500 0.02040000
v -0.01117867 -0.00724167 0.02200000
v -0.00258800 -0.00617500 0.02040000
v -0.00152133 -0.00724167 0.02200000
v -0.01011200 0.00617500 0.00400000
v -0.02000000 0.02000000 0.00000000
v -0.00258800 0.00617500 0.00400000
v -0.01011200 0.00617500 0.02040000
v -0.01117867 0.00724167 0.02200000
v -0.02000000 0.02000000 0.02200000
v -0.00258800 0.00617500 0.02040000
v -0.00152133 0.00724167 0.02200000
v 0.00258800 -0.00617500 0.00400000
v 0.02000000 -0.02000000 0.00000000
v 0.01011200 -0.00617500 0.00400000
v 0.00152133 -0.00724167 0.02200000
v 0.00258800 -0.00617500 0.02040000
v 0.02000000 -0.02000000 0.02200000
v 0.01011200 -0.00617500 0.02040000
v 0.01117867 -0.00724167 0.02200000
v 0.00258800 0.00617500 0.00400000
v 0.01011200 0.00617500 0.00400000
v 0.02000000 0.02000000 0.00000000
v 0.00152133 0.00724167 0.02200000
v 0.00258800 0.00617500 0.02040000
v 0.01011200 0.00617500 0.02040000
v 0.01117867 0.00724167 0.02200000
v 0.02000000 0.02000000 0.02200000
v -0.00635000 -0.00617500 0.00400000
v -0.02000000 -0.02000000 0.01100000
v -0.01011200 -0.00617500 0.01220000
v -0.00635000 -0.00617500 0.01220000
v -0.01558933 -0.01362083 0.02200000
v -0.01064533 -0.00670833 0.02120000
v -0.00258800 -0.00617500 0.01220000
v -0.00635000 -0.00617500 0.02040000
v -0.00688333 -0.00670833 0.02120000
v -0.01076067 -0.01362083 0.02200000
v -0.00635000 -0.00724167 0.02200000
v -0.00205467 -0.00670833 0.02120000
v -0.01011200 0.00000000 0.00400000
v -0.00635000 0.00000000 0.00400000
v -0.02000000 0.00000000 0.00000000
v -0.00258800 0.00000000 0.00400000
v -0.00258800 0.00000000 0.01220000
v -0.00635000 0.00617500 0.00400000
v -0.01011200 0.00000000 0.01220000
v -0.01011200 0.00000000 0.02040000
v -0.01011200 0.00617500 0.01220000
v -0.01558933 -0.00637917 0.02200000
v -0.01064533 0.00053333 0.02120000
v -0.01117867 0.00000000 0.02200000
v -0.01064533 0.00670833 0.02120000
v -0.02000000 0.00000000 0.01100000
v -0.02000000 0.00000000 0.02200000
v -0.02000000 0.02000000 0.01100000
v -0.01558933 0.01362083 0.02200000
v -0.00258800 0.00000000 0.02040000
v -0.00205467 -0.00053333 0.02120000
v -0.00635000 0.00617500 0.01220000
v -0.00258800 0.00617500 0.01220000
v -0.00635000 0.00617500 0.02040000
v -0.00152133 0.00000000 0.02200000
v -0.00581667 0.00670833 0.02120000
v -0.00635000 0.00724167 0.02200000
v -0.01076067 0.01362083 0.02200000
v -0.00205467 0.00670833 0.02120000
v 0.00000000 -0.02000000 0.00000000
v 0.00000000 -0.02000000 0.01100000
v 0.00000000 0.00000000 0.00000000
v 0.00635000 -0.00617500 0.00400000
v 0.00000000 -0.00724167 0.02200000
v 0.00258800 -0.00617500 0.01220000
v 0.00635000 -0.00617500 0.01220000
v 0.00205467 -0.00670833 0.02120000
v 0.00000000 -0.02000000 0.02200000
v 0.00923933 -0.01362083 0.02200000
v 0.02000000 -0.02000000 0.01100000
v 0.01076067 -0.01362083 0.02200000
v 0.01011200 -0.00617500 0.01220000
v 0.00581667 -0.00670833 0.02120000
v 0.00635000 -0.00617500 0.02040000
v 0.00635000 -0.00724167 0.02200000
v 0.01558933 -0.01362083 0.02200000
v 0.01064533 -0.00670833 0.02120000
v 0.00258800 0.00000000 0.00400000
v 0.00635000 0.00000000 0.00400000
v 0.01011200 0.00000000 0.00400000
v 0.01011200 0.00000000 0.01220000
v 0.00635000 0.00617500 0.00400000
v 0.00000000 0.02000000 0.00000000
v 0.02000000 0.00000000 0.00000000
v 0.02000000 0.00000000 0.01100000
v 0.00000000 0.00000000 0.02200000
v -0.00923933 0.01362083 0.02200000
v 0.00000000 0.00724167 0.02200000
v 0.00152133 0.00000000 0.02200000
v 0.00205467 0.00053333 0.02120000
v 0.00258800 0.00000000 0.01220000
v 0.00258800 0.00000000 0.02040000
v 0.00258800 0.00617500 0.01220000
v 0.00205467 0.00670833 0.02120000
v 0.01011200 0.00000000 0.02040000
v 0.01064533 -0.00053333 0.02120000
v 0.00635000 0.00617500 0.01220000
v 0.01011200 0.00617500 0.01220000
v 0.00635000 0.00617500 0.02040000
v 0.01117867 0.00000000 0.02200000
v 0.00635000 0.00724167 0.02200000
v 0.00688333 0.00670833 0.02120000
v 0.01064533 0.00670833 0.02120000
v 0.00000000 0.02000000 0.01100000
v 0.00000000 0.02000000 0.02200000
v 0.02000000 0.00000000 0.02200000
v 0.01558933 0.00637917 0.02200000
v 0.02000000 0.02000000 0.01100000
v 0.01076067 0.01362083 0.02200000
v 0.01558933 0.01362083 0.02200000
v -0.00823100 -0.00617500 0.00400000
v -0.00446900 -0.00617500 0.00400000
v -0.02000000 -0.02000000 0.00550000
v -0.02000000 -0.02000000 0.01650000
v -0.01011200 -0.00617500 0.00810000
v -0.01011200 -0.00617500 0.01630000
v -0.00823100 -0.00617500 0.00810000
v -0.00446900 -0.00617500 0.00810000
v -0.00823100 -0.00617500 0.01630000
v -0.00635000 -0.00617500 0.00810000
v -0.00823100 -0.00617500 0.01220000
v -0.01779467 -0.01681042 0.02200000
v -0.01338400 -0.01043125 0.02200000
v -0.01037867 -0.00644167 0.02080000
v -0.01091200 -0.00697500 0.02160000
v -0.00258800 -0.00617500 0.00810000
v -0.00258800 -0.00617500 0.01630000
v -0.00446900 -0.00617500 0.01220000
v -0.00823100 -0.00617500 0.02040000
v -0.00446900 -0.00617500 0.02040000
v -0.00635000 -0.00617500 0.01630000
v -0.00849767 -0.00644167 0.02080000
v -0.00446900 -0.00617500 0.01630000
v -0.00903100 -0.00697500 0.02160000
v -0.00473567 -0.00644167 0.02080000
v -0.00876433 -0.00670833 0.02120000
v -0.00661667 -0.00644167 0.02080000
v -0.01538033 -0.01681042 0.02200000
v -0.00614100 -0.01043125 0.02200000
v -0.01317500 -0.01362083 0.02200000
v -0.00876433 -0.00724167 0.02200000
v -0.00393567 -0.00724167 0.02200000
v -0.01096967 -0.01043125 0.02200000
v -0.00661667 -0.00697500 0.02160000
v -0.00855533 -0.01043125 0.02200000
v -0.00232133 -0.00644167 0.02080000
v -0.00178800 -0.00697500 0.02160000
v -0.00446900 -0.00670833 0.02120000
v -0.00420233 -0.00697500 0.02160000
v -0.01011200 -0.00308750 0.00400000
v -0.01011200 0.00308750 0.00400000
v -0.00823100 -0.00308750 0.00400000
v -0.00446900 -0.00308750 0.00400000
v -0.00823100 0.00308750 0.00400000
v -0.00635000 -0.00308750 0.00400000
v -0.00823100 0.00000000 0.00400000
v -0.02000000 -0.01000000 0.00000000
v -0.02000000 0.01000000 0.00000000
v -0.00258800 -0.00308750 0.00400000
v -0.00258800 0.00308750 0.00400000
v -0.00258800 -0.00308750 0.00810000
v -0.00446900 0.00000000 0.00400000
v -0.00258800 -0.00308750 0.01630000
v -0.00258800 0.00308750 0.00810000
v -0.00258800 -0.00308750 0.01220000
v -0.00258800 0.00000000 0.00810000
v -0.00823100 0.00617500 0.00400000
v -0.00446900 0.00617500 0.00400000
v -0.00635000 0.00308750 0.00400000
v -0.00446900 0.00308750 0.00400000
v -0.01011200 -0.00308750 0.00810000
v -0.01011200 0.00308750 0.01630000
v -0.01011200 -0.00308750 0.01220000
v -0.01011200 0.00000000 0.00810000
v -0.01011200 -0.00308750 0.02040000
v -0.01011200 0.00308750 0.02040000
v -0.01011200 -0.00308750 0.01630000
v -0.01011200 0.00000000 0.01630000
v -0.01011200 0.00617500 0.00810000
v -0.01011200 0.00617500 0.01630000
v -0.01011200 0.00308750 0.00810000
v -0.01011200 0.00308750 0.01220000
v -0.01779467 -0.01318958 0.02200000
v -0.01338400 0.00043125 0.02200000
v -0.01558933 -0.01000000 0.02200000
v -0.01037867 -0.00282083 0.02080000
v -0.01091200 0.00388750 0.02160000
v -0.01064533 -0.00308750 0.02120000
v -0.01037867 0.00026667 0.02080000
v -0.01117867 -0.00362083 0.02200000
v -0.01117867 0.00362083 0.02200000
v -0.01338400 -0.00681042 0.02200000
v -0.01091200 -0.00335417 0.02160000
v -0.01338400 -0.00318958 0.02200000
v -0.01091200 0.00026667 0.02160000
v -0.01037867 0.00644167 0.02080000
v -0.01091200 0.00697500 0.02160000
v -0.01037867 0.00335417 0.02080000
v -0.01064533 0.00362083 0.02120000
v -0.02000000 -0.01000000 0.00550000
v -0.02000000 0.01000000 0.01650000
v -0.02000000 -0.01000000 0.01100000
v -0.02000000 0.00000000 0.00550000
v -0.02000000 -0.01000000 0.02200000
v -0.02000000 0.01000000 0.02200000
v -0.02000000 -0.01000000 0.01650000
v -0.01779467 -0.00318958 0.02200000
v -0.02000000 0.00000000 0.01650000
v -0.02000000 0.02000000 0.00550000
v -0.02000000 0.02000000 0.01650000
v -0.02000000 0.01000000 0.00550000
v -0.02000000 0.01000000 0.01100000
v -0.01338400 0.01043125 0.02200000
v -0.01779467 0.01681042 0.02200000
v -0.01558933 0.00362083 0.02200000
v -0.01779467 0.00681042 0.02200000
v -0.00258800 -0.00308750 0.02040000
v -0.00258800 0.00308750 0.02040000
v -0.00232133 -0.00335417 0.02080000
v -0.00258800 0.00000000 0.01630000
v -0.00178800 -0.00388750 0.02160000
v -0.00232133 0.00282083 0.02080000
v -0.00205467 -0.00362083 0.02120000
v -0.00232133 -0.00026667 0.02080000
v -0.00823100 0.00617500 0.00810000
v -0.00446900 0.00617500 0.01630000
v -0.00635000 0.00617500 0.00810000
v -0.00823100 0.00617500 0.01220000
v -0.00258800 0.00617500 0.00810000
v -0.00258800 0.00617500 0.01630000
v -0.00258800 0.00308750 0.01220000
v -0.00446900 0.00617500 0.00810000
v -0.00258800 0.00308750 0.01630000
v -0.00446900 0.00617500 0.01220000
v -0.00823100 0.00617500 0.02040000
v -0.00446900 0.00617500 0.02040000
v -0.00823100 0.00617500 0.01630000
v -0.00635000 0.00617500 0.01630000
v -0.00152133 -0.00362083 0.02200000
v -0.00152133 0.00362083 0.02200000
v -0.00178800 -0.00026667 0.02160000
v -0.00796433 0.00644167 0.02080000
v -0.00366900 0.00697500 0.02160000
v -0.00823100 0.00670833 0.02120000
v -0.00608333 0.00644167 0.02080000
v -0.00876433 0.00724167 0.02200000
v -0.00393567 0.00724167 0.02200000
v -0.00849767 0.00697500 0.02160000
v -0.01096967 0.01043125 0.02200000
v -0.00608333 0.00697500 0.02160000
v -0.01538033 0.01681042 0.02200000
v -0.00614100 0.01043125 0.02200000
v -0.01317500 0.01362083 0.02200000
v -0.00855533 0.01043125 0.02200000
v -0.00232133 0.00644167 0.02080000
v -0.00178800 0.00697500 0.02160000
v -0.00205467 0.00308750 0.02120000
v -0.00420233 0.00644167 0.02080000
v -0.00178800 0.00335417 0.02160000
v -0.00393567 0.00670833 0.02120000
v -0.01000000 -0.02000000 0.00000000
v 0.01000000 -0.02000000 0.00000000
v -0.01000000 -0.02000000 0.00550000
v -0.01000000 -0.01000000 0.00000000
v -0.01000000 -0.02000000 0.01650000
v 0.01000000 -0.02000000 0.00550000
v -0.01000000 -0.02000000 0.01100000
v 0.00000000 -0.02000000 0.00550000
v -0.01000000 0.01000000 0.00000000
v 0.01000000 -0.01000000 0.00000000
v -0.01000000 0.00000000 0.00000000
v 0.00000000 -0.01000000 0.00000000
v 0.00446900 -0.00617500 0.00400000
v 0.00823100 -0.00617500 0.00400000
v -0.00076067 -0.00724167 0.02200000
v 0.00076067 -0.00724167 0.02200000
v 0.00258800 -0.00617500 0.00810000
v 0.00258800 -0.00617500 0.01630000
v 0.00446900 -0.00617500 0.00810000
v 0.00823100 -0.00617500 0.00810000
v 0.00446900 -0.00617500 0.01630000
v 0.00635000 -0.00617500 0.00810000
v 0.00446900 -0.00617500 0.01220000
v 0.00178800 -0.00697500 0.02160000
v 0.00232133 -0.00644167 0.02080000
v -0.01000000 -0.02000000 0.02200000
v 0.01000000 -0.02000000 0.02200000
v -0.00538033 -0.01681042 0.02200000
v 0.00000000 -0.02000000 0.01650000
v 0.00385900 -0.01043125 0.02200000
v 0.01461967 -0.01681042 0.02200000
v -0.00076067 -0.01362083 0.02200000
v 0.00461967 -0.01043125 0.02200000
v 0.00461967 -0.01681042 0.02200000
v 0.02000000 -0.02000000 0.00550000
v 0.02000000 -0.02000000 0.01650000
v 0.01000000 -0.02000000 0.01100000
v 0.01000000 -0.02000000 0.01650000
v 0.00614100 -0.01043125 0.02200000
v 0.01538033 -0.01681042 0.02200000
v 0.00538033 -0.01043125 0.02200000
v 0.01000000 -0.01362083 0.02200000
v 0.01011200 -0.00617500 0.00810000
v 0.01011200 -0.00617500 0.01630000
v 0.00823100 -0.00617500 0.01220000
v 0.00366900 -0.00697500 0.02160000
v 0.00796433 -0.00644167 0.02080000
v 0.00393567 -0.00670833 0.02120000
v 0.00446900 -0.00617500 0.02040000
v 0.00823100 -0.00617500 0.02040000
v 0.00635000 -0.00617500 0.01630000
v 0.00420233 -0.00644167 0.02080000
v 0.00823100 -0.00617500 0.01630000
v 0.00608333 -0.00644167 0.02080000
v 0.00393567 -0.00724167 0.02200000
v 0.00876433 -0.00724167 0.02200000
v 0.00855533 -0.01043125 0.02200000
v 0.00608333 -0.00697500 0.02160000
v 0.01779467 -0.01681042 0.02200000
v 0.01338400 -0.01043125 0.02200000
v 0.01317500 -0.01362083 0.02200000
v 0.01096967 -0.01043125 0.02200000
v 0.01037867 -0.00644167 0.02080000
v 0.01091200 -0.00697500 0.02160000
v 0.00823100 -0.00670833 0.02120000
v 0.00849767 -0.00697500 0.02160000
v 0.00258800 -0.00308750 0.00400000
v 0.00258800 0.00308750 0.00400000
v 0.00446900 -0.00308750 0.00400000
v 0.00823100 -0.00308750 0.00400000
v 0.00446900 0.00308750 0.00400000
v 0.00635000 -0.00308750 0.00400000
v 0.00446900 0.00000000 0.00400000
v 0.01011200 -0.00308750 0.00400000
v 0.01011200 0.00308750 0.00400000
v 0.01011200 -0.00308750 0.00810000
v 0.00823100 0.00000000 0.00400000
v 0.01011200 -0.00308750 0.01630000
v 0.01011200 0.00308750 0.00810000
v 0.01011200 -0.00308750 0.01220000
v 0.01011200 0.00000000 0.00810000
v 0.00446900 0.00617500 0.00400000
v 0.00823100 0.00617500 0.00400000
v 0.00635000 0.00308750 0.00400000
v 0.00823100 0.00308750 0.00400000
v -0.01000000 0.02000000 0.00000000
v 0.01000000 0.02000000 0.00000000
v 0.00000000 0.01000000 0.00000000
v 0.02000000 -0.01000000 0.00000000
v 0.02000000 0.01000000 0.00000000
v 0.01000000 0.00000000 0.00000000
v 0.02000000 -0.01000000 0.00550000
v 0.01000000 0.01000000 0.00000000
v 0.02000000 -0.01000000 0.01650000
v 0.02000000 0.01000000 0.00550000
v 0.02000000 -0.01000000 0.01100000
v 0.02000000 0.00000000 0.00550000
v -0.00076067 -0.00362083 0.02200000
v 0.00076067 0.00362083 0.02200000
v -0.00076067 0.00000000 0.02200000
v 0.00000000 -0.00362083 0.02200000
v -0.01461967 0.01681042 0.02200000
v -0.00385900 0.01043125 0.02200000
v -0.01000000 0.01362083 0.02200000
v -0.00076067 0.00724167 0.02200000
v 0.00076067 0.00724167 0.02200000
v -0.00076067 0.00362083 0.02200000
v -0.00538033 0.01043125 0.02200000
v 0.00000000 0.00362083 0.02200000
v -0.00461967 0.01043125 0.02200000
v 0.00152133 -0.00362083 0.02200000
v 0.00152133 0.00362083 0.02200000
v 0.00076067 -0.00362083 0.02200000
v 0.00178800 -0.00335417 0.02160000
v 0.00076067 0.00000000 0.02200000
v 0.00232133 -0.00282083 0.02080000
v 0.00178800 0.00388750 0.02160000
v 0.00205467 -0.00308750 0.02120000
v 0.00178800 0.00026667 0.02160000
v 0.00258800 -0.00308750 0.00810000
v 0.00258800 0.00308750 0.01630000
v 0.00258800 -0.00308750 0.01220000
v 0.00258800 0.00000000 0.00810000
v 0.00258800 -0.00308750 0.02040000
v 0.00258800 0.00308750 0.02040000
v 0.00258800 -0.00308750 0.01630000
v 0.00232133 0.00026667 0.02080000
v 0.00258800 0.00000000 0.01630000
v 0.00258800 0.00617500 0.00810000
v 0.00258800 0.00617500 0.01630000
v 0.00258800 0.00308750 0.00810000
v 0.00258800 0.00308750 0.01220000
v 0.00178800 0.00697500 0.02160000
v 0.00232133 0.00644167 0.02080000
v 0.00205467 0.00362083 0.02120000
v 0.00232133 0.00335417 0.02080000
v 0.01011200 -0.00308750 0.02040000
v 0.01011200 0.00308750 0.02040000
v 0.01037867 -0.00335417 0.02080000
v 0.01011200 0.00000000 0.01630000
v 0.01091200 -0.00388750 0.02160000
v 0.01037867 0.00282083 0.02080000
v 0.01064533 -0.00362083 0.02120000
v 0.01037867 -0.00026667 0.02080000
v 0.00446900 0.00617500 0.00810000
v 0.00823100 0.00617500 0.01630000
v 0.00635000 0.00617500 0.00810000
v 0.00446900 0.00617500 0.01220000
v 0.01011200 0.00617500 0.00810000
v 0.01011200 0.00617500 0.01630000
v 0.01011200 0.00308750 0.01220000
v 0.00823100 0.00617500 0.00810000
v 0.01011200 0.00308750 0.01630000
v 0.00823100 0.00617500 0.01220000
v 0.00446900 0.00617500 0.02040000
v 0.00823100 0.00617500 0.02040000
v 0.00446900 0.00617500 0.01630000
v 0.00635000 0.00617500 0.01630000
v 0.01117867 -0.00362083 0.02200000
v 0.01117867 0.00362083 0.02200000
v 0.01091200 -0.00026667 0.02160000
v 0.00393567 0.00724167 0.02200000
v 0.00876433 0.00724167 0.02200000
v 0.00420233 0.00697500 0.02160000
v 0.00473567 0.00644167 0.02080000
v 0.00903100 0.00697500 0.02160000
v 0.00446900 0.00670833 0.02120000
v 0.00661667 0.00644167 0.02080000
v 0.00661667 0.00697500 0.02160000
v 0.01037867 0.00644167 0.02080000
v 0.01091200 0.00697500 0.02160000
v 0.01064533 0.00308750 0.02120000
v 0.00849767 0.00644167 0.02080000
v 0.01091200 0.00335417 0.02160000
v 0.00876433 0.00670833 0.02120000
v -0.01000000 0.02000000 0.00550000
v 0.01000000 0.02000000 0.01650000
v -0.01000000 0.02000000 0.01100000
v 0.00000000 0.02000000 0.00550000
v -0.01000000 0.02000000 0.02200000
v 0.01000000 0.02000000 0.02200000
v -0.01000000 0.02000000 0.01650000
v -0.00461967 0.01681042 0.02200000
v 0.00000000 0.02000000 0.01650000
v 0.02000000 -0.01000000 0.02200000
v 0.02000000 0.01000000 0.02200000
v 0.01779467 -0.00681042 0.02200000
v 0.02000000 0.00000000 0.01650000
v 0.01338400 -0.00043125 0.02200000
v 0.01779467 0.01318958 0.02200000
v 0.01558933 -0.00362083 0.02200000
v 0.01338400 0.00318958 0.02200000
v 0.01779467 0.00318958 0.02200000
v 0.02000000 0.02000000 0.00550000
v 0.02000000 0.02000000 0.01650000
v 0.01000000 0.02000000 0.00550000
v 0.02000000 0.01000000 0.01100000
v 0.01000000 0.02000000 0.01100000
v 0.02000000 0.01000000 0.01650000
v 0.00614100 0.01043125 0.02200000
v 0.01538033 0.01681042 0.02200000
v 0.00076067 0.01362083 0.02200000
v 0.00855533 0.01043125 0.02200000
v 0.00538033 0.01681042 0.02200000
v 0.01338400 0.01043125 0.02200000
v 0.01779467 0.01681042 0.02200000
v 0.01338400 0.00681042 0.02200000
v 0.01096967 0.01043125 0.02200000
v 0.01558933 0.01000000 0.02200000
v 0.01317500 0.01362083 0.02200000
v -0.00917150 -0.00617500 0.00400000
v -0.00729050 -0.00617500 0.00400000
v -0.00352850 -0.00617500 0.00400000
v -0.00540950 -0.00617500 0.00400000
v -0.02000000 -0.02000000 0.00275000
v -0.02000000 -0.02000000 0.00825000
v -0.02000000 -0.02000000 0.01925000
v -0.02000000 -0.02000000 0.01375000
v -0.01011200 -0.00617500 0.00605000
v -0.01011200 -0.00617500 0.01015000
v -0.00917150 -0.00617500 0.00605000
v -0.01011200 -0.00617500 0.01835000
v -0.01011200 -0.00617500 0.01425000
v -0.00729050 -0.00617500 0.00605000
v -0.00917150 -0.00617500 0.01015000
v -0.00823100 -0.00617500 0.00605000
v -0.00917150 -0.00617500 0.00810000
v -0.00352850 -0.00617500 0.00605000
v -0.00540950 -0.00617500 0.01015000
v -0.00446900 -0.00617500 0.00605000
v -0.00917150 -0.00617500 0.01835000
v -0.00729050 -0.00617500 0.01425000
v -0.00917150 -0.00617500 0.01630000
v -0.00635000 -0.00617500 0.00605000
v -0.00635000 -0.00617500 0.01015000
v -0.00540950 -0.00617500 0.00605000
v -0.00729050 -0.00617500 0.00810000
v -0.00540950 -0.00617500 0.00810000
v -0.00917150 -0.00617500 0.01220000
v -0.00729050 -0.00617500 0.01220000
v -0.00917150 -0.00617500 0.01425000
v -0.00823100 -0.00617500 0.01015000
v -0.00823100 -0.00617500 0.01425000
v -0.00729050 -0.00617500 0.01015000
v -0.01889733 -0.01840521 0.02200000
v -0.01669200 -0.01521562 0.02200000
v -0.01228133 -0.00883646 0.02200000
v -0.01448667 -0.01202604 0.02200000
v -0.01024533 -0.00630833 0.02060000
v -0.01051200 -0.00657500 0.02100000
v -0.01104533 -0.00710833 0.02180000
v -0.01077867 -0.00684167 0.02140000
v -0.00258800 -0.00617500 0.00605000
v -0.00258800 -0.00617500 0.01015000
v -0.00352850 -0.00617500 0.00810000
v -0.00258800 -0.00617500 0.01835000
v -0.00258800 -0.00617500 0.01425000
v -0.00540950 -0.00617500 0.01220000
v -0.00352850 -0.00617500 0.01220000
v -0.00446900 -0.00617500 0.01015000
v -0.00352850 -0.00617500 0.01015000
v -0.00917150 -0.00617500 0.02040000
v -0.00729050 -0.00617500 0.02040000
v -0.00823100 -0.00617500 0.01835000
v -0.00930483 -0.00630833 0.02060000
v -0.00352850 -0.00617500 0.02040000
v -0.00540950 -0.00617500 0.02040000
v -0.00352850 -0.00617500 0.01835000
v -0.00635000 -0.00617500 0.01425000
v -0.00635000 -0.00617500 0.01835000
v -0.00729050 -0.00617500 0.01630000
v -0.00540950 -0.00617500 0.01425000
v -0.00729050 -0.00617500 0.01835000
v -0.00957150 -0.00657500 0.02100000
v -0.00742383 -0.00630833 0.02060000
v -0.00943817 -0.00644167 0.02080000
v -0.00836433 -0.00630833 0.02060000
v -0.00352850 -0.00617500 0.01425000
v -0.00540950 -0.00617500 0.01835000
v -0.00352850 -0.00617500 0.01630000
v -0.00446900 -0.00617500 0.01425000
v -0.00446900 -0.00617500 0.01835000
v -0.00540950 -0.00617500 0.01630000
v -0.01010483 -0.00710833 0.02180000
v -0.00795717 -0.00684167 0.02140000
v -0.00997150 -0.00697500 0.02160000
v -0.00366183 -0.00630833 0.02060000
v -0.00580950 -0.00657500 0.02100000
v -0.00460233 -0.00630833 0.02060000
v -0.00970483 -0.00670833 0.02120000
v -0.00782383 -0.00670833 0.02120000
v -0.00983817 -0.00684167 0.02140000
v -0.00863100 -0.00657500 0.02100000
v -0.00889767 -0.00684167 0.02140000
v -0.00648333 -0.00630833 0.02060000
v -0.00675000 -0.00657500 0.02100000
v -0.00554283 -0.00630833 0.02060000
v -0.00755717 -0.00644167 0.02080000
v -0.00567617 -0.00644167 0.02080000
v -0.00769050 -0.00657500 0.02100000
v -0.01769017 -0.01840521 0.02200000
v -0.01307050 -0.01521562 0.02200000
v -0.01658750 -0.01681042 0.02200000
v -0.00383117 -0.00883646 0.02200000
v -0.00845083 -0.01202604 0.02200000
v -0.01438217 -0.01362083 0.02200000
v -0.01196783 -0.01362083 0.02200000
v -0.01548483 -0.01521562 0.02200000
v -0.01427767 -0.01521562 0.02200000
v -0.00997150 -0.00724167 0.02200000
v -0.00755717 -0.00724167 0.02200000
v -0.01107417 -0.00883646 0.02200000
v -0.00889767 -0.00710833 0.02180000
v -0.00272850 -0.00724167 0.02200000
v -0.00514283 -0.00724167 0.02200000
v -0.00503833 -0.00883646 0.02200000
v -0.01327950 -0.01202604 0.02200000
v -0.00865983 -0.00883646 0.02200000
v -0.01217683 -0.01043125 0.02200000
v -0.01207233 -0.01202604 0.02200000
v -0.00986700 -0.00883646 0.02200000
v -0.00675000 -0.00684167 0.02140000
v -0.00648333 -0.00710833 0.02180000
v -0.00782383 -0.00697500 0.02160000
v -0.00769050 -0.00710833 0.02180000
v -0.00965800 -0.01202604 0.02200000
v -0.00745267 -0.00883646 0.02200000
v -0.00734817 -0.01043125 0.02200000
v -0.01086517 -0.01202604 0.02200000
v -0.00624550 -0.00883646 0.02200000
v -0.00976250 -0.01043125 0.02200000
v -0.00245467 -0.00630833 0.02060000
v -0.00218800 -0.00657500 0.02100000
v -0.00352850 -0.00644167 0.02080000
v -0.00165467 -0.00710833 0.02180000
v -0.00192133 -0.00684167 0.02140000
v -0.00286183 -0.00710833 0.02180000
v -0.00567617 -0.00670833 0.02120000
v -0.00326183 -0.00670833 0.02120000
v -0.00460233 -0.00657500 0.02100000
v -0.00554283 -0.00684167 0.02140000
v -0.00339517 -0.00657500 0.02100000
v -0.00527617 -0.00710833 0.02180000
v -0.00312850 -0.00684167 0.02140000
v -0.00406900 -0.00710833 0.02180000
v -0.00540950 -0.00697500 0.02160000
v -0.00299517 -0.00697500 0.02160000
v -0.00433567 -0.00684167 0.02140000
v -0.01011200 -0.00463125 0.00400000
v -0.01011200 -0.00154375 0.00400000
v -0.00917150 -0.00463125 0.00400000
v -0.01011200 0.00463125 0.00400000
v -0.01011200 0.00154375 0.00400000
v -0.00729050 -0.00463125 0.00400000
v -0.00917150 -0.00154375 0.00400000
v -0.00823100 -0.00463125 0.00400000
v -0.00917150 -0.00308750 0.00400000
v -0.00352850 -0.00463125 0.00400000
v -0.00540950 -0.00154375 0.00400000
v -0.00446900 -0.00463125 0.00400000
v -0.00917150 0.00463125 0.00400000
v -0.00729050 0.00154375 0.00400000
v -0.00917150 0.00308750 0.00400000
v -0.00635000 -0.00463125 0.00400000
v -0.00635000 -0.00154375 0.00400000
v -0.00540950 -0.00463125 0.00400000
v -0.00729050 -0.00308750 0.00400000
v -0.00540950 -0.00308750 0.00400000
v -0.00917150 0.00000000 0.00400000
v -0.00729050 0.00000000 0.00400000
v -0.00917150 0.00154375 0.00400000
v -0.00823100 -0.00154375 0.00400000
v -0.00823100 0.00154375 0.00400000
v -0.00729050 -0.00154375 0.00400000
v -0.02000000 -0.01500000 0.00000000
v -0.02000000 -0.00500000 0.00000000
v -0.02000000 0.01500000 0.00000000
v -0.02000000 0.00500000 0.00000000
v -0.00258800 -0.00463125 0.00400000
v -0.00258800 -0.00154375 0.00400000
v -0.00258800 -0.00463125 0.00605000
v -0.00352850 -0.00308750 0.00400000
v -0.00258800 0.00463125 0.00400000
v -0.00258800 0.00154375 0.00400000
v -0.00258800 -0.00463125 0.01015000
v -0.00258800 -0.00154375 0.00605000
v -0.00258800 -0.00463125 0.00810000
v -0.00258800 -0.00308750 0.00605000
v -0.00540950 0.00000000 0.00400000
v -0.00352850 0.00000000 0.00400000
v -0.00446900 -0.00154375 0.00400000
v -0.00352850 -0.00154375 0.00400000
v -0.00258800 -0.00463125 0.01835000
v -0.00258800 -0.00154375 0.01425000
v -0.00258800 -0.00463125 0.01630000
v -0.00258800 0.00463125 0.00605000
v -0.00258800 0.00154375 0.01015000
v -0.00258800 0.00308750 0.00605000
v -0.00258800 -0.00463125 0.01220000
v -0.00258800 -0.00154375 0.01220000
v -0.00258800 -0.00463125 0.01425000
v -0.00258800 -0.00308750 0.01015000
v -0.00258800 -0.00308750 0.01425000
v -0.00258800 0.00000000 0.00605000
v -0.00258800 0.00000000 0.01015000
v -0.00258800 0.00154375 0.00605000
v -0.00258800 -0.00154375 0.00810000
v -0.00258800 0.00154375 0.00810000
v -0.00258800 -0.00154375 0.01015000
v -0.00917150 0.00617500 0.00400000
v -0.00729050 0.00617500 0.00400000
v -0.00823100 0.00463125 0.00400000
v -0.00352850 0.00617500 0.00400000
v -0.00540950 0.00617500 0.00400000
v -0.00352850 0.00463125 0.00400000
v -0.00635000 0.00154375 0.00400000
v -0.00635000 0.00463125 0.00400000
v -0.00729050 0.00308750 0.00400000
v -0.00540950 0.00154375 0.00400000
v -0.00729050 0.00463125 0.00400000
v -0.00352850 0.00154375 0.00400000
v -0.00540950 0.00463125 0.00400000
v -0.00352850 0.00308750 0.00400000
v -0.00446900 0.00154375 0.00400000
v -0.00446900 0.00463125 0.00400000
v -0.00540950 0.00308750 0.00400000
v -0.01011200 -0.00463125 0.00605000
v -0.01011200 -0.00154375 0.01015000
v -0.01011200 -0.00463125 0.00810000
v -0.01011200 -0.00308750 0.00605000
v -0.01011200 0.00463125 0.01835000
v -0.01011200 0.00154375 0.01425000
v -0.01011200 -0.00463125 0.01220000
v -0.01011200 -0.00154375 0.01220000
v -0.01011200 -0.00463125 0.01015000
v -0.01011200 -0.00308750 0.01015000
v -0.01011200 0.00000000 0.00605000
v -0.01011200 0.00000000 0.01015000
v -0.01011200 -0.00154375 0.00605000
v -0.01011200 -0.00154375 0.00810000
v -0.01011200 -0.00463125 0.02040000
v -0.01011200 -0.00154375 0.02040000
v -0.01011200 -0.00463125 0.01835000
v -0.01011200 0.00463125 0.02040000
v -0.01011200 0.00154375 0.02040000
v -0.01011200 0.00308750 0.01835000
v -0.01011200 -0.00463125 0.01425000
v -0.01011200 -0.00154375 0.01835000
v -0.01011200 -0.00463125 0.01630000
v -0.01011200 -0.00308750 0.01425000
v -0.01011200 -0.00308750 0.01835000
v -0.01011200 0.00000000 0.01425000
v -0.01011200 0.00000000 0.01835000
v -0.01011200 0.00154375 0.01630000
v -0.01011200 -0.00154375 0.01425000
v -0.01011200 0.00154375 0.01835000
v -0.01011200 -0.00154375 0.01630000
v -0.01011200 0.00617500 0.00605000
v -0.01011200 0.00617500 0.01015000
v -0.01011200 0.00463125 0.00605000
v -0.01011200 0.00617500 0.01835000
v -0.01011200 0.00617500 0.01425000
v -0.01011200 0.00463125 0.01630000
v -0.01011200 0.00154375 0.00605000
v -0.01011200 0.00463125 0.01015000
v -0.01011200 0.00308750 0.00605000
v -0.01011200 0.00154375 0.00810000
v -0.01011200 0.00463125 0.00810000
v -0.01011200 0.00154375 0.01220000
v -0.01011200 0.00463125 0.01220000
v -0.01011200 0.00308750 0.01425000
v -0.01011200 0.00154375 0.01015000
v -0.01011200 0.00463125 0.01425000
v -0.01011200 0.00308750 0.01015000
v -0.01889733 -0.01659479 0.02200000
v -0.01669200 -0.00978438 0.02200000
v -0.01779467 -0.01500000 0.02200000
v -0.01228133 0.00383646 0.02200000
v -0.01448667 -0.00297396 0.02200000
v -0.01558933 -0.01181042 0.02200000
v -0.01558933 -0.00818958 0.02200000
v -0.01669200 -0.01340521 0.02200000
v -0.01669200 -0.01159479 0.02200000
v -0.01024533 -0.00449792 0.02060000
v -0.01051200 -0.00114375 0.02100000
v -0.01037867 -0.00463125 0.02080000
v -0.01024533 -0.00295417 0.02060000
v -0.01104533 0.00556458 0.02180000
v -0.01077867 0.00221042 0.02140000
v -0.01064533 -0.00489792 0.02120000
v -0.01064533 -0.00127708 0.02120000
v -0.01051200 -0.00476458 0.02100000
v -0.01051200 -0.00295417 0.02100000
v -0.01024533 0.00013333 0.02060000
v -0.01051200 0.00040000 0.02100000
v -0.01024533 -0.00141042 0.02060000
v -0.01037867 -0.00127708 0.02080000
v -0.01117867 -0.00543125 0.02200000
v -0.01117867 -0.00181042 0.02200000
v -0.01228133 -0.00702604 0.02200000
v -0.01104533 -0.00529792 0.02180000
v -0.01117867 0.00543125 0.02200000
v -0.01117867 0.00181042 0.02200000
v -0.01228133 0.00202604 0.02200000
v -0.01104533 0.00375417 0.02180000
v -0.01448667 -0.01021562 0.02200000
v -0.01228133 -0.00340521 0.02200000
v -0.01338400 -0.00862083 0.02200000
v -0.01448667 -0.00840521 0.02200000
v -0.01228133 -0.00521562 0.02200000
v -0.01077867 -0.00503125 0.02140000
v -0.01104533 -0.00167708 0.02180000
v -0.01091200 -0.00516458 0.02160000
v -0.01077867 -0.00322083 0.02140000
v -0.01104533 -0.00348750 0.02180000
v -0.01448667 -0.00478438 0.02200000
v -0.01228133 -0.00159479 0.02200000
v -0.01338400 -0.00137917 0.02200000
v -0.01448667 -0.00659479 0.02200000
v -0.01228133 0.00021562 0.02200000
v -0.01338400 -0.00500000 0.02200000
v -0.01077867 0.00040000 0.02140000
v -0.01104533 0.00013333 0.02180000
v -0.01091200 0.00207708 0.02160000
v -0.01077867 -0.00141042 0.02140000
v -0.01104533 0.00194375 0.02180000
v -0.01091200 -0.00154375 0.02160000
v -0.01024533 0.00630833 0.02060000
v -0.01051200 0.00657500 0.02100000
v -0.01024533 0.00476458 0.02060000
v -0.01104533 0.00710833 0.02180000
v -0.01077867 0.00684167 0.02140000
v -0.01091200 0.00543125 0.02160000
v -0.01024533 0.00167708 0.02060000
v -0.01051200 0.00503125 0.02100000
v -0.01024533 0.00322083 0.02060000
v -0.01037867 0.00181042 0.02080000
v -0.01037867 0.00489792 0.02080000
v -0.01064533 0.00207708 0.02120000
v -0.01064533 0.00516458 0.02120000
v -0.01077867 0.00375417 0.02140000
v -0.01051200 0.00194375 0.02100000
v -0.01077867 0.00529792 0.02140000
v -0.01051200 0.00348750 0.02100000
v -0.02000000 -0.01500000 0.00275000
v -0.02000000 -0.00500000 0.00825000
v -0.02000000 -0.01500000 0.00550000
v -0.02000000 -0.01000000 0.00275000
v -0.02000000 0.01500000 0.01925000
v -0.02000000 0.00500000 0.01375000
v -0.02000000 -0.01500000 0.01100000
v -0.02000000 -0.00500000 0.01100000
v -0.02000000 -0.01500000 0.00825000
v -0.02000000 -0.01000000 0.00825000
v -0.02000000 0.00000000 0.00275000
v -0.02000000 0.00000000 0.00825000
v -0.02000000 -0.00500000 0.00275000
v -0.02000000 -0.00500000 0.00550000
v -0.02000000 -0.01500000 0.02200000
v -0.02000000 -0.00500000 0.02200000
v -0.02000000 -0.01500000 0.01925000
v -0.01889733 -0.01159479 0.02200000
v -0.02000000 0.01500000 0.02200000
v -0.02000000 0.00500000 0.02200000
v -0.02000000 0.01000000 0.01925000
v -0.02000000 -0.01500000 0.01375000
v -0.02000000 -0.00500000 0.01925000
v -0.02000000 -0.01500000 0.01650000
v -0.02000000 -0.01000000 0.01375000
v -0.02000000 -0.01000000 0.01925000
v -0.01669200 -0.00478438 0.02200000
v -0.01889733 -0.00159479 0.02200000
v -0.01779467 -0.00818958 0.02200000
v -0.01889733 -0.00659479 0.02200000
v -0.02000000 0.00000000 0.01375000
v -0.02000000 0.00000000 0.01925000
v -0.02000000 0.00500000 0.01650000
v -0.02000000 -0.00500000 0.01375000
v -0.02000000 0.00500000 0.01925000
v -0.02000000 -0.00500000 0.01650000
v -0.02000000 0.02000000 0.00275000
v -0.02000000 0.02000000 0.00825000
v -0.02000000 0.01500000 0.00275000
v -0.02000000 0.02000000 0.01925000
v -0.02000000 0.02000000 0.01375000
v -0.02000000 0.01500000 0.01650000
v -0.02000000 0.00500000 0.00275000
v -0.02000000 0.01500000 0.00825000
v -0.02000000 0.01000000 0.00275000
v -0.02000000 0.00500000 0.00550000
v -0.02000000 0.01500000 0.00550000
v -0.02000000 0.00500000 0.01100000
v -0.02000000 0.01500000 0.01100000
v -0.02000000 0.01000000 0.01375000
v -0.02000000 0.00500000 0.00825000
v -0.02000000 0.01500000 0.01375000
v -0.02000000 0.01000000 0.00825000
v -0.01228133 0.00883646 0.02200000
v -0.01448667 0.01202604 0.02200000
v -0.01338400 0.00543125 0.02200000
v -0.01889733 0.01840521 0.02200000
v -0.01669200 0.01521562 0.02200000
v -0.01889733 0.01340521 0.02200000
v -0.01558933 -0.00137917 0.02200000
v -0.01558933 0.00862083 0.02200000
v -0.01448667 0.00202604 0.02200000
v -0.01669200 0.00021562 0.02200000
v -0.01448667 0.00702604 0.02200000
v -0.01889733 0.00340521 0.02200000
v -0.01669200 0.01021562 0.02200000
v -0.01889733 0.00840521 0.02200000
v -0.01779467 0.00181042 0.02200000
v -0.01779467 0.01181042 0.02200000
v -0.01669200 0.00521562 0.02200000
v -0.00258800 -0.00463125 0.02040000
v -0.00258800 -0.00154375 0.02040000
v -0.00245467 -0.00476458 0.02060000
v -0.00258800 -0.00308750 0.01835000
v -0.00258800 0.00463125 0.02040000
v -0.00258800 0.00154375 0.02040000
v -0.00218800 -0.00503125 0.02100000
v -0.00245467 -0.00167708 0.02060000
v -0.00232133 -0.00489792 0.02080000
v -0.00245467 -0.00322083 0.02060000
v -0.00258800 0.00000000 0.01425000
v -0.00258800 0.00000000 0.01835000
v -0.00258800 -0.00154375 0.01630000
v -0.00258800 -0.00154375 0.01835000
v -0.00165467 -0.00556458 0.02180000
v -0.00192133 -0.00221042 0.02140000
v -0.00178800 -0.00543125 0.02160000
v -0.00245467 0.00449792 0.02060000
v -0.00218800 0.00114375 0.02100000
v -0.00245467 0.00295417 0.02060000
v -0.00205467 -0.00516458 0.02120000
v -0.00205467 -0.00207708 0.02120000
v -0.00192133 -0.00529792 0.02140000
v -0.00218800 -0.00348750 0.02100000
v -0.00192133 -0.00375417 0.02140000
v -0.00245467 -0.00013333 0.02060000
v -0.00218800 -0.00040000 0.02100000
v -0.00245467 0.00141042 0.02060000
v -0.00232133 -0.00181042 0.02080000
v -0.00232133 0.00127708 0.02080000
v -0.00218800 -0.00194375 0.02100000
v -0.00917150 0.00617500 0.00605000
v -0.00729050 0.00617500 0.01015000
v -0.00823100 0.00617500 0.00605000
v -0.00917150 0.00617500 0.00810000
v -0.00352850 0.00617500 0.01835000
v -0.00540950 0.00617500 0.01425000
v -0.00635000 0.00617500 0.00605000
v -0.00635000 0.00617500 0.01015000
v -0.00729050 0.00617500 0.00605000
v -0.00729050 0.00617500 0.00810000
v -0.00917150 0.00617500 0.01220000
v -0.00729050 0.00617500 0.01220000
v -0.00917150 0.00617500 0.01015000
v -0.00823100 0.00617500 0.01015000
v -0.00258800 0.00617500 0.00605000
v -0.00258800 0.00617500 0.01015000
v -0.00258800 0.00463125 0.00810000
v -0.00352850 0.00617500 0.00605000
v -0.00258800 0.00617500 0.01835000
v -0.00258800 0.00617500 0.01425000
v -0.00258800 0.00463125 0.01835000
v -0.00352850 0.00617500 0.01630000
v -0.00258800 0.00154375 0.01220000
v -0.00258800 0.00463125 0.01220000
v -0.00258800 0.00308750 0.01015000
v -0.00258800 0.00154375 0.01425000
v -0.00258800 0.00463125 0.01015000
v -0.00540950 0.00617500 0.00605000
v -0.00352850 0.00617500 0.01015000
v -0.00446900 0.00617500 0.00605000
v -0.00540950 0.00617500 0.00810000
v -0.00352850 0.00617500 0.00810000
v -0.00258800 0.00154375 0.01835000
v -0.00258800 0.00463125 0.01425000
v -0.00258800 0.00308750 0.01835000
v -0.00258800 0.00154375 0.01630000
v -0.00258800 0.00463125 0.01630000
v -0.00258800 0.00308750 0.01425000
v -0.00540950 0.00617500 0.01220000
v -0.00352850 0.00617500 0.01220000
v -0.00446900 0.00617500 0.01425000
v -0.00540950 0.00617500 0.01015000
v -0.00352850 0.00617500 0.01425000
v -0.00446900 0.00617500 0.01015000
v -0.00917150 0.00617500 0.02040000
v -0.00729050 0.00617500 0.02040000
v -0.00917150 0.00617500 0.01835000
v -0.00352850 0.00617500 0.02040000
v -0.00540950 0.00617500 0.02040000
v -0.00446900 0.00617500 0.01835000
v -0.00917150 0.00617500 0.01425000
v -0.00729050 0.00617500 0.01835000
v -0.00917150 0.00617500 0.01630000
v -0.00823100 0.00617500 0.01425000
v -0.00823100 0.00617500 0.01835000
v -0.00635000 0.00617500 0.01425000
v -0.00635000 0.00617500 0.01835000
v -0.00540950 0.00617500 0.01630000
v -0.00729050 0.00617500 0.01425000
v -0.00540950 0.00617500 0.01835000
v -0.00729050 0.00617500 0.01630000
v -0.00152133 -0.00543125 0.02200000
v -0.00152133 -0.00181042 0.02200000
v -0.00165467 -0.00375417 0.02180000
v -0.00152133 0.00543125 0.02200000
v -0.00152133 0.00181042 0.02200000
v -0.00192133 -0.00040000 0.02140000
v -0.00165467 -0.00013333 0.02180000
v -0.00178800 -0.00207708 0.02160000
v -0.00165467 -0.00194375 0.02180000
v -0.00903817 0.00630833 0.02060000
v -0.00689050 0.00657500 0.02100000
v -0.00917150 0.00644167 0.02080000
v -0.00809767 0.00630833 0.02060000
v -0.00259517 0.00710833 0.02180000
v -0.00474283 0.00684167 0.02140000
v -0.00943817 0.00670833 0.02120000
v -0.00702383 0.00670833 0.02120000
v -0.00930483 0.00657500 0.02100000
v -0.00809767 0.00657500 0.02100000
v -0.00621667 0.00630833 0.02060000
v -0.00595000 0.00657500 0.02100000
v -0.00715717 0.00630833 0.02060000
v -0.00702383 0.00644167 0.02080000
v -0.00997150 0.00724167 0.02200000
v -0.00755717 0.00724167 0.02200000
v -0.00983817 0.00710833 0.02180000
v -0.01107417 0.00883646 0.02200000
v -0.00272850 0.00724167 0.02200000
v -0.00514283 0.00724167 0.02200000
v -0.00380233 0.00710833 0.02180000
v -0.00957150 0.00684167 0.02140000
v -0.00742383 0.00710833 0.02180000
v -0.00970483 0.00697500 0.02160000
v -0.00836433 0.00684167 0.02140000
v -0.00863100 0.00710833 0.02180000
v -0.01327950 0.01202604 0.02200000
v -0.00865983 0.00883646 0.02200000
v -0.01217683 0.01043125 0.02200000
v -0.00986700 0.00883646 0.02200000
v -0.00595000 0.00684167 0.02140000
v -0.00621667 0.00710833 0.02180000
v -0.00487617 0.00697500 0.02160000
v -0.00715717 0.00684167 0.02140000
v -0.00500950 0.00710833 0.02180000
v -0.00729050 0.00697500 0.02160000
v -0.01769017 0.01840521 0.02200000
v -0.01307050 0.01521562 0.02200000
v -0.01658750 0.01681042 0.02200000
v -0.00383117 0.00883646 0.02200000
v -0.00845083 0.01202604 0.02200000
v -0.00503833 0.00883646 0.02200000
v -0.01438217 0.01362083 0.02200000
v -0.01196783 0.01362083 0.02200000
v -0.01548483 0.01521562 0.02200000
v -0.01207233 0.01202604 0.02200000
v -0.01427767 0.01521562 0.02200000
v -0.00745267 0.00883646 0.02200000
v -0.00965800 0.01202604 0.02200000
v -0.00624550 0.00883646 0.02200000
v -0.00976250 0.01043125 0.02200000
v -0.00734817 0.01043125 0.02200000
v -0.01086517 0.01202604 0.02200000
v -0.00245467 0.00630833 0.02060000
v -0.00218800 0.00657500 0.02100000
v -0.00232133 0.00463125 0.02080000
v -0.00339517 0.00630833 0.02060000
v -0.00165467 0.00710833 0.02180000
v -0.00192133 0.00684167 0.02140000
v -0.00165467 0.00529792 0.02180000
v -0.00272850 0.00697500 0.02160000
v -0.00205467 0.00127708 0.02120000
v -0.00205467 0.00489792 0.02120000
v -0.00218800 0.00295417 0.02100000
v -0.00192133 0.00141042 0.02140000
v -0.00218800 0.00476458 0.02100000
v -0.00527617 0.00630833 0.02060000
v -0.00312850 0.00657500 0.02100000
v -0.00433567 0.00630833 0.02060000
v -0.00514283 0.00644167 0.02080000
v -0.00326183 0.00644167 0.02080000
v -0.00165467 0.00167708 0.02180000
v -0.00192133 0.00503125 0.02140000
v -0.00165467 0.00348750 0.02180000
v -0.00178800 0.00154375 0.02160000
v -0.00178800 0.00516458 0.02160000
v -0.00192133 0.00322083 0.02140000
v -0.00487617 0.00670833 0.02120000
v -0.00299517 0.00670833 0.02120000
v -0.00380233 0.00684167 0.02140000
v -0.00500950 0.00657500 0.02100000
v -0.00286183 0.00684167 0.02140000
v -0.00406900 0.00657500 0.02100000
v -0.01500000 -0.02000000 0.00000000
v -0.00500000 -0.02000000 0.00000000
v -0.01500000 -0.02000000 0.00275000
v -0.01500000 -0.01500000 0.00000000
v 0.01500000 -0.02000000 0.00000000
v 0.00500000 -0.02000000 0.00000000
v -0.01500000 -0.02000000 0.00825000
v -0.00500000 -0.02000000 0.00275000
v -0.01500000 -0.02000000 0.00550000
v -0.01000000 -0.02000000 0.00275000
v -0.01500000 -0.00500000 0.00000000
v -0.00500000 -0.01500000 0.00000000
v -0.01500000 -0.01000000 0.00000000
v -0.01000000 -0.01500000 0.00000000
v -0.01500000 -0.02000000 0.01925000
v -0.00500000 -0.02000000 0.01375000
v -0.01500000 -0.02000000 0.01650000
v 0.01500000 -0.02000000 0.00275000
v 0.00500000 -0.02000000 0.00825000
v 0.01000000 -0.02000000 0.00275000
v -0.01500000 -0.02000000 0.01100000
v -0.00500000 -0.02000000 0.01100000
v -0.01500000 -0.02000000 0.01375000
v -0.01000000 -0.02000000 0.00825000
v -0.01000000 -0.02000000 0.01375000
v 0.00000000 -0.02000000 0.00275000
v 0.00000000 -0.02000000 0.00825000
v 0.00500000 -0.02000000 0.00275000
v -0.00500000 -0.02000000 0.00550000
v 0.00500000 -0.02000000 0.00550000
v -0.00500000 -0.02000000 0.00825000
v -0.01500000 0.01500000 0.00000000
v -0.00500000 0.00500000 0.00000000
v -0.01500000 0.01000000 0.00000000
v 0.01500000 -0.01500000 0.00000000
v 0.00500000 -0.00500000 0.00000000
v 0.01000000 -0.01500000 0.00000000
v -0.01500000 0.00000000 0.00000000
v -0.00500000 0.00000000 0.00000000
v -0.01500000 0.00500000 0.00000000
v -0.01000000 -0.00500000 0.00000000
v -0.01000000 0.00500000 0.00000000
v 0.00000000 -0.01500000 0.00000000
v 0.00000000 -0.00500000 0.00000000
v 0.00500000 -0.01500000 0.00000000
v -0.00500000 -0.01000000 0.00000000
v 0.00500000 -0.01000000 0.00000000
v -0.00500000 -0.00500000 0.00000000
v 0.00352850 -0.00617500 0.00400000
v 0.00540950 -0.00617500 0.00400000
v 0.00917150 -0.00617500 0.00400000
v 0.00729050 -0.00617500 0.00400000
v -0.00114100 -0.00724167 0.02200000
v -0.00038033 -0.00724167 0.02200000
v 0.00114100 -0.00724167 0.02200000
v 0.00038033 -0.00724167 0.02200000
v 0.00258800 -0.00617500 0.00605000
v 0.00258800 -0.00617500 0.01015000
v 0.00352850 -0.00617500 0.00605000
v 0.00258800 -0.00617500 0.01835000
v 0.00258800 -0.00617500 0.01425000
v 0.00540950 -0.00617500 0.00605000
v 0.00352850 -0.00617500 0.01015000
v 0.00446900 -0.00617500 0.00605000
v 0.00352850 -0.00617500 0.00810000
v 0.00917150 -0.00617500 0.00605000
v 0.00729050 -0.00617500 0.01015000
v 0.00823100 -0.00617500 0.00605000
v 0.00352850 -0.00617500 0.01835000
v 0.00540950 -0.00617500 0.01425000
v 0.00352850 -0.00617500 0.01630000
v 0.00635000 -0.00617500 0.00605000
v 0.00635000 -0.00617500 0.01015000
v 0.00729050 -0.00617500 0.00605000
v 0.00540950 -0.00617500 0.00810000
v 0.00729050 -0.00617500 0.00810000
v 0.00352850 -0.00617500 0.01220000
v 0.00540950 -0.00617500 0.01220000
v 0.00352850 -0.00617500 0.01425000
v 0.00446900 -0.00617500 0.01015000
v 0.00446900 -0.00617500 0.01425000
v 0.00540950 -0.00617500 0.01015000
v 0.00165467 -0.00710833 0.02180000
v 0.00192133 -0.00684167 0.02140000
v 0.00245467 -0.00630833 0.02060000
v 0.00218800 -0.00657500 0.02100000
v -0.01500000 -0.02000000 0.02200000
v -0.00500000 -0.02000000 0.02200000
v -0.01269017 -0.01840521 0.02200000
v -0.01000000 -0.02000000 0.01925000
v 0.01500000 -0.02000000 0.02200000
v 0.00500000 -0.02000000 0.02200000
v -0.00807050 -0.01521562 0.02200000
v -0.00269017 -0.01840521 0.02200000
v -0.01038033 -0.01681042 0.02200000
v -0.00769017 -0.01840521 0.02200000
v 0.00000000 -0.02000000 0.01375000
v 0.00000000 -0.02000000 0.01925000
v -0.00500000 -0.02000000 0.01650000
v -0.00500000 -0.02000000 0.01925000
v 0.00116883 -0.00883646 0.02200000
v 0.00654917 -0.01202604 0.02200000
v -0.00114100 -0.01043125 0.02200000
v 0.00154917 -0.00883646 0.02200000
v 0.01730983 -0.01840521 0.02200000
v 0.01192950 -0.01521562 0.02200000
v 0.01230983 -0.01840521 0.02200000
v -0.00576067 -0.01362083 0.02200000
v 0.00423933 -0.01362083 0.02200000
v -0.00345083 -0.01202604 0.02200000
v -0.00307050 -0.01521562 0.02200000
v 0.00154917 -0.01202604 0.02200000
v 0.00230983 -0.00883646 0.02200000
v 0.00692950 -0.01202604 0.02200000
v 0.00192950 -0.00883646 0.02200000
v 0.00423933 -0.01043125 0.02200000
v 0.00230983 -0.01840521 0.02200000
v 0.00692950 -0.01521562 0.02200000
v 0.00730983 -0.01840521 0.02200000
v -0.00038033 -0.01681042 0.02200000
v 0.00961967 -0.01681042 0.02200000
v 0.00192950 -0.01521562 0.02200000
v 0.02000000 -0.02000000 0.00275000
v 0.02000000 -0.02000000 0.00825000
v 0.01500000 -0.02000000 0.00550000
v 0.02000000 -0.02000000 0.01925000
v 0.02000000 -0.02000000 0.01375000
v 0.01500000 -0.02000000 0.01925000
v 0.00500000 -0.02000000 0.01100000
v 0.01500000 -0.02000000 0.01100000
v 0.01000000 -0.02000000 0.00825000
v 0.00500000 -0.02000000 0.01375000
v 0.01500000 -0.02000000 0.00825000
v 0.00500000 -0.02000000 0.01925000
v 0.01500000 -0.02000000 0.01375000
v 0.01000000 -0.02000000 0.01925000
v 0.00500000 -0.02000000 0.01650000
v 0.01500000 -0.02000000 0.01650000
v 0.01000000 -0.02000000 0.01375000
v 0.00383117 -0.00883646 0.02200000
v 0.00845083 -0.01202604 0.02200000
v 0.00345083 -0.00883646 0.02200000
v 0.01769017 -0.01840521 0.02200000
v 0.01307050 -0.01521562 0.02200000
v 0.01500000 -0.01681042 0.02200000
v 0.00269017 -0.00883646 0.02200000
v 0.00807050 -0.01202604 0.02200000
v 0.00307050 -0.00883646 0.02200000
v 0.00500000 -0.01043125 0.02200000
v 0.00576067 -0.01043125 0.02200000
v 0.00961967 -0.01362083 0.02200000
v 0.01038033 -0.01362083 0.02200000
v 0.01230983 -0.01521562 0.02200000
v 0.00730983 -0.01202604 0.02200000
v 0.01269017 -0.01521562 0.02200000
v 0.00769017 -0.01202604 0.02200000
v 0.01011200 -0.00617500 0.00605000
v 0.01011200 -0.00617500 0.01015000
v 0.00917150 -0.00617500 0.00810000
v 0.01011200 -0.00617500 0.01835000
v 0.01011200 -0.00617500 0.01425000
v 0.00729050 -0.00617500 0.01220000
v 0.00917150 -0.00617500 0.01220000
v 0.00823100 -0.00617500 0.01015000
v 0.00917150 -0.00617500 0.01015000
v 0.00259517 -0.00710833 0.02180000
v 0.00474283 -0.00684167 0.02140000
v 0.00272850 -0.00697500 0.02160000
v 0.00903817 -0.00630833 0.02060000
v 0.00689050 -0.00657500 0.02100000
v 0.00299517 -0.00670833 0.02120000
v 0.00487617 -0.00670833 0.02120000
v 0.00286183 -0.00684167 0.02140000
v 0.00380233 -0.00684167 0.02140000
v 0.00352850 -0.00617500 0.02040000
v 0.00540950 -0.00617500 0.02040000
v 0.00446900 -0.00617500 0.01835000
v 0.00339517 -0.00630833 0.02060000
v 0.00917150 -0.00617500 0.02040000
v 0.00729050 -0.00617500 0.02040000
v 0.00917150 -0.00617500 0.01835000
v 0.00809767 -0.00630833 0.02060000
v 0.00635000 -0.00617500 0.01425000
v 0.00635000 -0.00617500 0.01835000
v 0.00540950 -0.00617500 0.01630000
v 0.00729050 -0.00617500 0.01425000
v 0.00540950 -0.00617500 0.01835000
v 0.00312850 -0.00657500 0.02100000
v 0.00527617 -0.00630833 0.02060000
v 0.00326183 -0.00644167 0.02080000
v 0.00406900 -0.00657500 0.02100000
v 0.00433567 -0.00630833 0.02060000
v 0.00917150 -0.00617500 0.01425000
v 0.00729050 -0.00617500 0.01835000
v 0.00917150 -0.00617500 0.01630000
v 0.00823100 -0.00617500 0.01425000
v 0.00823100 -0.00617500 0.01835000
v 0.00729050 -0.00617500 0.01630000
v 0.00595000 -0.00657500 0.02100000
v 0.00621667 -0.00630833 0.02060000
v 0.00702383 -0.00644167 0.02080000
v 0.00500950 -0.00657500 0.02100000
v 0.00715717 -0.00630833 0.02060000
v 0.00514283 -0.00644167 0.02080000
v 0.00272850 -0.00724167 0.02200000
v 0.00514283 -0.00724167 0.02200000
v 0.00503833 -0.00883646 0.02200000
v 0.00380233 -0.00710833 0.02180000
v 0.00997150 -0.00724167 0.02200000
v 0.00755717 -0.00724167 0.02200000
v 0.00965800 -0.01202604 0.02200000
v 0.00745267 -0.00883646 0.02200000
v 0.00734817 -0.01043125 0.02200000
v 0.00624550 -0.00883646 0.02200000
v 0.00595000 -0.00684167 0.02140000
v 0.00621667 -0.00710833 0.02180000
v 0.00487617 -0.00697500 0.02160000
v 0.00500950 -0.00710833 0.02180000
v 0.01889733 -0.01840521 0.02200000
v 0.01669200 -0.01521562 0.02200000
v 0.01658750 -0.01681042 0.02200000
v 0.01228133 -0.00883646 0.02200000
v 0.01448667 -0.01202604 0.02200000
v 0.01107417 -0.00883646 0.02200000
v 0.01196783 -0.01362083 0.02200000
v 0.01438217 -0.01362083 0.02200000
v 0.01427767 -0.01521562 0.02200000
v 0.01086517 -0.01202604 0.02200000
v 0.01548483 -0.01521562 0.02200000
v 0.00865983 -0.00883646 0.02200000
v 0.01327950 -0.01202604 0.02200000
v 0.00986700 -0.00883646 0.02200000
v 0.00976250 -0.01043125 0.02200000
v 0.01217683 -0.01043125 0.02200000
v 0.01207233 -0.01202604 0.02200000
v 0.01024533 -0.00630833 0.02060000
v 0.01051200 -0.00657500 0.02100000
v 0.00917150 -0.00644167 0.02080000
v 0.01104533 -0.00710833 0.02180000
v 0.01077867 -0.00684167 0.02140000
v 0.00983817 -0.00710833 0.02180000
v 0.00702383 -0.00670833 0.02120000
v 0.00943817 -0.00670833 0.02120000
v 0.00809767 -0.00657500 0.02100000
v 0.00715717 -0.00684167 0.02140000
v 0.00930483 -0.00657500 0.02100000
v 0.00742383 -0.00710833 0.02180000
v 0.00957150 -0.00684167 0.02140000
v 0.00863100 -0.00710833 0.02180000
v 0.00729050 -0.00697500 0.02160000
v 0.00970483 -0.00697500 0.02160000
v 0.00836433 -0.00684167 0.02140000
v 0.00258800 -0.00463125 0.00400000
v 0.00258800 -0.00154375 0.00400000
v 0.00352850 -0.00463125 0.00400000
v 0.00258800 0.00463125 0.00400000
v 0.00258800 0.00154375 0.00400000
v 0.00540950 -0.00463125 0.00400000
v 0.00352850 -0.00154375 0.00400000
v 0.00446900 -0.00463125 0.00400000
v 0.00352850 -0.00308750 0.00400000
v 0.00917150 -0.00463125 0.00400000
v 0.00729050 -0.00154375 0.00400000
v 0.00823100 -0.00463125 0.00400000
v 0.00352850 0.00463125 0.00400000
v 0.00540950 0.00154375 0.00400000
v 0.00352850 0.00308750 0.00400000
v 0.00635000 -0.00463125 0.00400000
v 0.00635000 -0.00154375 0.00400000
v 0.00729050 -0.00463125 0.00400000
v 0.00540950 -0.00308750 0.00400000
v 0.00729050 -0.00308750 0.00400000
v 0.00352850 0.00000000 0.00400000
v 0.00540950 0.00000000 0.00400000
v 0.00352850 0.00154375 0.00400000
v 0.00446900 -0.00154375 0.00400000
v 0.00446900 0.00154375 0.00400000
v 0.00540950 -0.00154375 0.00400000
v 0.01011200 -0.00463125 0.00400000
v 0.01011200 -0.00154375 0.00400000
v 0.01011200 -0.00463125 0.00605000
v 0.00917150 -0.00308750 0.00400000
v 0.01011200 0.00463125 0.00400000
v 0.01011200 0.00154375 0.00400000
v 0.01011200 -0.00463125 0.01015000
v 0.01011200 -0.00154375 0.00605000
v 0.01011200 -0.00463125 0.00810000
v 0.01011200 -0.00308750 0.00605000
v 0.00729050 0.00000000 0.00400000
v 0.00917150 0.00000000 0.00400000
v 0.00823100 -0.00154375 0.00400000
v 0.00917150 -0.00154375 0.00400000
v 0.01011200 -0.00463125 0.01835000
v 0.01011200 -0.00154375 0.01425000
v 0.01011200 -0.00463125 0.01630000
v 0.01011200 0.00463125 0.00605000
v 0.01011200 0.00154375 0.01015000
v 0.01011200 0.00308750 0.00605000
v 0.01011200 -0.00463125 0.01220000
v 0.01011200 -0.00154375 0.01220000
v 0.01011200 -0.00463125 0.01425000
v 0.01011200 -0.00308750 0.01015000
v 0.01011200 -0.00308750 0.01425000
v 0.01011200 0.00000000 0.00605000
v 0.01011200 0.00000000 0.01015000
v 0.01011200 0.00154375 0.00605000
v 0.01011200 -0.00154375 0.00810000
v 0.01011200 0.00154375 0.00810000
v 0.01011200 -0.00154375 0.01015000
v 0.00352850 0.00617500 0.00400000
v 0.00540950 0.00617500 0.00400000
v 0.00446900 0.00463125 0.00400000
v 0.00917150 0.00617500 0.00400000
v 0.00729050 0.00617500 0.00400000
v 0.00917150 0.00463125 0.00400000
v 0.00635000 0.00154375 0.00400000
v 0.00635000 0.00463125 0.00400000
v 0.00540950 0.00308750 0.00400000
v 0.00729050 0.00154375 0.00400000
v 0.00540950 0.00463125 0.00400000
v 0.00917150 0.00154375 0.00400000
v 0.00729050 0.00463125 0.00400000
v 0.00917150 0.00308750 0.00400000
v 0.00823100 0.00154375 0.00400000
v 0.00823100 0.00463125 0.00400000
v 0.00729050 0.00308750 0.00400000
v -0.01500000 0.02000000 0.00000000
v -0.00500000 0.02000000 0.00000000
v -0.01000000 0.01500000 0.00000000
v 0.01500000 0.02000000 0.00000000
v 0.00500000 0.02000000 0.00000000
v 0.00000000 0.00500000 0.00000000
v 0.00000000 0.01500000 0.00000000
v -0.00500000 0.01000000 0.00000000
v -0.00500000 0.01500000 0.00000000
v 0.02000000 -0.01500000 0.00000000
v 0.02000000 -0.00500000 0.00000000
v 0.01500000 -0.01000000 0.00000000
v 0.02000000 -0.01500000 0.00275000
v 0.02000000 0.01500000 0.00000000
v 0.02000000 0.00500000 0.00000000
v 0.01500000 0.01500000 0.00000000
v 0.00500000 0.00000000 0.00000000
v 0.01500000 0.00000000 0.00000000
v 0.01000000 -0.00500000 0.00000000
v 0.00500000 0.00500000 0.00000000
v 0.01500000 -0.00500000 0.00000000
v 0.02000000 -0.01500000 0.00825000
v 0.02000000 -0.00500000 0.00275000
v 0.02000000 -0.01500000 0.00550000
v 0.02000000 -0.01000000 0.00275000
v 0.00500000 0.01500000 0.00000000
v 0.01500000 0.00500000 0.00000000
v 0.01000000 0.01500000 0.00000000
v 0.00500000 0.01000000 0.00000000
v 0.01500000 0.01000000 0.00000000
v 0.01000000 0.00500000 0.00000000
v 0.02000000 -0.01500000 0.01925000
v 0.02000000 -0.00500000 0.01375000
v 0.02000000 -0.01500000 0.01650000
v 0.02000000 0.01500000 0.00275000
v 0.02000000 0.00500000 0.00825000
v 0.02000000 0.01000000 0.00275000
v 0.02000000 -0.01500000 0.01100000
v 0.02000000 -0.00500000 0.01100000
v 0.02000000 -0.01500000 0.01375000
v 0.02000000 -0.01000000 0.00825000
v 0.02000000 -0.01000000 0.01375000
v 0.02000000 0.00000000 0.00275000
v 0.02000000 0.00000000 0.00825000
v 0.02000000 0.00500000 0.00275000
v 0.02000000 -0.00500000 0.00550000
v 0.02000000 0.00500000 0.00550000
v 0.02000000 -0.00500000 0.00825000
v -0.00114100 -0.00543125 0.02200000
v -0.00038033 -0.00181042 0.02200000
v -0.00114100 -0.00362083 0.02200000
v -0.00076067 -0.00543125 0.02200000
v 0.00114100 0.00543125 0.02200000
v 0.00038033 0.00181042 0.02200000
v -0.00114100 0.00000000 0.02200000
v -0.00038033 0.00000000 0.02200000
v -0.00114100 -0.00181042 0.02200000
v -0.00076067 -0.00181042 0.02200000
v 0.00000000 -0.00543125 0.02200000
v 0.00000000 -0.00181042 0.02200000
v -0.00038033 -0.00543125 0.02200000
v -0.00038033 -0.00362083 0.02200000
v -0.01730983 0.01840521 0.02200000
v -0.01192950 0.01521562 0.02200000
v -0.01500000 0.01681042 0.02200000
v -0.00116883 0.00883646 0.02200000
v -0.00654917 0.01202604 0.02200000
v -0.01038033 0.01362083 0.02200000
v -0.00961967 0.01362083 0.02200000
v -0.01269017 0.01521562 0.02200000
v -0.01230983 0.01521562 0.02200000
v -0.00114100 0.00724167 0.02200000
v -0.00038033 0.00724167 0.02200000
v -0.00114100 0.00543125 0.02200000
v -0.00345083 0.00883646 0.02200000
v 0.00114100 0.00724167 0.02200000
v 0.00038033 0.00724167 0.02200000
v 0.00076067 0.00543125 0.02200000
v -0.00154917 0.00883646 0.02200000
v -0.00114100 0.00181042 0.02200000
v -0.00038033 0.00543125 0.02200000
v -0.00114100 0.00362083 0.02200000
v -0.00076067 0.00181042 0.02200000
v -0.00076067 0.00543125 0.02200000
v -0.00807050 0.01202604 0.02200000
v -0.00269017 0.00883646 0.02200000
v -0.00576067 0.01043125 0.02200000
v -0.00769017 0.01202604 0.02200000
v -0.00307050 0.00883646 0.02200000
v 0.00000000 0.00181042 0.02200000
v 0.00000000 0.00543125 0.02200000
v 0.00038033 0.00362083 0.02200000
v -0.00038033 0.00181042 0.02200000
v 0.00038033 0.00543125 0.02200000
v -0.00038033 0.00362083 0.02200000
v -0.00692950 0.01202604 0.02200000
v -0.00230983 0.00883646 0.02200000
v -0.00423933 0.01043125 0.02200000
v -0.00730983 0.01202604 0.02200000
v -0.00192950 0.00883646 0.02200000
v -0.00500000 0.01043125 0.02200000
v 0.00152133 -0.00543125 0.02200000
v 0.00152133 -0.00181042 0.02200000
v 0.00114100 -0.00543125 0.02200000
v 0.00165467 -0.00529792 0.02180000
v 0.00152133 0.00543125 0.02200000
v 0.00152133 0.00181042 0.02200000
v 0.00114100 0.00362083 0.02200000
v 0.00038033 -0.00543125 0.02200000
v 0.00114100 -0.00181042 0.02200000
v 0.00076067 -0.00543125 0.02200000
v 0.00038033 -0.00362083 0.02200000
v 0.00114100 -0.00362083 0.02200000
v 0.00192133 -0.00503125 0.02140000
v 0.00165467 -0.00167708 0.02180000
v 0.00178800 -0.00516458 0.02160000
v 0.00165467 -0.00348750 0.02180000
v 0.00038033 0.00000000 0.02200000
v 0.00114100 0.00000000 0.02200000
v 0.00076067 0.00181042 0.02200000
v 0.00038033 -0.00181042 0.02200000
v 0.00114100 0.00181042 0.02200000
v 0.00076067 -0.00181042 0.02200000
v 0.00245467 -0.00449792 0.02060000
v 0.00218800 -0.00114375 0.02100000
v 0.00232133 -0.00463125 0.02080000
v 0.00165467 0.00556458 0.02180000
v 0.00192133 0.00221042 0.02140000
v 0.00165467 0.00375417 0.02180000
v 0.00205467 -0.00489792 0.02120000
v 0.00205467 -0.00127708 0.02120000
v 0.00218800 -0.00476458 0.02100000
v 0.00192133 -0.00322083 0.02140000
v 0.00218800 -0.00295417 0.02100000
v 0.00165467 0.00013333 0.02180000
v 0.00192133 0.00040000 0.02140000
v 0.00165467 0.00194375 0.02180000
v 0.00178800 -0.00154375 0.02160000
v 0.00178800 0.00207708 0.02160000
v 0.00192133 -0.00141042 0.02140000
v 0.00258800 -0.00463125 0.00605000
v 0.00258800 -0.00154375 0.01015000
v 0.00258800 -0.00463125 0.00810000
v 0.00258800 -0.00308750 0.00605000
v 0.00258800 0.00463125 0.01835000
v 0.00258800 0.00154375 0.01425000
v 0.00258800 -0.00463125 0.01220000
v 0.00258800 -0.00154375 0.01220000
v 0.00258800 -0.00463125 0.01015000
v 0.00258800 -0.00308750 0.01015000
v 0.00258800 0.00000000 0.00605000
v 0.00258800 0.00000000 0.01015000
v 0.00258800 -0.00154375 0.00605000
v 0.00258800 -0.00154375 0.00810000
v 0.00258800 -0.00463125 0.02040000
v 0.00258800 -0.00154375 0.02040000
v 0.00258800 -0.00463125 0.01835000
v 0.00245467 -0.00295417 0.02060000
v 0.00258800 0.00463125 0.02040000
v 0.00258800 0.00154375 0.02040000
v 0.00258800 0.00308750 0.01835000
v 0.00258800 -0.00463125 0.01425000
v 0.00258800 -0.00154375 0.01835000
v 0.00258800 -0.00463125 0.01630000
v 0.00258800 -0.00308750 0.01425000
v 0.00258800 -0.00308750 0.01835000
v 0.00218800 0.00040000 0.02100000
v 0.00245467 0.00013333 0.02060000
v 0.00232133 -0.00127708 0.02080000
v 0.00245467 -0.00141042 0.02060000
v 0.00258800 0.00000000 0.01425000
v 0.00258800 0.00000000 0.01835000
v 0.00258800 0.00154375 0.01630000
v 0.00258800 -0.00154375 0.01425000
v 0.00258800 0.00154375 0.01835000
v 0.00258800 -0.00154375 0.01630000
v 0.00258800 0.00617500 0.00605000
v 0.00258800 0.00617500 0.01015000
v 0.00258800 0.00463125 0.00605000
v 0.00258800 0.00617500 0.01835000
v 0.00258800 0.00617500 0.01425000
v 0.00258800 0.00463125 0.01630000
v 0.00258800 0.00154375 0.00605000
v 0.00258800 0.00463125 0.01015000
v 0.00258800 0.00308750 0.00605000
v 0.00258800 0.00154375 0.00810000
v 0.00258800 0.00463125 0.00810000
v 0.00258800 0.00154375 0.01220000
v 0.00258800 0.00463125 0.01220000
v 0.00258800 0.00308750 0.01425000
v 0.00258800 0.00154375 0.01015000
v 0.00258800 0.00463125 0.01425000
v 0.00258800 0.00308750 0.01015000
v 0.00165467 0.00710833 0.02180000
v 0.00192133 0.00684167 0.02140000
v 0.00178800 0.00543125 0.02160000
v 0.00245467 0.00630833 0.02060000
v 0.00218800 0.00657500 0.02100000
v 0.00245467 0.00476458 0.02060000
v 0.00205467 0.00207708 0.02120000
v 0.00205467 0.00516458 0.02120000
v 0.00192133 0.00375417 0.02140000
v 0.00218800 0.00194375 0.02100000
v 0.00192133 0.00529792 0.02140000
v 0.00245467 0.00167708 0.02060000
v 0.00218800 0.00503125 0.02100000
v 0.00245467 0.00322083 0.02060000
v 0.00232133 0.00181042 0.02080000
v 0.00232133 0.00489792 0.02080000
v 0.00218800 0.00348750 0.02100000
v 0.01011200 -0.00463125 0.02040000
v 0.01011200 -0.00154375 0.02040000
v 0.01024533 -0.00476458 0.02060000
v 0.01011200 -0.00308750 0.01835000
v 0.01011200 0.00463125 0.02040000
v 0.01011200 0.00154375 0.02040000
v 0.01051200 -0.00503125 0.02100000
v 0.01024533 -0.00167708 0.02060000
v 0.01037867 -0.00489792 0.02080000
v 0.01024533 -0.00322083 0.02060000
v 0.01011200 0.00000000 0.01425000
v 0.01011200 0.00000000 0.01835000
v 0.01011200 -0.00154375 0.01630000
v 0.01011200 -0.00154375 0.01835000
v 0.01104533 -0.00556458 0.02180000
v 0.01077867 -0.00221042 0.02140000
v 0.01091200 -0.00543125 0.02160000
v 0.01024533 0.00449792 0.02060000
v 0.01051200 0.00114375 0.02100000
v 0.01024533 0.00295417 0.02060000
v 0.01064533 -0.00516458 0.02120000
v 0.01064533 -0.00207708 0.02120000
v 0.01077867 -0.00529792 0.02140000
v 0.01051200 -0.00348750 0.02100000
v 0.01077867 -0.00375417 0.02140000
v 0.01024533 -0.00013333 0.02060000
v 0.01051200 -0.00040000 0.02100000
v 0.01024533 0.00141042 0.02060000
v 0.01037867 -0.00181042 0.02080000
v 0.01037867 0.00127708 0.02080000
v 0.01051200 -0.00194375 0.02100000
v 0.00352850 0.00617500 0.00605000
v 0.00540950 0.00617500 0.01015000
v 0.00446900 0.00617500 0.00605000
v 0.00352850 0.00617500 0.00810000
v 0.00917150 0.00617500 0.01835000
v 0.00729050 0.00617500 0.01425000
v 0.00635000 0.00617500 0.00605000
v 0.00635000 0.00617500 0.01015000
v 0.00540950 0.00617500 0.00605000
v 0.00540950 0.00617500 0.00810000
v 0.00352850 0.00617500 0.01220000
v 0.00540950 0.00617500 0.01220000
v 0.00352850 0.00617500 0.01015000
v 0.00446900 0.00617500 0.01015000
v 0.01011200 0.00617500 0.00605000
v 0.01011200 0.00617500 0.01015000
v 0.01011200 0.00463125 0.00810000
v 0.00917150 0.00617500 0.00605000
v 0.01011200 0.00617500 0.01835000
v 0.01011200 0.00617500 0.01425000
v 0.01011200 0.00463125 0.01835000
v 0.00917150 0.00617500 0.01630000
v 0.01011200 0.00154375 0.01220000
v 0.01011200 0.00463125 0.01220000
v 0.01011200 0.00308750 0.01015000
v 0.01011200 0.00154375 0.01425000
v 0.01011200 0.00463125 0.01015000
v 0.00729050 0.00617500 0.00605000
v 0.00917150 0.00617500 0.01015000
v 0.00823100 0.00617500 0.00605000
v 0.00729050 0.00617500 0.00810000
v 0.00917150 0.00617500 0.00810000
v 0.01011200 0.00154375 0.01835000
v 0.01011200 0.00463125 0.01425000
v 0.01011200 0.00308750 0.01835000
v 0.01011200 0.00154375 0.01630000
v 0.01011200 0.00463125 0.01630000
v 0.01011200 0.00308750 0.01425000
v 0.00729050 0.00617500 0.01220000
v 0.00917150 0.00617500 0.01220000
v 0.00823100 0.00617500 0.01425000
v 0.00729050 0.00617500 0.01015000
v 0.00917150 0.00617500 0.01425000
v 0.00823100 0.00617500 0.01015000
v 0.00352850 0.00617500 0.02040000
v 0.00540950 0.00617500 0.02040000
v 0.00352850 0.00617500 0.01835000
v 0.00917150 0.00617500 0.02040000
v 0.00729050 0.00617500 0.02040000
v 0.00823100 0.00617500 0.01835000
v 0.00352850 0.00617500 0.01425000
v 0.00540950 0.00617500 0.01835000
v 0.00352850 0.00617500 0.01630000
v 0.00446900 0.00617500 0.01425000
v 0.00446900 0.00617500 0.01835000
v 0.00635000 0.00617500 0.01425000
v 0.00635000 0.00617500 0.01835000
v 0.00729050 0.00617500 0.01630000
v 0.00540950 0.00617500 0.01425000
v 0.00729050 0.00617500 0.01835000
v 0.00540950 0.00617500 0.01630000
v 0.01117867 -0.00543125 0.02200000
v 0.01117867 -0.00181042 0.02200000
v 0.01104533 -0.00375417 0.02180000
v 0.01117867 0.00543125 0.02200000
v 0.01117867 0.00181042 0.02200000
v 0.01077867 -0.00040000 0.02140000
v 0.01104533 -0.00013333 0.02180000
v 0.01091200 -0.00207708 0.02160000
v 0.01104533 -0.00194375 0.02180000
v 0.00272850 0.00724167 0.02200000
v 0.00514283 0.00724167 0.02200000
v 0.00286183 0.00710833 0.02180000
v 0.00997150 0.00724167 0.02200000
v 0.00755717 0.00724167 0.02200000
v 0.00312850 0.00684167 0.02140000
v 0.00527617 0.00710833 0.02180000
v 0.00299517 0.00697500 0.02160000
v 0.00406900 0.00710833 0.02180000
v 0.00366183 0.00630833 0.02060000
v 0.00580950 0.00657500 0.02100000
v 0.00352850 0.00644167 0.02080000
v 0.00460233 0.00630833 0.02060000
v 0.01010483 0.00710833 0.02180000
v 0.00795717 0.00684167 0.02140000
v 0.00889767 0.00710833 0.02180000
v 0.00326183 0.00670833 0.02120000
v 0.00567617 0.00670833 0.02120000
v 0.00339517 0.00657500 0.02100000
v 0.00433567 0.00684167 0.02140000
v 0.00460233 0.00657500 0.02100000
v 0.00648333 0.00630833 0.02060000
v 0.00675000 0.00657500 0.02100000
v 0.00554283 0.00630833 0.02060000
v 0.00567617 0.00644167 0.02080000
v 0.00648333 0.00710833 0.02180000
v 0.00675000 0.00684167 0.02140000
v 0.00769050 0.00710833 0.02180000
v 0.00540950 0.00697500 0.02160000
v 0.00782383 0.00697500 0.02160000
v 0.00554283 0.00684167 0.02140000
v 0.01024533 0.00630833 0.02060000
v 0.01051200 0.00657500 0.02100000
v 0.01037867 0.00463125 0.02080000
v 0.00930483 0.00630833 0.02060000
v 0.01104533 0.00710833 0.02180000
v 0.01077867 0.00684167 0.02140000
v 0.01104533 0.00529792 0.02180000
v 0.00997150 0.00697500 0.02160000
v 0.01064533 0.00127708 0.02120000
v 0.01064533 0.00489792 0.02120000
v 0.01051200 0.00295417 0.02100000
v 0.01077867 0.00141042 0.02140000
v 0.01051200 0.00476458 0.02100000
v 0.00742383 0.00630833 0.02060000
v 0.00957150 0.00657500 0.02100000
v 0.00836433 0.00630833 0.02060000
v 0.00755717 0.00644167 0.02080000
v 0.00943817 0.00644167 0.02080000
v 0.01104533 0.00167708 0.02180000
v 0.01077867 0.00503125 0.02140000
v 0.01104533 0.00348750 0.02180000
v 0.01091200 0.00154375 0.02160000
v 0.01091200 0.00516458 0.02160000
v 0.01077867 0.00322083 0.02140000
v 0.00782383 0.00670833 0.02120000
v 0.00970483 0.00670833 0.02120000
v 0.00889767 0.00684167 0.02140000
v 0.00769050 0.00657500 0.02100000
v 0.00983817 0.00684167 0.02140000
v 0.00863100 0.00657500 0.02100000
v -0.01500000 0.02000000 0.00275000
v -0.00500000 0.02000000 0.00825000
v -0.01500000 0.02000000 0.00550000
v -0.01000000 0.02000000 0.00275000
v 0.01500000 0.02000000 0.01925000
v 0.00500000 0.02000000 0.01375000
v -0.01500000 0.02000000 0.01100000
v -0.00500000 0.02000000 0.01100000
v -0.01500000 0.02000000 0.00825000
v -0.01000000 0.02000000 0.00825000
v 0.00000000 0.02000000 0.00275000
v 0.00000000 0.02000000 0.00825000
v -0.00500000 0.02000000 0.00275000
v -0.00500000 0.02000000 0.00550000
v -0.01500000 0.02000000 0.02200000
v -0.00500000 0.02000000 0.02200000
v -0.01500000 0.02000000 0.01925000
v -0.01230983 0.01840521 0.02200000
v 0.01500000 0.02000000 0.02200000
v 0.00500000 0.02000000 0.02200000
v 0.01000000 0.02000000 0.01925000
v -0.01500000 0.02000000 0.01375000
v -0.00500000 0.02000000 0.01925000
v -0.01500000 0.02000000 0.01650000
v -0.01000000 0.02000000 0.01375000
v -0.01000000 0.02000000 0.01925000
v -0.00692950 0.01521562 0.02200000
v -0.00230983 0.01840521 0.02200000
v -0.00961967 0.01681042 0.02200000
v -0.00730983 0.01840521 0.02200000
v 0.00000000 0.02000000 0.01375000
v 0.00000000 0.02000000 0.01925000
v 0.00500000 0.02000000 0.01650000
v -0.00500000 0.02000000 0.01375000
v 0.00500000 0.02000000 0.01925000
v -0.00500000 0.02000000 0.01650000
v 0.02000000 -0.01500000 0.02200000
v 0.02000000 -0.00500000 0.02200000
v 0.01889733 -0.01340521 0.02200000
v 0.02000000 -0.01000000 0.01925000
v 0.02000000 0.01500000 0.02200000
v 0.02000000 0.00500000 0.02200000
v 0.01669200 -0.01021562 0.02200000
v 0.01889733 -0.00340521 0.02200000
v 0.01779467 -0.01181042 0.02200000
v 0.01889733 -0.00840521 0.02200000
v 0.02000000 0.00000000 0.01375000
v 0.02000000 0.00000000 0.01925000
v 0.02000000 -0.00500000 0.01650000
v 0.02000000 -0.00500000 0.01925000
v 0.01228133 -0.00383646 0.02200000
v 0.01448667 0.00297396 0.02200000
v 0.01338400 -0.00543125 0.02200000
v 0.01228133 -0.00202604 0.02200000
v 0.01889733 0.01659479 0.02200000
v 0.01669200 0.00978438 0.02200000
v 0.01889733 0.01159479 0.02200000
v 0.01558933 -0.00862083 0.02200000
v 0.01558933 0.00137917 0.02200000
v 0.01448667 -0.00702604 0.02200000
v 0.01669200 -0.00521562 0.02200000
v 0.01448667 -0.00202604 0.02200000
v 0.01228133 0.00159479 0.02200000
v 0.01448667 0.00478438 0.02200000
v 0.01228133 -0.00021562 0.02200000
v 0.01338400 0.00137917 0.02200000
v 0.01889733 0.00159479 0.02200000
v 0.01669200 0.00478438 0.02200000
v 0.01889733 0.00659479 0.02200000
v 0.01779467 -0.00181042 0.02200000
v 0.01779467 0.00818958 0.02200000
v 0.01669200 -0.00021562 0.02200000
v 0.02000000 0.02000000 0.00275000
v 0.02000000 0.02000000 0.00825000
v 0.01500000 0.02000000 0.00275000
v 0.02000000 0.01500000 0.00550000
v 0.02000000 0.02000000 0.01925000
v 0.02000000 0.02000000 0.01375000
v 0.01500000 0.02000000 0.01650000
v 0.02000000 0.01500000 0.01925000
v 0.00500000 0.02000000 0.00275000
v 0.01500000 0.02000000 0.00825000
v 0.01000000 0.02000000 0.00275000
v 0.00500000 0.02000000 0.00550000
v 0.01500000 0.02000000 0.00550000
v 0.02000000 0.00500000 0.01100000
v 0.02000000 0.01500000 0.01100000
v 0.02000000 0.01000000 0.00825000
v 0.02000000 0.00500000 0.01375000
v 0.02000000 0.01500000 0.00825000
v 0.00500000 0.02000000 0.01100000
v 0.01500000 0.02000000 0.01100000
v 0.01000000 0.02000000 0.01375000
v 0.00500000 0.02000000 0.00825000
v 0.01500000 0.02000000 0.01375000
v 0.01000000 0.02000000 0.00825000
v 0.02000000 0.00500000 0.01925000
v 0.02000000 0.01500000 0.01375000
v 0.02000000 0.01000000 0.01925000
v 0.02000000 0.00500000 0.01650000
v 0.02000000 0.01500000 0.01650000
v 0.02000000 0.01000000 0.01375000
v 0.00383117 0.00883646 0.02200000
v 0.00845083 0.01202604 0.02200000
v 0.00114100 0.01043125 0.02200000
v 0.00503833 0.00883646 0.02200000
v 0.01769017 0.01840521 0.02200000
v 0.01307050 0.01521562 0.02200000
v 0.01269017 0.01840521 0.02200000
v -0.00423933 0.01362083 0.02200000
v 0.00576067 0.01362083 0.02200000
v -0.00154917 0.01202604 0.02200000
v -0.00192950 0.01521562 0.02200000
v 0.00345083 0.01202604 0.02200000
v 0.00745267 0.00883646 0.02200000
v 0.00965800 0.01202604 0.02200000
v 0.00624550 0.00883646 0.02200000
v 0.00734817 0.01043125 0.02200000
v 0.00269017 0.01840521 0.02200000
v 0.00807050 0.01521562 0.02200000
v 0.00769017 0.01840521 0.02200000
v 0.00038033 0.01681042 0.02200000
v 0.01038033 0.01681042 0.02200000
v 0.00307050 0.01521562 0.02200000
v 0.01228133 0.00883646 0.02200000
v 0.01448667 0.01202604 0.02200000
v 0.01228133 0.00702604 0.02200000
v 0.01107417 0.00883646 0.02200000
v 0.01889733 0.01840521 0.02200000
v 0.01669200 0.01521562 0.02200000
v 0.01779467 0.01500000 0.02200000
v 0.01658750 0.01681042 0.02200000
v 0.01228133 0.00340521 0.02200000
v 0.01448667 0.01021562 0.02200000
v 0.01228133 0.00521562 0.02200000
v 0.01338400 0.00500000 0.02200000
v 0.01338400 0.00862083 0.02200000
v 0.00865983 0.00883646 0.02200000
v 0.01327950 0.01202604 0.02200000
v 0.00986700 0.00883646 0.02200000
v 0.00976250 0.01043125 0.02200000
v 0.01217683 0.01043125 0.02200000
v 0.01558933 0.00818958 0.02200000
v 0.01558933 0.01181042 0.02200000
v 0.01669200 0.01159479 0.02200000
v 0.01448667 0.00659479 0.02200000
v 0.01669200 0.01340521 0.02200000
v 0.01448667 0.00840521 0.02200000
v 0.01196783 0.01362083 0.02200000
v 0.01438217 0.01362083 0.02200000
v 0.01427767 0.01521562 0.02200000
v 0.01086517 0.01202604 0.02200000
v 0.01548483 0.01521562 0.02200000
v 0.01207233 0.01202604 0.02200000
v -0.00964175 -0.00617500 0.00400000
v -0.00870125 -0.00617500 0.00400000
v -0.00682025 -0.00617500 0.00400000
v -0.00776075 -0.00617500 0.00400000
v -0.00305825 -0.00617500 0.00400000
v -0.00399875 -0.00617500 0.00400000
v -0.00587975 -0.00617500 0.00400000
v -0.00493925 -0.00617500 0.00400000
v -0.02000000 -0.02000000 0.00137500
v -0.02000000 -0.02000000 0.00412500
v -0.02000000 -0.02000000 0.00962500
v -0.02000000 -0.02000000 0.00687500
v -0.02000000 -0.02000000 0.02062500
v -0.02000000 -0.02000000 0.01787500
v -0.02000000 -0.02000000 0.01237500
v -0.02000000 -0.02000000 0.01512500
v -0.01011200 -0.00617500 0.00502500
v -0.01011200 -0.00617500 0.00707500
v -0.00964175 -0.00617500 0.00502500
v -0.01011200 -0.00617500 0.01117500
v -0.01011200 -0.00617500 0.00912500
v -0.00870125 -0.00617500 0.00502500
v -0.00964175 -0.00617500 0.00707500
v -0.00917150 -0.00617500 0.00502500
v -0.00964175 -0.00617500 0.00605000
v -0.01011200 -0.00617500 0.01937500
v -0.01011200 -0.00617500 0.01732500
v -0.01011200 -0.00617500 0.01322500
v -0.01011200 -0.00617500 0.01527500
v -0.00682025 -0.00617500 0.00502500
v -0.00776075 -0.00617500 0.00707500
v -0.00729050 -0.00617500 0.00502500
v -0.00964175 -0.00617500 0.01117500
v -0.00870125 -0.00617500 0.00912500
v -0.00964175 -0.00617500 0.01015000
v -0.00823100 -0.00617500 0.00502500
v -0.00823100 -0.00617500 0.00707500
v -0.00776075 -0.00617500 0.00502500
v -0.00870125 -0.00617500 0.00605000
v -0.00776075 -0.00617500 0.00605000
v -0.00964175 -0.00617500 0.00810000
v -0.00870125 -0.00617500 0.00810000
v -0.00964175 -0.00617500 0.00912500
v -0.00917150 -0.00617500 0.00707500
v -0.00917150 -0.00617500 0.00912500
v -0.00870125 -0.00617500 0.00707500
v -0.00305825 -0.00617500 0.00502500
v -0.00399875 -0.00617500 0.00707500
v -0.00352850 -0.00617500 0.00502500
v -0.00587975 -0.00617500 0.01117500
v -0.00493925 -0.00617500 0.00912500
v -0.00446900 -0.00617500 0.00502500
v -0.00446900 -0.00617500 0.00707500
v -0.00399875 -0.00617500 0.00502500
v -0.00399875 -0.00617500 0.00605000
v -0.00964175 -0.00617500 0.01937500
v -0.00870125 -0.00617500 0.01732500
v -0.00964175 -0.00617500 0.01835000
v -0.00682025 -0.00617500 0.01322500
v -0.00776075 -0.00617500 0.01527500
v -0.00964175 -0.00617500 0.01630000
v -0.00870125 -0.00617500 0.01630000
v -0.00964175 -0.00617500 0.01732500
v -0.00917150 -0.00617500 0.01732500
v -0.00635000 -0.00617500 0.00502500
v -0.00635000 -0.00617500 0.00707500
v -0.00587975 -0.00617500 0.00502500
v -0.00682025 -0.00617500 0.00605000
v -0.00635000 -0.00617500 0.01117500
v -0.00635000 -0.00617500 0.00912500
v -0.00587975 -0.00617500 0.01015000
v -0.00493925 -0.00617500 0.00502500
v -0.00587975 -0.00617500 0.00707500
v -0.00540950 -0.00617500 0.00502500
v -0.00493925 -0.00617500 0.00605000
v -0.00587975 -0.00617500 0.00605000
v -0.00776075 -0.00617500 0.00810000
v -0.00682025 -0.00617500 0.00810000
v -0.00729050 -0.00617500 0.00707500
v -0.00682025 -0.00617500 0.00707500
v -0.00493925 -0.00617500 0.00810000
v -0.00587975 -0.00617500 0.00810000
v -0.00540950 -0.00617500 0.00912500
v -0.00493925 -0.00617500 0.00707500
v -0.00587975 -0.00617500 0.00912500
v -0.00540950 -0.00617500 0.00707500
v -0.00964175 -0.00617500 0.01220000
v -0.00870125 -0.00617500 0.01220000
v -0.00964175 -0.00617500 0.01322500
v -0.00917150 -0.00617500 0.01117500
v -0.00682025 -0.00617500 0.01220000
v -0.00776075 -0.00617500 0.01220000
v -0.00729050 -0.00617500 0.01322500
v -0.00682025 -0.00617500 0.01117500
v -0.00964175 -0.00617500 0.01527500
v -0.00870125 -0.00617500 0.01322500
v -0.00964175 -0.00617500 0.01425000
v -0.00917150 -0.00617500 0.01527500
v -0.00917150 -0.00617500 0.01322500
v -0.00823100 -0.00617500 0.00912500
v -0.00823100 -0.00617500 0.01117500
v -0.00870125 -0.00617500 0.01015000
v -0.00776075 -0.00617500 0.00912500
v -0.00870125 -0.00617500 0.01117500
v -0.00823100 -0.00617500 0.01527500
v -0.00823100 -0.00617500 0.01322500
v -0.00776075 -0.00617500 0.01425000
v -0.00870125 -0.00617500 0.01527500
v -0.00776075 -0.00617500 0.01322500
v -0.00870125 -0.00617500 0.01425000
v -0.00682025 -0.00617500 0.00912500
v -0.00776075 -0.00617500 0.01117500
v -0.00682025 -0.00617500 0.01015000
v -0.00729050 -0.00617500 0.00912500
v -0.00729050 -0.00617500 0.01117500
v -0.00776075 -0.00617500 0.01015000
v -0.01944867 -0.01920260 0.02200000
v -0.01834600 -0.01760781 0.02200000
v -0.01614067 -0.01441823 0.02200000
v -0.01724333 -0.01601302 0.02200000
v -0.01173000 -0.00803906 0.02200000
v -0.01283267 -0.00963385 0.02200000
v -0.01503800 -0.01282344 0.02200000
v -0.01393533 -0.01122865 0.02200000
v -0.01017867 -0.00624167 0.02050000
v -0.01031200 -0.00637500 0.02070000
v -0.01057867 -0.00664167 0.02110000
v -0.01044533 -0.00650833 0.02090000
v -0.01111200 -0.00717500 0.02190000
v -0.01097867 -0.00704167 0.02170000
v -0.01071200 -0.00677500 0.02130000
v -0.01084533 -0.00690833 0.02150000
v -0.00258800 -0.00617500 0.00502500
v -0.00258800 -0.00617500 0.00707500
v -0.00305825 -0.00617500 0.00605000
v -0.00258800 -0.00617500 0.01117500
v -0.00258800 -0.00617500 0.00912500
v -0.00399875 -0.00617500 0.00810000
v -0.00305825 -0.00617500 0.00810000
v -0.00352850 -0.00617500 0.00707500
v -0.00305825 -0.00617500 0.00707500
v -0.00258800 -0.00617500 0.01937500
v -0.00258800 -0.00617500 0.01732500
v -0.00258800 -0.00617500 0.01322500
v -0.00258800 -0.00617500 0.01527500
v -0.00587975 -0.00617500 0.01220000
v -0.00493925 -0.00617500 0.01220000
v -0.00540950 -0.00617500 0.01117500
v -0.00305825 -0.00617500 0.01220000
v -0.00399875 -0.00617500 0.01220000
v -0.00305825 -0.00617500 0.01117500
v -0.00446900 -0.00617500 0.00912500
v -0.00446900 -0.00617500 0.01117500
v -0.00493925 -0.00617500 0.01015000
v -0.00399875 -0.00617500 0.00912500
v -0.00493925 -0.00617500 0.01117500
v -0.00305825 -0.00617500 0.00912500
v -0.00399875 -0.00617500 0.01117500
v -0.00305825 -0.00617500 0.01015000
v -0.00352850 -0.00617500 0.00912500
v -0.00352850 -0.00617500 0.01117500
v -0.00399875 -0.00617500 0.01015000
v -0.00964175 -0.00617500 0.02040000
v -0.00870125 -0.00617500 0.02040000
v -0.00917150 -0.00617500 0.01937500
v -0.00970842 -0.00624167 0.02050000
v -0.00682025 -0.00617500 0.02040000
v -0.00776075 -0.00617500 0.02040000
v -0.00823100 -0.00617500 0.01732500
v -0.00823100 -0.00617500 0.01937500
v -0.00870125 -0.00617500 0.01835000
v -0.00870125 -0.00617500 0.01937500
v -0.00984175 -0.00637500 0.02070000
v -0.00876792 -0.00624167 0.02050000
v -0.00977508 -0.00630833 0.02060000
v -0.00923817 -0.00624167 0.02050000
v -0.00305825 -0.00617500 0.02040000
v -0.00399875 -0.00617500 0.02040000
v -0.00305825 -0.00617500 0.01937500
v -0.00587975 -0.00617500 0.02040000
v -0.00493925 -0.00617500 0.02040000
v -0.00305825 -0.00617500 0.01732500
v -0.00399875 -0.00617500 0.01937500
v -0.00305825 -0.00617500 0.01835000
v -0.00352850 -0.00617500 0.01937500
v -0.00635000 -0.00617500 0.01322500
v -0.00635000 -0.00617500 0.01527500
v -0.00682025 -0.00617500 0.01425000
v -0.00587975 -0.00617500 0.01322500
v -0.00635000 -0.00617500 0.01937500
v -0.00635000 -0.00617500 0.01732500
v -0.00682025 -0.00617500 0.01937500
v -0.00776075 -0.00617500 0.01630000
v -0.00682025 -0.00617500 0.01630000
v -0.00729050 -0.00617500 0.01527500
v -0.00776075 -0.00617500 0.01732500
v -0.00682025 -0.00617500 0.01527500
v -0.00493925 -0.00617500 0.01322500
v -0.00587975 -0.00617500 0.01527500
v -0.00540950 -0.00617500 0.01322500
v -0.00587975 -0.00617500 0.01425000
v -0.00776075 -0.00617500 0.01937500
v -0.00682025 -0.00617500 0.01732500
v -0.00729050 -0.00617500 0.01937500
v -0.00776075 -0.00617500 0.01835000
v -0.00682025 -0.00617500 0.01835000
v -0.00729050 -0.00617500 0.01732500
v -0.01010842 -0.00664167 0.02110000
v -0.00903458 -0.00650833 0.02090000
v -0.01004175 -0.00657500 0.02100000
v -0.00688692 -0.00624167 0.02050000
v -0.00796075 -0.00637500 0.02070000
v -0.00735717 -0.00624167 0.02050000
v -0.00990842 -0.00644167 0.02080000
v -0.00896792 -0.00644167 0.02080000
v -0.00997508 -0.00650833 0.02090000
v -0.00937150 -0.00637500 0.02070000
v -0.00950483 -0.00650833 0.02090000
v -0.00829767 -0.00624167 0.02050000
v -0.00843100 -0.00637500 0.02070000
v -0.00782742 -0.00624167 0.02050000
v -0.00883458 -0.00630833 0.02060000
v -0.00789408 -0.00630833 0.02060000
v -0.00890125 -0.00637500 0.02070000
v -0.00305825 -0.00617500 0.01322500
v -0.00399875 -0.00617500 0.01527500
v -0.00305825 -0.00617500 0.01425000
v -0.00352850 -0.00617500 0.01322500
v -0.00587975 -0.00617500 0.01937500
v -0.00493925 -0.00617500 0.01732500
v -0.00540950 -0.00617500 0.01937500
v -0.00587975 -0.00617500 0.01835000
v -0.00305825 -0.00617500 0.01630000
v -0.00399875 -0.00617500 0.01630000
v -0.00305825 -0.00617500 0.01527500
v -0.00352850 -0.00617500 0.01732500
v -0.00352850 -0.00617500 0.01527500
v -0.00446900 -0.00617500 0.01322500
v -0.00446900 -0.00617500 0.01527500
v -0.00399875 -0.00617500 0.01322500
v -0.00493925 -0.00617500 0.01425000
v -0.00399875 -0.00617500 0.01425000
v -0.00446900 -0.00617500 0.01937500
v -0.00446900 -0.00617500 0.01732500
v -0.00493925 -0.00617500 0.01937500
v -0.00399875 -0.00617500 0.01835000
v -0.00493925 -0.00617500 0.01835000
v -0.00399875 -0.00617500 0.01732500
v -0.00587975 -0.00617500 0.01630000
v -0.00493925 -0.00617500 0.01630000
v -0.00587975 -0.00617500 0.01732500
v -0.00540950 -0.00617500 0.01527500
v -0.00540950 -0.00617500 0.01732500
v -0.00493925 -0.00617500 0.01527500
v -0.01064175 -0.00717500 0.02190000
v -0.00956792 -0.00704167 0.02170000
v -0.01057508 -0.00710833 0.02180000
v -0.00742025 -0.00677500 0.02130000
v -0.00849408 -0.00690833 0.02150000
v -0.01044175 -0.00697500 0.02160000
v -0.00950125 -0.00697500 0.02160000
v -0.01050842 -0.00704167 0.02170000
v -0.01003817 -0.00704167 0.02170000
v -0.00312492 -0.00624167 0.02050000
v -0.00419875 -0.00637500 0.02070000
v -0.00359517 -0.00624167 0.02050000
v -0.00634642 -0.00664167 0.02110000
v -0.00527258 -0.00650833 0.02090000
v -0.00453567 -0.00624167 0.02050000
v -0.00466900 -0.00637500 0.02070000
v -0.00406542 -0.00624167 0.02050000
v -0.00413208 -0.00630833 0.02060000
v -0.01017508 -0.00670833 0.02120000
v -0.00923458 -0.00670833 0.02120000
v -0.01024175 -0.00677500 0.02130000
v -0.00963817 -0.00664167 0.02110000
v -0.00735358 -0.00670833 0.02120000
v -0.00829408 -0.00670833 0.02120000
v -0.00789050 -0.00677500 0.02130000
v -0.01037508 -0.00690833 0.02150000
v -0.00930125 -0.00677500 0.02130000
v -0.01030842 -0.00684167 0.02140000
v -0.00990483 -0.00690833 0.02150000
v -0.00977150 -0.00677500 0.02130000
v -0.00856433 -0.00650833 0.02090000
v -0.00869767 -0.00664167 0.02110000
v -0.00910125 -0.00657500 0.02100000
v -0.00916792 -0.00664167 0.02110000
v -0.00896433 -0.00690833 0.02150000
v -0.00883100 -0.00677500 0.02130000
v -0.00842742 -0.00684167 0.02140000
v -0.00943458 -0.00690833 0.02150000
v -0.00836075 -0.00677500 0.02130000
v -0.00936792 -0.00684167 0.02140000
v -0.00641667 -0.00624167 0.02050000
v -0.00655000 -0.00637500 0.02070000
v -0.00594642 -0.00624167 0.02050000
v -0.00695358 -0.00630833 0.02060000
v -0.00681667 -0.00664167 0.02110000
v -0.00668333 -0.00650833 0.02090000
v -0.00627975 -0.00657500 0.02100000
v -0.00728692 -0.00664167 0.02110000
v -0.00500592 -0.00624167 0.02050000
v -0.00607975 -0.00637500 0.02070000
v -0.00547617 -0.00624167 0.02050000
v -0.00507258 -0.00630833 0.02060000
v -0.00601308 -0.00630833 0.02060000
v -0.00802742 -0.00644167 0.02080000
v -0.00708692 -0.00644167 0.02080000
v -0.00749050 -0.00637500 0.02070000
v -0.00809408 -0.00650833 0.02090000
v -0.00702025 -0.00637500 0.02070000
v -0.00520592 -0.00644167 0.02080000
v -0.00614642 -0.00644167 0.02080000
v -0.00574283 -0.00650833 0.02090000
v -0.00513925 -0.00637500 0.02070000
v -0.00621308 -0.00650833 0.02090000
v -0.00560950 -0.00637500 0.02070000
v -0.00822742 -0.00664167 0.02110000
v -0.00715358 -0.00650833 0.02090000
v -0.00775717 -0.00664167 0.02110000
v -0.00816075 -0.00657500 0.02100000
v -0.00722025 -0.00657500 0.02100000
v -0.00762383 -0.00650833 0.02090000
v -0.01884508 -0.01920260 0.02200000
v -0.01653525 -0.01760781 0.02200000
v -0.01829375 -0.01840521 0.02200000
v -0.01191558 -0.01441823 0.02200000
v -0.01422542 -0.01601302 0.02200000
v -0.01719108 -0.01681042 0.02200000
v -0.01598392 -0.01681042 0.02200000
v -0.01774242 -0.01760781 0.02200000
v -0.01713883 -0.01760781 0.02200000
v -0.00267625 -0.00803906 0.02200000
v -0.00498608 -0.00963385 0.02200000
v -0.00960575 -0.01282344 0.02200000
v -0.00729592 -0.01122865 0.02200000
v -0.01498575 -0.01362083 0.02200000
v -0.01377858 -0.01362083 0.02200000
v -0.01553708 -0.01441823 0.02200000
v -0.01136425 -0.01362083 0.02200000
v -0.01257142 -0.01362083 0.02200000
v -0.01251917 -0.01441823 0.02200000
v -0.01663975 -0.01601302 0.02200000
v -0.01432992 -0.01441823 0.02200000
v -0.01608842 -0.01521562 0.02200000
v -0.01603617 -0.01601302 0.02200000
v -0.01493350 -0.01441823 0.02200000
v -0.01482900 -0.01601302 0.02200000
v -0.01372633 -0.01441823 0.02200000
v -0.01367408 -0.01521562 0.02200000
v -0.01543258 -0.01601302 0.02200000
v -0.01312275 -0.01441823 0.02200000
v -0.01488125 -0.01521562 0.02200000
v -0.01057508 -0.00724167 0.02200000
v -0.00936792 -0.00724167 0.02200000
v -0.01112642 -0.00803906 0.02200000
v -0.01003817 -0.00717500 0.02190000
v -0.00695358 -0.00724167 0.02200000
v -0.00816075 -0.00724167 0.02200000
v -0.01222908 -0.00963385 0.02200000
v -0.00991925 -0.00803906 0.02200000
v -0.01167775 -0.00883646 0.02200000
v -0.01052283 -0.00803906 0.02200000
v -0.00896433 -0.00704167 0.02170000
v -0.00883100 -0.00717500 0.02190000
v -0.00950125 -0.00710833 0.02180000
v -0.00943458 -0.00717500 0.02190000
v -0.00212492 -0.00724167 0.02200000
v -0.00333208 -0.00724167 0.02200000
v -0.00327983 -0.00803906 0.02200000
v -0.00574642 -0.00724167 0.02200000
v -0.00453925 -0.00724167 0.02200000
v -0.00558967 -0.00963385 0.02200000
v -0.00448700 -0.00803906 0.02200000
v -0.00443475 -0.00883646 0.02200000
v -0.00388342 -0.00803906 0.02200000
v -0.01443442 -0.01282344 0.02200000
v -0.01212458 -0.01122865 0.02200000
v -0.01388308 -0.01202604 0.02200000
v -0.01383083 -0.01282344 0.02200000
v -0.00750492 -0.00803906 0.02200000
v -0.00981475 -0.00963385 0.02200000
v -0.00810850 -0.00803906 0.02200000
v -0.01278042 -0.01043125 0.02200000
v -0.01157325 -0.01043125 0.02200000
v -0.01333175 -0.01122865 0.02200000
v -0.01162550 -0.00963385 0.02200000
v -0.01272817 -0.01122865 0.02200000
v -0.01262367 -0.01282344 0.02200000
v -0.01152100 -0.01122865 0.02200000
v -0.01322725 -0.01282344 0.02200000
v -0.01267592 -0.01202604 0.02200000
v -0.00931567 -0.00803906 0.02200000
v -0.01041833 -0.00963385 0.02200000
v -0.00871208 -0.00803906 0.02200000
v -0.01047058 -0.00883646 0.02200000
v -0.00926342 -0.00883646 0.02200000
v -0.01102192 -0.00963385 0.02200000
v -0.00681667 -0.00677500 0.02130000
v -0.00668333 -0.00690833 0.02150000
v -0.00735358 -0.00684167 0.02140000
v -0.00641667 -0.00717500 0.02190000
v -0.00655000 -0.00704167 0.02170000
v -0.00702025 -0.00717500 0.02190000
v -0.00842742 -0.00697500 0.02160000
v -0.00722025 -0.00697500 0.02160000
v -0.00789050 -0.00690833 0.02150000
v -0.00836075 -0.00704167 0.02170000
v -0.00728692 -0.00690833 0.02150000
v -0.00822742 -0.00717500 0.02190000
v -0.00715358 -0.00704167 0.02170000
v -0.00762383 -0.00717500 0.02190000
v -0.00829408 -0.00710833 0.02180000
v -0.00708692 -0.00710833 0.02180000
v -0.00775717 -0.00704167 0.02170000
v -0.01020933 -0.01282344 0.02200000
v -0.00910667 -0.01122865 0.02200000
v -0.00905442 -0.01202604 0.02200000
v -0.01081292 -0.01282344 0.02200000
v -0.00690133 -0.00803906 0.02200000
v -0.00800400 -0.00963385 0.02200000
v -0.00629775 -0.00803906 0.02200000
v -0.00805625 -0.00883646 0.02200000
v -0.00674458 -0.01043125 0.02200000
v -0.00795175 -0.01043125 0.02200000
v -0.00789950 -0.01122865 0.02200000
v -0.00619325 -0.00963385 0.02200000
v -0.00850308 -0.01122865 0.02200000
v -0.01202008 -0.01282344 0.02200000
v -0.00971025 -0.01122865 0.02200000
v -0.01141650 -0.01282344 0.02200000
v -0.01146875 -0.01202604 0.02200000
v -0.01026158 -0.01202604 0.02200000
v -0.00509058 -0.00803906 0.02200000
v -0.00740042 -0.00963385 0.02200000
v -0.00569417 -0.00803906 0.02200000
v -0.00564192 -0.00883646 0.02200000
v -0.00684908 -0.00883646 0.02200000
v -0.00679683 -0.00963385 0.02200000
v -0.01036608 -0.01043125 0.02200000
v -0.00915892 -0.01043125 0.02200000
v -0.00921117 -0.00963385 0.02200000
v -0.01091742 -0.01122865 0.02200000
v -0.00860758 -0.00963385 0.02200000
v -0.01031383 -0.01122865 0.02200000
v -0.00252133 -0.00624167 0.02050000
v -0.00238800 -0.00637500 0.02070000
v -0.00305825 -0.00630833 0.02060000
v -0.00212133 -0.00664167 0.02110000
v -0.00225467 -0.00650833 0.02090000
v -0.00413208 -0.00644167 0.02080000
v -0.00292492 -0.00644167 0.02080000
v -0.00359517 -0.00637500 0.02070000
v -0.00299158 -0.00637500 0.02070000
v -0.00158800 -0.00717500 0.02190000
v -0.00172133 -0.00704167 0.02170000
v -0.00219158 -0.00717500 0.02190000
v -0.00198800 -0.00677500 0.02130000
v -0.00185467 -0.00690833 0.02150000
v -0.00339875 -0.00717500 0.02190000
v -0.00232492 -0.00704167 0.02170000
v -0.00279517 -0.00717500 0.02190000
v -0.00225825 -0.00710833 0.02180000
v -0.00627975 -0.00670833 0.02120000
v -0.00507258 -0.00670833 0.02120000
v -0.00574283 -0.00664167 0.02110000
v -0.00621308 -0.00677500 0.02130000
v -0.00265825 -0.00670833 0.02120000
v -0.00386542 -0.00670833 0.02120000
v -0.00272492 -0.00664167 0.02110000
v -0.00466900 -0.00650833 0.02090000
v -0.00453567 -0.00664167 0.02110000
v -0.00520592 -0.00657500 0.02100000
v -0.00406542 -0.00650833 0.02090000
v -0.00513925 -0.00664167 0.02110000
v -0.00607975 -0.00690833 0.02150000
v -0.00500592 -0.00677500 0.02130000
v -0.00614642 -0.00684167 0.02140000
v -0.00560950 -0.00677500 0.02130000
v -0.00285825 -0.00650833 0.02090000
v -0.00393208 -0.00664167 0.02110000
v -0.00279158 -0.00657500 0.02100000
v -0.00346183 -0.00650833 0.02090000
v -0.00332850 -0.00664167 0.02110000
v -0.00399875 -0.00657500 0.02100000
v -0.00581308 -0.00717500 0.02190000
v -0.00473925 -0.00704167 0.02170000
v -0.00520950 -0.00717500 0.02190000
v -0.00587975 -0.00710833 0.02180000
v -0.00259158 -0.00677500 0.02130000
v -0.00366542 -0.00690833 0.02150000
v -0.00252492 -0.00684167 0.02140000
v -0.00319517 -0.00677500 0.02130000
v -0.00400233 -0.00717500 0.02190000
v -0.00413567 -0.00704167 0.02170000
v -0.00460592 -0.00717500 0.02190000
v -0.00346542 -0.00710833 0.02180000
v -0.00467258 -0.00710833 0.02180000
v -0.00601308 -0.00697500 0.02160000
v -0.00480592 -0.00697500 0.02160000
v -0.00594642 -0.00704167 0.02170000
v -0.00547617 -0.00690833 0.02150000
v -0.00534283 -0.00704167 0.02170000
v -0.00239158 -0.00697500 0.02160000
v -0.00359875 -0.00697500 0.02160000
v -0.00245825 -0.00690833 0.02150000
v -0.00292850 -0.00704167 0.02170000
v -0.00306183 -0.00690833 0.02150000
v -0.00353208 -0.00704167 0.02170000
v -0.00440233 -0.00677500 0.02130000
v -0.00426900 -0.00690833 0.02150000
v -0.00379875 -0.00677500 0.02130000
v -0.00493925 -0.00684167 0.02140000
v -0.00373208 -0.00684167 0.02140000
v -0.00487258 -0.00690833 0.02150000
v -0.01011200 -0.00540313 0.00400000
v -0.01011200 -0.00385938 0.00400000
v -0.00964175 -0.00540313 0.00400000
v -0.01011200 -0.00077188 0.00400000
v -0.01011200 -0.00231563 0.00400000
v -0.00870125 -0.00540313 0.00400000
v -0.00964175 -0.00385938 0.00400000
v -0.00917150 -0.00540313 0.00400000
v -0.00964175 -0.00463125 0.00400000
v -0.01011200 0.00540313 0.00400000
v -0.01011200 0.00385938 0.00400000
v -0.01011200 0.00077188 0.00400000
v -0.01011200 0.00231563 0.00400000
v -0.00682025 -0.00540313 0.00400000
v -0.00776075 -0.00385938 0.00400000
v -0.00729050 -0.00540313 0.00400000
v -0.00964175 -0.00077188 0.00400000
v -0.00870125 -0.00231563 0.00400000
v -0.00964175 -0.00154375 0.00400000
v -0.00823100 -0.00540313 0.00400000
v -0.00823100 -0.00385938 0.00400000
v -0.00776075 -0.00540313 0.00400000
v -0.00870125 -0.00463125 0.00400000
v -0.00776075 -0.00463125 0.00400000
v -0.00964175 -0.00308750 0.00400000
v -0.00870125 -0.00308750 0.00400000
v -0.00964175 -0.00231563 0.00400000
v -0.00917150 -0.00385938 0.00400000
v -0.00917150 -0.00231563 0.00400000
v -0.00870125 -0.00385938 0.00400000
v -0.00305825 -0.00540313 0.00400000
v -0.00399875 -0.00385938 0.00400000
v -0.00352850 -0.00540313 0.00400000
v -0.00587975 -0.00077188 0.00400000
v -0.00493925 -0.00231563 0.00400000
v -0.00446900 -0.00540313 0.00400000
v -0.00446900 -0.00385938 0.00400000
v -0.00399875 -0.00540313 0.00400000
v -0.00399875 -0.00463125 0.00400000
v -0.00964175 0.00540313 0.00400000
v -0.00870125 0.00385938 0.00400000
v -0.00964175 0.00463125 0.00400000
v -0.00682025 0.00077188 0.00400000
v -0.00776075 0.00231563 0.00400000
v -0.00964175 0.00308750 0.00400000
v -0.00870125 0.00308750 0.00400000
v -0.00964175 0.00385938 0.00400000
v -0.00917150 0.00385938 0.00400000
v -0.00635000 -0.00540313 0.00400000
v -0.00635000 -0.00385938 0.00400000
v -0.00587975 -0.00540313 0.00400000
v -0.00682025 -0.00463125 0.00400000
v -0.00635000 -0.00077188 0.00400000
v -0.00635000 -0.00231563 0.00400000
v -0.00587975 -0.00154375 0.00400000
v -0.00493925 -0.00540313 0.00400000
v -0.00587975 -0.00385938 0.00400000
v -0.00540950 -0.00540313 0.00400000
v -0.00493925 -0.00463125 0.00400000
v -0.00587975 -0.00463125 0.00400000
v -0.00776075 -0.00308750 0.00400000
v -0.00682025 -0.00308750 0.00400000
v -0.00729050 -0.00385938 0.00400000
v -0.00682025 -0.00385938 0.00400000
v -0.00493925 -0.00308750 0.00400000
v -0.00587975 -0.00308750 0.00400000
v -0.00540950 -0.00231563 0.00400000
v -0.00493925 -0.00385938 0.00400000
v -0.00587975 -0.00231563 0.00400000
v -0.00540950 -0.00385938 0.00400000
v -0.00964175 0.00000000 0.00400000
v -0.00870125 0.00000000 0.00400000
v -0.00964175 0.00077188 0.00400000
v -0.00917150 -0.00077188 0.00400000
v -0.00682025 0.00000000 0.00400000
v -0.00776075 0.00000000 0.00400000
v -0.00729050 0.00077188 0.00400000
v -0.00682025 -0.00077188 0.00400000
v -0.00964175 0.00231563 0.00400000
v -0.00870125 0.00077188 0.00400000
v -0.00964175 0.00154375 0.00400000
v -0.00917150 0.00231563 0.00400000
v -0.00917150 0.00077188 0.00400000
v -0.00823100 -0.00231563 0.00400000
v -0.00823100 -0.00077188 0.00400000
v -0.00870125 -0.00154375 0.00400000
v -0.00776075 -0.00231563 0.00400000
v -0.00870125 -0.00077188 0.00400000
v -0.00823100 0.00231563 0.00400000
v -0.00823100 0.00077188 0.00400000
v -0.00776075 0.00154375 0.00400000
v -0.00870125 0.00231563 0.00400000
v -0.00776075 0.00077188 0.00400000
v -0.00870125 0.00154375 0.00400000
v -0.00682025 -0.00231563 0.00400000
v -0.00776075 -0.00077188 0.00400000
v -0.00682025 -0.00154375 0.00400000
v -0.00729050 -0.00231563 0.00400000
v -0.00729050 -0.00077188 0.00400000
v -0.00776075 -0.00154375 0.00400000
v -0.02000000 -0.01750000 0.00000000
v -0.02000000 -0.01250000 0.00000000
v -0.02000000 -0.00250000 0.00000000
v -0.02000000 -0.00750000 0.00000000
v -0.02000000 0.01750000 0.00000000
v -0.02000000 0.01250000 0.00000000
v -0.02000000 0.00250000 0.00000000
v -0.02000000 0.00750000 0.00000000
v -0.00258800 -0.00540313 0.00400000
v -0.00258800 -0.00385938 0.00400000
v -0.00258800 -0.00540313 0.00502500
v -0.00305825 -0.00463125 0.00400000
v -0.00258800 -0.00077188 0.00400000
v -0.00258800 -0.00231563 0.00400000
v -0.00258800 -0.00540313 0.00707500
v -0.00258800 -0.00385938 0.00502500
v -0.00258800 -0.00540313 0.00605000
v -0.00258800 -0.00463125 0.00502500
v -0.00399875 -0.00308750 0.00400000
v -0.00305825 -0.00308750 0.00400000
v -0.00352850 -0.00385938 0.00400000
v -0.00305825 -0.00385938 0.00400000
v -0.00258800 0.00540313 0.00400000
v -0.00258800 0.00385938 0.00400000
v -0.00258800 0.00077188 0.00400000
v -0.00258800 0.00231563 0.00400000
v -0.00258800 -0.00540313 0.01117500
v -0.00258800 -0.00385938 0.00912500
v -0.00258800 -0.00540313 0.01015000
v -0.00258800 -0.00077188 0.00502500
v -0.00258800 -0.00231563 0.00707500
v -0.00258800 -0.00154375 0.00502500
v -0.00258800 -0.00540313 0.00810000
v -0.00258800 -0.00385938 0.00810000
v -0.00258800 -0.00540313 0.00912500
v -0.00258800 -0.00463125 0.00707500
v -0.00258800 -0.00463125 0.00912500
v -0.00258800 -0.00308750 0.00502500
v -0.00258800 -0.00308750 0.00707500
v -0.00258800 -0.00231563 0.00502500
v -0.00258800 -0.00385938 0.00605000
v -0.00258800 -0.00231563 0.00605000
v -0.00258800 -0.00385938 0.00707500
v -0.00587975 0.00000000 0.00400000
v -0.00493925 0.00000000 0.00400000
v -0.00540950 -0.00077188 0.00400000
v -0.00305825 0.00000000 0.00400000
v -0.00399875 0.00000000 0.00400000
v -0.00305825 -0.00077188 0.00400000
v -0.00446900 -0.00231563 0.00400000
v -0.00446900 -0.00077188 0.00400000
v -0.00493925 -0.00154375 0.00400000
v -0.00399875 -0.00231563 0.00400000
v -0.00493925 -0.00077188 0.00400000
v -0.00305825 -0.00231563 0.00400000
v -0.00399875 -0.00077188 0.00400000
v -0.00305825 -0.00154375 0.00400000
v -0.00352850 -0.00231563 0.00400000
v -0.00352850 -0.00077188 0.00400000
v -0.00399875 -0.00154375 0.00400000
v -0.00258800 -0.00540313 0.01937500
v -0.00258800 -0.00385938 0.01732500
v -0.00258800 -0.00540313 0.01835000
v -0.00258800 -0.00077188 0.01322500
v -0.00258800 -0.00231563 0.01527500
v -0.00258800 -0.00540313 0.01630000
v -0.00258800 -0.00385938 0.01630000
v -0.00258800 -0.00540313 0.01732500
v -0.00258800 -0.00463125 0.01732500
v -0.00258800 0.00540313 0.00502500
v -0.00258800 0.00385938 0.00707500
v -0.00258800 0.00463125 0.00502500
v -0.00258800 0.00077188 0.01117500
v -0.00258800 0.00231563 0.00912500
v -0.00258800 0.00308750 0.00502500
v -0.00258800 0.00308750 0.00707500
v -0.00258800 0.00385938 0.00502500
v -0.00258800 0.00385938 0.00605000
v -0.00258800 -0.00540313 0.01220000
v -0.00258800 -0.00385938 0.01220000
v -0.00258800 -0.00540313 0.01322500
v -0.00258800 -0.00463125 0.01117500
v -0.00258800 -0.00077188 0.01220000
v -0.00258800 -0.00231563 0.01220000
v -0.00258800 -0.00154375 0.01322500
v -0.00258800 -0.00540313 0.01527500
v -0.00258800 -0.00385938 0.01322500
v -0.00258800 -0.00540313 0.01425000
v -0.00258800 -0.00463125 0.01527500
v -0.00258800 -0.00463125 0.01322500
v -0.00258800 -0.00308750 0.00912500
v -0.00258800 -0.00308750 0.01117500
v -0.00258800 -0.00385938 0.01015000
v -0.00258800 -0.00385938 0.01117500
v -0.00258800 -0.00308750 0.01527500
v -0.00258800 -0.00308750 0.01322500
v -0.00258800 -0.00231563 0.01425000
v -0.00258800 -0.00385938 0.01527500
v -0.00258800 -0.00231563 0.01322500
v -0.00258800 -0.00385938 0.01425000
v -0.00258800 0.00000000 0.00502500
v -0.00258800 0.00000000 0.00707500
v -0.00258800 0.00077188 0.00502500
v -0.00258800 -0.00077188 0.00605000
v -0.00258800 0.00000000 0.01117500
v -0.00258800 0.00000000 0.00912500
v -0.00258800 0.00077188 0.01015000
v -0.00258800 -0.00077188 0.01117500
v -0.00258800 0.00231563 0.00502500
v -0.00258800 0.00077188 0.00707500
v -0.00258800 0.00154375 0.00502500
v -0.00258800 0.00231563 0.00605000
v -0.00258800 0.00077188 0.00605000
v -0.00258800 -0.00231563 0.00810000
v -0.00258800 -0.00077188 0.00810000
v -0.00258800 -0.00154375 0.00707500
v -0.00258800 -0.00231563 0.00912500
v -0.00258800 -0.00077188 0.00707500
v -0.00258800 0.00231563 0.00810000
v -0.00258800 0.00077188 0.00810000
v -0.00258800 0.00154375 0.00912500
v -0.00258800 0.00231563 0.00707500
v -0.00258800 0.00077188 0.00912500
v -0.00258800 0.00154375 0.00707500
v -0.00258800 -0.00231563 0.01117500
v -0.00258800 -0.00077188 0.00912500
v -0.00258800 -0.00154375 0.01117500
v -0.00258800 -0.00231563 0.01015000
v -0.00258800 -0.00077188 0.01015000
v -0.00258800 -0.00154375 0.00912500
v -0.00964175 0.00617500 0.00400000
v -0.00870125 0.00617500 0.00400000
v -0.00917150 0.00540313 0.00400000
v -0.00682025 0.00617500 0.00400000
v -0.00776075 0.00617500 0.00400000
v -0.00823100 0.00385938 0.00400000
v -0.00823100 0.00540313 0.00400000
v -0.00870125 0.00463125 0.00400000
v -0.00870125 0.00540313 0.00400000
v -0.00305825 0.00617500 0.00400000
v -0.00399875 0.00617500 0.00400000
v -0.00305825 0.00540313 0.00400000
v -0.00587975 0.00617500 0.00400000
v -0.00493925 0.00617500 0.00400000
v -0.00305825 0.00385938 0.00400000
v -0.00399875 0.00540313 0.00400000
v -0.00305825 0.00463125 0.00400000
v -0.00352850 0.00540313 0.00400000
v -0.00635000 0.00077188 0.00400000
v -0.00635000 0.00231563 0.00400000
v -0.00682025 0.00154375 0.00400000
v -0.00587975 0.00077188 0.00400000
v -0.00635000 0.00540313 0.00400000
v -0.00635000 0.00385938 0.00400000
v -0.00682025 0.00540313 0.00400000
v -0.00776075 0.00308750 0.00400000
v -0.00682025 0.00308750 0.00400000
v -0.00729050 0.00231563 0.00400000
v -0.00776075 0.00385938 0.00400000
v -0.00682025 0.00231563 0.00400000
v -0.00493925 0.00077188 0.00400000
v -0.00587975 0.00231563 0.00400000
v -0.00540950 0.00077188 0.00400000
v -0.00587975 0.00154375 0.00400000
v -0.00776075 0.00540313 0.00400000
v -0.00682025 0.00385938 0.00400000
v -0.00729050 0.00540313 0.00400000
v -0.00776075 0.00463125 0.00400000
v -0.00682025 0.00463125 0.00400000
v -0.00729050 0.00385938 0.00400000
v -0.00305825 0.00077188 0.00400000
v -0.00399875 0.00231563 0.00400000
v -0.00305825 0.00154375 0.00400000
v -0.00352850 0.00077188 0.00400000
v -0.00587975 0.00540313 0.00400000
v -0.00493925 0.00385938 0.00400000
v -0.00540950 0.00540313 0.00400000
v -0.00587975 0.00463125 0.00400000
v -0.00305825 0.00308750 0.00400000
v -0.00399875 0.00308750 0.00400000
v -0.00305825 0.00231563 0.00400000
v -0.00352850 0.00385938 0.00400000
v -0.00352850 0.00231563 0.00400000
v -0.00446900 0.00077188 0.00400000
v -0.00446900 0.00231563 0.00400000
v -0.00399875 0.00077188 0.00400000
v -0.00493925 0.00154375 0.00400000
v -0.00399875 0.00154375 0.00400000
v -0.00446900 0.00540313 0.00400000
v -0.00446900 0.00385938 0.00400000
v -0.00493925 0.00540313 0.00400000
v -0.00399875 0.00463125 0.00400000
v -0.00493925 0.00463125 0.00400000
v -0.00399875 0.00385938 0.00400000
v -0.00587975 0.00308750 0.00400000
v -0.00493925 0.00308750 0.00400000
v -0.00587975 0.00385938 0.00400000
v -0.00540950 0.00231563 0.00400000
v -0.00540950 0.00385938 0.00400000
v -0.00493925 0.00231563 0.00400000
v -0.01011200 -0.00540313 0.00502500
v -0.01011200 -0.00385938 0.00707500
v -0.01011200 -0.00540313 0.00605000
v -0.01011200 -0.00463125 0.00502500
v -0.01011200 -0.00077188 0.01117500
v -0.01011200 -0.00231563 0.00912500
v -0.01011200 -0.00540313 0.00810000
v -0.01011200 -0.00385938 0.00810000
v -0.01011200 -0.00540313 0.00707500
v -0.01011200 -0.00463125 0.00707500
v -0.01011200 -0.00308750 0.00502500
v -0.01011200 -0.00308750 0.00707500
v -0.01011200 -0.00385938 0.00502500
v -0.01011200 -0.00385938 0.00605000
v -0.01011200 0.00540313 0.01937500
v -0.01011200 0.00385938 0.01732500
v -0.01011200 0.00077188 0.01322500
v -0.01011200 0.00231563 0.01527500
v -0.01011200 -0.00540313 0.01220000
v -0.01011200 -0.00385938 0.01220000
v -0.01011200 -0.00540313 0.01117500
v -0.01011200 -0.00077188 0.01220000
v -0.01011200 -0.00231563 0.01220000
v -0.01011200 -0.00154375 0.01117500
v -0.01011200 -0.00540313 0.00912500
v -0.01011200 -0.00385938 0.01117500
v -0.01011200 -0.00540313 0.01015000
v -0.01011200 -0.00463125 0.00912500
v -0.01011200 -0.00463125 0.01117500
v -0.01011200 -0.00308750 0.00912500
v -0.01011200 -0.00308750 0.01117500
v -0.01011200 -0.00231563 0.01015000
v -0.01011200 -0.00385938 0.00912500
v -0.01011200 -0.00231563 0.01117500
v -0.01011200 -0.00385938 0.01015000
v -0.01011200 0.00000000 0.00502500
v -0.01011200 0.00000000 0.00707500
v -0.01011200 -0.00077188 0.00502500
v -0.01011200 0.00000000 0.01117500
v -0.01011200 0.00000000 0.00912500
v -0.01011200 -0.00077188 0.01015000
v -0.01011200 -0.00231563 0.00502500
v -0.01011200 -0.00077188 0.00707500
v -0.01011200 -0.00154375 0.00502500
v -0.01011200 -0.00231563 0.00605000
v -0.01011200 -0.00077188 0.00605000
v -0.01011200 -0.00231563 0.00810000
v -0.01011200 -0.00077188 0.00810000
v -0.01011200 -0.00154375 0.00912500
v -0.01011200 -0.00231563 0.00707500
v -0.01011200 -0.00077188 0.00912500
v -0.01011200 -0.00154375 0.00707500
v -0.01011200 -0.00540313 0.02040000
v -0.01011200 -0.00385938 0.02040000
v -0.01011200 -0.00540313 0.01937500
v -0.01011200 -0.00077188 0.02040000
v -0.01011200 -0.00231563 0.02040000
v -0.01011200 -0.00540313 0.01732500
v -0.01011200 -0.00385938 0.01937500
v -0.01011200 -0.00540313 0.01835000
v -0.01011200 -0.00463125 0.01937500
v -0.01011200 0.00540313 0.02040000
v -0.01011200 0.00385938 0.02040000
v -0.01011200 0.00463125 0.01937500
v -0.01011200 0.00077188 0.02040000
v -0.01011200 0.00231563 0.02040000
v -0.01011200 0.00308750 0.01732500
v -0.01011200 0.00308750 0.01937500
v -0.01011200 0.00385938 0.01835000
v -0.01011200 0.00385938 0.01937500
v -0.01011200 -0.00540313 0.01322500
v -0.01011200 -0.00385938 0.01527500
v -0.01011200 -0.00540313 0.01425000
v -0.01011200 -0.00463125 0.01322500
v -0.01011200 -0.00077188 0.01937500
v -0.01011200 -0.00231563 0.01732500
v -0.01011200 -0.00154375 0.01937500
v -0.01011200 -0.00540313 0.01630000
v -0.01011200 -0.00385938 0.01630000
v -0.01011200 -0.00540313 0.01527500
v -0.01011200 -0.00463125 0.01732500
v -0.01011200 -0.00463125 0.01527500
v -0.01011200 -0.00308750 0.01322500
v -0.01011200 -0.00308750 0.01527500
v -0.01011200 -0.00385938 0.01322500
v -0.01011200 -0.00385938 0.01425000
v -0.01011200 -0.00308750 0.01937500
v -0.01011200 -0.00308750 0.01732500
v -0.01011200 -0.00231563 0.01937500
v -0.01011200 -0.00385938 0.01835000
v -0.01011200 -0.00231563 0.01835000
v -0.01011200 -0.00385938 0.01732500
v -0.01011200 0.00000000 0.01322500
v -0.01011200 0.00000000 0.01527500
v -0.01011200 0.00077188 0.01425000
v -0.01011200 -0.00077188 0.01322500
v -0.01011200 0.00000000 0.01937500
v -0.01011200 0.00000000 0.01732500
v -0.01011200 0.00077188 0.01937500
v -0.01011200 -0.00077188 0.01835000
v -0.01011200 0.00231563 0.01630000
v -0.01011200 0.00077188 0.01630000
v -0.01011200 0.00154375 0.01527500
v -0.01011200 0.00231563 0.01732500
v -0.01011200 0.00077188 0.01527500
v -0.01011200 -0.00231563 0.01322500
v -0.01011200 -0.00077188 0.01527500
v -0.01011200 -0.00154375 0.01322500
v -0.01011200 -0.00231563 0.01425000
v -0.01011200 -0.00077188 0.01425000
v -0.01011200 0.00231563 0.01937500
v -0.01011200 0.00077188 0.01732500
v -0.01011200 0.00154375 0.01937500
v -0.01011200 0.00231563 0.01835000
v -0.01011200 0.00077188 0.01835000
v -0.01011200 0.00154375 0.01732500
v -0.01011200 -0.00231563 0.01630000
v -0.01011200 -0.00077188 0.01630000
v -0.01011200 -0.00154375 0.01732500
v -0.01011200 -0.00231563 0.01527500
v -0.01011200 -0.00077188 0.01732500
v -0.01011200 -0.00154375 0.01527500
v -0.01011200 0.00617500 0.00502500
v -0.01011200 0.00617500 0.00707500
v -0.01011200 0.00540313 0.00502500
v -0.01011200 0.00617500 0.01117500
v -0.01011200 0.00617500 0.00912500
v -0.01011200 0.00385938 0.00502500
v -0.01011200 0.00540313 0.00707500
v -0.01011200 0.00463125 0.00502500
v -0.01011200 0.00540313 0.00605000
v -0.01011200 0.00617500 0.01937500
v -0.01011200 0.00617500 0.01732500
v -0.01011200 0.00540313 0.01835000
v -0.01011200 0.00617500 0.01322500
v -0.01011200 0.00617500 0.01527500
v -0.01011200 0.00385938 0.01630000
v -0.01011200 0.00540313 0.01630000
v -0.01011200 0.00463125 0.01732500
v -0.01011200 0.00540313 0.01732500
v -0.01011200 0.00077188 0.00502500
v -0.01011200 0.00231563 0.00707500
v -0.01011200 0.00154375 0.00502500
v -0.01011200 0.00077188 0.00605000
v -0.01011200 0.00540313 0.01117500
v -0.01011200 0.00385938 0.00912500
v -0.01011200 0.00540313 0.01015000
v -0.01011200 0.00308750 0.00502500
v -0.01011200 0.00308750 0.00707500
v -0.01011200 0.00231563 0.00502500
v -0.01011200 0.00385938 0.00605000
v -0.01011200 0.00231563 0.00605000
v -0.01011200 0.00077188 0.00810000
v -0.01011200 0.00231563 0.00810000
v -0.01011200 0.00077188 0.00707500
v -0.01011200 0.00154375 0.00707500
v -0.01011200 0.00540313 0.00810000
v -0.01011200 0.00385938 0.00810000
v -0.01011200 0.00540313 0.00912500
v -0.01011200 0.00463125 0.00707500
v -0.01011200 0.00463125 0.00912500
v -0.01011200 0.00385938 0.00707500
v -0.01011200 0.00077188 0.01220000
v -0.01011200 0.00231563 0.01220000
v -0.01011200 0.00154375 0.01322500
v -0.01011200 0.00077188 0.01117500
v -0.01011200 0.00540313 0.01220000
v -0.01011200 0.00385938 0.01220000
v -0.01011200 0.00540313 0.01322500
v -0.01011200 0.00463125 0.01117500
v -0.01011200 0.00308750 0.01527500
v -0.01011200 0.00308750 0.01322500
v -0.01011200 0.00231563 0.01425000
v -0.01011200 0.00385938 0.01527500
v -0.01011200 0.00231563 0.01322500
v -0.01011200 0.00077188 0.00912500
v -0.01011200 0.00231563 0.01117500
v -0.01011200 0.00077188 0.01015000
v -0.01011200 0.00154375 0.00912500
v -0.01011200 0.00154375 0.01117500
v -0.01011200 0.00540313 0.01527500
v -0.01011200 0.00385938 0.01322500
v -0.01011200 0.00540313 0.01425000
v -0.01011200 0.00463125 0.01527500
v -0.01011200 0.00463125 0.01322500
v -0.01011200 0.00385938 0.01425000
v -0.01011200 0.00308750 0.00912500
v -0.01011200 0.00308750 0.01117500
v -0.01011200 0.00385938 0.01015000
v -0.01011200 0.00231563 0.00912500
v -0.01011200 0.00385938 0.01117500
v -0.01011200 0.00231563 0.01015000
v -0.01944867 -0.01829740 0.02200000
v -0.01834600 -0.01489219 0.02200000
v -0.01889733 -0.01750000 0.02200000
v -0.01614067 -0.00808177 0.02200000
v -0.01724333 -0.01148698 0.02200000
v -0.01779467 -0.01590521 0.02200000
v -0.01779467 -0.01409479 0.02200000
v -0.01834600 -0.01670260 0.02200000
v -0.01834600 -0.01579740 0.02200000
v -0.01173000 0.00553906 0.02200000
v -0.01283267 0.00213385 0.02200000
v -0.01503800 -0.00467656 0.02200000
v -0.01393533 -0.00127135 0.02200000
v -0.01558933 -0.01271562 0.02200000
v -0.01558933 -0.01090521 0.02200000
v -0.01614067 -0.01351302 0.02200000
v -0.01558933 -0.00728438 0.02200000
v -0.01558933 -0.00909479 0.02200000
v -0.01614067 -0.00898698 0.02200000
v -0.01724333 -0.01510781 0.02200000
v -0.01614067 -0.01170260 0.02200000
v -0.01669200 -0.01431042 0.02200000
v -0.01724333 -0.01420260 0.02200000
v -0.01614067 -0.01260781 0.02200000
v -0.01724333 -0.01239219 0.02200000
v -0.01614067 -0.01079740 0.02200000
v -0.01669200 -0.01068958 0.02200000
v -0.01724333 -0.01329740 0.02200000
v -0.01614067 -0.00989219 0.02200000
v -0.01669200 -0.01250000 0.02200000
v -0.01017867 -0.00533646 0.02050000
v -0.01031200 -0.00365938 0.02070000
v -0.01024533 -0.00540313 0.02060000
v -0.01017867 -0.00456458 0.02050000
v -0.01057867 -0.00030521 0.02110000
v -0.01044533 -0.00198229 0.02090000
v -0.01037867 -0.00553646 0.02080000
v -0.01037867 -0.00372604 0.02080000
v -0.01031200 -0.00546979 0.02070000
v -0.01031200 -0.00456458 0.02070000
v -0.01017867 -0.00302083 0.02050000
v -0.01031200 -0.00288750 0.02070000
v -0.01017867 -0.00379271 0.02050000
v -0.01024533 -0.00372604 0.02060000
v -0.01111200 0.00640312 0.02190000
v -0.01097867 0.00472604 0.02170000
v -0.01071200 0.00137187 0.02130000
v -0.01084533 0.00304896 0.02150000
v -0.01064533 -0.00580312 0.02120000
v -0.01064533 -0.00399271 0.02120000
v -0.01057867 -0.00573646 0.02110000
v -0.01064533 -0.00037188 0.02120000
v -0.01064533 -0.00218229 0.02120000
v -0.01057867 -0.00121042 0.02110000
v -0.01044533 -0.00560313 0.02090000
v -0.01057867 -0.00392604 0.02110000
v -0.01051200 -0.00566979 0.02100000
v -0.01044533 -0.00469792 0.02090000
v -0.01057867 -0.00483125 0.02110000
v -0.01044533 -0.00288750 0.02090000
v -0.01057867 -0.00302083 0.02110000
v -0.01051200 -0.00204896 0.02100000
v -0.01044533 -0.00379271 0.02090000
v -0.01057867 -0.00211563 0.02110000
v -0.01051200 -0.00385938 0.02100000
v -0.01017867 0.00006667 0.02050000
v -0.01031200 0.00020000 0.02070000
v -0.01017867 -0.00070521 0.02050000
v -0.01057867 0.00046667 0.02110000
v -0.01044533 0.00033333 0.02090000
v -0.01051200 -0.00037188 0.02100000
v -0.01017867 -0.00224896 0.02050000
v -0.01031200 -0.00057188 0.02070000
v -0.01017867 -0.00147708 0.02050000
v -0.01024533 -0.00218229 0.02060000
v -0.01024533 -0.00063854 0.02060000
v -0.01037867 -0.00204896 0.02080000
v -0.01037867 -0.00050521 0.02080000
v -0.01044533 -0.00121042 0.02090000
v -0.01031200 -0.00211563 0.02070000
v -0.01044533 -0.00043854 0.02090000
v -0.01031200 -0.00134375 0.02070000
v -0.01117867 -0.00633646 0.02200000
v -0.01117867 -0.00452604 0.02200000
v -0.01173000 -0.00713385 0.02200000
v -0.01111200 -0.00626979 0.02190000
v -0.01117867 -0.00090521 0.02200000
v -0.01117867 -0.00271562 0.02200000
v -0.01283267 -0.00872865 0.02200000
v -0.01173000 -0.00532344 0.02200000
v -0.01228133 -0.00793125 0.02200000
v -0.01173000 -0.00622865 0.02200000
v -0.01097867 -0.00613646 0.02170000
v -0.01111200 -0.00445937 0.02190000
v -0.01104533 -0.00620312 0.02180000
v -0.01111200 -0.00536458 0.02190000
v -0.01117867 0.00633646 0.02200000
v -0.01117867 0.00452604 0.02200000
v -0.01173000 0.00463385 0.02200000
v -0.01111200 0.00549792 0.02190000
v -0.01117867 0.00090521 0.02200000
v -0.01117867 0.00271562 0.02200000
v -0.01283267 0.00122865 0.02200000
v -0.01173000 0.00282344 0.02200000
v -0.01228133 0.00293125 0.02200000
v -0.01173000 0.00372865 0.02200000
v -0.01097867 0.00382083 0.02170000
v -0.01111200 0.00368750 0.02190000
v -0.01104533 0.00465937 0.02180000
v -0.01111200 0.00459271 0.02190000
v -0.01503800 -0.01191823 0.02200000
v -0.01393533 -0.00851302 0.02200000
v -0.01448667 -0.01112083 0.02200000
v -0.01503800 -0.01101302 0.02200000
v -0.01173000 -0.00170260 0.02200000
v -0.01283267 -0.00510781 0.02200000
v -0.01173000 -0.00260781 0.02200000
v -0.01338400 -0.00952604 0.02200000
v -0.01338400 -0.00771562 0.02200000
v -0.01393533 -0.01032344 0.02200000
v -0.01283267 -0.00782344 0.02200000
v -0.01393533 -0.00941823 0.02200000
v -0.01503800 -0.00920260 0.02200000
v -0.01393533 -0.00760781 0.02200000
v -0.01503800 -0.01010781 0.02200000
v -0.01448667 -0.00931042 0.02200000
v -0.01173000 -0.00441823 0.02200000
v -0.01283267 -0.00601302 0.02200000
v -0.01173000 -0.00351302 0.02200000
v -0.01228133 -0.00612083 0.02200000
v -0.01228133 -0.00431042 0.02200000
v -0.01283267 -0.00691823 0.02200000
v -0.01071200 -0.00586979 0.02130000
v -0.01084533 -0.00419271 0.02150000
v -0.01077867 -0.00593646 0.02140000
v -0.01071200 -0.00496458 0.02130000
v -0.01111200 -0.00083854 0.02190000
v -0.01097867 -0.00251562 0.02170000
v -0.01111200 -0.00174375 0.02190000
v -0.01091200 -0.00606979 0.02160000
v -0.01091200 -0.00425937 0.02160000
v -0.01084533 -0.00600312 0.02150000
v -0.01097867 -0.00523125 0.02170000
v -0.01084533 -0.00509792 0.02150000
v -0.01071200 -0.00315417 0.02130000
v -0.01084533 -0.00328750 0.02150000
v -0.01071200 -0.00405938 0.02130000
v -0.01077867 -0.00412604 0.02140000
v -0.01111200 -0.00355417 0.02190000
v -0.01097867 -0.00342083 0.02170000
v -0.01111200 -0.00264896 0.02190000
v -0.01104533 -0.00439271 0.02180000
v -0.01104533 -0.00258229 0.02180000
v -0.01097867 -0.00432604 0.02170000
v -0.01503800 -0.00558177 0.02200000
v -0.01393533 -0.00398698 0.02200000
v -0.01448667 -0.00387917 0.02200000
v -0.01503800 -0.00648698 0.02200000
v -0.01173000 -0.00079740 0.02200000
v -0.01283267 -0.00239219 0.02200000
v -0.01173000 0.00010781 0.02200000
v -0.01228133 -0.00250000 0.02200000
v -0.01338400 -0.00047396 0.02200000
v -0.01338400 -0.00228438 0.02200000
v -0.01393533 -0.00217656 0.02200000
v -0.01283267 0.00032344 0.02200000
v -0.01393533 -0.00308177 0.02200000
v -0.01503800 -0.00829740 0.02200000
v -0.01393533 -0.00489219 0.02200000
v -0.01503800 -0.00739219 0.02200000
v -0.01448667 -0.00750000 0.02200000
v -0.01448667 -0.00568958 0.02200000
v -0.01173000 0.00191823 0.02200000
v -0.01283267 -0.00148698 0.02200000
v -0.01173000 0.00101302 0.02200000
v -0.01228133 0.00112083 0.02200000
v -0.01228133 -0.00068958 0.02200000
v -0.01283267 -0.00058177 0.02200000
v -0.01338400 -0.00590521 0.02200000
v -0.01338400 -0.00409479 0.02200000
v -0.01283267 -0.00420260 0.02200000
v -0.01393533 -0.00670260 0.02200000
v -0.01283267 -0.00329740 0.02200000
v -0.01393533 -0.00579740 0.02200000
v -0.01071200 0.00046667 0.02130000
v -0.01084533 0.00033333 0.02150000
v -0.01077867 0.00130521 0.02140000
v -0.01071200 -0.00043854 0.02130000
v -0.01111200 0.00006667 0.02190000
v -0.01097867 0.00020000 0.02170000
v -0.01111200 0.00097187 0.02190000
v -0.01104533 -0.00077188 0.02180000
v -0.01091200 0.00298229 0.02160000
v -0.01091200 0.00117187 0.02160000
v -0.01084533 0.00214375 0.02150000
v -0.01097867 0.00291562 0.02170000
v -0.01084533 0.00123854 0.02150000
v -0.01071200 -0.00224896 0.02130000
v -0.01084533 -0.00057188 0.02150000
v -0.01071200 -0.00134375 0.02130000
v -0.01077867 -0.00231563 0.02140000
v -0.01077867 -0.00050521 0.02140000
v -0.01111200 0.00278229 0.02190000
v -0.01097867 0.00110521 0.02170000
v -0.01111200 0.00187708 0.02190000
v -0.01104533 0.00284896 0.02180000
v -0.01104533 0.00103854 0.02180000
v -0.01097867 0.00201042 0.02170000
v -0.01091200 -0.00244896 0.02160000
v -0.01091200 -0.00063854 0.02160000
v -0.01097867 -0.00161042 0.02170000
v -0.01084533 -0.00238229 0.02150000
v -0.01097867 -0.00070521 0.02170000
v -0.01084533 -0.00147708 0.02150000
v -0.01017867 0.00624167 0.02050000
v -0.01031200 0.00637500 0.02070000
v -0.01017867 0.00546979 0.02050000
v -0.01057867 0.00664167 0.02110000
v -0.01044533 0.00650833 0.02090000
v -0.01017867 0.00392604 0.02050000
v -0.01031200 0.00560313 0.02070000
v -0.01017867 0.00469792 0.02050000
v -0.01024533 0.00553646 0.02060000
v -0.01111200 0.00717500 0.02190000
v -0.01097867 0.00704167 0.02170000
v -0.01104533 0.00633646 0.02180000
v -0.01071200 0.00677500 0.02130000
v -0.01084533 0.00690833 0.02150000
v -0.01091200 0.00465937 0.02160000
v -0.01091200 0.00620312 0.02160000
v -0.01097867 0.00549792 0.02170000
v -0.01097867 0.00626979 0.02170000
v -0.01017867 0.00083854 0.02050000
v -0.01031200 0.00251562 0.02070000
v -0.01017867 0.00161042 0.02050000
v -0.01024533 0.00090521 0.02060000
v -0.01057867 0.00586979 0.02110000
v -0.01044533 0.00419271 0.02090000
v -0.01051200 0.00580312 0.02100000
v -0.01017867 0.00315417 0.02050000
v -0.01031200 0.00328750 0.02070000
v -0.01017867 0.00238229 0.02050000
v -0.01024533 0.00399271 0.02060000
v -0.01024533 0.00244896 0.02060000
v -0.01037867 0.00103854 0.02080000
v -0.01037867 0.00258229 0.02080000
v -0.01031200 0.00097187 0.02070000
v -0.01031200 0.00174375 0.02070000
v -0.01037867 0.00566979 0.02080000
v -0.01037867 0.00412604 0.02080000
v -0.01044533 0.00573646 0.02090000
v -0.01031200 0.00483125 0.02070000
v -0.01044533 0.00496458 0.02090000
v -0.01031200 0.00405938 0.02070000
v -0.01064533 0.00130521 0.02120000
v -0.01064533 0.00284896 0.02120000
v -0.01071200 0.00214375 0.02130000
v -0.01057867 0.00123854 0.02110000
v -0.01064533 0.00593646 0.02120000
v -0.01064533 0.00439271 0.02120000
v -0.01071200 0.00600312 0.02130000
v -0.01057867 0.00509792 0.02110000
v -0.01084533 0.00382083 0.02150000
v -0.01071200 0.00368750 0.02130000
v -0.01077867 0.00298229 0.02140000
v -0.01084533 0.00459271 0.02150000
v -0.01071200 0.00291562 0.02130000
v -0.01044533 0.00110521 0.02090000
v -0.01057867 0.00278229 0.02110000
v -0.01051200 0.00117187 0.02100000
v -0.01044533 0.00187708 0.02090000
v -0.01057867 0.00201042 0.02110000
v -0.01084533 0.00613646 0.02150000
v -0.01071200 0.00445937 0.02130000
v -0.01077867 0.00606979 0.02140000
v -0.01084533 0.00536458 0.02150000
v -0.01071200 0.00523125 0.02130000
v -0.01077867 0.00452604 0.02140000
v -0.01044533 0.00342083 0.02090000
v -0.01057867 0.00355417 0.02110000
v -0.01051200 0.00425937 0.02100000
v -0.01044533 0.00264896 0.02090000
v -0.01057867 0.00432604 0.02110000
v -0.01051200 0.00271562 0.02100000
v -0.02000000 -0.01750000 0.00137500
v -0.02000000 -0.01250000 0.00412500
v -0.02000000 -0.01750000 0.00275000
v -0.02000000 -0.01500000 0.00137500
v -0.02000000 -0.00250000 0.00962500
v -0.02000000 -0.00750000 0.00687500
v -0.02000000 -0.01750000 0.00550000
v -0.02000000 -0.01250000 0.00550000
v -0.02000000 -0.01750000 0.00412500
v -0.02000000 -0.01500000 0.00412500
v -0.02000000 -0.01000000 0.00137500
v -0.02000000 -0.01000000 0.00412500
v -0.02000000 -0.01250000 0.00137500
v -0.02000000 -0.01250000 0.00275000
v -0.02000000 0.01750000 0.02062500
v -0.02000000 0.01250000 0.01787500
v -0.02000000 0.00250000 0.01237500
v -0.02000000 0.00750000 0.01512500
v -0.02000000 -0.01750000 0.01100000
v -0.02000000 -0.01250000 0.01100000
v -0.02000000 -0.01750000 0.00962500
v -0.02000000 -0.00250000 0.01100000
v -0.02000000 -0.00750000 0.01100000
v -0.02000000 -0.00500000 0.00962500
v -0.02000000 -0.01750000 0.00687500
v -0.02000000 -0.01250000 0.00962500
v -0.02000000 -0.01750000 0.00825000
v -0.02000000 -0.01500000 0.00687500
v -0.02000000 -0.01500000 0.00962500
v -0.02000000 -0.01000000 0.00687500
v -0.02000000 -0.01000000 0.00962500
v -0.02000000 -0.00750000 0.00825000
v -0.02000000 -0.01250000 0.00687500
v -0.02000000 -0.00750000 0.00962500
v -0.02000000 -0.01250000 0.00825000
v -0.02000000 0.00000000 0.00137500
v -0.02000000 0.00000000 0.00412500
v -0.02000000 -0.00250000 0.00137500
v -0.02000000 0.00000000 0.00962500
v -0.02000000 0.00000000 0.00687500
v -0.02000000 -0.00250000 0.00825000
v -0.02000000 -0.00750000 0.00137500
v -0.02000000 -0.00250000 0.00412500
v -0.02000000 -0.00500000 0.00137500
v -0.02000000 -0.00750000 0.00275000
v -0.02000000 -0.00250000 0.00275000
v -0.02000000 -0.00750000 0.00550000
v -0.02000000 -0.00250000 0.00550000
v -0.02000000 -0.00500000 0.00687500
v -0.02000000 -0.00750000 0.00412500
v -0.02000000 -0.00250000 0.00687500
v -0.02000000 -0.00500000 0.00412500
v -0.02000000 -0.01750000 0.02200000
v -0.02000000 -0.01250000 0.02200000
v -0.02000000 -0.01750000 0.02062500
v -0.01944867 -0.01579740 0.02200000
v -0.02000000 -0.00250000 0.02200000
v -0.02000000 -0.00750000 0.02200000
v -0.02000000 -0.01750000 0.01787500
v -0.02000000 -0.01250000 0.02062500
v -0.02000000 -0.01750000 0.01925000
v -0.02000000 -0.01500000 0.02062500
v -0.01834600 -0.01239219 0.02200000
v -0.01944867 -0.01079740 0.02200000
v -0.01889733 -0.01409479 0.02200000
v -0.01944867 -0.01329740 0.02200000
v -0.02000000 0.01750000 0.02200000
v -0.02000000 0.01250000 0.02200000
v -0.02000000 0.01500000 0.02062500
v -0.02000000 0.00250000 0.02200000
v -0.02000000 0.00750000 0.02200000
v -0.02000000 0.01000000 0.01787500
v -0.02000000 0.01000000 0.02062500
v -0.02000000 0.01250000 0.01925000
v -0.02000000 0.01250000 0.02062500
v -0.02000000 -0.01750000 0.01237500
v -0.02000000 -0.01250000 0.01512500
v -0.02000000 -0.01750000 0.01375000
v -0.02000000 -0.01500000 0.01237500
v -0.02000000 -0.00250000 0.02062500
v -0.02000000 -0.00750000 0.01787500
v -0.02000000 -0.00500000 0.02062500
v -0.02000000 -0.01750000 0.01650000
v -0.02000000 -0.01250000 0.01650000
v -0.02000000 -0.01750000 0.01512500
v -0.02000000 -0.01500000 0.01787500
v -0.02000000 -0.01500000 0.01512500
v -0.02000000 -0.01000000 0.01237500
v -0.02000000 -0.01000000 0.01512500
v -0.02000000 -0.01250000 0.01237500
v -0.02000000 -0.01250000 0.01375000
v -0.02000000 -0.01000000 0.02062500
v -0.02000000 -0.01000000 0.01787500
v -0.02000000 -0.00750000 0.02062500
v -0.02000000 -0.01250000 0.01925000
v -0.02000000 -0.00750000 0.01925000
v -0.02000000 -0.01250000 0.01787500
v -0.01614067 -0.00558177 0.02200000
v -0.01724333 -0.00398698 0.02200000
v -0.01669200 -0.00728438 0.02200000
v -0.01944867 -0.00079740 0.02200000
v -0.01834600 -0.00239219 0.02200000
v -0.01944867 -0.00329740 0.02200000
v -0.01779467 -0.01068958 0.02200000
v -0.01779467 -0.00568958 0.02200000
v -0.01724333 -0.00898698 0.02200000
v -0.01834600 -0.00989219 0.02200000
v -0.01724333 -0.00648698 0.02200000
v -0.01944867 -0.00829740 0.02200000
v -0.01834600 -0.00489219 0.02200000
v -0.01944867 -0.00579740 0.02200000
v -0.01889733 -0.00909479 0.02200000
v -0.01889733 -0.00409479 0.02200000
v -0.01834600 -0.00739219 0.02200000
v -0.02000000 0.00000000 0.01237500
v -0.02000000 0.00000000 0.01512500
v -0.02000000 0.00250000 0.01375000
v -0.02000000 -0.00250000 0.01237500
v -0.02000000 0.00000000 0.02062500
v -0.02000000 0.00000000 0.01787500
v -0.02000000 0.00250000 0.02062500
v -0.02000000 -0.00250000 0.01925000
v -0.02000000 0.00750000 0.01650000
v -0.02000000 0.00250000 0.01650000
v -0.02000000 0.00500000 0.01512500
v -0.02000000 0.00750000 0.01787500
v -0.02000000 0.00250000 0.01512500
v -0.02000000 -0.00750000 0.01237500
v -0.02000000 -0.00250000 0.01512500
v -0.02000000 -0.00500000 0.01237500
v -0.02000000 -0.00750000 0.01375000
v -0.02000000 -0.00250000 0.01375000
v -0.02000000 0.00750000 0.02062500
v -0.02000000 0.00250000 0.01787500
v -0.02000000 0.00500000 0.02062500
v -0.02000000 0.00750000 0.01925000
v -0.02000000 0.00250000 0.01925000
v -0.02000000 0.00500000 0.01787500
v -0.02000000 -0.00750000 0.01650000
v -0.02000000 -0.00250000 0.01650000
v -0.02000000 -0.00500000 0.01787500
v -0.02000000 -0.00750000 0.01512500
v -0.02000000 -0.00250000 0.01787500
v -0.02000000 -0.00500000 0.01512500
v -0.02000000 0.02000000 0.00137500
v -0.02000000 0.02000000 0.00412500
v -0.02000000 0.01750000 0.00137500
v -0.02000000 0.02000000 0.00962500
v -0.02000000 0.02000000 0.00687500
v -0.02000000 0.01250000 0.00137500
v -0.02000000 0.01750000 0.00412500
v -0.02000000 0.01500000 0.00137500
v -0.02000000 0.01750000 0.00275000
v -0.02000000 0.02000000 0.02062500
v -0.02000000 0.02000000 0.01787500
v -0.02000000 0.01750000 0.01925000
v -0.02000000 0.02000000 0.01237500
v -0.02000000 0.02000000 0.01512500
v -0.02000000 0.01250000 0.01650000
v -0.02000000 0.01750000 0.01650000
v -0.02000000 0.01500000 0.01787500
v -0.02000000 0.01750000 0.01787500
v -0.02000000 0.00250000 0.00137500
v -0.02000000 0.00750000 0.00412500
v -0.02000000 0.00500000 0.00137500
v -0.02000000 0.00250000 0.00275000
v -0.02000000 0.01750000 0.00962500
v -0.02000000 0.01250000 0.00687500
v -0.02000000 0.01750000 0.00825000
v -0.02000000 0.01000000 0.00137500
v -0.02000000 0.01000000 0.00412500
v -0.02000000 0.00750000 0.00137500
v -0.02000000 0.01250000 0.00275000
v -0.02000000 0.00750000 0.00275000
v -0.02000000 0.00250000 0.00550000
v -0.02000000 0.00750000 0.00550000
v -0.02000000 0.00250000 0.00412500
v -0.02000000 0.00500000 0.00412500
v -0.02000000 0.01750000 0.00550000
v -0.02000000 0.01250000 0.00550000
v -0.02000000 0.01750000 0.00687500
v -0.02000000 0.01500000 0.00412500
v -0.02000000 0.01500000 0.00687500
v -0.02000000 0.01250000 0.00412500
v -0.02000000 0.00250000 0.01100000
v -0.02000000 0.00750000 0.01100000
v -0.02000000 0.00500000 0.01237500
v -0.02000000 0.00250000 0.00962500
v -0.02000000 0.01750000 0.01100000
v -0.02000000 0.01250000 0.01100000
v -0.02000000 0.01750000 0.01237500
v -0.02000000 0.01500000 0.00962500
v -0.02000000 0.01000000 0.01512500
v -0.02000000 0.01000000 0.01237500
v -0.02000000 0.00750000 0.01375000
v -0.02000000 0.01250000 0.01512500
v -0.02000000 0.00750000 0.01237500
v -0.02000000 0.00250000 0.00687500
v -0.02000000 0.00750000 0.00962500
v -0.02000000 0.00250000 0.00825000
v -0.02000000 0.00500000 0.00687500
v -0.02000000 0.00500000 0.00962500
v -0.02000000 0.01750000 0.01512500
v -0.02000000 0.01250000 0.01237500
v -0.02000000 0.01750000 0.01375000
v -0.02000000 0.01500000 0.01512500
v -0.02000000 0.01500000 0.01237500
v -0.02000000 0.01250000 0.01375000
v -0.02000000 0.01000000 0.00687500
v -0.02000000 0.01000000 0.00962500
v -0.02000000 0.01250000 0.00825000
v -0.02000000 0.00750000 0.00687500
v -0.02000000 0.01250000 0.00962500
v -0.02000000 0.00750000 0.00825000
v -0.01173000 0.00803906 0.02200000
v -0.01283267 0.00963385 0.02200000
v -0.01228133 0.00633646 0.02200000
v -0.01503800 0.01282344 0.02200000
v -0.01393533 0.01122865 0.02200000
v -0.01338400 0.00293125 0.02200000
v -0.01338400 0.00793125 0.02200000
v -0.01283267 0.00463385 0.02200000
v -0.01283267 0.00713385 0.02200000
v -0.01944867 0.01920260 0.02200000
v -0.01834600 0.01760781 0.02200000
v -0.01944867 0.01670260 0.02200000
v -0.01614067 0.01441823 0.02200000
v -0.01724333 0.01601302 0.02200000
v -0.01944867 0.01170260 0.02200000
v -0.01834600 0.01510781 0.02200000
v -0.01944867 0.01420260 0.02200000
v -0.01889733 0.01590521 0.02200000
v -0.01558933 -0.00387917 0.02200000
v -0.01558933 0.00112083 0.02200000
v -0.01503800 -0.00217656 0.02200000
v -0.01614067 -0.00308177 0.02200000
v -0.01558933 0.01112083 0.02200000
v -0.01558933 0.00612083 0.02200000
v -0.01503800 0.01032344 0.02200000
v -0.01393533 0.00122865 0.02200000
v -0.01503800 0.00282344 0.02200000
v -0.01448667 -0.00047396 0.02200000
v -0.01393533 0.00372865 0.02200000
v -0.01503800 0.00032344 0.02200000
v -0.01724333 -0.00148698 0.02200000
v -0.01614067 0.00191823 0.02200000
v -0.01669200 -0.00228438 0.02200000
v -0.01614067 -0.00058177 0.02200000
v -0.01393533 0.00872865 0.02200000
v -0.01503800 0.00532344 0.02200000
v -0.01448667 0.00952604 0.02200000
v -0.01393533 0.00622865 0.02200000
v -0.01503800 0.00782344 0.02200000
v -0.01448667 0.00452604 0.02200000
v -0.01944867 0.00170260 0.02200000
v -0.01834600 0.00510781 0.02200000
v -0.01944867 0.00420260 0.02200000
v -0.01889733 0.00090521 0.02200000
v -0.01614067 0.01191823 0.02200000
v -0.01724333 0.00851302 0.02200000
v -0.01669200 0.01271562 0.02200000
v -0.01614067 0.00941823 0.02200000
v -0.01944867 0.00920260 0.02200000
v -0.01834600 0.00760781 0.02200000
v -0.01944867 0.00670260 0.02200000
v -0.01889733 0.01090521 0.02200000
v -0.01889733 0.00590521 0.02200000
v -0.01779467 -0.00068958 0.02200000
v -0.01779467 0.00431042 0.02200000
v -0.01834600 0.00010781 0.02200000
v -0.01724333 0.00101302 0.02200000
v -0.01834600 0.00260781 0.02200000
v -0.01779467 0.01431042 0.02200000
v -0.01779467 0.00931042 0.02200000
v -0.01724333 0.01351302 0.02200000
v -0.01834600 0.01260781 0.02200000
v -0.01724333 0.01101302 0.02200000
v -0.01834600 0.01010781 0.02200000
v -0.01614067 0.00441823 0.02200000
v -0.01724333 0.00601302 0.02200000
v -0.01614067 0.00691823 0.02200000
v -0.01669200 0.00271562 0.02200000
v -0.01669200 0.00771562 0.02200000
v -0.01724333 0.00351302 0.02200000
v -0.00258800 -0.00540313 0.02040000
v -0.00258800 -0.00385938 0.02040000
v -0.00252133 -0.00546979 0.02050000
v -0.00258800 -0.00463125 0.01937500
v -0.00258800 -0.00077188 0.02040000
v -0.00258800 -0.00231563 0.02040000
v -0.00238800 -0.00560313 0.02070000
v -0.00252133 -0.00392604 0.02050000
v -0.00245467 -0.00553646 0.02060000
v -0.00252133 -0.00469792 0.02050000
v -0.00258800 -0.00308750 0.01732500
v -0.00258800 -0.00308750 0.01937500
v -0.00258800 -0.00385938 0.01835000
v -0.00258800 -0.00385938 0.01937500
v -0.00258800 0.00540313 0.02040000
v -0.00258800 0.00385938 0.02040000
v -0.00258800 0.00077188 0.02040000
v -0.00258800 0.00231563 0.02040000
v -0.00212133 -0.00586979 0.02110000
v -0.00225467 -0.00419271 0.02090000
v -0.00218800 -0.00580312 0.02100000
v -0.00252133 -0.00083854 0.02050000
v -0.00238800 -0.00251562 0.02070000
v -0.00252133 -0.00161042 0.02050000
v -0.00232133 -0.00566979 0.02080000
v -0.00232133 -0.00412604 0.02080000
v -0.00225467 -0.00573646 0.02090000
v -0.00238800 -0.00483125 0.02070000
v -0.00225467 -0.00496458 0.02090000
v -0.00252133 -0.00315417 0.02050000
v -0.00238800 -0.00328750 0.02070000
v -0.00252133 -0.00238229 0.02050000
v -0.00245467 -0.00399271 0.02060000
v -0.00245467 -0.00244896 0.02060000
v -0.00238800 -0.00405938 0.02070000
v -0.00258800 0.00000000 0.01322500
v -0.00258800 0.00000000 0.01527500
v -0.00258800 -0.00077188 0.01425000
v -0.00258800 0.00000000 0.01937500
v -0.00258800 0.00000000 0.01732500
v -0.00258800 -0.00077188 0.01937500
v -0.00258800 -0.00231563 0.01630000
v -0.00258800 -0.00077188 0.01630000
v -0.00258800 -0.00154375 0.01527500
v -0.00258800 -0.00231563 0.01732500
v -0.00258800 -0.00077188 0.01527500
v -0.00258800 -0.00231563 0.01937500
v -0.00258800 -0.00077188 0.01732500
v -0.00258800 -0.00154375 0.01937500
v -0.00258800 -0.00231563 0.01835000
v -0.00258800 -0.00077188 0.01835000
v -0.00258800 -0.00154375 0.01732500
v -0.00158800 -0.00640312 0.02190000
v -0.00172133 -0.00472604 0.02170000
v -0.00165467 -0.00633646 0.02180000
v -0.00198800 -0.00137187 0.02130000
v -0.00185467 -0.00304896 0.02150000
v -0.00178800 -0.00620312 0.02160000
v -0.00178800 -0.00465937 0.02160000
v -0.00172133 -0.00626979 0.02170000
v -0.00172133 -0.00549792 0.02170000
v -0.00252133 0.00533646 0.02050000
v -0.00238800 0.00365938 0.02070000
v -0.00252133 0.00456458 0.02050000
v -0.00212133 0.00030521 0.02110000
v -0.00225467 0.00198229 0.02090000
v -0.00252133 0.00302083 0.02050000
v -0.00238800 0.00288750 0.02070000
v -0.00252133 0.00379271 0.02050000
v -0.00245467 0.00372604 0.02060000
v -0.00205467 -0.00593646 0.02120000
v -0.00205467 -0.00439271 0.02120000
v -0.00198800 -0.00600312 0.02130000
v -0.00212133 -0.00509792 0.02110000
v -0.00205467 -0.00130521 0.02120000
v -0.00205467 -0.00284896 0.02120000
v -0.00198800 -0.00214375 0.02130000
v -0.00185467 -0.00613646 0.02150000
v -0.00198800 -0.00445937 0.02130000
v -0.00192133 -0.00606979 0.02140000
v -0.00185467 -0.00536458 0.02150000
v -0.00198800 -0.00523125 0.02130000
v -0.00225467 -0.00342083 0.02090000
v -0.00212133 -0.00355417 0.02110000
v -0.00218800 -0.00425937 0.02100000
v -0.00212133 -0.00432604 0.02110000
v -0.00185467 -0.00382083 0.02150000
v -0.00198800 -0.00368750 0.02130000
v -0.00192133 -0.00298229 0.02140000
v -0.00185467 -0.00459271 0.02150000
v -0.00198800 -0.00291562 0.02130000
v -0.00192133 -0.00452604 0.02140000
v -0.00252133 -0.00006667 0.02050000
v -0.00238800 -0.00020000 0.02070000
v -0.00252133 0.00070521 0.02050000
v -0.00245467 -0.00090521 0.02060000
v -0.00212133 -0.00046667 0.02110000
v -0.00225467 -0.00033333 0.02090000
v -0.00218800 0.00037188 0.02100000
v -0.00212133 -0.00123854 0.02110000
v -0.00252133 0.00224896 0.02050000
v -0.00238800 0.00057188 0.02070000
v -0.00252133 0.00147708 0.02050000
v -0.00245467 0.00218229 0.02060000
v -0.00245467 0.00063854 0.02060000
v -0.00232133 -0.00258229 0.02080000
v -0.00232133 -0.00103854 0.02080000
v -0.00238800 -0.00174375 0.02070000
v -0.00225467 -0.00264896 0.02090000
v -0.00238800 -0.00097187 0.02070000
v -0.00232133 0.00204896 0.02080000
v -0.00232133 0.00050521 0.02080000
v -0.00225467 0.00121042 0.02090000
v -0.00238800 0.00211563 0.02070000
v -0.00225467 0.00043854 0.02090000
v -0.00238800 0.00134375 0.02070000
v -0.00212133 -0.00278229 0.02110000
v -0.00225467 -0.00110521 0.02090000
v -0.00212133 -0.00201042 0.02110000
v -0.00218800 -0.00271562 0.02100000
v -0.00218800 -0.00117187 0.02100000
v -0.00225467 -0.00187708 0.02090000
v -0.00964175 0.00617500 0.00502500
v -0.00870125 0.00617500 0.00707500
v -0.00917150 0.00617500 0.00502500
v -0.00964175 0.00617500 0.00605000
v -0.00682025 0.00617500 0.01117500
v -0.00776075 0.00617500 0.00912500
v -0.00823100 0.00617500 0.00502500
v -0.00823100 0.00617500 0.00707500
v -0.00870125 0.00617500 0.00502500
v -0.00870125 0.00617500 0.00605000
v -0.00964175 0.00617500 0.00810000
v -0.00870125 0.00617500 0.00810000
v -0.00964175 0.00617500 0.00707500
v -0.00917150 0.00617500 0.00707500
v -0.00305825 0.00617500 0.01937500
v -0.00399875 0.00617500 0.01732500
v -0.00587975 0.00617500 0.01322500
v -0.00493925 0.00617500 0.01527500
v -0.00635000 0.00617500 0.00502500
v -0.00635000 0.00617500 0.00707500
v -0.00682025 0.00617500 0.00502500
v -0.00635000 0.00617500 0.01117500
v -0.00635000 0.00617500 0.00912500
v -0.00682025 0.00617500 0.01015000
v -0.00776075 0.00617500 0.00502500
v -0.00682025 0.00617500 0.00707500
v -0.00729050 0.00617500 0.00502500
v -0.00776075 0.00617500 0.00605000
v -0.00682025 0.00617500 0.00605000
v -0.00776075 0.00617500 0.00810000
v -0.00682025 0.00617500 0.00810000
v -0.00729050 0.00617500 0.00912500
v -0.00776075 0.00617500 0.00707500
v -0.00682025 0.00617500 0.00912500
v -0.00729050 0.00617500 0.00707500
v -0.00964175 0.00617500 0.01220000
v -0.00870125 0.00617500 0.01220000
v -0.00964175 0.00617500 0.01117500
v -0.00682025 0.00617500 0.01220000
v -0.00776075 0.00617500 0.01220000
v -0.00729050 0.00617500 0.01117500
v -0.00964175 0.00617500 0.00912500
v -0.00870125 0.00617500 0.01117500
v -0.00964175 0.00617500 0.01015000
v -0.00917150 0.00617500 0.00912500
v -0.00917150 0.00617500 0.01117500
v -0.00823100 0.00617500 0.00912500
v -0.00823100 0.00617500 0.01117500
v -0.00776075 0.00617500 0.01015000
v -0.00870125 0.00617500 0.00912500
v -0.00776075 0.00617500 0.01117500
v -0.00870125 0.00617500 0.01015000
v -0.00258800 0.00617500 0.00502500
v -0.00258800 0.00617500 0.00707500
v -0.00258800 0.00540313 0.00605000
v -0.00305825 0.00617500 0.00502500
v -0.00258800 0.00617500 0.01117500
v -0.00258800 0.00617500 0.00912500
v -0.00258800 0.00385938 0.00810000
v -0.00258800 0.00540313 0.00810000
v -0.00258800 0.00463125 0.00707500
v -0.00258800 0.00540313 0.00707500
v -0.00399875 0.00617500 0.00502500
v -0.00305825 0.00617500 0.00707500
v -0.00352850 0.00617500 0.00502500
v -0.00305825 0.00617500 0.00605000
v -0.00258800 0.00617500 0.01937500
v -0.00258800 0.00617500 0.01732500
v -0.00258800 0.00540313 0.01937500
v -0.00305825 0.00617500 0.01835000
v -0.00258800 0.00617500 0.01322500
v -0.00258800 0.00617500 0.01527500
v -0.00258800 0.00385938 0.01937500
v -0.00258800 0.00540313 0.01732500
v -0.00258800 0.00463125 0.01937500
v -0.00258800 0.00540313 0.01835000
v -0.00399875 0.00617500 0.01630000
v -0.00305825 0.00617500 0.01630000
v -0.00352850 0.00617500 0.01732500
v -0.00305825 0.00617500 0.01732500
v -0.00258800 0.00077188 0.01220000
v -0.00258800 0.00231563 0.01220000
v -0.00258800 0.00154375 0.01117500
v -0.00258800 0.00077188 0.01322500
v -0.00258800 0.00540313 0.01220000
v -0.00258800 0.00385938 0.01220000
v -0.00258800 0.00540313 0.01117500
v -0.00258800 0.00308750 0.00912500
v -0.00258800 0.00308750 0.01117500
v -0.00258800 0.00231563 0.01015000
v -0.00258800 0.00385938 0.00912500
v -0.00258800 0.00231563 0.01117500
v -0.00258800 0.00077188 0.01527500
v -0.00258800 0.00231563 0.01322500
v -0.00258800 0.00077188 0.01425000
v -0.00258800 0.00154375 0.01322500
v -0.00258800 0.00540313 0.00912500
v -0.00258800 0.00385938 0.01117500
v -0.00258800 0.00540313 0.01015000
v -0.00258800 0.00463125 0.00912500
v -0.00258800 0.00463125 0.01117500
v -0.00258800 0.00385938 0.01015000
v -0.00587975 0.00617500 0.00502500
v -0.00493925 0.00617500 0.00707500
v -0.00540950 0.00617500 0.00502500
v -0.00587975 0.00617500 0.00605000
v -0.00305825 0.00617500 0.01117500
v -0.00399875 0.00617500 0.00912500
v -0.00305825 0.00617500 0.01015000
v -0.00446900 0.00617500 0.00502500
v -0.00446900 0.00617500 0.00707500
v -0.00493925 0.00617500 0.00502500
v -0.00399875 0.00617500 0.00605000
v -0.00493925 0.00617500 0.00605000
v -0.00587975 0.00617500 0.00810000
v -0.00493925 0.00617500 0.00810000
v -0.00587975 0.00617500 0.00707500
v -0.00540950 0.00617500 0.00707500
v -0.00305825 0.00617500 0.00810000
v -0.00399875 0.00617500 0.00810000
v -0.00305825 0.00617500 0.00912500
v -0.00352850 0.00617500 0.00707500
v -0.00352850 0.00617500 0.00912500
v -0.00399875 0.00617500 0.00707500
v -0.00258800 0.00077188 0.01937500
v -0.00258800 0.00231563 0.01732500
v -0.00258800 0.00154375 0.01937500
v -0.00258800 0.00077188 0.01835000
v -0.00258800 0.00540313 0.01322500
v -0.00258800 0.00385938 0.01527500
v -0.00258800 0.00540313 0.01425000
v -0.00258800 0.00463125 0.01322500
v -0.00258800 0.00308750 0.01937500
v -0.00258800 0.00308750 0.01732500
v -0.00258800 0.00231563 0.01937500
v -0.00258800 0.00385938 0.01835000
v -0.00258800 0.00231563 0.01835000
v -0.00258800 0.00077188 0.01630000
v -0.00258800 0.00231563 0.01630000
v -0.00258800 0.00077188 0.01732500
v -0.00258800 0.00154375 0.01527500
v -0.00258800 0.00154375 0.01732500
v -0.00258800 0.00540313 0.01630000
v -0.00258800 0.00385938 0.01630000
v -0.00258800 0.00540313 0.01527500
v -0.00258800 0.00463125 0.01732500
v -0.00258800 0.00463125 0.01527500
v -0.00258800 0.00385938 0.01732500
v -0.00258800 0.00308750 0.01322500
v -0.00258800 0.00308750 0.01527500
v -0.00258800 0.00385938 0.01322500
v -0.00258800 0.00231563 0.01425000
v -0.00258800 0.00385938 0.01425000
v -0.00258800 0.00231563 0.01527500
v -0.00587975 0.00617500 0.01220000
v -0.00493925 0.00617500 0.01220000
v -0.00540950 0.00617500 0.01322500
v -0.00587975 0.00617500 0.01117500
v -0.00305825 0.00617500 0.01220000
v -0.00399875 0.00617500 0.01220000
v -0.00305825 0.00617500 0.01322500
v -0.00352850 0.00617500 0.01117500
v -0.00446900 0.00617500 0.01527500
v -0.00446900 0.00617500 0.01322500
v -0.00493925 0.00617500 0.01425000
v -0.00399875 0.00617500 0.01527500
v -0.00493925 0.00617500 0.01322500
v -0.00587975 0.00617500 0.00912500
v -0.00493925 0.00617500 0.01117500
v -0.00587975 0.00617500 0.01015000
v -0.00540950 0.00617500 0.00912500
v -0.00540950 0.00617500 0.01117500
v -0.00305825 0.00617500 0.01527500
v -0.00399875 0.00617500 0.01322500
v -0.00305825 0.00617500 0.01425000
v -0.00352850 0.00617500 0.01527500
v -0.00352850 0.00617500 0.01322500
v -0.00399875 0.00617500 0.01425000
v -0.00446900 0.00617500 0.00912500
v -0.00446900 0.00617500 0.01117500
v -0.00399875 0.00617500 0.01015000
v -0.00493925 0.00617500 0.00912500
v -0.00399875 0.00617500 0.01117500
v -0.00493925 0.00617500 0.01015000
v -0.00964175 0.00617500 0.02040000
v -0.00870125 0.00617500 0.02040000
v -0.00964175 0.00617500 0.01937500
v -0.00682025 0.00617500 0.02040000
v -0.00776075 0.00617500 0.02040000
v -0.00964175 0.00617500 0.01732500
v -0.00870125 0.00617500 0.01937500
v -0.00964175 0.00617500 0.01835000
v -0.00917150 0.00617500 0.01937500
v -0.00305825 0.00617500 0.02040000
v -0.00399875 0.00617500 0.02040000
v -0.00352850 0.00617500 0.01937500
v -0.00587975 0.00617500 0.02040000
v -0.00493925 0.00617500 0.02040000
v -0.00446900 0.00617500 0.01732500
v -0.00446900 0.00617500 0.01937500
v -0.00399875 0.00617500 0.01835000
v -0.00399875 0.00617500 0.01937500
v -0.00964175 0.00617500 0.01322500
v -0.00870125 0.00617500 0.01527500
v -0.00964175 0.00617500 0.01425000
v -0.00917150 0.00617500 0.01322500
v -0.00682025 0.00617500 0.01937500
v -0.00776075 0.00617500 0.01732500
v -0.00729050 0.00617500 0.01937500
v -0.00964175 0.00617500 0.01630000
v -0.00870125 0.00617500 0.01630000
v -0.00964175 0.00617500 0.01527500
v -0.00917150 0.00617500 0.01732500
v -0.00917150 0.00617500 0.01527500
v -0.00823100 0.00617500 0.01322500
v -0.00823100 0.00617500 0.01527500
v -0.00870125 0.00617500 0.01322500
v -0.00870125 0.00617500 0.01425000
v -0.00823100 0.00617500 0.01937500
v -0.00823100 0.00617500 0.01732500
v -0.00776075 0.00617500 0.01937500
v -0.00870125 0.00617500 0.01835000
v -0.00776075 0.00617500 0.01835000
v -0.00870125 0.00617500 0.01732500
v -0.00635000 0.00617500 0.01322500
v -0.00635000 0.00617500 0.01527500
v -0.00587975 0.00617500 0.01425000
v -0.00682025 0.00617500 0.01322500
v -0.00635000 0.00617500 0.01937500
v -0.00635000 0.00617500 0.01732500
v -0.00587975 0.00617500 0.01937500
v -0.00682025 0.00617500 0.01835000
v -0.00493925 0.00617500 0.01630000
v -0.00587975 0.00617500 0.01630000
v -0.00540950 0.00617500 0.01527500
v -0.00493925 0.00617500 0.01732500
v -0.00587975 0.00617500 0.01527500
v -0.00776075 0.00617500 0.01322500
v -0.00682025 0.00617500 0.01527500
v -0.00729050 0.00617500 0.01322500
v -0.00776075 0.00617500 0.01425000
v -0.00682025 0.00617500 0.01425000
v -0.00493925 0.00617500 0.01937500
v -0.00587975 0.00617500 0.01732500
v -0.00540950 0.00617500 0.01937500
v -0.00493925 0.00617500 0.01835000
v -0.00587975 0.00617500 0.01835000
v -0.00540950 0.00617500 0.01732500
v -0.00776075 0.00617500 0.01630000
v -0.00682025 0.00617500 0.01630000
v -0.00729050 0.00617500 0.01732500
v -0.00776075 0.00617500 0.01527500
v -0.00682025 0.00617500 0.01732500
v -0.00729050 0.00617500 0.01527500
v -0.00152133 -0.00633646 0.02200000
v -0.00152133 -0.00452604 0.02200000
v -0.00158800 -0.00549792 0.02190000
v -0.00152133 -0.00090521 0.02200000
v -0.00152133 -0.00271562 0.02200000
v -0.00172133 -0.00382083 0.02170000
v -0.00158800 -0.00368750 0.02190000
v -0.00165467 -0.00465937 0.02180000
v -0.00158800 -0.00459271 0.02190000
v -0.00152133 0.00633646 0.02200000
v -0.00152133 0.00452604 0.02200000
v -0.00152133 0.00090521 0.02200000
v -0.00152133 0.00271562 0.02200000
v -0.00198800 -0.00046667 0.02130000
v -0.00185467 -0.00033333 0.02150000
v -0.00192133 -0.00130521 0.02140000
v -0.00158800 -0.00006667 0.02190000
v -0.00172133 -0.00020000 0.02170000
v -0.00158800 -0.00097187 0.02190000
v -0.00178800 -0.00298229 0.02160000
v -0.00178800 -0.00117187 0.02160000
v -0.00185467 -0.00214375 0.02150000
v -0.00172133 -0.00291562 0.02170000
v -0.00185467 -0.00123854 0.02150000
v -0.00158800 -0.00278229 0.02190000
v -0.00172133 -0.00110521 0.02170000
v -0.00158800 -0.00187708 0.02190000
v -0.00165467 -0.00284896 0.02180000
v -0.00165467 -0.00103854 0.02180000
v -0.00172133 -0.00201042 0.02170000
v -0.00957508 0.00624167 0.02050000
v -0.00850125 0.00637500 0.02070000
v -0.00964175 0.00630833 0.02060000
v -0.00910483 0.00624167 0.02050000
v -0.00635358 0.00664167 0.02110000
v -0.00742742 0.00650833 0.02090000
v -0.00977508 0.00644167 0.02080000
v -0.00856792 0.00644167 0.02080000
v -0.00970842 0.00637500 0.02070000
v -0.00910483 0.00637500 0.02070000
v -0.00816433 0.00624167 0.02050000
v -0.00803100 0.00637500 0.02070000
v -0.00863458 0.00624167 0.02050000
v -0.00856792 0.00630833 0.02060000
v -0.00205825 0.00717500 0.02190000
v -0.00313208 0.00704167 0.02170000
v -0.00527975 0.00677500 0.02130000
v -0.00420592 0.00690833 0.02150000
v -0.01004175 0.00670833 0.02120000
v -0.00883458 0.00670833 0.02120000
v -0.00997508 0.00664167 0.02110000
v -0.00642025 0.00670833 0.02120000
v -0.00762742 0.00670833 0.02120000
v -0.00695717 0.00664167 0.02110000
v -0.00984175 0.00650833 0.02090000
v -0.00876792 0.00664167 0.02110000
v -0.00990842 0.00657500 0.02100000
v -0.00923817 0.00650833 0.02090000
v -0.00937150 0.00664167 0.02110000
v -0.00803100 0.00650833 0.02090000
v -0.00816433 0.00664167 0.02110000
v -0.00749408 0.00657500 0.02100000
v -0.00863458 0.00650833 0.02090000
v -0.00756075 0.00664167 0.02110000
v -0.00870125 0.00657500 0.02100000
v -0.00628333 0.00624167 0.02050000
v -0.00615000 0.00637500 0.02070000
v -0.00675358 0.00624167 0.02050000
v -0.00588333 0.00664167 0.02110000
v -0.00601667 0.00650833 0.02090000
v -0.00642025 0.00657500 0.02100000
v -0.00769408 0.00624167 0.02050000
v -0.00662025 0.00637500 0.02070000
v -0.00722383 0.00624167 0.02050000
v -0.00762742 0.00630833 0.02060000
v -0.00668692 0.00630833 0.02060000
v -0.00749408 0.00644167 0.02080000
v -0.00655358 0.00644167 0.02080000
v -0.00695717 0.00650833 0.02090000
v -0.00756075 0.00637500 0.02070000
v -0.00648692 0.00650833 0.02090000
v -0.00709050 0.00637500 0.02070000
v -0.01057508 0.00724167 0.02200000
v -0.00936792 0.00724167 0.02200000
v -0.01050842 0.00717500 0.02190000
v -0.01112642 0.00803906 0.02200000
v -0.00695358 0.00724167 0.02200000
v -0.00816075 0.00724167 0.02200000
v -0.01037508 0.00704167 0.02170000
v -0.00930125 0.00717500 0.02190000
v -0.01044175 0.00710833 0.02180000
v -0.00990483 0.00717500 0.02190000
v -0.01222908 0.00963385 0.02200000
v -0.00991925 0.00803906 0.02200000
v -0.01167775 0.00883646 0.02200000
v -0.01052283 0.00803906 0.02200000
v -0.00212492 0.00724167 0.02200000
v -0.00333208 0.00724167 0.02200000
v -0.00266183 0.00717500 0.02190000
v -0.00574642 0.00724167 0.02200000
v -0.00453925 0.00724167 0.02200000
v -0.00373567 0.00704167 0.02170000
v -0.00386900 0.00717500 0.02190000
v -0.00319875 0.00710833 0.02180000
v -0.00326542 0.00717500 0.02190000
v -0.01010842 0.00677500 0.02130000
v -0.00903458 0.00690833 0.02150000
v -0.01017508 0.00684167 0.02140000
v -0.00950483 0.00677500 0.02130000
v -0.00688692 0.00717500 0.02190000
v -0.00796075 0.00704167 0.02170000
v -0.00749050 0.00717500 0.02190000
v -0.01030842 0.00697500 0.02160000
v -0.00910125 0.00697500 0.02160000
v -0.01024175 0.00690833 0.02150000
v -0.00977150 0.00704167 0.02170000
v -0.00963817 0.00690833 0.02150000
v -0.00829767 0.00677500 0.02130000
v -0.00843100 0.00690833 0.02150000
v -0.00890125 0.00677500 0.02130000
v -0.00896792 0.00684167 0.02140000
v -0.00869767 0.00717500 0.02190000
v -0.00856433 0.00704167 0.02170000
v -0.00809408 0.00717500 0.02190000
v -0.00923458 0.00710833 0.02180000
v -0.00802742 0.00710833 0.02180000
v -0.00916792 0.00704167 0.02170000
v -0.01443442 0.01282344 0.02200000
v -0.01212458 0.01122865 0.02200000
v -0.01388308 0.01202604 0.02200000
v -0.00750492 0.00803906 0.02200000
v -0.00981475 0.00963385 0.02200000
v -0.00810850 0.00803906 0.02200000
v -0.01278042 0.01043125 0.02200000
v -0.01157325 0.01043125 0.02200000
v -0.01333175 0.01122865 0.02200000
v -0.01162550 0.00963385 0.02200000
v -0.01272817 0.01122865 0.02200000
v -0.00931567 0.00803906 0.02200000
v -0.01041833 0.00963385 0.02200000
v -0.00871208 0.00803906 0.02200000
v -0.01047058 0.00883646 0.02200000
v -0.00926342 0.00883646 0.02200000
v -0.01102192 0.00963385 0.02200000
v -0.00588333 0.00677500 0.02130000
v -0.00601667 0.00690833 0.02150000
v -0.00534642 0.00684167 0.02140000
v -0.00648692 0.00677500 0.02130000
v -0.00628333 0.00717500 0.02190000
v -0.00615000 0.00704167 0.02170000
v -0.00567975 0.00717500 0.02190000
v -0.00682025 0.00710833 0.02180000
v -0.00427258 0.00697500 0.02160000
v -0.00547975 0.00697500 0.02160000
v -0.00480950 0.00690833 0.02150000
v -0.00433925 0.00704167 0.02170000
v -0.00541308 0.00690833 0.02150000
v -0.00769408 0.00677500 0.02130000
v -0.00662025 0.00690833 0.02150000
v -0.00709050 0.00677500 0.02130000
v -0.00776075 0.00684167 0.02140000
v -0.00655358 0.00684167 0.02140000
v -0.00447258 0.00717500 0.02190000
v -0.00554642 0.00704167 0.02170000
v -0.00507617 0.00717500 0.02190000
v -0.00440592 0.00710833 0.02180000
v -0.00561308 0.00710833 0.02180000
v -0.00494283 0.00704167 0.02170000
v -0.00789408 0.00697500 0.02160000
v -0.00668692 0.00697500 0.02160000
v -0.00735717 0.00704167 0.02170000
v -0.00782742 0.00690833 0.02150000
v -0.00675358 0.00704167 0.02170000
v -0.00722383 0.00690833 0.02150000
v -0.01884508 0.01920260 0.02200000
v -0.01653525 0.01760781 0.02200000
v -0.01829375 0.01840521 0.02200000
v -0.01191558 0.01441823 0.02200000
v -0.01422542 0.01601302 0.02200000
v -0.01719108 0.01681042 0.02200000
v -0.01598392 0.01681042 0.02200000
v -0.01774242 0.01760781 0.02200000
v -0.01713883 0.01760781 0.02200000
v -0.00267625 0.00803906 0.02200000
v -0.00498608 0.00963385 0.02200000
v -0.00327983 0.00803906 0.02200000
v -0.00960575 0.01282344 0.02200000
v -0.00729592 0.01122865 0.02200000
v -0.00448700 0.00803906 0.02200000
v -0.00558967 0.00963385 0.02200000
v -0.00388342 0.00803906 0.02200000
v -0.00443475 0.00883646 0.02200000
v -0.01498575 0.01362083 0.02200000
v -0.01377858 0.01362083 0.02200000
v -0.01553708 0.01441823 0.02200000
v -0.01383083 0.01282344 0.02200000
v -0.01136425 0.01362083 0.02200000
v -0.01257142 0.01362083 0.02200000
v -0.01251917 0.01441823 0.02200000
v -0.01663975 0.01601302 0.02200000
v -0.01432992 0.01441823 0.02200000
v -0.01608842 0.01521562 0.02200000
v -0.01603617 0.01601302 0.02200000
v -0.01493350 0.01441823 0.02200000
v -0.01152100 0.01122865 0.02200000
v -0.01262367 0.01282344 0.02200000
v -0.01267592 0.01202604 0.02200000
v -0.01322725 0.01282344 0.02200000
v -0.01482900 0.01601302 0.02200000
v -0.01372633 0.01441823 0.02200000
v -0.01367408 0.01521562 0.02200000
v -0.01543258 0.01601302 0.02200000
v -0.01312275 0.01441823 0.02200000
v -0.01488125 0.01521562 0.02200000
v -0.00690133 0.00803906 0.02200000
v -0.00800400 0.00963385 0.02200000
v -0.00629775 0.00803906 0.02200000
v -0.00805625 0.00883646 0.02200000
v -0.01020933 0.01282344 0.02200000
v -0.00910667 0.01122865 0.02200000
v -0.00905442 0.01202604 0.02200000
v -0.01081292 0.01282344 0.02200000
v -0.00509058 0.00803906 0.02200000
v -0.00740042 0.00963385 0.02200000
v -0.00569417 0.00803906 0.02200000
v -0.00564192 0.00883646 0.02200000
v -0.00684908 0.00883646 0.02200000
v -0.01036608 0.01043125 0.02200000
v -0.00915892 0.01043125 0.02200000
v -0.00921117 0.00963385 0.02200000
v -0.01091742 0.01122865 0.02200000
v -0.00860758 0.00963385 0.02200000
v -0.00674458 0.01043125 0.02200000
v -0.00795175 0.01043125 0.02200000
v -0.00789950 0.01122865 0.02200000
v -0.00619325 0.00963385 0.02200000
v -0.00850308 0.01122865 0.02200000
v -0.00679683 0.00963385 0.02200000
v -0.01202008 0.01282344 0.02200000
v -0.00971025 0.01122865 0.02200000
v -0.01141650 0.01282344 0.02200000
v -0.01146875 0.01202604 0.02200000
v -0.01026158 0.01202604 0.02200000
v -0.01031383 0.01122865 0.02200000
v -0.00252133 0.00624167 0.02050000
v -0.00238800 0.00637500 0.02070000
v -0.00245467 0.00540313 0.02060000
v -0.00299158 0.00624167 0.02050000
v -0.00212133 0.00664167 0.02110000
v -0.00225467 0.00650833 0.02090000
v -0.00232133 0.00372604 0.02080000
v -0.00232133 0.00553646 0.02080000
v -0.00238800 0.00456458 0.02070000
v -0.00238800 0.00546979 0.02070000
v -0.00393208 0.00624167 0.02050000
v -0.00285825 0.00637500 0.02070000
v -0.00346183 0.00624167 0.02050000
v -0.00292492 0.00630833 0.02060000
v -0.00158800 0.00717500 0.02190000
v -0.00172133 0.00704167 0.02170000
v -0.00158800 0.00626979 0.02190000
v -0.00212492 0.00710833 0.02180000
v -0.00198800 0.00677500 0.02130000
v -0.00185467 0.00690833 0.02150000
v -0.00158800 0.00445937 0.02190000
v -0.00172133 0.00613646 0.02170000
v -0.00158800 0.00536458 0.02190000
v -0.00165467 0.00620312 0.02180000
v -0.00319875 0.00697500 0.02160000
v -0.00225825 0.00697500 0.02160000
v -0.00266183 0.00704167 0.02170000
v -0.00219158 0.00704167 0.02170000
v -0.00205467 0.00037188 0.02120000
v -0.00205467 0.00218229 0.02120000
v -0.00212133 0.00121042 0.02110000
v -0.00198800 0.00043854 0.02130000
v -0.00205467 0.00580312 0.02120000
v -0.00205467 0.00399271 0.02120000
v -0.00212133 0.00573646 0.02110000
v -0.00225467 0.00288750 0.02090000
v -0.00212133 0.00302083 0.02110000
v -0.00218800 0.00204896 0.02100000
v -0.00225467 0.00379271 0.02090000
v -0.00212133 0.00211563 0.02110000
v -0.00185467 0.00057188 0.02150000
v -0.00198800 0.00224896 0.02130000
v -0.00192133 0.00050521 0.02140000
v -0.00198800 0.00134375 0.02130000
v -0.00225467 0.00560313 0.02090000
v -0.00212133 0.00392604 0.02110000
v -0.00218800 0.00566979 0.02100000
v -0.00225467 0.00469792 0.02090000
v -0.00212133 0.00483125 0.02110000
v -0.00218800 0.00385938 0.02100000
v -0.00581308 0.00624167 0.02050000
v -0.00473925 0.00637500 0.02070000
v -0.00534283 0.00624167 0.02050000
v -0.00574642 0.00630833 0.02060000
v -0.00259158 0.00664167 0.02110000
v -0.00366542 0.00650833 0.02090000
v -0.00265825 0.00657500 0.02100000
v -0.00440233 0.00624167 0.02050000
v -0.00426900 0.00637500 0.02070000
v -0.00487258 0.00624167 0.02050000
v -0.00386542 0.00630833 0.02060000
v -0.00480592 0.00630833 0.02060000
v -0.00561308 0.00644167 0.02080000
v -0.00467258 0.00644167 0.02080000
v -0.00567975 0.00637500 0.02070000
v -0.00520950 0.00637500 0.02070000
v -0.00279158 0.00644167 0.02080000
v -0.00373208 0.00644167 0.02080000
v -0.00272492 0.00650833 0.02090000
v -0.00332850 0.00637500 0.02070000
v -0.00319517 0.00650833 0.02090000
v -0.00379875 0.00637500 0.02070000
v -0.00158800 0.00083854 0.02190000
v -0.00172133 0.00251562 0.02170000
v -0.00158800 0.00174375 0.02190000
v -0.00165467 0.00077188 0.02180000
v -0.00198800 0.00586979 0.02130000
v -0.00185467 0.00419271 0.02150000
v -0.00192133 0.00593646 0.02140000
v -0.00198800 0.00496458 0.02130000
v -0.00158800 0.00355417 0.02190000
v -0.00172133 0.00342083 0.02170000
v -0.00158800 0.00264896 0.02190000
v -0.00165467 0.00439271 0.02180000
v -0.00165467 0.00258229 0.02180000
v -0.00178800 0.00063854 0.02160000
v -0.00178800 0.00244896 0.02160000
v -0.00172133 0.00070521 0.02170000
v -0.00185467 0.00147708 0.02150000
v -0.00172133 0.00161042 0.02170000
v -0.00178800 0.00606979 0.02160000
v -0.00178800 0.00425937 0.02160000
v -0.00185467 0.00600312 0.02150000
v -0.00172133 0.00523125 0.02170000
v -0.00185467 0.00509792 0.02150000
v -0.00172133 0.00432604 0.02170000
v -0.00198800 0.00315417 0.02130000
v -0.00185467 0.00328750 0.02150000
v -0.00198800 0.00405938 0.02130000
v -0.00192133 0.00231563 0.02140000
v -0.00192133 0.00412604 0.02140000
v -0.00185467 0.00238229 0.02150000
v -0.00534642 0.00670833 0.02120000
v -0.00440592 0.00670833 0.02120000
v -0.00480950 0.00677500 0.02130000
v -0.00541308 0.00664167 0.02110000
v -0.00252492 0.00670833 0.02120000
v -0.00346542 0.00670833 0.02120000
v -0.00245825 0.00677500 0.02130000
v -0.00306183 0.00664167 0.02110000
v -0.00373567 0.00690833 0.02150000
v -0.00386900 0.00677500 0.02130000
v -0.00427258 0.00684167 0.02140000
v -0.00326542 0.00690833 0.02150000
v -0.00433925 0.00677500 0.02130000
v -0.00554642 0.00650833 0.02090000
v -0.00447258 0.00664167 0.02110000
v -0.00547975 0.00657500 0.02100000
v -0.00507617 0.00650833 0.02090000
v -0.00494283 0.00664167 0.02110000
v -0.00232492 0.00690833 0.02150000
v -0.00339875 0.00677500 0.02130000
v -0.00239158 0.00684167 0.02140000
v -0.00279517 0.00690833 0.02150000
v -0.00292850 0.00677500 0.02130000
v -0.00333208 0.00684167 0.02140000
v -0.00413567 0.00650833 0.02090000
v -0.00400233 0.00664167 0.02110000
v -0.00359875 0.00657500 0.02100000
v -0.00460592 0.00650833 0.02090000
v -0.00353208 0.00664167 0.02110000
v -0.00453925 0.00657500 0.02100000
v -0.01750000 -0.02000000 0.00000000
v -0.01250000 -0.02000000 0.00000000
v -0.01750000 -0.02000000 0.00137500
v -0.01750000 -0.01750000 0.00000000
v -0.00250000 -0.02000000 0.00000000
v -0.00750000 -0.02000000 0.00000000
v -0.01750000 -0.02000000 0.00412500
v -0.01250000 -0.02000000 0.00137500
v -0.01750000 -0.02000000 0.00275000
v -0.01500000 -0.02000000 0.00137500
v -0.01750000 -0.01250000 0.00000000
v -0.01250000 -0.01750000 0.00000000
v -0.01750000 -0.01500000 0.00000000
v -0.01500000 -0.01750000 0.00000000
v 0.01750000 -0.02000000 0.00000000
v 0.01250000 -0.02000000 0.00000000
v 0.00250000 -0.02000000 0.00000000
v 0.00750000 -0.02000000 0.00000000
v -0.01750000 -0.02000000 0.00962500
v -0.01250000 -0.02000000 0.00687500
v -0.01750000 -0.02000000 0.00825000
v -0.00250000 -0.02000000 0.00137500
v -0.00750000 -0.02000000 0.00412500
v -0.00500000 -0.02000000 0.00137500
v -0.01750000 -0.02000000 0.00550000
v -0.01250000 -0.02000000 0.00550000
v -0.01750000 -0.02000000 0.00687500
v -0.01500000 -0.02000000 0.00412500
v -0.01500000 -0.02000000 0.00687500
v -0.01000000 -0.02000000 0.00137500
v -0.01000000 -0.02000000 0.00412500
v -0.00750000 -0.02000000 0.00137500
v -0.01250000 -0.02000000 0.00275000
v -0.00750000 -0.02000000 0.00275000
v -0.01250000 -0.02000000 0.00412500
v -0.01750000 -0.00250000 0.00000000
v -0.01250000 -0.00750000 0.00000000
v -0.01750000 -0.00500000 0.00000000
v -0.00250000 -0.01750000 0.00000000
v -0.00750000 -0.01250000 0.00000000
v -0.00500000 -0.01750000 0.00000000
v -0.01750000 -0.01000000 0.00000000
v -0.01250000 -0.01000000 0.00000000
v -0.01750000 -0.00750000 0.00000000
v -0.01500000 -0.01250000 0.00000000
v -0.01500000 -0.00750000 0.00000000
v -0.01000000 -0.01750000 0.00000000
v -0.01000000 -0.01250000 0.00000000
v -0.00750000 -0.01750000 0.00000000
v -0.01250000 -0.01500000 0.00000000
v -0.00750000 -0.01500000 0.00000000
v -0.01250000 -0.01250000 0.00000000
v -0.01750000 -0.02000000 0.02062500
v -0.01250000 -0.02000000 0.01787500
v -0.01750000 -0.02000000 0.01925000
v -0.00250000 -0.02000000 0.01237500
v -0.00750000 -0.02000000 0.01512500
v -0.01750000 -0.02000000 0.01650000
v -0.01250000 -0.02000000 0.01650000
v -0.01750000 -0.02000000 0.01787500
v -0.01500000 -0.02000000 0.01787500
v 0.01750000 -0.02000000 0.00137500
v 0.01250000 -0.02000000 0.00412500
v 0.01500000 -0.02000000 0.00137500
v 0.00250000 -0.02000000 0.00962500
v 0.00750000 -0.02000000 0.00687500
v 0.01000000 -0.02000000 0.00137500
v 0.01000000 -0.02000000 0.00412500
v 0.01250000 -0.02000000 0.00137500
v 0.01250000 -0.02000000 0.00275000
v -0.01750000 -0.02000000 0.01100000
v -0.01250000 -0.02000000 0.01100000
v -0.01750000 -0.02000000 0.01237500
v -0.01500000 -0.02000000 0.00962500
v -0.00250000 -0.02000000 0.01100000
v -0.00750000 -0.02000000 0.01100000
v -0.00500000 -0.02000000 0.01237500
v -0.01750000 -0.02000000 0.01512500
v -0.01250000 -0.02000000 0.01237500
v -0.01750000 -0.02000000 0.01375000
v -0.01500000 -0.02000000 0.01512500
v -0.01500000 -0.02000000 0.01237500
v -0.01000000 -0.02000000 0.00687500
v -0.01000000 -0.02000000 0.00962500
v -0.01250000 -0.02000000 0.00825000
v -0.01250000 -0.02000000 0.00962500
v -0.01000000 -0.02000000 0.01512500
v -0.01000000 -0.02000000 0.01237500
v -0.00750000 -0.02000000 0.01375000
v -0.01250000 -0.02000000 0.01512500
v -0.00750000 -0.02000000 0.01237500
v -0.01250000 -0.02000000 0.01375000
v 0.00000000 -0.02000000 0.00137500
v 0.00000000 -0.02000000 0.00412500
v 0.00250000 -0.02000000 0.00137500
v -0.00250000 -0.02000000 0.00275000
v 0.00000000 -0.02000000 0.00962500
v 0.00000000 -0.02000000 0.00687500
v 0.00250000 -0.02000000 0.00825000
v -0.00250000 -0.02000000 0.00962500
v 0.00750000 -0.02000000 0.00137500
v 0.00250000 -0.02000000 0.00412500
v 0.00500000 -0.02000000 0.00137500
v 0.00750000 -0.02000000 0.00275000
v 0.00250000 -0.02000000 0.00275000
v -0.00750000 -0.02000000 0.00550000
v -0.00250000 -0.02000000 0.00550000
v -0.00500000 -0.02000000 0.00412500
v -0.00750000 -0.02000000 0.00687500
v -0.00250000 -0.02000000 0.00412500
v 0.00750000 -0.02000000 0.00550000
v 0.00250000 -0.02000000 0.00550000
v 0.00500000 -0.02000000 0.00687500
v 0.00750000 -0.02000000 0.00412500
v 0.00250000 -0.02000000 0.00687500
v 0.00500000 -0.02000000 0.00412500
v -0.00750000 -0.02000000 0.00962500
v -0.00250000 -0.02000000 0.00687500
v -0.00500000 -0.02000000 0.00962500
v -0.00750000 -0.02000000 0.00825000
v -0.00250000 -0.02000000 0.00825000
v -0.00500000 -0.02000000 0.00687500
v -0.01750000 0.01750000 0.00000000
v -0.01250000 0.01250000 0.00000000
v -0.01750000 0.01500000 0.00000000
v -0.00250000 0.00250000 0.00000000
v -0.00750000 0.00750000 0.00000000
v -0.01750000 0.01000000 0.00000000
v -0.01250000 0.01000000 0.00000000
v -0.01750000 0.01250000 0.00000000
v -0.01500000 0.01250000 0.00000000
v 0.01750000 -0.01750000 0.00000000
v 0.01250000 -0.01250000 0.00000000
v 0.01500000 -0.01750000 0.00000000
v 0.00250000 -0.00250000 0.00000000
v 0.00750000 -0.00750000 0.00000000
v 0.01000000 -0.01750000 0.00000000
v 0.01000000 -0.01250000 0.00000000
v 0.01250000 -0.01750000 0.00000000
v 0.01250000 -0.01500000 0.00000000
v -0.01750000 0.00000000 0.00000000
v -0.01250000 0.00000000 0.00000000
v -0.01750000 0.00250000 0.00000000
v -0.01500000 -0.00250000 0.00000000
v -0.00250000 0.00000000 0.00000000
v -0.00750000 0.00000000 0.00000000
v -0.00500000 0.00250000 0.00000000
v -0.01750000 0.00750000 0.00000000
v -0.01250000 0.00250000 0.00000000
v -0.01750000 0.00500000 0.00000000
v -0.01500000 0.00750000 0.00000000
v -0.01500000 0.00250000 0.00000000
v -0.01000000 -0.00750000 0.00000000
v -0.01000000 -0.00250000 0.00000000
v -0.01250000 -0.00500000 0.00000000
v -0.01250000 -0.00250000 0.00000000
v -0.01000000 0.00750000 0.00000000
v -0.01000000 0.00250000 0.00000000
v -0.00750000 0.00500000 0.00000000
v -0.01250000 0.00750000 0.00000000
v -0.00750000 0.00250000 0.00000000
v -0.01250000 0.00500000 0.00000000
v 0.00000000 -0.01750000 0.00000000
v 0.00000000 -0.01250000 0.00000000
v 0.00250000 -0.01750000 0.00000000
v -0.00250000 -0.01500000 0.00000000
v 0.00000000 -0.00250000 0.00000000
v 0.00000000 -0.00750000 0.00000000
v 0.00250000 -0.00500000 0.00000000
v -0.00250000 -0.00250000 0.00000000
v 0.00750000 -0.01750000 0.00000000
v 0.00250000 -0.01250000 0.00000000
v 0.00500000 -0.01750000 0.00000000
v 0.00750000 -0.01500000 0.00000000
v 0.00250000 -0.01500000 0.00000000
v -0.00750000 -0.01000000 0.00000000
v -0.00250000 -0.01000000 0.00000000
v -0.00500000 -0.01250000 0.00000000
v -0.00750000 -0.00750000 0.00000000
v -0.00250000 -0.01250000 0.00000000
v 0.00750000 -0.01000000 0.00000000
v 0.00250000 -0.01000000 0.00000000
v 0.00500000 -0.00750000 0.00000000
v 0.00750000 -0.01250000 0.00000000
v 0.00250000 -0.00750000 0.00000000
v 0.00500000 -0.01250000 0.00000000
v -0.00750000 -0.00250000 0.00000000
v -0.00250000 -0.00750000 0.00000000
v -0.00500000 -0.00250000 0.00000000
v -0.00750000 -0.00500000 0.00000000
v -0.00250000 -0.00500000 0.00000000
v -0.00500000 -0.00750000 0.00000000
v 0.00305825 -0.00617500 0.00400000
v 0.00399875 -0.00617500 0.00400000
v 0.00587975 -0.00617500 0.00400000
v 0.00493925 -0.00617500 0.00400000
v 0.00964175 -0.00617500 0.00400000
v 0.00870125 -0.00617500 0.00400000
v 0.00682025 -0.00617500 0.00400000
v 0.00776075 -0.00617500 0.00400000
v -0.00133117 -0.00724167 0.02200000
v -0.00095083 -0.00724167 0.02200000
v -0.00019017 -0.00724167 0.02200000
v -0.00057050 -0.00724167 0.02200000
v 0.00133117 -0.00724167 0.02200000
v 0.00095083 -0.00724167 0.02200000
v 0.00019017 -0.00724167 0.02200000
v 0.00057050 -0.00724167 0.02200000
v 0.00258800 -0.00617500 0.00502500
v 0.00258800 -0.00617500 0.00707500
v 0.00305825 -0.00617500 0.00502500
v 0.00258800 -0.00617500 0.01117500
v 0.00258800 -0.00617500 0.00912500
v 0.00399875 -0.00617500 0.00502500
v 0.00305825 -0.00617500 0.00707500
v 0.00352850 -0.00617500 0.00502500
v 0.00305825 -0.00617500 0.00605000
v 0.00258800 -0.00617500 0.01937500
v 0.00258800 -0.00617500 0.01732500
v 0.00258800 -0.00617500 0.01322500
v 0.00258800 -0.00617500 0.01527500
v 0.00587975 -0.00617500 0.00502500
v 0.00493925 -0.00617500 0.00707500
v 0.00540950 -0.00617500 0.00502500
v 0.00305825 -0.00617500 0.01117500
v 0.00399875 -0.00617500 0.00912500
v 0.00305825 -0.00617500 0.01015000
v 0.00446900 -0.00617500 0.00502500
v 0.00446900 -0.00617500 0.00707500
v 0.00493925 -0.00617500 0.00502500
v 0.00399875 -0.00617500 0.00605000
v 0.00493925 -0.00617500 0.00605000
v 0.00305825 -0.00617500 0.00810000
v 0.00399875 -0.00617500 0.00810000
v 0.00305825 -0.00617500 0.00912500
v 0.00352850 -0.00617500 0.00707500
v 0.00352850 -0.00617500 0.00912500
v 0.00399875 -0.00617500 0.00707500
v 0.00964175 -0.00617500 0.00502500
v 0.00870125 -0.00617500 0.00707500
v 0.00917150 -0.00617500 0.00502500
v 0.00682025 -0.00617500 0.01117500
v 0.00776075 -0.00617500 0.00912500
v 0.00823100 -0.00617500 0.00502500
v 0.00823100 -0.00617500 0.00707500
v 0.00870125 -0.00617500 0.00502500
v 0.00870125 -0.00617500 0.00605000
v 0.00305825 -0.00617500 0.01937500
v 0.00399875 -0.00617500 0.01732500
v 0.00305825 -0.00617500 0.01835000
v 0.00587975 -0.00617500 0.01322500
v 0.00493925 -0.00617500 0.01527500
v 0.00305825 -0.00617500 0.01630000
v 0.00399875 -0.00617500 0.01630000
v 0.00305825 -0.00617500 0.01732500
v 0.00352850 -0.00617500 0.01732500
v 0.00635000 -0.00617500 0.00502500
v 0.00635000 -0.00617500 0.00707500
v 0.00682025 -0.00617500 0.00502500
v 0.00587975 -0.00617500 0.00605000
v 0.00635000 -0.00617500 0.01117500
v 0.00635000 -0.00617500 0.00912500
v 0.00682025 -0.00617500 0.01015000
v 0.00776075 -0.00617500 0.00502500
v 0.00682025 -0.00617500 0.00707500
v 0.00729050 -0.00617500 0.00502500
v 0.00776075 -0.00617500 0.00605000
v 0.00682025 -0.00617500 0.00605000
v 0.00493925 -0.00617500 0.00810000
v 0.00587975 -0.00617500 0.00810000
v 0.00540950 -0.00617500 0.00707500
v 0.00587975 -0.00617500 0.00707500
v 0.00776075 -0.00617500 0.00810000
v 0.00682025 -0.00617500 0.00810000
v 0.00729050 -0.00617500 0.00912500
v 0.00776075 -0.00617500 0.00707500
v 0.00682025 -0.00617500 0.00912500
v 0.00729050 -0.00617500 0.00707500
v 0.00305825 -0.00617500 0.01220000
v 0.00399875 -0.00617500 0.01220000
v 0.00305825 -0.00617500 0.01322500
v 0.00352850 -0.00617500 0.01117500
v 0.00587975 -0.00617500 0.01220000
v 0.00493925 -0.00617500 0.01220000
v 0.00540950 -0.00617500 0.01322500
v 0.00587975 -0.00617500 0.01117500
v 0.00305825 -0.00617500 0.01527500
v 0.00399875 -0.00617500 0.01322500
v 0.00305825 -0.00617500 0.01425000
v 0.00352850 -0.00617500 0.01527500
v 0.00352850 -0.00617500 0.01322500
v 0.00446900 -0.00617500 0.00912500
v 0.00446900 -0.00617500 0.01117500
v 0.00399875 -0.00617500 0.01015000
v 0.00493925 -0.00617500 0.00912500
v 0.00399875 -0.00617500 0.01117500
v 0.00446900 -0.00617500 0.01527500
v 0.00446900 -0.00617500 0.01322500
v 0.00493925 -0.00617500 0.01425000
v 0.00399875 -0.00617500 0.01527500
v 0.00493925 -0.00617500 0.01322500
v 0.00399875 -0.00617500 0.01425000
v 0.00587975 -0.00617500 0.00912500
v 0.00493925 -0.00617500 0.01117500
v 0.00587975 -0.00617500 0.01015000
v 0.00540950 -0.00617500 0.00912500
v 0.00540950 -0.00617500 0.01117500
v 0.00493925 -0.00617500 0.01015000
v 0.00158800 -0.00717500 0.02190000
v 0.00172133 -0.00704167 0.02170000
v 0.00198800 -0.00677500 0.02130000
v 0.00185467 -0.00690833 0.02150000
v 0.00252133 -0.00624167 0.02050000
v 0.00238800 -0.00637500 0.02070000
v 0.00212133 -0.00664167 0.02110000
v 0.00225467 -0.00650833 0.02090000
v -0.01750000 -0.02000000 0.02200000
v -0.01250000 -0.02000000 0.02200000
v -0.01634508 -0.01920260 0.02200000
v -0.01500000 -0.02000000 0.02062500
v -0.00250000 -0.02000000 0.02200000
v -0.00750000 -0.02000000 0.02200000
v -0.01403525 -0.01760781 0.02200000
v -0.01134508 -0.01920260 0.02200000
v -0.01519017 -0.01840521 0.02200000
v -0.01384508 -0.01920260 0.02200000
v -0.01000000 -0.02000000 0.01787500
v -0.01000000 -0.02000000 0.02062500
v -0.01250000 -0.02000000 0.01925000
v -0.01250000 -0.02000000 0.02062500
v 0.01750000 -0.02000000 0.02200000
v 0.01250000 -0.02000000 0.02200000
v 0.00250000 -0.02000000 0.02200000
v 0.00750000 -0.02000000 0.02200000
v -0.00941558 -0.01441823 0.02200000
v -0.00672542 -0.01601302 0.02200000
v -0.01057050 -0.01521562 0.02200000
v -0.00134508 -0.01920260 0.02200000
v -0.00403525 -0.01760781 0.02200000
v -0.00384508 -0.01920260 0.02200000
v -0.01288033 -0.01681042 0.02200000
v -0.00788033 -0.01681042 0.02200000
v -0.01172542 -0.01601302 0.02200000
v -0.01153525 -0.01760781 0.02200000
v -0.00922542 -0.01601302 0.02200000
v -0.00884508 -0.01920260 0.02200000
v -0.00653525 -0.01760781 0.02200000
v -0.00634508 -0.01920260 0.02200000
v -0.01019017 -0.01840521 0.02200000
v -0.00519017 -0.01840521 0.02200000
v -0.00903525 -0.01760781 0.02200000
v 0.00000000 -0.02000000 0.01237500
v 0.00000000 -0.02000000 0.01512500
v -0.00250000 -0.02000000 0.01375000
v 0.00000000 -0.02000000 0.02062500
v 0.00000000 -0.02000000 0.01787500
v -0.00250000 -0.02000000 0.02062500
v -0.00750000 -0.02000000 0.01650000
v -0.00250000 -0.02000000 0.01650000
v -0.00500000 -0.02000000 0.01512500
v -0.00750000 -0.02000000 0.01787500
v -0.00250000 -0.02000000 0.01512500
v -0.00750000 -0.02000000 0.02062500
v -0.00250000 -0.02000000 0.01787500
v -0.00500000 -0.02000000 0.02062500
v -0.00750000 -0.02000000 0.01925000
v -0.00250000 -0.02000000 0.01925000
v -0.00500000 -0.02000000 0.01787500
v -0.00017625 -0.00803906 0.02200000
v 0.00251392 -0.00963385 0.02200000
v -0.00133117 -0.00883646 0.02200000
v 0.00001392 -0.00803906 0.02200000
v 0.00789425 -0.01282344 0.02200000
v 0.00520408 -0.01122865 0.02200000
v -0.00364100 -0.01043125 0.02200000
v 0.00135900 -0.01043125 0.02200000
v -0.00248608 -0.00963385 0.02200000
v 0.00001392 -0.00963385 0.02200000
v 0.00039425 -0.00803906 0.02200000
v 0.00270408 -0.00963385 0.02200000
v 0.00020408 -0.00803906 0.02200000
v 0.00135900 -0.00883646 0.02200000
v 0.01865492 -0.01920260 0.02200000
v 0.01596475 -0.01760781 0.02200000
v 0.01615492 -0.01920260 0.02200000
v 0.01058442 -0.01441823 0.02200000
v 0.01327458 -0.01601302 0.02200000
v 0.01115492 -0.01920260 0.02200000
v 0.01346475 -0.01760781 0.02200000
v 0.01365492 -0.01920260 0.02200000
v 0.01480983 -0.01840521 0.02200000
v -0.00826067 -0.01362083 0.02200000
v -0.00326067 -0.01362083 0.02200000
v -0.00710575 -0.01282344 0.02200000
v -0.00691558 -0.01441823 0.02200000
v 0.00673933 -0.01362083 0.02200000
v 0.00173933 -0.01362083 0.02200000
v 0.00539425 -0.01282344 0.02200000
v -0.00479592 -0.01122865 0.02200000
v -0.00210575 -0.01282344 0.02200000
v -0.00595083 -0.01202604 0.02200000
v -0.00229592 -0.01122865 0.02200000
v -0.00460575 -0.01282344 0.02200000
v -0.00422542 -0.01601302 0.02200000
v -0.00191558 -0.01441823 0.02200000
v -0.00557050 -0.01521562 0.02200000
v -0.00441558 -0.01441823 0.02200000
v 0.00270408 -0.01122865 0.02200000
v 0.00039425 -0.01282344 0.02200000
v 0.00404917 -0.01202604 0.02200000
v 0.00020408 -0.01122865 0.02200000
v 0.00289425 -0.01282344 0.02200000
v -0.00095083 -0.01202604 0.02200000
v 0.00115492 -0.00803906 0.02200000
v 0.00346475 -0.00963385 0.02200000
v 0.00096475 -0.00803906 0.02200000
v 0.00808442 -0.01282344 0.02200000
v 0.00577458 -0.01122865 0.02200000
v 0.00673933 -0.01202604 0.02200000
v 0.00058442 -0.00803906 0.02200000
v 0.00327458 -0.00963385 0.02200000
v 0.00077458 -0.00803906 0.02200000
v 0.00173933 -0.00883646 0.02200000
v 0.00211967 -0.00883646 0.02200000
v 0.00404917 -0.01043125 0.02200000
v 0.00442950 -0.01043125 0.02200000
v 0.00539425 -0.01122865 0.02200000
v 0.00289425 -0.00963385 0.02200000
v 0.00558442 -0.01122865 0.02200000
v 0.00308442 -0.00963385 0.02200000
v 0.00115492 -0.01920260 0.02200000
v 0.00346475 -0.01760781 0.02200000
v 0.00365492 -0.01920260 0.02200000
v -0.00019017 -0.01840521 0.02200000
v 0.00808442 -0.01441823 0.02200000
v 0.00577458 -0.01601302 0.02200000
v 0.00942950 -0.01521562 0.02200000
v 0.00558442 -0.01441823 0.02200000
v 0.00865492 -0.01920260 0.02200000
v 0.00596475 -0.01760781 0.02200000
v 0.00615492 -0.01920260 0.02200000
v 0.00980983 -0.01840521 0.02200000
v 0.00480983 -0.01840521 0.02200000
v -0.00288033 -0.01681042 0.02200000
v 0.00211967 -0.01681042 0.02200000
v -0.00153525 -0.01760781 0.02200000
v -0.00172542 -0.01601302 0.02200000
v 0.00096475 -0.01760781 0.02200000
v 0.01211967 -0.01681042 0.02200000
v 0.00711967 -0.01681042 0.02200000
v 0.01077458 -0.01601302 0.02200000
v 0.01096475 -0.01760781 0.02200000
v 0.00827458 -0.01601302 0.02200000
v 0.00846475 -0.01760781 0.02200000
v 0.00058442 -0.01441823 0.02200000
v 0.00327458 -0.01601302 0.02200000
v 0.00308442 -0.01441823 0.02200000
v -0.00057050 -0.01521562 0.02200000
v 0.00442950 -0.01521562 0.02200000
v 0.00077458 -0.01601302 0.02200000
v 0.02000000 -0.02000000 0.00137500
v 0.02000000 -0.02000000 0.00412500
v 0.01750000 -0.02000000 0.00275000
v 0.02000000 -0.02000000 0.00962500
v 0.02000000 -0.02000000 0.00687500
v 0.01250000 -0.02000000 0.00550000
v 0.01750000 -0.02000000 0.00550000
v 0.01500000 -0.02000000 0.00412500
v 0.01750000 -0.02000000 0.00412500
v 0.02000000 -0.02000000 0.02062500
v 0.02000000 -0.02000000 0.01787500
v 0.01750000 -0.02000000 0.02062500
v 0.02000000 -0.02000000 0.01237500
v 0.02000000 -0.02000000 0.01512500
v 0.01250000 -0.02000000 0.02062500
v 0.01750000 -0.02000000 0.01787500
v 0.01500000 -0.02000000 0.02062500
v 0.01750000 -0.02000000 0.01925000
v 0.00250000 -0.02000000 0.01100000
v 0.00750000 -0.02000000 0.01100000
v 0.00500000 -0.02000000 0.00962500
v 0.00250000 -0.02000000 0.01237500
v 0.01750000 -0.02000000 0.01100000
v 0.01250000 -0.02000000 0.01100000
v 0.01750000 -0.02000000 0.00962500
v 0.01000000 -0.02000000 0.00687500
v 0.01000000 -0.02000000 0.00962500
v 0.00750000 -0.02000000 0.00825000
v 0.01250000 -0.02000000 0.00687500
v 0.00750000 -0.02000000 0.00962500
v 0.00250000 -0.02000000 0.01512500
v 0.00750000 -0.02000000 0.01237500
v 0.00250000 -0.02000000 0.01375000
v 0.00500000 -0.02000000 0.01237500
v 0.01750000 -0.02000000 0.00687500
v 0.01250000 -0.02000000 0.00962500
v 0.01750000 -0.02000000 0.00825000
v 0.01500000 -0.02000000 0.00687500
v 0.01500000 -0.02000000 0.00962500
v 0.01250000 -0.02000000 0.00825000
v 0.00250000 -0.02000000 0.02062500
v 0.00750000 -0.02000000 0.01787500
v 0.00500000 -0.02000000 0.02062500
v 0.00250000 -0.02000000 0.01925000
v 0.01750000 -0.02000000 0.01237500
v 0.01250000 -0.02000000 0.01512500
v 0.01750000 -0.02000000 0.01375000
v 0.01500000 -0.02000000 0.01237500
v 0.01000000 -0.02000000 0.02062500
v 0.01000000 -0.02000000 0.01787500
v 0.00750000 -0.02000000 0.02062500
v 0.01250000 -0.02000000 0.01925000
v 0.00750000 -0.02000000 0.01925000
v 0.00250000 -0.02000000 0.01650000
v 0.00750000 -0.02000000 0.01650000
v 0.00250000 -0.02000000 0.01787500
v 0.00500000 -0.02000000 0.01512500
v 0.00500000 -0.02000000 0.01787500
v 0.01750000 -0.02000000 0.01650000
v 0.01250000 -0.02000000 0.01650000
v 0.01750000 -0.02000000 0.01512500
v 0.01500000 -0.02000000 0.01787500
v 0.01500000 -0.02000000 0.01512500
v 0.01250000 -0.02000000 0.01787500
v 0.01000000 -0.02000000 0.01237500
v 0.01000000 -0.02000000 0.01512500
v 0.01250000 -0.02000000 0.01237500
v 0.00750000 -0.02000000 0.01375000
v 0.01250000 -0.02000000 0.01375000
v 0.00750000 -0.02000000 0.01512500
v 0.00267625 -0.00803906 0.02200000
v 0.00498608 -0.00963385 0.02200000
v 0.00248608 -0.00803906 0.02200000
v 0.00960575 -0.01282344 0.02200000
v 0.00729592 -0.01122865 0.02200000
v 0.00210575 -0.00803906 0.02200000
v 0.00479592 -0.00963385 0.02200000
v 0.00229592 -0.00803906 0.02200000
v 0.00364100 -0.00883646 0.02200000
v 0.01884508 -0.01920260 0.02200000
v 0.01653525 -0.01760781 0.02200000
v 0.01750000 -0.01840521 0.02200000
v 0.01191558 -0.01441823 0.02200000
v 0.01422542 -0.01601302 0.02200000
v 0.01480983 -0.01681042 0.02200000
v 0.01519017 -0.01681042 0.02200000
v 0.01615492 -0.01760781 0.02200000
v 0.01634508 -0.01760781 0.02200000
v 0.00134508 -0.00803906 0.02200000
v 0.00403525 -0.00963385 0.02200000
v 0.00153525 -0.00803906 0.02200000
v 0.00250000 -0.00883646 0.02200000
v 0.00941558 -0.01282344 0.02200000
v 0.00672542 -0.01122865 0.02200000
v 0.00826067 -0.01202604 0.02200000
v 0.00191558 -0.00803906 0.02200000
v 0.00422542 -0.00963385 0.02200000
v 0.00172542 -0.00803906 0.02200000
v 0.00326067 -0.00883646 0.02200000
v 0.00288033 -0.00883646 0.02200000
v 0.00480983 -0.01043125 0.02200000
v 0.00519017 -0.01043125 0.02200000
v 0.00365492 -0.00963385 0.02200000
v 0.00384508 -0.00963385 0.02200000
v 0.00595083 -0.01043125 0.02200000
v 0.00557050 -0.01043125 0.02200000
v 0.00710575 -0.01122865 0.02200000
v 0.00460575 -0.00963385 0.02200000
v 0.00691558 -0.01122865 0.02200000
v 0.00441558 -0.00963385 0.02200000
v 0.00942950 -0.01362083 0.02200000
v 0.00980983 -0.01362083 0.02200000
v 0.01077458 -0.01441823 0.02200000
v 0.00827458 -0.01282344 0.02200000
v 0.01057050 -0.01362083 0.02200000
v 0.01019017 -0.01362083 0.02200000
v 0.01172542 -0.01441823 0.02200000
v 0.00922542 -0.01282344 0.02200000
v 0.01346475 -0.01601302 0.02200000
v 0.01115492 -0.01441823 0.02200000
v 0.01211967 -0.01521562 0.02200000
v 0.01365492 -0.01601302 0.02200000
v 0.01096475 -0.01441823 0.02200000
v 0.00596475 -0.01122865 0.02200000
v 0.00865492 -0.01282344 0.02200000
v 0.00711967 -0.01202604 0.02200000
v 0.00615492 -0.01122865 0.02200000
v 0.00846475 -0.01282344 0.02200000
v 0.01403525 -0.01601302 0.02200000
v 0.01134508 -0.01441823 0.02200000
v 0.01288033 -0.01521562 0.02200000
v 0.01384508 -0.01601302 0.02200000
v 0.01153525 -0.01441823 0.02200000
v 0.01250000 -0.01521562 0.02200000
v 0.00653525 -0.01122865 0.02200000
v 0.00884508 -0.01282344 0.02200000
v 0.00788033 -0.01202604 0.02200000
v 0.00634508 -0.01122865 0.02200000
v 0.00903525 -0.01282344 0.02200000
v 0.00750000 -0.01202604 0.02200000
v 0.01011200 -0.00617500 0.00502500
v 0.01011200 -0.00617500 0.00707500
v 0.00964175 -0.00617500 0.00605000
v 0.01011200 -0.00617500 0.01117500
v 0.01011200 -0.00617500 0.00912500
v 0.00870125 -0.00617500 0.00810000
v 0.00964175 -0.00617500 0.00810000
v 0.00917150 -0.00617500 0.00707500
v 0.00964175 -0.00617500 0.00707500
v 0.01011200 -0.00617500 0.01937500
v 0.01011200 -0.00617500 0.01732500
v 0.01011200 -0.00617500 0.01322500
v 0.01011200 -0.00617500 0.01527500
v 0.00682025 -0.00617500 0.01220000
v 0.00776075 -0.00617500 0.01220000
v 0.00729050 -0.00617500 0.01117500
v 0.00964175 -0.00617500 0.01220000
v 0.00870125 -0.00617500 0.01220000
v 0.00964175 -0.00617500 0.01117500
v 0.00823100 -0.00617500 0.00912500
v 0.00823100 -0.00617500 0.01117500
v 0.00776075 -0.00617500 0.01015000
v 0.00870125 -0.00617500 0.00912500
v 0.00776075 -0.00617500 0.01117500
v 0.00964175 -0.00617500 0.00912500
v 0.00870125 -0.00617500 0.01117500
v 0.00964175 -0.00617500 0.01015000
v 0.00917150 -0.00617500 0.00912500
v 0.00917150 -0.00617500 0.01117500
v 0.00870125 -0.00617500 0.01015000
v 0.00205825 -0.00717500 0.02190000
v 0.00313208 -0.00704167 0.02170000
v 0.00212492 -0.00710833 0.02180000
v 0.00527975 -0.00677500 0.02130000
v 0.00420592 -0.00690833 0.02150000
v 0.00225825 -0.00697500 0.02160000
v 0.00319875 -0.00697500 0.02160000
v 0.00219158 -0.00704167 0.02170000
v 0.00266183 -0.00704167 0.02170000
v 0.00957508 -0.00624167 0.02050000
v 0.00850125 -0.00637500 0.02070000
v 0.00635358 -0.00664167 0.02110000
v 0.00742742 -0.00650833 0.02090000
v 0.00252492 -0.00670833 0.02120000
v 0.00346542 -0.00670833 0.02120000
v 0.00245825 -0.00677500 0.02130000
v 0.00534642 -0.00670833 0.02120000
v 0.00440592 -0.00670833 0.02120000
v 0.00480950 -0.00677500 0.02130000
v 0.00232492 -0.00690833 0.02150000
v 0.00339875 -0.00677500 0.02130000
v 0.00239158 -0.00684167 0.02140000
v 0.00279517 -0.00690833 0.02150000
v 0.00292850 -0.00677500 0.02130000
v 0.00373567 -0.00690833 0.02150000
v 0.00386900 -0.00677500 0.02130000
v 0.00427258 -0.00684167 0.02140000
v 0.00326542 -0.00690833 0.02150000
v 0.00433925 -0.00677500 0.02130000
v 0.00333208 -0.00684167 0.02140000
v 0.00305825 -0.00617500 0.02040000
v 0.00399875 -0.00617500 0.02040000
v 0.00352850 -0.00617500 0.01937500
v 0.00299158 -0.00624167 0.02050000
v 0.00587975 -0.00617500 0.02040000
v 0.00493925 -0.00617500 0.02040000
v 0.00446900 -0.00617500 0.01732500
v 0.00446900 -0.00617500 0.01937500
v 0.00399875 -0.00617500 0.01835000
v 0.00399875 -0.00617500 0.01937500
v 0.00285825 -0.00637500 0.02070000
v 0.00393208 -0.00624167 0.02050000
v 0.00292492 -0.00630833 0.02060000
v 0.00346183 -0.00624167 0.02050000
v 0.00964175 -0.00617500 0.02040000
v 0.00870125 -0.00617500 0.02040000
v 0.00964175 -0.00617500 0.01937500
v 0.00910483 -0.00624167 0.02050000
v 0.00682025 -0.00617500 0.02040000
v 0.00776075 -0.00617500 0.02040000
v 0.00964175 -0.00617500 0.01732500
v 0.00870125 -0.00617500 0.01937500
v 0.00964175 -0.00617500 0.01835000
v 0.00917150 -0.00617500 0.01937500
v 0.00803100 -0.00637500 0.02070000
v 0.00816433 -0.00624167 0.02050000
v 0.00856792 -0.00630833 0.02060000
v 0.00863458 -0.00624167 0.02050000
v 0.00635000 -0.00617500 0.01322500
v 0.00635000 -0.00617500 0.01527500
v 0.00587975 -0.00617500 0.01425000
v 0.00682025 -0.00617500 0.01322500
v 0.00635000 -0.00617500 0.01937500
v 0.00635000 -0.00617500 0.01732500
v 0.00587975 -0.00617500 0.01937500
v 0.00493925 -0.00617500 0.01630000
v 0.00587975 -0.00617500 0.01630000
v 0.00540950 -0.00617500 0.01527500
v 0.00493925 -0.00617500 0.01732500
v 0.00587975 -0.00617500 0.01527500
v 0.00776075 -0.00617500 0.01322500
v 0.00682025 -0.00617500 0.01527500
v 0.00729050 -0.00617500 0.01322500
v 0.00682025 -0.00617500 0.01425000
v 0.00493925 -0.00617500 0.01937500
v 0.00587975 -0.00617500 0.01732500
v 0.00540950 -0.00617500 0.01937500
v 0.00493925 -0.00617500 0.01835000
v 0.00587975 -0.00617500 0.01835000
v 0.00540950 -0.00617500 0.01732500
v 0.00259158 -0.00664167 0.02110000
v 0.00366542 -0.00650833 0.02090000
v 0.00265825 -0.00657500 0.02100000
v 0.00306183 -0.00664167 0.02110000
v 0.00581308 -0.00624167 0.02050000
v 0.00473925 -0.00637500 0.02070000
v 0.00534283 -0.00624167 0.02050000
v 0.00279158 -0.00644167 0.02080000
v 0.00373208 -0.00644167 0.02080000
v 0.00272492 -0.00650833 0.02090000
v 0.00332850 -0.00637500 0.02070000
v 0.00319517 -0.00650833 0.02090000
v 0.00400233 -0.00664167 0.02110000
v 0.00413567 -0.00650833 0.02090000
v 0.00353208 -0.00664167 0.02110000
v 0.00359875 -0.00657500 0.02100000
v 0.00440233 -0.00624167 0.02050000
v 0.00426900 -0.00637500 0.02070000
v 0.00487258 -0.00624167 0.02050000
v 0.00386542 -0.00630833 0.02060000
v 0.00480592 -0.00630833 0.02060000
v 0.00379875 -0.00637500 0.02070000
v 0.00964175 -0.00617500 0.01322500
v 0.00870125 -0.00617500 0.01527500
v 0.00964175 -0.00617500 0.01425000
v 0.00917150 -0.00617500 0.01322500
v 0.00682025 -0.00617500 0.01937500
v 0.00776075 -0.00617500 0.01732500
v 0.00729050 -0.00617500 0.01937500
v 0.00682025 -0.00617500 0.01835000
v 0.00964175 -0.00617500 0.01630000
v 0.00870125 -0.00617500 0.01630000
v 0.00964175 -0.00617500 0.01527500
v 0.00917150 -0.00617500 0.01732500
v 0.00917150 -0.00617500 0.01527500
v 0.00823100 -0.00617500 0.01322500
v 0.00823100 -0.00617500 0.01527500
v 0.00870125 -0.00617500 0.01322500
v 0.00776075 -0.00617500 0.01425000
v 0.00870125 -0.00617500 0.01425000
v 0.00823100 -0.00617500 0.01937500
v 0.00823100 -0.00617500 0.01732500
v 0.00776075 -0.00617500 0.01937500
v 0.00870125 -0.00617500 0.01835000
v 0.00776075 -0.00617500 0.01835000
v 0.00870125 -0.00617500 0.01732500
v 0.00682025 -0.00617500 0.01630000
v 0.00776075 -0.00617500 0.01630000
v 0.00682025 -0.00617500 0.01732500
v 0.00729050 -0.00617500 0.01527500
v 0.00729050 -0.00617500 0.01732500
v 0.00776075 -0.00617500 0.01527500
v 0.00588333 -0.00664167 0.02110000
v 0.00601667 -0.00650833 0.02090000
v 0.00642025 -0.00657500 0.02100000
v 0.00541308 -0.00664167 0.02110000
v 0.00628333 -0.00624167 0.02050000
v 0.00615000 -0.00637500 0.02070000
v 0.00675358 -0.00624167 0.02050000
v 0.00574642 -0.00630833 0.02060000
v 0.00749408 -0.00644167 0.02080000
v 0.00655358 -0.00644167 0.02080000
v 0.00695717 -0.00650833 0.02090000
v 0.00756075 -0.00637500 0.02070000
v 0.00648692 -0.00650833 0.02090000
v 0.00447258 -0.00664167 0.02110000
v 0.00554642 -0.00650833 0.02090000
v 0.00494283 -0.00664167 0.02110000
v 0.00453925 -0.00657500 0.02100000
v 0.00547975 -0.00657500 0.02100000
v 0.00769408 -0.00624167 0.02050000
v 0.00662025 -0.00637500 0.02070000
v 0.00722383 -0.00624167 0.02050000
v 0.00762742 -0.00630833 0.02060000
v 0.00668692 -0.00630833 0.02060000
v 0.00709050 -0.00637500 0.02070000
v 0.00467258 -0.00644167 0.02080000
v 0.00561308 -0.00644167 0.02080000
v 0.00520950 -0.00637500 0.02070000
v 0.00460592 -0.00650833 0.02090000
v 0.00567975 -0.00637500 0.02070000
v 0.00507617 -0.00650833 0.02090000
v 0.00212492 -0.00724167 0.02200000
v 0.00333208 -0.00724167 0.02200000
v 0.00327983 -0.00803906 0.02200000
v 0.00266183 -0.00717500 0.02190000
v 0.00574642 -0.00724167 0.02200000
v 0.00453925 -0.00724167 0.02200000
v 0.00558967 -0.00963385 0.02200000
v 0.00448700 -0.00803906 0.02200000
v 0.00443475 -0.00883646 0.02200000
v 0.00388342 -0.00803906 0.02200000
v 0.00373567 -0.00704167 0.02170000
v 0.00386900 -0.00717500 0.02190000
v 0.00319875 -0.00710833 0.02180000
v 0.00326542 -0.00717500 0.02190000
v 0.01057508 -0.00724167 0.02200000
v 0.00936792 -0.00724167 0.02200000
v 0.00695358 -0.00724167 0.02200000
v 0.00816075 -0.00724167 0.02200000
v 0.01020933 -0.01282344 0.02200000
v 0.00910667 -0.01122865 0.02200000
v 0.00905442 -0.01202604 0.02200000
v 0.00690133 -0.00803906 0.02200000
v 0.00800400 -0.00963385 0.02200000
v 0.00629775 -0.00803906 0.02200000
v 0.00674458 -0.01043125 0.02200000
v 0.00795175 -0.01043125 0.02200000
v 0.00789950 -0.01122865 0.02200000
v 0.00619325 -0.00963385 0.02200000
v 0.00850308 -0.01122865 0.02200000
v 0.00509058 -0.00803906 0.02200000
v 0.00740042 -0.00963385 0.02200000
v 0.00569417 -0.00803906 0.02200000
v 0.00564192 -0.00883646 0.02200000
v 0.00684908 -0.00883646 0.02200000
v 0.00679683 -0.00963385 0.02200000
v 0.00588333 -0.00677500 0.02130000
v 0.00601667 -0.00690833 0.02150000
v 0.00534642 -0.00684167 0.02140000
v 0.00628333 -0.00717500 0.02190000
v 0.00615000 -0.00704167 0.02170000
v 0.00567975 -0.00717500 0.02190000
v 0.00427258 -0.00697500 0.02160000
v 0.00547975 -0.00697500 0.02160000
v 0.00480950 -0.00690833 0.02150000
v 0.00433925 -0.00704167 0.02170000
v 0.00541308 -0.00690833 0.02150000
v 0.00447258 -0.00717500 0.02190000
v 0.00554642 -0.00704167 0.02170000
v 0.00507617 -0.00717500 0.02190000
v 0.00440592 -0.00710833 0.02180000
v 0.00561308 -0.00710833 0.02180000
v 0.00494283 -0.00704167 0.02170000
v 0.01944867 -0.01920260 0.02200000
v 0.01834600 -0.01760781 0.02200000
v 0.01829375 -0.01840521 0.02200000
v 0.01614067 -0.01441823 0.02200000
v 0.01724333 -0.01601302 0.02200000
v 0.01598392 -0.01681042 0.02200000
v 0.01719108 -0.01681042 0.02200000
v 0.01713883 -0.01760781 0.02200000
v 0.01774242 -0.01760781 0.02200000
v 0.01173000 -0.00803906 0.02200000
v 0.01283267 -0.00963385 0.02200000
v 0.01112642 -0.00803906 0.02200000
v 0.01503800 -0.01282344 0.02200000
v 0.01393533 -0.01122865 0.02200000
v 0.00991925 -0.00803906 0.02200000
v 0.01222908 -0.00963385 0.02200000
v 0.01052283 -0.00803906 0.02200000
v 0.01167775 -0.00883646 0.02200000
v 0.01136425 -0.01362083 0.02200000
v 0.01257142 -0.01362083 0.02200000
v 0.01251917 -0.01441823 0.02200000
v 0.01081292 -0.01282344 0.02200000
v 0.01498575 -0.01362083 0.02200000
v 0.01377858 -0.01362083 0.02200000
v 0.01553708 -0.01441823 0.02200000
v 0.01482900 -0.01601302 0.02200000
v 0.01372633 -0.01441823 0.02200000
v 0.01367408 -0.01521562 0.02200000
v 0.01543258 -0.01601302 0.02200000
v 0.01312275 -0.01441823 0.02200000
v 0.00971025 -0.01122865 0.02200000
v 0.01202008 -0.01282344 0.02200000
v 0.01026158 -0.01202604 0.02200000
v 0.01141650 -0.01282344 0.02200000
v 0.01663975 -0.01601302 0.02200000
v 0.01432992 -0.01441823 0.02200000
v 0.01608842 -0.01521562 0.02200000
v 0.01603617 -0.01601302 0.02200000
v 0.01493350 -0.01441823 0.02200000
v 0.01488125 -0.01521562 0.02200000
v 0.00750492 -0.00803906 0.02200000
v 0.00981475 -0.00963385 0.02200000
v 0.00810850 -0.00803906 0.02200000
v 0.00805625 -0.00883646 0.02200000
v 0.01443442 -0.01282344 0.02200000
v 0.01212458 -0.01122865 0.02200000
v 0.01388308 -0.01202604 0.02200000
v 0.01383083 -0.01282344 0.02200000
v 0.00931567 -0.00803906 0.02200000
v 0.01041833 -0.00963385 0.02200000
v 0.00871208 -0.00803906 0.02200000
v 0.01047058 -0.00883646 0.02200000
v 0.00926342 -0.00883646 0.02200000
v 0.00915892 -0.01043125 0.02200000
v 0.01036608 -0.01043125 0.02200000
v 0.00860758 -0.00963385 0.02200000
v 0.01031383 -0.01122865 0.02200000
v 0.00921117 -0.00963385 0.02200000
v 0.01278042 -0.01043125 0.02200000
v 0.01157325 -0.01043125 0.02200000
v 0.01333175 -0.01122865 0.02200000
v 0.01162550 -0.00963385 0.02200000
v 0.01272817 -0.01122865 0.02200000
v 0.01102192 -0.00963385 0.02200000
v 0.01262367 -0.01282344 0.02200000
v 0.01152100 -0.01122865 0.02200000
v 0.01322725 -0.01282344 0.02200000
v 0.01146875 -0.01202604 0.02200000
v 0.01267592 -0.01202604 0.02200000
v 0.01091742 -0.01122865 0.02200000
v 0.01017867 -0.00624167 0.02050000
v 0.01031200 -0.00637500 0.02070000
v 0.00964175 -0.00630833 0.02060000
v 0.01057867 -0.00664167 0.02110000
v 0.01044533 -0.00650833 0.02090000
v 0.00856792 -0.00644167 0.02080000
v 0.00977508 -0.00644167 0.02080000
v 0.00910483 -0.00637500 0.02070000
v 0.00970842 -0.00637500 0.02070000
v 0.01111200 -0.00717500 0.02190000
v 0.01097867 -0.00704167 0.02170000
v 0.01050842 -0.00717500 0.02190000
v 0.01071200 -0.00677500 0.02130000
v 0.01084533 -0.00690833 0.02150000
v 0.00930125 -0.00717500 0.02190000
v 0.01037508 -0.00704167 0.02170000
v 0.00990483 -0.00717500 0.02190000
v 0.01044175 -0.00710833 0.02180000
v 0.00642025 -0.00670833 0.02120000
v 0.00762742 -0.00670833 0.02120000
v 0.00695717 -0.00664167 0.02110000
v 0.00648692 -0.00677500 0.02130000
v 0.01004175 -0.00670833 0.02120000
v 0.00883458 -0.00670833 0.02120000
v 0.00997508 -0.00664167 0.02110000
v 0.00803100 -0.00650833 0.02090000
v 0.00816433 -0.00664167 0.02110000
v 0.00749408 -0.00657500 0.02100000
v 0.00863458 -0.00650833 0.02090000
v 0.00756075 -0.00664167 0.02110000
v 0.00662025 -0.00690833 0.02150000
v 0.00769408 -0.00677500 0.02130000
v 0.00655358 -0.00684167 0.02140000
v 0.00709050 -0.00677500 0.02130000
v 0.00984175 -0.00650833 0.02090000
v 0.00876792 -0.00664167 0.02110000
v 0.00990842 -0.00657500 0.02100000
v 0.00923817 -0.00650833 0.02090000
v 0.00937150 -0.00664167 0.02110000
v 0.00870125 -0.00657500 0.02100000
v 0.00688692 -0.00717500 0.02190000
v 0.00796075 -0.00704167 0.02170000
v 0.00749050 -0.00717500 0.02190000
v 0.00682025 -0.00710833 0.02180000
v 0.01010842 -0.00677500 0.02130000
v 0.00903458 -0.00690833 0.02150000
v 0.01017508 -0.00684167 0.02140000
v 0.00950483 -0.00677500 0.02130000
v 0.00869767 -0.00717500 0.02190000
v 0.00856433 -0.00704167 0.02170000
v 0.00809408 -0.00717500 0.02190000
v 0.00923458 -0.00710833 0.02180000
v 0.00802742 -0.00710833 0.02180000
v 0.00668692 -0.00697500 0.02160000
v 0.00789408 -0.00697500 0.02160000
v 0.00675358 -0.00704167 0.02170000
v 0.00722383 -0.00690833 0.02150000
v 0.00735717 -0.00704167 0.02170000
v 0.01030842 -0.00697500 0.02160000
v 0.00910125 -0.00697500 0.02160000
v 0.01024175 -0.00690833 0.02150000
v 0.00977150 -0.00704167 0.02170000
v 0.00963817 -0.00690833 0.02150000
v 0.00916792 -0.00704167 0.02170000
v 0.00829767 -0.00677500 0.02130000
v 0.00843100 -0.00690833 0.02150000
v 0.00890125 -0.00677500 0.02130000
v 0.00776075 -0.00684167 0.02140000
v 0.00896792 -0.00684167 0.02140000
v 0.00782742 -0.00690833 0.02150000
v 0.00258800 -0.00540313 0.00400000
v 0.00258800 -0.00385938 0.00400000
v 0.00305825 -0.00540313 0.00400000
v 0.00258800 -0.00077188 0.00400000
v 0.00258800 -0.00231563 0.00400000
v 0.00399875 -0.00540313 0.00400000
v 0.00305825 -0.00385938 0.00400000
v 0.00352850 -0.00540313 0.00400000
v 0.00305825 -0.00463125 0.00400000
v 0.00258800 0.00540313 0.00400000
v 0.00258800 0.00385938 0.00400000
v 0.00258800 0.00077188 0.00400000
v 0.00258800 0.00231563 0.00400000
v 0.00587975 -0.00540313 0.00400000
v 0.00493925 -0.00385938 0.00400000
v 0.00540950 -0.00540313 0.00400000
v 0.00305825 -0.00077188 0.00400000
v 0.00399875 -0.00231563 0.00400000
v 0.00305825 -0.00154375 0.00400000
v 0.00446900 -0.00540313 0.00400000
v 0.00446900 -0.00385938 0.00400000
v 0.00493925 -0.00540313 0.00400000
v 0.00399875 -0.00463125 0.00400000
v 0.00493925 -0.00463125 0.00400000
v 0.00305825 -0.00308750 0.00400000
v 0.00399875 -0.00308750 0.00400000
v 0.00305825 -0.00231563 0.00400000
v 0.00352850 -0.00385938 0.00400000
v 0.00352850 -0.00231563 0.00400000
v 0.00399875 -0.00385938 0.00400000
v 0.00964175 -0.00540313 0.00400000
v 0.00870125 -0.00385938 0.00400000
v 0.00917150 -0.00540313 0.00400000
v 0.00682025 -0.00077188 0.00400000
v 0.00776075 -0.00231563 0.00400000
v 0.00823100 -0.00540313 0.00400000
v 0.00823100 -0.00385938 0.00400000
v 0.00870125 -0.00540313 0.00400000
v 0.00870125 -0.00463125 0.00400000
v 0.00305825 0.00540313 0.00400000
v 0.00399875 0.00385938 0.00400000
v 0.00305825 0.00463125 0.00400000
v 0.00587975 0.00077188 0.00400000
v 0.00493925 0.00231563 0.00400000
v 0.00305825 0.00308750 0.00400000
v 0.00399875 0.00308750 0.00400000
v 0.00305825 0.00385938 0.00400000
v 0.00352850 0.00385938 0.00400000
v 0.00635000 -0.00540313 0.00400000
v 0.00635000 -0.00385938 0.00400000
v 0.00682025 -0.00540313 0.00400000
v 0.00587975 -0.00463125 0.00400000
v 0.00635000 -0.00077188 0.00400000
v 0.00635000 -0.00231563 0.00400000
v 0.00682025 -0.00154375 0.00400000
v 0.00776075 -0.00540313 0.00400000
v 0.00682025 -0.00385938 0.00400000
v 0.00729050 -0.00540313 0.00400000
v 0.00776075 -0.00463125 0.00400000
v 0.00682025 -0.00463125 0.00400000
v 0.00493925 -0.00308750 0.00400000
v 0.00587975 -0.00308750 0.00400000
v 0.00540950 -0.00385938 0.00400000
v 0.00587975 -0.00385938 0.00400000
v 0.00776075 -0.00308750 0.00400000
v 0.00682025 -0.00308750 0.00400000
v 0.00729050 -0.00231563 0.00400000
v 0.00776075 -0.00385938 0.00400000
v 0.00682025 -0.00231563 0.00400000
v 0.00729050 -0.00385938 0.00400000
v 0.00305825 0.00000000 0.00400000
v 0.00399875 0.00000000 0.00400000
v 0.00305825 0.00077188 0.00400000
v 0.00352850 -0.00077188 0.00400000
v 0.00587975 0.00000000 0.00400000
v 0.00493925 0.00000000 0.00400000
v 0.00540950 0.00077188 0.00400000
v 0.00587975 -0.00077188 0.00400000
v 0.00305825 0.00231563 0.00400000
v 0.00399875 0.00077188 0.00400000
v 0.00305825 0.00154375 0.00400000
v 0.00352850 0.00231563 0.00400000
v 0.00352850 0.00077188 0.00400000
v 0.00446900 -0.00231563 0.00400000
v 0.00446900 -0.00077188 0.00400000
v 0.00399875 -0.00154375 0.00400000
v 0.00493925 -0.00231563 0.00400000
v 0.00399875 -0.00077188 0.00400000
v 0.00446900 0.00231563 0.00400000
v 0.00446900 0.00077188 0.00400000
v 0.00493925 0.00154375 0.00400000
v 0.00399875 0.00231563 0.00400000
v 0.00493925 0.00077188 0.00400000
v 0.00399875 0.00154375 0.00400000
v 0.00587975 -0.00231563 0.00400000
v 0.00493925 -0.00077188 0.00400000
v 0.00587975 -0.00154375 0.00400000
v 0.00540950 -0.00231563 0.00400000
v 0.00540950 -0.00077188 0.00400000
v 0.00493925 -0.00154375 0.00400000
v 0.01011200 -0.00540313 0.00400000
v 0.01011200 -0.00385938 0.00400000
v 0.01011200 -0.00540313 0.00502500
v 0.00964175 -0.00463125 0.00400000
v 0.01011200 -0.00077188 0.00400000
v 0.01011200 -0.00231563 0.00400000
v 0.01011200 -0.00540313 0.00707500
v 0.01011200 -0.00385938 0.00502500
v 0.01011200 -0.00540313 0.00605000
v 0.01011200 -0.00463125 0.00502500
v 0.00870125 -0.00308750 0.00400000
v 0.00964175 -0.00308750 0.00400000
v 0.00917150 -0.00385938 0.00400000
v 0.00964175 -0.00385938 0.00400000
v 0.01011200 0.00540313 0.00400000
v 0.01011200 0.00385938 0.00400000
v 0.01011200 0.00077188 0.00400000
v 0.01011200 0.00231563 0.00400000
v 0.01011200 -0.00540313 0.01117500
v 0.01011200 -0.00385938 0.00912500
v 0.01011200 -0.00540313 0.01015000
v 0.01011200 -0.00077188 0.00502500
v 0.01011200 -0.00231563 0.00707500
v 0.01011200 -0.00154375 0.00502500
v 0.01011200 -0.00540313 0.00810000
v 0.01011200 -0.00385938 0.00810000
v 0.01011200 -0.00540313 0.00912500
v 0.01011200 -0.00463125 0.00707500
v 0.01011200 -0.00463125 0.00912500
v 0.01011200 -0.00308750 0.00502500
v 0.01011200 -0.00308750 0.00707500
v 0.01011200 -0.00231563 0.00502500
v 0.01011200 -0.00385938 0.00605000
v 0.01011200 -0.00231563 0.00605000
v 0.01011200 -0.00385938 0.00707500
v 0.00682025 0.00000000 0.00400000
v 0.00776075 0.00000000 0.00400000
v 0.00729050 -0.00077188 0.00400000
v 0.00964175 0.00000000 0.00400000
v 0.00870125 0.00000000 0.00400000
v 0.00964175 -0.00077188 0.00400000
v 0.00823100 -0.00231563 0.00400000
v 0.00823100 -0.00077188 0.00400000
v 0.00776075 -0.00154375 0.00400000
v 0.00870125 -0.00231563 0.00400000
v 0.00776075 -0.00077188 0.00400000
v 0.00964175 -0.00231563 0.00400000
v 0.00870125 -0.00077188 0.00400000
v 0.00964175 -0.00154375 0.00400000
v 0.00917150 -0.00231563 0.00400000
v 0.00917150 -0.00077188 0.00400000
v 0.00870125 -0.00154375 0.00400000
v 0.01011200 -0.00540313 0.01937500
v 0.01011200 -0.00385938 0.01732500
v 0.01011200 -0.00540313 0.01835000
v 0.01011200 -0.00077188 0.01322500
v 0.01011200 -0.00231563 0.01527500
v 0.01011200 -0.00540313 0.01630000
v 0.01011200 -0.00385938 0.01630000
v 0.01011200 -0.00540313 0.01732500
v 0.01011200 -0.00463125 0.01732500
v 0.01011200 0.00540313 0.00502500
v 0.01011200 0.00385938 0.00707500
v 0.01011200 0.00463125 0.00502500
v 0.01011200 0.00077188 0.01117500
v 0.01011200 0.00231563 0.00912500
v 0.01011200 0.00308750 0.00502500
v 0.01011200 0.00308750 0.00707500
v 0.01011200 0.00385938 0.00502500
v 0.01011200 0.00385938 0.00605000
v 0.01011200 -0.00540313 0.01220000
v 0.01011200 -0.00385938 0.01220000
v 0.01011200 -0.00540313 0.01322500
v 0.01011200 -0.00463125 0.01117500
v 0.01011200 -0.00077188 0.01220000
v 0.01011200 -0.00231563 0.01220000
v 0.01011200 -0.00154375 0.01322500
v 0.01011200 -0.00540313 0.01527500
v 0.01011200 -0.00385938 0.01322500
v 0.01011200 -0.00540313 0.01425000
v 0.01011200 -0.00463125 0.01527500
v 0.01011200 -0.00463125 0.01322500
v 0.01011200 -0.00308750 0.00912500
v 0.01011200 -0.00308750 0.01117500
v 0.01011200 -0.00385938 0.01015000
v 0.01011200 -0.00385938 0.01117500
v 0.01011200 -0.00308750 0.01527500
v 0.01011200 -0.00308750 0.01322500
v 0.01011200 -0.00231563 0.01425000
v 0.01011200 -0.00385938 0.01527500
v 0.01011200 -0.00231563 0.01322500
v 0.01011200 -0.00385938 0.01425000
v 0.01011200 0.00000000 0.00502500
v 0.01011200 0.00000000 0.00707500
v 0.01011200 0.00077188 0.00502500
v 0.01011200 -0.00077188 0.00605000
v 0.01011200 0.00000000 0.01117500
v 0.01011200 0.00000000 0.00912500
v 0.01011200 0.00077188 0.01015000
v 0.01011200 -0.00077188 0.01117500
v 0.01011200 0.00231563 0.00502500
v 0.01011200 0.00077188 0.00707500
v 0.01011200 0.00154375 0.00502500
v 0.01011200 0.00231563 0.00605000
v 0.01011200 0.00077188 0.00605000
v 0.01011200 -0.00231563 0.00810000
v 0.01011200 -0.00077188 0.00810000
v 0.01011200 -0.00154375 0.00707500
v 0.01011200 -0.00231563 0.00912500
v 0.01011200 -0.00077188 0.00707500
v 0.01011200 0.00231563 0.00810000
v 0.01011200 0.00077188 0.00810000
v 0.01011200 0.00154375 0.00912500
v 0.01011200 0.00231563 0.00707500
v 0.01011200 0.00077188 0.00912500
v 0.01011200 0.00154375 0.00707500
v 0.01011200 -0.00231563 0.01117500
v 0.01011200 -0.00077188 0.00912500
v 0.01011200 -0.00154375 0.01117500
v 0.01011200 -0.00231563 0.01015000
v 0.01011200 -0.00077188 0.01015000
v 0.01011200 -0.00154375 0.00912500
v 0.00305825 0.00617500 0.00400000
v 0.00399875 0.00617500 0.00400000
v 0.00352850 0.00540313 0.00400000
v 0.00587975 0.00617500 0.00400000
v 0.00493925 0.00617500 0.00400000
v 0.00446900 0.00385938 0.00400000
v 0.00446900 0.00540313 0.00400000
v 0.00399875 0.00463125 0.00400000
v 0.00399875 0.00540313 0.00400000
v 0.00964175 0.00617500 0.00400000
v 0.00870125 0.00617500 0.00400000
v 0.00964175 0.00540313 0.00400000
v 0.00682025 0.00617500 0.00400000
v 0.00776075 0.00617500 0.00400000
v 0.00964175 0.00385938 0.00400000
v 0.00870125 0.00540313 0.00400000
v 0.00964175 0.00463125 0.00400000
v 0.00917150 0.00540313 0.00400000
v 0.00635000 0.00077188 0.00400000
v 0.00635000 0.00231563 0.00400000
v 0.00587975 0.00154375 0.00400000
v 0.00682025 0.00077188 0.00400000
v 0.00635000 0.00540313 0.00400000
v 0.00635000 0.00385938 0.00400000
v 0.00587975 0.00540313 0.00400000
v 0.00493925 0.00308750 0.00400000
v 0.00587975 0.00308750 0.00400000
v 0.00540950 0.00231563 0.00400000
v 0.00493925 0.00385938 0.00400000
v 0.00587975 0.00231563 0.00400000
v 0.00776075 0.00077188 0.00400000
v 0.00682025 0.00231563 0.00400000
v 0.00729050 0.00077188 0.00400000
v 0.00682025 0.00154375 0.00400000
v 0.00493925 0.00540313 0.00400000
v 0.00587975 0.00385938 0.00400000
v 0.00540950 0.00540313 0.00400000
v 0.00493925 0.00463125 0.00400000
v 0.00587975 0.00463125 0.00400000
v 0.00540950 0.00385938 0.00400000
v 0.00964175 0.00077188 0.00400000
v 0.00870125 0.00231563 0.00400000
v 0.00964175 0.00154375 0.00400000
v 0.00917150 0.00077188 0.00400000
v 0.00682025 0.00540313 0.00400000
v 0.00776075 0.00385938 0.00400000
v 0.00729050 0.00540313 0.00400000
v 0.00682025 0.00463125 0.00400000
v 0.00964175 0.00308750 0.00400000
v 0.00870125 0.00308750 0.00400000
v 0.00964175 0.00231563 0.00400000
v 0.00917150 0.00385938 0.00400000
v 0.00917150 0.00231563 0.00400000
v 0.00823100 0.00077188 0.00400000
v 0.00823100 0.00231563 0.00400000
v 0.00870125 0.00077188 0.00400000
v 0.00776075 0.00154375 0.00400000
v 0.00870125 0.00154375 0.00400000
v 0.00823100 0.00540313 0.00400000
v 0.00823100 0.00385938 0.00400000
v 0.00776075 0.00540313 0.00400000
v 0.00870125 0.00463125 0.00400000
v 0.00776075 0.00463125 0.00400000
v 0.00870125 0.00385938 0.00400000
v 0.00682025 0.00308750 0.00400000
v 0.00776075 0.00308750 0.00400000
v 0.00682025 0.00385938 0.00400000
v 0.00729050 0.00231563 0.00400000
v 0.00729050 0.00385938 0.00400000
v 0.00776075 0.00231563 0.00400000
v -0.01750000 0.02000000 0.00000000
v -0.01250000 0.02000000 0.00000000
v -0.01500000 0.01750000 0.00000000
v -0.00250000 0.02000000 0.00000000
v -0.00750000 0.02000000 0.00000000
v -0.01000000 0.01250000 0.00000000
v -0.01000000 0.01750000 0.00000000
v -0.01250000 0.01500000 0.00000000
v -0.01250000 0.01750000 0.00000000
v 0.01750000 0.02000000 0.00000000
v 0.01250000 0.02000000 0.00000000
v 0.00250000 0.02000000 0.00000000
v 0.00750000 0.02000000 0.00000000
v 0.00000000 0.00250000 0.00000000
v 0.00000000 0.00750000 0.00000000
v -0.00250000 0.00500000 0.00000000
v 0.00000000 0.01750000 0.00000000
v 0.00000000 0.01250000 0.00000000
v -0.00250000 0.01750000 0.00000000
v -0.00750000 0.01000000 0.00000000
v -0.00250000 0.01000000 0.00000000
v -0.00500000 0.00750000 0.00000000
v -0.00750000 0.01250000 0.00000000
v -0.00250000 0.00750000 0.00000000
v -0.00750000 0.01750000 0.00000000
v -0.00250000 0.01250000 0.00000000
v -0.00500000 0.01750000 0.00000000
v -0.00750000 0.01500000 0.00000000
v -0.00250000 0.01500000 0.00000000
v -0.00500000 0.01250000 0.00000000
v 0.02000000 -0.01750000 0.00000000
v 0.02000000 -0.01250000 0.00000000
v 0.01750000 -0.01500000 0.00000000
v 0.02000000 -0.01750000 0.00137500
v 0.02000000 -0.00250000 0.00000000
v 0.02000000 -0.00750000 0.00000000
v 0.01250000 -0.01000000 0.00000000
v 0.01750000 -0.01000000 0.00000000
v 0.01500000 -0.01250000 0.00000000
v 0.01750000 -0.01250000 0.00000000
v 0.02000000 -0.01750000 0.00412500
v 0.02000000 -0.01250000 0.00137500
v 0.02000000 -0.01750000 0.00275000
v 0.02000000 -0.01500000 0.00137500
v 0.02000000 0.01750000 0.00000000
v 0.02000000 0.01250000 0.00000000
v 0.01750000 0.01750000 0.00000000
v 0.02000000 0.00250000 0.00000000
v 0.02000000 0.00750000 0.00000000
v 0.01250000 0.01750000 0.00000000
v 0.01750000 0.01250000 0.00000000
v 0.01500000 0.01750000 0.00000000
v 0.01750000 0.01500000 0.00000000
v 0.00250000 0.00000000 0.00000000
v 0.00750000 0.00000000 0.00000000
v 0.00500000 -0.00250000 0.00000000
v 0.00250000 0.00250000 0.00000000
v 0.01750000 0.00000000 0.00000000
v 0.01250000 0.00000000 0.00000000
v 0.01750000 -0.00250000 0.00000000
v 0.01000000 -0.00750000 0.00000000
v 0.01000000 -0.00250000 0.00000000
v 0.00750000 -0.00500000 0.00000000
v 0.01250000 -0.00750000 0.00000000
v 0.00750000 -0.00250000 0.00000000
v 0.00250000 0.00750000 0.00000000
v 0.00750000 0.00250000 0.00000000
v 0.00250000 0.00500000 0.00000000
v 0.00500000 0.00250000 0.00000000
v 0.01750000 -0.00750000 0.00000000
v 0.01250000 -0.00250000 0.00000000
v 0.01750000 -0.00500000 0.00000000
v 0.01500000 -0.00750000 0.00000000
v 0.01500000 -0.00250000 0.00000000
v 0.01250000 -0.00500000 0.00000000
v 0.02000000 -0.01750000 0.00962500
v 0.02000000 -0.01250000 0.00687500
v 0.02000000 -0.01750000 0.00825000
v 0.02000000 -0.00250000 0.00137500
v 0.02000000 -0.00750000 0.00412500
v 0.02000000 -0.00500000 0.00137500
v 0.02000000 -0.01750000 0.00550000
v 0.02000000 -0.01250000 0.00550000
v 0.02000000 -0.01750000 0.00687500
v 0.02000000 -0.01500000 0.00412500
v 0.02000000 -0.01500000 0.00687500
v 0.02000000 -0.01000000 0.00137500
v 0.02000000 -0.01000000 0.00412500
v 0.02000000 -0.00750000 0.00137500
v 0.02000000 -0.01250000 0.00275000
v 0.02000000 -0.00750000 0.00275000
v 0.02000000 -0.01250000 0.00412500
v 0.00250000 0.01750000 0.00000000
v 0.00750000 0.01250000 0.00000000
v 0.00500000 0.01750000 0.00000000
v 0.00250000 0.01500000 0.00000000
v 0.01750000 0.00250000 0.00000000
v 0.01250000 0.00750000 0.00000000
v 0.01750000 0.00500000 0.00000000
v 0.01500000 0.00250000 0.00000000
v 0.01000000 0.01750000 0.00000000
v 0.01000000 0.01250000 0.00000000
v 0.00750000 0.01750000 0.00000000
v 0.01250000 0.01500000 0.00000000
v 0.00750000 0.01500000 0.00000000
v 0.00250000 0.01000000 0.00000000
v 0.00750000 0.01000000 0.00000000
v 0.00250000 0.01250000 0.00000000
v 0.00500000 0.00750000 0.00000000
v 0.00500000 0.01250000 0.00000000
v 0.01750000 0.01000000 0.00000000
v 0.01250000 0.01000000 0.00000000
v 0.01750000 0.00750000 0.00000000
v 0.01500000 0.01250000 0.00000000
v 0.01500000 0.00750000 0.00000000
v 0.01250000 0.01250000 0.00000000
v 0.01000000 0.00250000 0.00000000
v 0.01000000 0.00750000 0.00000000
v 0.01250000 0.00250000 0.00000000
v 0.00750000 0.00500000 0.00000000
v 0.01250000 0.00500000 0.00000000
v 0.00750000 0.00750000 0.00000000
v 0.02000000 -0.01750000 0.02062500
v 0.02000000 -0.01250000 0.01787500
v 0.02000000 -0.01750000 0.01925000
v 0.02000000 -0.00250000 0.01237500
v 0.02000000 -0.00750000 0.01512500
v 0.02000000 -0.01750000 0.01650000
v 0.02000000 -0.01250000 0.01650000
v 0.02000000 -0.01750000 0.01787500
v 0.02000000 -0.01500000 0.01787500
v 0.02000000 0.01750000 0.00137500
v 0.02000000 0.01250000 0.00412500
v 0.02000000 0.01500000 0.00137500
v 0.02000000 0.00250000 0.00962500
v 0.02000000 0.00750000 0.00687500
v 0.02000000 0.01000000 0.00137500
v 0.02000000 0.01000000 0.00412500
v 0.02000000 0.01250000 0.00137500
v 0.02000000 0.01250000 0.00275000
v 0.02000000 -0.01750000 0.01100000
v 0.02000000 -0.01250000 0.01100000
v 0.02000000 -0.01750000 0.01237500
v 0.02000000 -0.01500000 0.00962500
v 0.02000000 -0.00250000 0.01100000
v 0.02000000 -0.00750000 0.01100000
v 0.02000000 -0.00500000 0.01237500
v 0.02000000 -0.01750000 0.01512500
v 0.02000000 -0.01250000 0.01237500
v 0.02000000 -0.01750000 0.01375000
v 0.02000000 -0.01500000 0.01512500
v 0.02000000 -0.01500000 0.01237500
v 0.02000000 -0.01000000 0.00687500
v 0.02000000 -0.01000000 0.00962500
v 0.02000000 -0.01250000 0.00825000
v 0.02000000 -0.01250000 0.00962500
v 0.02000000 -0.01000000 0.01512500
v 0.02000000 -0.01000000 0.01237500
v 0.02000000 -0.00750000 0.01375000
v 0.02000000 -0.01250000 0.01512500
v 0.02000000 -0.00750000 0.01237500
v 0.02000000 -0.01250000 0.01375000
v 0.02000000 0.00000000 0.00137500
v 0.02000000 0.00000000 0.00412500
v 0.02000000 0.00250000 0.00137500
v 0.02000000 -0.00250000 0.00275000
v 0.02000000 0.00000000 0.00962500
v 0.02000000 0.00000000 0.00687500
v 0.02000000 0.00250000 0.00825000
v 0.02000000 -0.00250000 0.00962500
v 0.02000000 0.00750000 0.00137500
v 0.02000000 0.00250000 0.00412500
v 0.02000000 0.00500000 0.00137500
v 0.02000000 0.00750000 0.00275000
v 0.02000000 0.00250000 0.00275000
v 0.02000000 -0.00750000 0.00550000
v 0.02000000 -0.00250000 0.00550000
v 0.02000000 -0.00500000 0.00412500
v 0.02000000 -0.00750000 0.00687500
v 0.02000000 -0.00250000 0.00412500
v 0.02000000 0.00750000 0.00550000
v 0.02000000 0.00250000 0.00550000
v 0.02000000 0.00500000 0.00687500
v 0.02000000 0.00750000 0.00412500
v 0.02000000 0.00250000 0.00687500
v 0.02000000 0.00500000 0.00412500
v 0.02000000 -0.00750000 0.00962500
v 0.02000000 -0.00250000 0.00687500
v 0.02000000 -0.00500000 0.00962500
v 0.02000000 -0.00750000 0.00825000
v 0.02000000 -0.00250000 0.00825000
v 0.02000000 -0.00500000 0.00687500
v -0.00133117 -0.00633646 0.02200000
v -0.00095083 -0.00452604 0.02200000
v -0.00133117 -0.00543125 0.02200000
v -0.00114100 -0.00633646 0.02200000
v -0.00019017 -0.00090521 0.02200000
v -0.00057050 -0.00271562 0.02200000
v -0.00133117 -0.00362083 0.02200000
v -0.00095083 -0.00362083 0.02200000
v -0.00133117 -0.00452604 0.02200000
v -0.00114100 -0.00452604 0.02200000
v -0.00076067 -0.00633646 0.02200000
v -0.00076067 -0.00452604 0.02200000
v -0.00095083 -0.00633646 0.02200000
v -0.00095083 -0.00543125 0.02200000
v 0.00133117 0.00633646 0.02200000
v 0.00095083 0.00452604 0.02200000
v 0.00019017 0.00090521 0.02200000
v 0.00057050 0.00271562 0.02200000
v -0.00133117 0.00000000 0.02200000
v -0.00095083 0.00000000 0.02200000
v -0.00133117 -0.00090521 0.02200000
v -0.00019017 0.00000000 0.02200000
v -0.00057050 0.00000000 0.02200000
v -0.00038033 -0.00090521 0.02200000
v -0.00133117 -0.00271562 0.02200000
v -0.00095083 -0.00090521 0.02200000
v -0.00133117 -0.00181042 0.02200000
v -0.00114100 -0.00271562 0.02200000
v -0.00114100 -0.00090521 0.02200000
v -0.00076067 -0.00271562 0.02200000
v -0.00076067 -0.00090521 0.02200000
v -0.00057050 -0.00181042 0.02200000
v -0.00095083 -0.00271562 0.02200000
v -0.00057050 -0.00090521 0.02200000
v -0.00095083 -0.00181042 0.02200000
v 0.00000000 -0.00633646 0.02200000
v 0.00000000 -0.00452604 0.02200000
v -0.00019017 -0.00633646 0.02200000
v 0.00000000 -0.00090521 0.02200000
v 0.00000000 -0.00271562 0.02200000
v -0.00019017 -0.00181042 0.02200000
v -0.00057050 -0.00633646 0.02200000
v -0.00019017 -0.00452604 0.02200000
v -0.00038033 -0.00633646 0.02200000
v -0.00057050 -0.00543125 0.02200000
v -0.00019017 -0.00543125 0.02200000
v -0.00057050 -0.00362083 0.02200000
v -0.00019017 -0.00362083 0.02200000
v -0.00038033 -0.00271562 0.02200000
v -0.00057050 -0.00452604 0.02200000
v -0.00019017 -0.00271562 0.02200000
v -0.00038033 -0.00452604 0.02200000
v -0.01865492 0.01920260 0.02200000
v -0.01596475 0.01760781 0.02200000
v -0.01750000 0.01840521 0.02200000
v -0.01058442 0.01441823 0.02200000
v -0.01327458 0.01601302 0.02200000
v -0.01519017 0.01681042 0.02200000
v -0.01480983 0.01681042 0.02200000
v -0.01634508 0.01760781 0.02200000
v -0.01615492 0.01760781 0.02200000
v 0.00017625 0.00803906 0.02200000
v -0.00251392 0.00963385 0.02200000
v -0.00789425 0.01282344 0.02200000
v -0.00520408 0.01122865 0.02200000
v -0.01057050 0.01362083 0.02200000
v -0.01019017 0.01362083 0.02200000
v -0.01172542 0.01441823 0.02200000
v -0.00942950 0.01362083 0.02200000
v -0.00980983 0.01362083 0.02200000
v -0.01077458 0.01441823 0.02200000
v -0.01403525 0.01601302 0.02200000
v -0.01134508 0.01441823 0.02200000
v -0.01288033 0.01521562 0.02200000
v -0.01384508 0.01601302 0.02200000
v -0.01153525 0.01441823 0.02200000
v -0.01346475 0.01601302 0.02200000
v -0.01115492 0.01441823 0.02200000
v -0.01211967 0.01521562 0.02200000
v -0.01365492 0.01601302 0.02200000
v -0.01096475 0.01441823 0.02200000
v -0.01250000 0.01521562 0.02200000
v -0.00133117 0.00724167 0.02200000
v -0.00095083 0.00724167 0.02200000
v -0.00133117 0.00633646 0.02200000
v -0.00248608 0.00803906 0.02200000
v -0.00019017 0.00724167 0.02200000
v -0.00057050 0.00724167 0.02200000
v -0.00133117 0.00452604 0.02200000
v -0.00095083 0.00633646 0.02200000
v -0.00133117 0.00543125 0.02200000
v -0.00114100 0.00633646 0.02200000
v -0.00479592 0.00963385 0.02200000
v -0.00210575 0.00803906 0.02200000
v -0.00364100 0.00883646 0.02200000
v -0.00229592 0.00803906 0.02200000
v 0.00133117 0.00724167 0.02200000
v 0.00095083 0.00724167 0.02200000
v 0.00114100 0.00633646 0.02200000
v -0.00001392 0.00803906 0.02200000
v 0.00019017 0.00724167 0.02200000
v 0.00057050 0.00724167 0.02200000
v 0.00076067 0.00452604 0.02200000
v 0.00076067 0.00633646 0.02200000
v 0.00095083 0.00543125 0.02200000
v 0.00095083 0.00633646 0.02200000
v -0.00270408 0.00963385 0.02200000
v -0.00039425 0.00803906 0.02200000
v -0.00135900 0.00883646 0.02200000
v -0.00020408 0.00803906 0.02200000
v -0.00133117 0.00090521 0.02200000
v -0.00095083 0.00271562 0.02200000
v -0.00133117 0.00181042 0.02200000
v -0.00114100 0.00090521 0.02200000
v -0.00019017 0.00633646 0.02200000
v -0.00057050 0.00452604 0.02200000
v -0.00038033 0.00633646 0.02200000
v -0.00133117 0.00362083 0.02200000
v -0.00095083 0.00362083 0.02200000
v -0.00133117 0.00271562 0.02200000
v -0.00114100 0.00452604 0.02200000
v -0.00114100 0.00271562 0.02200000
v -0.00076067 0.00090521 0.02200000
v -0.00076067 0.00271562 0.02200000
v -0.00095083 0.00090521 0.02200000
v -0.00095083 0.00181042 0.02200000
v -0.00076067 0.00633646 0.02200000
v -0.00076067 0.00452604 0.02200000
v -0.00057050 0.00633646 0.02200000
v -0.00095083 0.00543125 0.02200000
v -0.00057050 0.00543125 0.02200000
v -0.00095083 0.00452604 0.02200000
v -0.00941558 0.01282344 0.02200000
v -0.00672542 0.01122865 0.02200000
v -0.00826067 0.01202604 0.02200000
v -0.00922542 0.01282344 0.02200000
v -0.00134508 0.00803906 0.02200000
v -0.00403525 0.00963385 0.02200000
v -0.00153525 0.00803906 0.02200000
v -0.00595083 0.01043125 0.02200000
v -0.00557050 0.01043125 0.02200000
v -0.00710575 0.01122865 0.02200000
v -0.00460575 0.00963385 0.02200000
v -0.00691558 0.01122865 0.02200000
v -0.00884508 0.01282344 0.02200000
v -0.00653525 0.01122865 0.02200000
v -0.00903525 0.01282344 0.02200000
v -0.00788033 0.01202604 0.02200000
v -0.00191558 0.00803906 0.02200000
v -0.00422542 0.00963385 0.02200000
v -0.00172542 0.00803906 0.02200000
v -0.00326067 0.00883646 0.02200000
v -0.00288033 0.00883646 0.02200000
v -0.00441558 0.00963385 0.02200000
v 0.00000000 0.00090521 0.02200000
v 0.00000000 0.00271562 0.02200000
v 0.00019017 0.00181042 0.02200000
v -0.00019017 0.00090521 0.02200000
v 0.00000000 0.00633646 0.02200000
v 0.00000000 0.00452604 0.02200000
v 0.00019017 0.00633646 0.02200000
v -0.00019017 0.00543125 0.02200000
v 0.00057050 0.00362083 0.02200000
v 0.00019017 0.00362083 0.02200000
v 0.00038033 0.00271562 0.02200000
v 0.00057050 0.00452604 0.02200000
v 0.00019017 0.00271562 0.02200000
v -0.00057050 0.00090521 0.02200000
v -0.00019017 0.00271562 0.02200000
v -0.00038033 0.00090521 0.02200000
v -0.00057050 0.00181042 0.02200000
v -0.00019017 0.00181042 0.02200000
v 0.00057050 0.00633646 0.02200000
v 0.00019017 0.00452604 0.02200000
v 0.00038033 0.00633646 0.02200000
v 0.00057050 0.00543125 0.02200000
v 0.00019017 0.00543125 0.02200000
v 0.00038033 0.00452604 0.02200000
v -0.00057050 0.00362083 0.02200000
v -0.00019017 0.00362083 0.02200000
v -0.00038033 0.00452604 0.02200000
v -0.00057050 0.00271562 0.02200000
v -0.00019017 0.00452604 0.02200000
v -0.00038033 0.00271562 0.02200000
v -0.00808442 0.01282344 0.02200000
v -0.00577458 0.01122865 0.02200000
v -0.00673933 0.01202604 0.02200000
v -0.00827458 0.01282344 0.02200000
v -0.00115492 0.00803906 0.02200000
v -0.00346475 0.00963385 0.02200000
v -0.00096475 0.00803906 0.02200000
v -0.00250000 0.00883646 0.02200000
v -0.00404917 0.01043125 0.02200000
v -0.00442950 0.01043125 0.02200000
v -0.00539425 0.01122865 0.02200000
v -0.00289425 0.00963385 0.02200000
v -0.00558442 0.01122865 0.02200000
v -0.00865492 0.01282344 0.02200000
v -0.00596475 0.01122865 0.02200000
v -0.00846475 0.01282344 0.02200000
v -0.00750000 0.01202604 0.02200000
v -0.00711967 0.01202604 0.02200000
v -0.00058442 0.00803906 0.02200000
v -0.00327458 0.00963385 0.02200000
v -0.00077458 0.00803906 0.02200000
v -0.00173933 0.00883646 0.02200000
v -0.00211967 0.00883646 0.02200000
v -0.00308442 0.00963385 0.02200000
v -0.00519017 0.01043125 0.02200000
v -0.00480983 0.01043125 0.02200000
v -0.00384508 0.00963385 0.02200000
v -0.00634508 0.01122865 0.02200000
v -0.00365492 0.00963385 0.02200000
v -0.00615492 0.01122865 0.02200000
v 0.00152133 -0.00633646 0.02200000
v 0.00152133 -0.00452604 0.02200000
v 0.00133117 -0.00633646 0.02200000
v 0.00158800 -0.00626979 0.02190000
v 0.00152133 -0.00090521 0.02200000
v 0.00152133 -0.00271562 0.02200000
v 0.00095083 -0.00633646 0.02200000
v 0.00133117 -0.00452604 0.02200000
v 0.00114100 -0.00633646 0.02200000
v 0.00133117 -0.00543125 0.02200000
v 0.00172133 -0.00613646 0.02170000
v 0.00158800 -0.00445937 0.02190000
v 0.00165467 -0.00620312 0.02180000
v 0.00158800 -0.00536458 0.02190000
v 0.00152133 0.00633646 0.02200000
v 0.00152133 0.00452604 0.02200000
v 0.00133117 0.00543125 0.02200000
v 0.00152133 0.00090521 0.02200000
v 0.00152133 0.00271562 0.02200000
v 0.00095083 0.00362083 0.02200000
v 0.00133117 0.00362083 0.02200000
v 0.00114100 0.00452604 0.02200000
v 0.00133117 0.00452604 0.02200000
v 0.00019017 -0.00633646 0.02200000
v 0.00057050 -0.00452604 0.02200000
v 0.00038033 -0.00633646 0.02200000
v 0.00019017 -0.00543125 0.02200000
v 0.00133117 -0.00090521 0.02200000
v 0.00095083 -0.00271562 0.02200000
v 0.00133117 -0.00181042 0.02200000
v 0.00076067 -0.00633646 0.02200000
v 0.00076067 -0.00452604 0.02200000
v 0.00057050 -0.00633646 0.02200000
v 0.00095083 -0.00543125 0.02200000
v 0.00057050 -0.00543125 0.02200000
v 0.00019017 -0.00362083 0.02200000
v 0.00057050 -0.00362083 0.02200000
v 0.00019017 -0.00452604 0.02200000
v 0.00038033 -0.00452604 0.02200000
v 0.00133117 -0.00362083 0.02200000
v 0.00095083 -0.00362083 0.02200000
v 0.00133117 -0.00271562 0.02200000
v 0.00114100 -0.00452604 0.02200000
v 0.00114100 -0.00271562 0.02200000
v 0.00095083 -0.00452604 0.02200000
v 0.00198800 -0.00586979 0.02130000
v 0.00185467 -0.00419271 0.02150000
v 0.00192133 -0.00593646 0.02140000
v 0.00158800 -0.00083854 0.02190000
v 0.00172133 -0.00251562 0.02170000
v 0.00158800 -0.00174375 0.02190000
v 0.00178800 -0.00606979 0.02160000
v 0.00178800 -0.00425937 0.02160000
v 0.00185467 -0.00600312 0.02150000
v 0.00172133 -0.00523125 0.02170000
v 0.00185467 -0.00509792 0.02150000
v 0.00158800 -0.00355417 0.02190000
v 0.00172133 -0.00342083 0.02170000
v 0.00158800 -0.00264896 0.02190000
v 0.00165467 -0.00439271 0.02180000
v 0.00165467 -0.00258229 0.02180000
v 0.00172133 -0.00432604 0.02170000
v 0.00019017 0.00000000 0.02200000
v 0.00057050 0.00000000 0.02200000
v 0.00038033 0.00090521 0.02200000
v 0.00019017 -0.00090521 0.02200000
v 0.00133117 0.00000000 0.02200000
v 0.00095083 0.00000000 0.02200000
v 0.00133117 0.00090521 0.02200000
v 0.00114100 -0.00090521 0.02200000
v 0.00076067 0.00271562 0.02200000
v 0.00076067 0.00090521 0.02200000
v 0.00057050 0.00181042 0.02200000
v 0.00095083 0.00271562 0.02200000
v 0.00057050 0.00090521 0.02200000
v 0.00019017 -0.00271562 0.02200000
v 0.00057050 -0.00090521 0.02200000
v 0.00019017 -0.00181042 0.02200000
v 0.00038033 -0.00271562 0.02200000
v 0.00038033 -0.00090521 0.02200000
v 0.00133117 0.00271562 0.02200000
v 0.00095083 0.00090521 0.02200000
v 0.00133117 0.00181042 0.02200000
v 0.00114100 0.00271562 0.02200000
v 0.00114100 0.00090521 0.02200000
v 0.00095083 0.00181042 0.02200000
v 0.00076067 -0.00271562 0.02200000
v 0.00076067 -0.00090521 0.02200000
v 0.00095083 -0.00181042 0.02200000
v 0.00057050 -0.00271562 0.02200000
v 0.00095083 -0.00090521 0.02200000
v 0.00057050 -0.00181042 0.02200000
v 0.00252133 -0.00533646 0.02050000
v 0.00238800 -0.00365938 0.02070000
v 0.00245467 -0.00540313 0.02060000
v 0.00212133 -0.00030521 0.02110000
v 0.00225467 -0.00198229 0.02090000
v 0.00232133 -0.00553646 0.02080000
v 0.00232133 -0.00372604 0.02080000
v 0.00238800 -0.00546979 0.02070000
v 0.00238800 -0.00456458 0.02070000
v 0.00158800 0.00640312 0.02190000
v 0.00172133 0.00472604 0.02170000
v 0.00158800 0.00549792 0.02190000
v 0.00198800 0.00137187 0.02130000
v 0.00185467 0.00304896 0.02150000
v 0.00158800 0.00368750 0.02190000
v 0.00172133 0.00382083 0.02170000
v 0.00158800 0.00459271 0.02190000
v 0.00165467 0.00465937 0.02180000
v 0.00205467 -0.00580312 0.02120000
v 0.00205467 -0.00399271 0.02120000
v 0.00212133 -0.00573646 0.02110000
v 0.00198800 -0.00496458 0.02130000
v 0.00205467 -0.00037188 0.02120000
v 0.00205467 -0.00218229 0.02120000
v 0.00212133 -0.00121042 0.02110000
v 0.00225467 -0.00560313 0.02090000
v 0.00212133 -0.00392604 0.02110000
v 0.00218800 -0.00566979 0.02100000
v 0.00225467 -0.00469792 0.02090000
v 0.00212133 -0.00483125 0.02110000
v 0.00185467 -0.00328750 0.02150000
v 0.00198800 -0.00315417 0.02130000
v 0.00192133 -0.00412604 0.02140000
v 0.00198800 -0.00405938 0.02130000
v 0.00225467 -0.00288750 0.02090000
v 0.00212133 -0.00302083 0.02110000
v 0.00218800 -0.00204896 0.02100000
v 0.00225467 -0.00379271 0.02090000
v 0.00212133 -0.00211563 0.02110000
v 0.00218800 -0.00385938 0.02100000
v 0.00158800 0.00006667 0.02190000
v 0.00172133 0.00020000 0.02170000
v 0.00158800 0.00097187 0.02190000
v 0.00165467 -0.00077188 0.02180000
v 0.00198800 0.00046667 0.02130000
v 0.00185467 0.00033333 0.02150000
v 0.00192133 0.00130521 0.02140000
v 0.00198800 -0.00043854 0.02130000
v 0.00158800 0.00278229 0.02190000
v 0.00172133 0.00110521 0.02170000
v 0.00158800 0.00187708 0.02190000
v 0.00165467 0.00284896 0.02180000
v 0.00165467 0.00103854 0.02180000
v 0.00178800 -0.00244896 0.02160000
v 0.00178800 -0.00063854 0.02160000
v 0.00172133 -0.00161042 0.02170000
v 0.00185467 -0.00238229 0.02150000
v 0.00172133 -0.00070521 0.02170000
v 0.00178800 0.00298229 0.02160000
v 0.00178800 0.00117187 0.02160000
v 0.00185467 0.00214375 0.02150000
v 0.00172133 0.00291562 0.02170000
v 0.00185467 0.00123854 0.02150000
v 0.00172133 0.00201042 0.02170000
v 0.00198800 -0.00224896 0.02130000
v 0.00185467 -0.00057188 0.02150000
v 0.00198800 -0.00134375 0.02130000
v 0.00192133 -0.00231563 0.02140000
v 0.00192133 -0.00050521 0.02140000
v 0.00185467 -0.00147708 0.02150000
v 0.00258800 -0.00540313 0.00502500
v 0.00258800 -0.00385938 0.00707500
v 0.00258800 -0.00540313 0.00605000
v 0.00258800 -0.00463125 0.00502500
v 0.00258800 -0.00077188 0.01117500
v 0.00258800 -0.00231563 0.00912500
v 0.00258800 -0.00540313 0.00810000
v 0.00258800 -0.00385938 0.00810000
v 0.00258800 -0.00540313 0.00707500
v 0.00258800 -0.00463125 0.00707500
v 0.00258800 -0.00308750 0.00502500
v 0.00258800 -0.00308750 0.00707500
v 0.00258800 -0.00385938 0.00502500
v 0.00258800 -0.00385938 0.00605000
v 0.00258800 0.00540313 0.01937500
v 0.00258800 0.00385938 0.01732500
v 0.00258800 0.00077188 0.01322500
v 0.00258800 0.00231563 0.01527500
v 0.00258800 -0.00540313 0.01220000
v 0.00258800 -0.00385938 0.01220000
v 0.00258800 -0.00540313 0.01117500
v 0.00258800 -0.00077188 0.01220000
v 0.00258800 -0.00231563 0.01220000
v 0.00258800 -0.00154375 0.01117500
v 0.00258800 -0.00540313 0.00912500
v 0.00258800 -0.00385938 0.01117500
v 0.00258800 -0.00540313 0.01015000
v 0.00258800 -0.00463125 0.00912500
v 0.00258800 -0.00463125 0.01117500
v 0.00258800 -0.00308750 0.00912500
v 0.00258800 -0.00308750 0.01117500
v 0.00258800 -0.00231563 0.01015000
v 0.00258800 -0.00385938 0.00912500
v 0.00258800 -0.00231563 0.01117500
v 0.00258800 -0.00385938 0.01015000
v 0.00258800 0.00000000 0.00502500
v 0.00258800 0.00000000 0.00707500
v 0.00258800 -0.00077188 0.00502500
v 0.00258800 0.00000000 0.01117500
v 0.00258800 0.00000000 0.00912500
v 0.00258800 -0.00077188 0.01015000
v 0.00258800 -0.00231563 0.00502500
v 0.00258800 -0.00077188 0.00707500
v 0.00258800 -0.00154375 0.00502500
v 0.00258800 -0.00231563 0.00605000
v 0.00258800 -0.00077188 0.00605000
v 0.00258800 -0.00231563 0.00810000
v 0.00258800 -0.00077188 0.00810000
v 0.00258800 -0.00154375 0.00912500
v 0.00258800 -0.00231563 0.00707500
v 0.00258800 -0.00077188 0.00912500
v 0.00258800 -0.00154375 0.00707500
v 0.00258800 -0.00540313 0.02040000
v 0.00258800 -0.00385938 0.02040000
v 0.00258800 -0.00540313 0.01937500
v 0.00252133 -0.00456458 0.02050000
v 0.00258800 -0.00077188 0.02040000
v 0.00258800 -0.00231563 0.02040000
v 0.00258800 -0.00540313 0.01732500
v 0.00258800 -0.00385938 0.01937500
v 0.00258800 -0.00540313 0.01835000
v 0.00258800 -0.00463125 0.01937500
v 0.00238800 -0.00288750 0.02070000
v 0.00252133 -0.00302083 0.02050000
v 0.00245467 -0.00372604 0.02060000
v 0.00252133 -0.00379271 0.02050000
v 0.00258800 0.00540313 0.02040000
v 0.00258800 0.00385938 0.02040000
v 0.00258800 0.00463125 0.01937500
v 0.00258800 0.00077188 0.02040000
v 0.00258800 0.00231563 0.02040000
v 0.00258800 0.00308750 0.01732500
v 0.00258800 0.00308750 0.01937500
v 0.00258800 0.00385938 0.01835000
v 0.00258800 0.00385938 0.01937500
v 0.00258800 -0.00540313 0.01322500
v 0.00258800 -0.00385938 0.01527500
v 0.00258800 -0.00540313 0.01425000
v 0.00258800 -0.00463125 0.01322500
v 0.00258800 -0.00077188 0.01937500
v 0.00258800 -0.00231563 0.01732500
v 0.00258800 -0.00154375 0.01937500
v 0.00258800 -0.00540313 0.01630000
v 0.00258800 -0.00385938 0.01630000
v 0.00258800 -0.00540313 0.01527500
v 0.00258800 -0.00463125 0.01732500
v 0.00258800 -0.00463125 0.01527500
v 0.00258800 -0.00308750 0.01322500
v 0.00258800 -0.00308750 0.01527500
v 0.00258800 -0.00385938 0.01322500
v 0.00258800 -0.00385938 0.01425000
v 0.00258800 -0.00308750 0.01937500
v 0.00258800 -0.00308750 0.01732500
v 0.00258800 -0.00231563 0.01937500
v 0.00258800 -0.00385938 0.01835000
v 0.00258800 -0.00231563 0.01835000
v 0.00258800 -0.00385938 0.01732500
v 0.00212133 0.00046667 0.02110000
v 0.00225467 0.00033333 0.02090000
v 0.00218800 -0.00037188 0.02100000
v 0.00252133 0.00006667 0.02050000
v 0.00238800 0.00020000 0.02070000
v 0.00252133 -0.00070521 0.02050000
v 0.00232133 -0.00204896 0.02080000
v 0.00232133 -0.00050521 0.02080000
v 0.00225467 -0.00121042 0.02090000
v 0.00238800 -0.00211563 0.02070000
v 0.00225467 -0.00043854 0.02090000
v 0.00252133 -0.00224896 0.02050000
v 0.00238800 -0.00057188 0.02070000
v 0.00252133 -0.00147708 0.02050000
v 0.00245467 -0.00218229 0.02060000
v 0.00245467 -0.00063854 0.02060000
v 0.00238800 -0.00134375 0.02070000
v 0.00258800 0.00000000 0.01322500
v 0.00258800 0.00000000 0.01527500
v 0.00258800 0.00077188 0.01425000
v 0.00258800 -0.00077188 0.01322500
v 0.00258800 0.00000000 0.01937500
v 0.00258800 0.00000000 0.01732500
v 0.00258800 0.00077188 0.01937500
v 0.00258800 -0.00077188 0.01835000
v 0.00258800 0.00231563 0.01630000
v 0.00258800 0.00077188 0.01630000
v 0.00258800 0.00154375 0.01527500
v 0.00258800 0.00231563 0.01732500
v 0.00258800 0.00077188 0.01527500
v 0.00258800 -0.00231563 0.01322500
v 0.00258800 -0.00077188 0.01527500
v 0.00258800 -0.00154375 0.01322500
v 0.00258800 -0.00231563 0.01425000
v 0.00258800 -0.00077188 0.01425000
v 0.00258800 0.00231563 0.01937500
v 0.00258800 0.00077188 0.01732500
v 0.00258800 0.00154375 0.01937500
v 0.00258800 0.00231563 0.01835000
v 0.00258800 0.00077188 0.01835000
v 0.00258800 0.00154375 0.01732500
v 0.00258800 -0.00231563 0.01630000
v 0.00258800 -0.00077188 0.01630000
v 0.00258800 -0.00154375 0.01732500
v 0.00258800 -0.00231563 0.01527500
v 0.00258800 -0.00077188 0.01732500
v 0.00258800 -0.00154375 0.01527500
v 0.00258800 0.00617500 0.00502500
v 0.00258800 0.00617500 0.00707500
v 0.00258800 0.00540313 0.00502500
v 0.00258800 0.00617500 0.01117500
v 0.00258800 0.00617500 0.00912500
v 0.00258800 0.00385938 0.00502500
v 0.00258800 0.00540313 0.00707500
v 0.00258800 0.00463125 0.00502500
v 0.00258800 0.00540313 0.00605000
v 0.00258800 0.00617500 0.01937500
v 0.00258800 0.00617500 0.01732500
v 0.00258800 0.00540313 0.01835000
v 0.00258800 0.00617500 0.01322500
v 0.00258800 0.00617500 0.01527500
v 0.00258800 0.00385938 0.01630000
v 0.00258800 0.00540313 0.01630000
v 0.00258800 0.00463125 0.01732500
v 0.00258800 0.00540313 0.01732500
v 0.00258800 0.00077188 0.00502500
v 0.00258800 0.00231563 0.00707500
v 0.00258800 0.00154375 0.00502500
v 0.00258800 0.00077188 0.00605000
v 0.00258800 0.00540313 0.01117500
v 0.00258800 0.00385938 0.00912500
v 0.00258800 0.00540313 0.01015000
v 0.00258800 0.00308750 0.00502500
v 0.00258800 0.00308750 0.00707500
v 0.00258800 0.00231563 0.00502500
v 0.00258800 0.00385938 0.00605000
v 0.00258800 0.00231563 0.00605000
v 0.00258800 0.00077188 0.00810000
v 0.00258800 0.00231563 0.00810000
v 0.00258800 0.00077188 0.00707500
v 0.00258800 0.00154375 0.00707500
v 0.00258800 0.00540313 0.00810000
v 0.00258800 0.00385938 0.00810000
v 0.00258800 0.00540313 0.00912500
v 0.00258800 0.00463125 0.00707500
v 0.00258800 0.00463125 0.00912500
v 0.00258800 0.00385938 0.00707500
v 0.00258800 0.00077188 0.01220000
v 0.00258800 0.00231563 0.01220000
v 0.00258800 0.00154375 0.01322500
v 0.00258800 0.00077188 0.01117500
v 0.00258800 0.00540313 0.01220000
v 0.00258800 0.00385938 0.01220000
v 0.00258800 0.00540313 0.01322500
v 0.00258800 0.00463125 0.01117500
v 0.00258800 0.00308750 0.01527500
v 0.00258800 0.00308750 0.01322500
v 0.00258800 0.00231563 0.01425000
v 0.00258800 0.00385938 0.01527500
v 0.00258800 0.00231563 0.01322500
v 0.00258800 0.00077188 0.00912500
v 0.00258800 0.00231563 0.01117500
v 0.00258800 0.00077188 0.01015000
v 0.00258800 0.00154375 0.00912500
v 0.00258800 0.00154375 0.01117500
v 0.00258800 0.00540313 0.01527500
v 0.00258800 0.00385938 0.01322500
v 0.00258800 0.00540313 0.01425000
v 0.00258800 0.00463125 0.01527500
v 0.00258800 0.00463125 0.01322500
v 0.00258800 0.00385938 0.01425000
v 0.00258800 0.00308750 0.00912500
v 0.00258800 0.00308750 0.01117500
v 0.00258800 0.00385938 0.01015000
v 0.00258800 0.00231563 0.00912500
v 0.00258800 0.00385938 0.01117500
v 0.00258800 0.00231563 0.01015000
v 0.00158800 0.00717500 0.02190000
v 0.00172133 0.00704167 0.02170000
v 0.00165467 0.00633646 0.02180000
v 0.00198800 0.00677500 0.02130000
v 0.00185467 0.00690833 0.02150000
v 0.00178800 0.00465937 0.02160000
v 0.00178800 0.00620312 0.02160000
v 0.00172133 0.00549792 0.02170000
v 0.00172133 0.00626979 0.02170000
v 0.00252133 0.00624167 0.02050000
v 0.00238800 0.00637500 0.02070000
v 0.00252133 0.00546979 0.02050000
v 0.00212133 0.00664167 0.02110000
v 0.00225467 0.00650833 0.02090000
v 0.00252133 0.00392604 0.02050000
v 0.00238800 0.00560313 0.02070000
v 0.00252133 0.00469792 0.02050000
v 0.00245467 0.00553646 0.02060000
v 0.00205467 0.00130521 0.02120000
v 0.00205467 0.00284896 0.02120000
v 0.00198800 0.00214375 0.02130000
v 0.00212133 0.00123854 0.02110000
v 0.00205467 0.00593646 0.02120000
v 0.00205467 0.00439271 0.02120000
v 0.00198800 0.00600312 0.02130000
v 0.00185467 0.00382083 0.02150000
v 0.00198800 0.00368750 0.02130000
v 0.00192133 0.00298229 0.02140000
v 0.00185467 0.00459271 0.02150000
v 0.00198800 0.00291562 0.02130000
v 0.00225467 0.00110521 0.02090000
v 0.00212133 0.00278229 0.02110000
v 0.00218800 0.00117187 0.02100000
v 0.00212133 0.00201042 0.02110000
v 0.00185467 0.00613646 0.02150000
v 0.00198800 0.00445937 0.02130000
v 0.00192133 0.00606979 0.02140000
v 0.00185467 0.00536458 0.02150000
v 0.00198800 0.00523125 0.02130000
v 0.00192133 0.00452604 0.02140000
v 0.00252133 0.00083854 0.02050000
v 0.00238800 0.00251562 0.02070000
v 0.00252133 0.00161042 0.02050000
v 0.00245467 0.00090521 0.02060000
v 0.00212133 0.00586979 0.02110000
v 0.00225467 0.00419271 0.02090000
v 0.00218800 0.00580312 0.02100000
v 0.00212133 0.00509792 0.02110000
v 0.00252133 0.00315417 0.02050000
v 0.00238800 0.00328750 0.02070000
v 0.00252133 0.00238229 0.02050000
v 0.00245467 0.00399271 0.02060000
v 0.00245467 0.00244896 0.02060000
v 0.00232133 0.00103854 0.02080000
v 0.00232133 0.00258229 0.02080000
v 0.00238800 0.00097187 0.02070000
v 0.00225467 0.00187708 0.02090000
v 0.00238800 0.00174375 0.02070000
v 0.00232133 0.00566979 0.02080000
v 0.00232133 0.00412604 0.02080000
v 0.00225467 0.00573646 0.02090000
v 0.00238800 0.00483125 0.02070000
v 0.00225467 0.00496458 0.02090000
v 0.00238800 0.00405938 0.02070000
v 0.00212133 0.00355417 0.02110000
v 0.00225467 0.00342083 0.02090000
v 0.00212133 0.00432604 0.02110000
v 0.00218800 0.00271562 0.02100000
v 0.00218800 0.00425937 0.02100000
v 0.00225467 0.00264896 0.02090000
v 0.01011200 -0.00540313 0.02040000
v 0.01011200 -0.00385938 0.02040000
v 0.01017867 -0.00546979 0.02050000
v 0.01011200 -0.00463125 0.01937500
v 0.01011200 -0.00077188 0.02040000
v 0.01011200 -0.00231563 0.02040000
v 0.01031200 -0.00560313 0.02070000
v 0.01017867 -0.00392604 0.02050000
v 0.01024533 -0.00553646 0.02060000
v 0.01017867 -0.00469792 0.02050000
v 0.01011200 -0.00308750 0.01732500
v 0.01011200 -0.00308750 0.01937500
v 0.01011200 -0.00385938 0.01835000
v 0.01011200 -0.00385938 0.01937500
v 0.01011200 0.00540313 0.02040000
v 0.01011200 0.00385938 0.02040000
v 0.01011200 0.00077188 0.02040000
v 0.01011200 0.00231563 0.02040000
v 0.01057867 -0.00586979 0.02110000
v 0.01044533 -0.00419271 0.02090000
v 0.01051200 -0.00580312 0.02100000
v 0.01017867 -0.00083854 0.02050000
v 0.01031200 -0.00251562 0.02070000
v 0.01017867 -0.00161042 0.02050000
v 0.01037867 -0.00566979 0.02080000
v 0.01037867 -0.00412604 0.02080000
v 0.01044533 -0.00573646 0.02090000
v 0.01031200 -0.00483125 0.02070000
v 0.01044533 -0.00496458 0.02090000
v 0.01017867 -0.00315417 0.02050000
v 0.01031200 -0.00328750 0.02070000
v 0.01017867 -0.00238229 0.02050000
v 0.01024533 -0.00399271 0.02060000
v 0.01024533 -0.00244896 0.02060000
v 0.01031200 -0.00405938 0.02070000
v 0.01011200 0.00000000 0.01322500
v 0.01011200 0.00000000 0.01527500
v 0.01011200 -0.00077188 0.01425000
v 0.01011200 0.00000000 0.01937500
v 0.01011200 0.00000000 0.01732500
v 0.01011200 -0.00077188 0.01937500
v 0.01011200 -0.00231563 0.01630000
v 0.01011200 -0.00077188 0.01630000
v 0.01011200 -0.00154375 0.01527500
v 0.01011200 -0.00231563 0.01732500
v 0.01011200 -0.00077188 0.01527500
v 0.01011200 -0.00231563 0.01937500
v 0.01011200 -0.00077188 0.01732500
v 0.01011200 -0.00154375 0.01937500
v 0.01011200 -0.00231563 0.01835000
v 0.01011200 -0.00077188 0.01835000
v 0.01011200 -0.00154375 0.01732500
v 0.01111200 -0.00640312 0.02190000
v 0.01097867 -0.00472604 0.02170000
v 0.01104533 -0.00633646 0.02180000
v 0.01071200 -0.00137187 0.02130000
v 0.01084533 -0.00304896 0.02150000
v 0.01091200 -0.00620312 0.02160000
v 0.01091200 -0.00465937 0.02160000
v 0.01097867 -0.00626979 0.02170000
v 0.01097867 -0.00549792 0.02170000
v 0.01017867 0.00533646 0.02050000
v 0.01031200 0.00365938 0.02070000
v 0.01017867 0.00456458 0.02050000
v 0.01057867 0.00030521 0.02110000
v 0.01044533 0.00198229 0.02090000
v 0.01017867 0.00302083 0.02050000
v 0.01031200 0.00288750 0.02070000
v 0.01017867 0.00379271 0.02050000
v 0.01024533 0.00372604 0.02060000
v 0.01064533 -0.00593646 0.02120000
v 0.01064533 -0.00439271 0.02120000
v 0.01071200 -0.00600312 0.02130000
v 0.01057867 -0.00509792 0.02110000
v 0.01064533 -0.00130521 0.02120000
v 0.01064533 -0.00284896 0.02120000
v 0.01071200 -0.00214375 0.02130000
v 0.01084533 -0.00613646 0.02150000
v 0.01071200 -0.00445937 0.02130000
v 0.01077867 -0.00606979 0.02140000
v 0.01084533 -0.00536458 0.02150000
v 0.01071200 -0.00523125 0.02130000
v 0.01044533 -0.00342083 0.02090000
v 0.01057867 -0.00355417 0.02110000
v 0.01051200 -0.00425937 0.02100000
v 0.01057867 -0.00432604 0.02110000
v 0.01084533 -0.00382083 0.02150000
v 0.01071200 -0.00368750 0.02130000
v 0.01077867 -0.00298229 0.02140000
v 0.01084533 -0.00459271 0.02150000
v 0.01071200 -0.00291562 0.02130000
v 0.01077867 -0.00452604 0.02140000
v 0.01017867 -0.00006667 0.02050000
v 0.01031200 -0.00020000 0.02070000
v 0.01017867 0.00070521 0.02050000
v 0.01024533 -0.00090521 0.02060000
v 0.01057867 -0.00046667 0.02110000
v 0.01044533 -0.00033333 0.02090000
v 0.01051200 0.00037188 0.02100000
v 0.01057867 -0.00123854 0.02110000
v 0.01017867 0.00224896 0.02050000
v 0.01031200 0.00057188 0.02070000
v 0.01017867 0.00147708 0.02050000
v 0.01024533 0.00218229 0.02060000
v 0.01024533 0.00063854 0.02060000
v 0.01037867 -0.00258229 0.02080000
v 0.01037867 -0.00103854 0.02080000
v 0.01031200 -0.00174375 0.02070000
v 0.01044533 -0.00264896 0.02090000
v 0.01031200 -0.00097187 0.02070000
v 0.01037867 0.00204896 0.02080000
v 0.01037867 0.00050521 0.02080000
v 0.01044533 0.00121042 0.02090000
v 0.01031200 0.00211563 0.02070000
v 0.01044533 0.00043854 0.02090000
v 0.01031200 0.00134375 0.02070000
v 0.01057867 -0.00278229 0.02110000
v 0.01044533 -0.00110521 0.02090000
v 0.01057867 -0.00201042 0.02110000
v 0.01051200 -0.00271562 0.02100000
v 0.01051200 -0.00117187 0.02100000
v 0.01044533 -0.00187708 0.02090000
v 0.00305825 0.00617500 0.00502500
v 0.00399875 0.00617500 0.00707500
v 0.00352850 0.00617500 0.00502500
v 0.00305825 0.00617500 0.00605000
v 0.00587975 0.00617500 0.01117500
v 0.00493925 0.00617500 0.00912500
v 0.00446900 0.00617500 0.00502500
v 0.00446900 0.00617500 0.00707500
v 0.00399875 0.00617500 0.00502500
v 0.00399875 0.00617500 0.00605000
v 0.00305825 0.00617500 0.00810000
v 0.00399875 0.00617500 0.00810000
v 0.00305825 0.00617500 0.00707500
v 0.00352850 0.00617500 0.00707500
v 0.00964175 0.00617500 0.01937500
v 0.00870125 0.00617500 0.01732500
v 0.00682025 0.00617500 0.01322500
v 0.00776075 0.00617500 0.01527500
v 0.00635000 0.00617500 0.00502500
v 0.00635000 0.00617500 0.00707500
v 0.00587975 0.00617500 0.00502500
v 0.00635000 0.00617500 0.01117500
v 0.00635000 0.00617500 0.00912500
v 0.00587975 0.00617500 0.01015000
v 0.00493925 0.00617500 0.00502500
v 0.00587975 0.00617500 0.00707500
v 0.00540950 0.00617500 0.00502500
v 0.00493925 0.00617500 0.00605000
v 0.00587975 0.00617500 0.00605000
v 0.00493925 0.00617500 0.00810000
v 0.00587975 0.00617500 0.00810000
v 0.00540950 0.00617500 0.00912500
v 0.00493925 0.00617500 0.00707500
v 0.00587975 0.00617500 0.00912500
v 0.00540950 0.00617500 0.00707500
v 0.00305825 0.00617500 0.01220000
v 0.00399875 0.00617500 0.01220000
v 0.00305825 0.00617500 0.01117500
v 0.00587975 0.00617500 0.01220000
v 0.00493925 0.00617500 0.01220000
v 0.00540950 0.00617500 0.01117500
v 0.00305825 0.00617500 0.00912500
v 0.00399875 0.00617500 0.01117500
v 0.00305825 0.00617500 0.01015000
v 0.00352850 0.00617500 0.00912500
v 0.00352850 0.00617500 0.01117500
v 0.00446900 0.00617500 0.00912500
v 0.00446900 0.00617500 0.01117500
v 0.00493925 0.00617500 0.01015000
v 0.00399875 0.00617500 0.00912500
v 0.00493925 0.00617500 0.01117500
v 0.00399875 0.00617500 0.01015000
v 0.01011200 0.00617500 0.00502500
v 0.01011200 0.00617500 0.00707500
v 0.01011200 0.00540313 0.00605000
v 0.00964175 0.00617500 0.00502500
v 0.01011200 0.00617500 0.01117500
v 0.01011200 0.00617500 0.00912500
v 0.01011200 0.00385938 0.00810000
v 0.01011200 0.00540313 0.00810000
v 0.01011200 0.00463125 0.00707500
v 0.01011200 0.00540313 0.00707500
v 0.00870125 0.00617500 0.00502500
v 0.00964175 0.00617500 0.00707500
v 0.00917150 0.00617500 0.00502500
v 0.00964175 0.00617500 0.00605000
v 0.01011200 0.00617500 0.01937500
v 0.01011200 0.00617500 0.01732500
v 0.01011200 0.00540313 0.01937500
v 0.00964175 0.00617500 0.01835000
v 0.01011200 0.00617500 0.01322500
v 0.01011200 0.00617500 0.01527500
v 0.01011200 0.00385938 0.01937500
v 0.01011200 0.00540313 0.01732500
v 0.01011200 0.00463125 0.01937500
v 0.01011200 0.00540313 0.01835000
v 0.00870125 0.00617500 0.01630000
v 0.00964175 0.00617500 0.01630000
v 0.00917150 0.00617500 0.01732500
v 0.00964175 0.00617500 0.01732500
v 0.01011200 0.00077188 0.01220000
v 0.01011200 0.00231563 0.01220000
v 0.01011200 0.00154375 0.01117500
v 0.01011200 0.00077188 0.01322500
v 0.01011200 0.00540313 0.01220000
v 0.01011200 0.00385938 0.01220000
v 0.01011200 0.00540313 0.01117500
v 0.01011200 0.00308750 0.00912500
v 0.01011200 0.00308750 0.01117500
v 0.01011200 0.00231563 0.01015000
v 0.01011200 0.00385938 0.00912500
v 0.01011200 0.00231563 0.01117500
v 0.01011200 0.00077188 0.01527500
v 0.01011200 0.00231563 0.01322500
v 0.01011200 0.00077188 0.01425000
v 0.01011200 0.00154375 0.01322500
v 0.01011200 0.00540313 0.00912500
v 0.01011200 0.00385938 0.01117500
v 0.01011200 0.00540313 0.01015000
v 0.01011200 0.00463125 0.00912500
v 0.01011200 0.00463125 0.01117500
v 0.01011200 0.00385938 0.01015000
v 0.00682025 0.00617500 0.00502500
v 0.00776075 0.00617500 0.00707500
v 0.00729050 0.00617500 0.00502500
v 0.00682025 0.00617500 0.00605000
v 0.00964175 0.00617500 0.01117500
v 0.00870125 0.00617500 0.00912500
v 0.00964175 0.00617500 0.01015000
v 0.00823100 0.00617500 0.00502500
v 0.00823100 0.00617500 0.00707500
v 0.00776075 0.00617500 0.00502500
v 0.00870125 0.00617500 0.00605000
v 0.00776075 0.00617500 0.00605000
v 0.00682025 0.00617500 0.00810000
v 0.00776075 0.00617500 0.00810000
v 0.00682025 0.00617500 0.00707500
v 0.00729050 0.00617500 0.00707500
v 0.00964175 0.00617500 0.00810000
v 0.00870125 0.00617500 0.00810000
v 0.00964175 0.00617500 0.00912500
v 0.00917150 0.00617500 0.00707500
v 0.00917150 0.00617500 0.00912500
v 0.00870125 0.00617500 0.00707500
v 0.01011200 0.00077188 0.01937500
v 0.01011200 0.00231563 0.01732500
v 0.01011200 0.00154375 0.01937500
v 0.01011200 0.00077188 0.01835000
v 0.01011200 0.00540313 0.01322500
v 0.01011200 0.00385938 0.01527500
v 0.01011200 0.00540313 0.01425000
v 0.01011200 0.00463125 0.01322500
v 0.01011200 0.00308750 0.01937500
v 0.01011200 0.00308750 0.01732500
v 0.01011200 0.00231563 0.01937500
v 0.01011200 0.00385938 0.01835000
v 0.01011200 0.00231563 0.01835000
v 0.01011200 0.00077188 0.01630000
v 0.01011200 0.00231563 0.01630000
v 0.01011200 0.00077188 0.01732500
v 0.01011200 0.00154375 0.01527500
v 0.01011200 0.00154375 0.01732500
v 0.01011200 0.00540313 0.01630000
v 0.01011200 0.00385938 0.01630000
v 0.01011200 0.00540313 0.01527500
v 0.01011200 0.00463125 0.01732500
v 0.01011200 0.00463125 0.01527500
v 0.01011200 0.00385938 0.01732500
v 0.01011200 0.00308750 0.01322500
v 0.01011200 0.00308750 0.01527500
v 0.01011200 0.00385938 0.01322500
v 0.01011200 0.00231563 0.01425000
v 0.01011200 0.00385938 0.01425000
v 0.01011200 0.00231563 0.01527500
v 0.00682025 0.00617500 0.01220000
v 0.00776075 0.00617500 0.01220000
v 0.00729050 0.00617500 0.01322500
v 0.00682025 0.00617500 0.01117500
v 0.00964175 0.00617500 0.01220000
v 0.00870125 0.00617500 0.01220000
v 0.00964175 0.00617500 0.01322500
v 0.00917150 0.00617500 0.01117500
v 0.00823100 0.00617500 0.01527500
v 0.00823100 0.00617500 0.01322500
v 0.00776075 0.00617500 0.01425000
v 0.00870125 0.00617500 0.01527500
v 0.00776075 0.00617500 0.01322500
v 0.00682025 0.00617500 0.00912500
v 0.00776075 0.00617500 0.01117500
v 0.00682025 0.00617500 0.01015000
v 0.00729050 0.00617500 0.00912500
v 0.00729050 0.00617500 0.01117500
v 0.00964175 0.00617500 0.01527500
v 0.00870125 0.00617500 0.01322500
v 0.00964175 0.00617500 0.01425000
v 0.00917150 0.00617500 0.01527500
v 0.00917150 0.00617500 0.01322500
v 0.00870125 0.00617500 0.01425000
v 0.00823100 0.00617500 0.00912500
v 0.00823100 0.00617500 0.01117500
v 0.00870125 0.00617500 0.01015000
v 0.00776075 0.00617500 0.00912500
v 0.00870125 0.00617500 0.01117500
v 0.00776075 0.00617500 0.01015000
v 0.00305825 0.00617500 0.02040000
v 0.00399875 0.00617500 0.02040000
v 0.00305825 0.00617500 0.01937500
v 0.00587975 0.00617500 0.02040000
v 0.00493925 0.00617500 0.02040000
v 0.00305825 0.00617500 0.01732500
v 0.00399875 0.00617500 0.01937500
v 0.00305825 0.00617500 0.01835000
v 0.00352850 0.00617500 0.01937500
v 0.00964175 0.00617500 0.02040000
v 0.00870125 0.00617500 0.02040000
v 0.00917150 0.00617500 0.01937500
v 0.00682025 0.00617500 0.02040000
v 0.00776075 0.00617500 0.02040000
v 0.00823100 0.00617500 0.01732500
v 0.00823100 0.00617500 0.01937500
v 0.00870125 0.00617500 0.01835000
v 0.00870125 0.00617500 0.01937500
v 0.00305825 0.00617500 0.01322500
v 0.00399875 0.00617500 0.01527500
v 0.00305825 0.00617500 0.01425000
v 0.00352850 0.00617500 0.01322500
v 0.00587975 0.00617500 0.01937500
v 0.00493925 0.00617500 0.01732500
v 0.00540950 0.00617500 0.01937500
v 0.00305825 0.00617500 0.01630000
v 0.00399875 0.00617500 0.01630000
v 0.00305825 0.00617500 0.01527500
v 0.00352850 0.00617500 0.01732500
v 0.00352850 0.00617500 0.01527500
v 0.00446900 0.00617500 0.01322500
v 0.00446900 0.00617500 0.01527500
v 0.00399875 0.00617500 0.01322500
v 0.00399875 0.00617500 0.01425000
v 0.00446900 0.00617500 0.01937500
v 0.00446900 0.00617500 0.01732500
v 0.00493925 0.00617500 0.01937500
v 0.00399875 0.00617500 0.01835000
v 0.00493925 0.00617500 0.01835000
v 0.00399875 0.00617500 0.01732500
v 0.00635000 0.00617500 0.01322500
v 0.00635000 0.00617500 0.01527500
v 0.00682025 0.00617500 0.01425000
v 0.00587975 0.00617500 0.01322500
v 0.00635000 0.00617500 0.01937500
v 0.00635000 0.00617500 0.01732500
v 0.00682025 0.00617500 0.01937500
v 0.00587975 0.00617500 0.01835000
v 0.00776075 0.00617500 0.01630000
v 0.00682025 0.00617500 0.01630000
v 0.00729050 0.00617500 0.01527500
v 0.00776075 0.00617500 0.01732500
v 0.00682025 0.00617500 0.01527500
v 0.00493925 0.00617500 0.01322500
v 0.00587975 0.00617500 0.01527500
v 0.00540950 0.00617500 0.01322500
v 0.00493925 0.00617500 0.01425000
v 0.00587975 0.00617500 0.01425000
v 0.00776075 0.00617500 0.01937500
v 0.00682025 0.00617500 0.01732500
v 0.00729050 0.00617500 0.01937500
v 0.00776075 0.00617500 0.01835000
v 0.00682025 0.00617500 0.01835000
v 0.00729050 0.00617500 0.01732500
v 0.00493925 0.00617500 0.01630000
v 0.00587975 0.00617500 0.01630000
v 0.00540950 0.00617500 0.01732500
v 0.00493925 0.00617500 0.01527500
v 0.00587975 0.00617500 0.01732500
v 0.00540950 0.00617500 0.01527500
v 0.01117867 -0.00633646 0.02200000
v 0.01117867 -0.00452604 0.02200000
v 0.01111200 -0.00549792 0.02190000
v 0.01117867 -0.00090521 0.02200000
v 0.01117867 -0.00271562 0.02200000
v 0.01097867 -0.00382083 0.02170000
v 0.01111200 -0.00368750 0.02190000
v 0.01104533 -0.00465937 0.02180000
v 0.01111200 -0.00459271 0.02190000
v 0.01117867 0.00633646 0.02200000
v 0.01117867 0.00452604 0.02200000
v 0.01117867 0.00090521 0.02200000
v 0.01117867 0.00271562 0.02200000
v 0.01071200 -0.00046667 0.02130000
v 0.01084533 -0.00033333 0.02150000
v 0.01077867 -0.00130521 0.02140000
v 0.01111200 -0.00006667 0.02190000
v 0.01097867 -0.00020000 0.02170000
v 0.01111200 -0.00097187 0.02190000
v 0.01091200 -0.00298229 0.02160000
v 0.01091200 -0.00117187 0.02160000
v 0.01084533 -0.00214375 0.02150000
v 0.01097867 -0.00291562 0.02170000
v 0.01084533 -0.00123854 0.02150000
v 0.01111200 -0.00278229 0.02190000
v 0.01097867 -0.00110521 0.02170000
v 0.01111200 -0.00187708 0.02190000
v 0.01104533 -0.00284896 0.02180000
v 0.01104533 -0.00103854 0.02180000
v 0.01097867 -0.00201042 0.02170000
v 0.00212492 0.00724167 0.02200000
v 0.00333208 0.00724167 0.02200000
v 0.00219158 0.00717500 0.02190000
v 0.00574642 0.00724167 0.02200000
v 0.00453925 0.00724167 0.02200000
v 0.00232492 0.00704167 0.02170000
v 0.00339875 0.00717500 0.02190000
v 0.00225825 0.00710833 0.02180000
v 0.00279517 0.00717500 0.02190000
v 0.01057508 0.00724167 0.02200000
v 0.00936792 0.00724167 0.02200000
v 0.00695358 0.00724167 0.02200000
v 0.00816075 0.00724167 0.02200000
v 0.00259158 0.00677500 0.02130000
v 0.00366542 0.00690833 0.02150000
v 0.00252492 0.00684167 0.02140000
v 0.00581308 0.00717500 0.02190000
v 0.00473925 0.00704167 0.02170000
v 0.00520950 0.00717500 0.02190000
v 0.00239158 0.00697500 0.02160000
v 0.00359875 0.00697500 0.02160000
v 0.00245825 0.00690833 0.02150000
v 0.00292850 0.00704167 0.02170000
v 0.00306183 0.00690833 0.02150000
v 0.00400233 0.00717500 0.02190000
v 0.00413567 0.00704167 0.02170000
v 0.00460592 0.00717500 0.02190000
v 0.00346542 0.00710833 0.02180000
v 0.00467258 0.00710833 0.02180000
v 0.00353208 0.00704167 0.02170000
v 0.00312492 0.00624167 0.02050000
v 0.00419875 0.00637500 0.02070000
v 0.00305825 0.00630833 0.02060000
v 0.00359517 0.00624167 0.02050000
v 0.00634642 0.00664167 0.02110000
v 0.00527258 0.00650833 0.02090000
v 0.00292492 0.00644167 0.02080000
v 0.00413208 0.00644167 0.02080000
v 0.00299158 0.00637500 0.02070000
v 0.00359517 0.00637500 0.02070000
v 0.00453567 0.00624167 0.02050000
v 0.00466900 0.00637500 0.02070000
v 0.00406542 0.00624167 0.02050000
v 0.00413208 0.00630833 0.02060000
v 0.01064175 0.00717500 0.02190000
v 0.00956792 0.00704167 0.02170000
v 0.01003817 0.00717500 0.02190000
v 0.00742025 0.00677500 0.02130000
v 0.00849408 0.00690833 0.02150000
v 0.00883100 0.00717500 0.02190000
v 0.00896433 0.00704167 0.02170000
v 0.00943458 0.00717500 0.02190000
v 0.00950125 0.00710833 0.02180000
v 0.00265825 0.00670833 0.02120000
v 0.00386542 0.00670833 0.02120000
v 0.00272492 0.00664167 0.02110000
v 0.00319517 0.00677500 0.02130000
v 0.00627975 0.00670833 0.02120000
v 0.00507258 0.00670833 0.02120000
v 0.00574283 0.00664167 0.02110000
v 0.00285825 0.00650833 0.02090000
v 0.00393208 0.00664167 0.02110000
v 0.00279158 0.00657500 0.02100000
v 0.00346183 0.00650833 0.02090000
v 0.00332850 0.00664167 0.02110000
v 0.00426900 0.00690833 0.02150000
v 0.00440233 0.00677500 0.02130000
v 0.00373208 0.00684167 0.02140000
v 0.00379875 0.00677500 0.02130000
v 0.00466900 0.00650833 0.02090000
v 0.00453567 0.00664167 0.02110000
v 0.00520592 0.00657500 0.02100000
v 0.00406542 0.00650833 0.02090000
v 0.00513925 0.00664167 0.02110000
v 0.00399875 0.00657500 0.02100000
v 0.00641667 0.00624167 0.02050000
v 0.00655000 0.00637500 0.02070000
v 0.00594642 0.00624167 0.02050000
v 0.00681667 0.00664167 0.02110000
v 0.00668333 0.00650833 0.02090000
v 0.00627975 0.00657500 0.02100000
v 0.00500592 0.00624167 0.02050000
v 0.00607975 0.00637500 0.02070000
v 0.00547617 0.00624167 0.02050000
v 0.00507258 0.00630833 0.02060000
v 0.00601308 0.00630833 0.02060000
v 0.00520592 0.00644167 0.02080000
v 0.00614642 0.00644167 0.02080000
v 0.00574283 0.00650833 0.02090000
v 0.00513925 0.00637500 0.02070000
v 0.00621308 0.00650833 0.02090000
v 0.00560950 0.00637500 0.02070000
v 0.00641667 0.00717500 0.02190000
v 0.00655000 0.00704167 0.02170000
v 0.00702025 0.00717500 0.02190000
v 0.00587975 0.00710833 0.02180000
v 0.00681667 0.00677500 0.02130000
v 0.00668333 0.00690833 0.02150000
v 0.00735358 0.00684167 0.02140000
v 0.00621308 0.00677500 0.02130000
v 0.00822742 0.00717500 0.02190000
v 0.00715358 0.00704167 0.02170000
v 0.00762383 0.00717500 0.02190000
v 0.00829408 0.00710833 0.02180000
v 0.00708692 0.00710833 0.02180000
v 0.00480592 0.00697500 0.02160000
v 0.00601308 0.00697500 0.02160000
v 0.00534283 0.00704167 0.02170000
v 0.00487258 0.00690833 0.02150000
v 0.00594642 0.00704167 0.02170000
v 0.00842742 0.00697500 0.02160000
v 0.00722025 0.00697500 0.02160000
v 0.00789050 0.00690833 0.02150000
v 0.00836075 0.00704167 0.02170000
v 0.00728692 0.00690833 0.02150000
v 0.00775717 0.00704167 0.02170000
v 0.00500592 0.00677500 0.02130000
v 0.00607975 0.00690833 0.02150000
v 0.00560950 0.00677500 0.02130000
v 0.00493925 0.00684167 0.02140000
v 0.00614642 0.00684167 0.02140000
v 0.00547617 0.00690833 0.02150000
v 0.01017867 0.00624167 0.02050000
v 0.01031200 0.00637500 0.02070000
v 0.01024533 0.00540313 0.02060000
v 0.00970842 0.00624167 0.02050000
v 0.01057867 0.00664167 0.02110000
v 0.01044533 0.00650833 0.02090000
v 0.01037867 0.00372604 0.02080000
v 0.01037867 0.00553646 0.02080000
v 0.01031200 0.00456458 0.02070000
v 0.01031200 0.00546979 0.02070000
v 0.00876792 0.00624167 0.02050000
v 0.00984175 0.00637500 0.02070000
v 0.00923817 0.00624167 0.02050000
v 0.00977508 0.00630833 0.02060000
v 0.01111200 0.00717500 0.02190000
v 0.01097867 0.00704167 0.02170000
v 0.01111200 0.00626979 0.02190000
v 0.01057508 0.00710833 0.02180000
v 0.01071200 0.00677500 0.02130000
v 0.01084533 0.00690833 0.02150000
v 0.01111200 0.00445937 0.02190000
v 0.01097867 0.00613646 0.02170000
v 0.01111200 0.00536458 0.02190000
v 0.01104533 0.00620312 0.02180000
v 0.00950125 0.00697500 0.02160000
v 0.01044175 0.00697500 0.02160000
v 0.01003817 0.00704167 0.02170000
v 0.01050842 0.00704167 0.02170000
v 0.01064533 0.00037188 0.02120000
v 0.01064533 0.00218229 0.02120000
v 0.01057867 0.00121042 0.02110000
v 0.01071200 0.00043854 0.02130000
v 0.01064533 0.00580312 0.02120000
v 0.01064533 0.00399271 0.02120000
v 0.01057867 0.00573646 0.02110000
v 0.01044533 0.00288750 0.02090000
v 0.01057867 0.00302083 0.02110000
v 0.01051200 0.00204896 0.02100000
v 0.01044533 0.00379271 0.02090000
v 0.01057867 0.00211563 0.02110000
v 0.01084533 0.00057188 0.02150000
v 0.01071200 0.00224896 0.02130000
v 0.01077867 0.00050521 0.02140000
v 0.01071200 0.00134375 0.02130000
v 0.01044533 0.00560313 0.02090000
v 0.01057867 0.00392604 0.02110000
v 0.01051200 0.00566979 0.02100000
v 0.01044533 0.00469792 0.02090000
v 0.01057867 0.00483125 0.02110000
v 0.01051200 0.00385938 0.02100000
v 0.00688692 0.00624167 0.02050000
v 0.00796075 0.00637500 0.02070000
v 0.00735717 0.00624167 0.02050000
v 0.00695358 0.00630833 0.02060000
v 0.01010842 0.00664167 0.02110000
v 0.00903458 0.00650833 0.02090000
v 0.01004175 0.00657500 0.02100000
v 0.00829767 0.00624167 0.02050000
v 0.00843100 0.00637500 0.02070000
v 0.00782742 0.00624167 0.02050000
v 0.00883458 0.00630833 0.02060000
v 0.00789408 0.00630833 0.02060000
v 0.00708692 0.00644167 0.02080000
v 0.00802742 0.00644167 0.02080000
v 0.00702025 0.00637500 0.02070000
v 0.00749050 0.00637500 0.02070000
v 0.00990842 0.00644167 0.02080000
v 0.00896792 0.00644167 0.02080000
v 0.00997508 0.00650833 0.02090000
v 0.00937150 0.00637500 0.02070000
v 0.00950483 0.00650833 0.02090000
v 0.00890125 0.00637500 0.02070000
v 0.01111200 0.00083854 0.02190000
v 0.01097867 0.00251562 0.02170000
v 0.01111200 0.00174375 0.02190000
v 0.01104533 0.00077188 0.02180000
v 0.01071200 0.00586979 0.02130000
v 0.01084533 0.00419271 0.02150000
v 0.01077867 0.00593646 0.02140000
v 0.01071200 0.00496458 0.02130000
v 0.01111200 0.00355417 0.02190000
v 0.01097867 0.00342083 0.02170000
v 0.01111200 0.00264896 0.02190000
v 0.01104533 0.00439271 0.02180000
v 0.01104533 0.00258229 0.02180000
v 0.01091200 0.00063854 0.02160000
v 0.01091200 0.00244896 0.02160000
v 0.01097867 0.00070521 0.02170000
v 0.01084533 0.00147708 0.02150000
v 0.01097867 0.00161042 0.02170000
v 0.01091200 0.00606979 0.02160000
v 0.01091200 0.00425937 0.02160000
v 0.01084533 0.00600312 0.02150000
v 0.01097867 0.00523125 0.02170000
v 0.01084533 0.00509792 0.02150000
v 0.01097867 0.00432604 0.02170000
v 0.01071200 0.00315417 0.02130000
v 0.01084533 0.00328750 0.02150000
v 0.01071200 0.00405938 0.02130000
v 0.01077867 0.00231563 0.02140000
v 0.01077867 0.00412604 0.02140000
v 0.01084533 0.00238229 0.02150000
v 0.00735358 0.00670833 0.02120000
v 0.00829408 0.00670833 0.02120000
v 0.00789050 0.00677500 0.02130000
v 0.00728692 0.00664167 0.02110000
v 0.01017508 0.00670833 0.02120000
v 0.00923458 0.00670833 0.02120000
v 0.01024175 0.00677500 0.02130000
v 0.00963817 0.00664167 0.02110000
v 0.00896433 0.00690833 0.02150000
v 0.00883100 0.00677500 0.02130000
v 0.00842742 0.00684167 0.02140000
v 0.00943458 0.00690833 0.02150000
v 0.00836075 0.00677500 0.02130000
v 0.00715358 0.00650833 0.02090000
v 0.00822742 0.00664167 0.02110000
v 0.00722025 0.00657500 0.02100000
v 0.00762383 0.00650833 0.02090000
v 0.00775717 0.00664167 0.02110000
v 0.01037508 0.00690833 0.02150000
v 0.00930125 0.00677500 0.02130000
v 0.01030842 0.00684167 0.02140000
v 0.00990483 0.00690833 0.02150000
v 0.00977150 0.00677500 0.02130000
v 0.00936792 0.00684167 0.02140000
v 0.00856433 0.00650833 0.02090000
v 0.00869767 0.00664167 0.02110000
v 0.00910125 0.00657500 0.02100000
v 0.00809408 0.00650833 0.02090000
v 0.00916792 0.00664167 0.02110000
v 0.00816075 0.00657500 0.02100000
v -0.01750000 0.02000000 0.00137500
v -0.01250000 0.02000000 0.00412500
v -0.01750000 0.02000000 0.00275000
v -0.01500000 0.02000000 0.00137500
v -0.00250000 0.02000000 0.00962500
v -0.00750000 0.02000000 0.00687500
v -0.01750000 0.02000000 0.00550000
v -0.01250000 0.02000000 0.00550000
v -0.01750000 0.02000000 0.00412500
v -0.01500000 0.02000000 0.00412500
v -0.01000000 0.02000000 0.00137500
v -0.01000000 0.02000000 0.00412500
v -0.01250000 0.02000000 0.00137500
v -0.01250000 0.02000000 0.00275000
v 0.01750000 0.02000000 0.02062500
v 0.01250000 0.02000000 0.01787500
v 0.00250000 0.02000000 0.01237500
v 0.00750000 0.02000000 0.01512500
v -0.01750000 0.02000000 0.01100000
v -0.01250000 0.02000000 0.01100000
v -0.01750000 0.02000000 0.00962500
v -0.00250000 0.02000000 0.01100000
v -0.00750000 0.02000000 0.01100000
v -0.00500000 0.02000000 0.00962500
v -0.01750000 0.02000000 0.00687500
v -0.01250000 0.02000000 0.00962500
v -0.01750000 0.02000000 0.00825000
v -0.01500000 0.02000000 0.00687500
v -0.01500000 0.02000000 0.00962500
v -0.01000000 0.02000000 0.00687500
v -0.01000000 0.02000000 0.00962500
v -0.00750000 0.02000000 0.00825000
v -0.01250000 0.02000000 0.00687500
v -0.00750000 0.02000000 0.00962500
v -0.01250000 0.02000000 0.00825000
v 0.00000000 0.02000000 0.00137500
v 0.00000000 0.02000000 0.00412500
v -0.00250000 0.02000000 0.00137500
v 0.00000000 0.02000000 0.00962500
v 0.00000000 0.02000000 0.00687500
v -0.00250000 0.02000000 0.00825000
v -0.00750000 0.02000000 0.00137500
v -0.00250000 0.02000000 0.00412500
v -0.00500000 0.02000000 0.00137500
v -0.00750000 0.02000000 0.00275000
v -0.00250000 0.02000000 0.00275000
v -0.00750000 0.02000000 0.00550000
v -0.00250000 0.02000000 0.00550000
v -0.00500000 0.02000000 0.00687500
v -0.00750000 0.02000000 0.00412500
v -0.00250000 0.02000000 0.00687500
v -0.00500000 0.02000000 0.00412500
v -0.01750000 0.02000000 0.02200000
v -0.01250000 0.02000000 0.02200000
v -0.01750000 0.02000000 0.02062500
v -0.01615492 0.01920260 0.02200000
v -0.00250000 0.02000000 0.02200000
v -0.00750000 0.02000000 0.02200000
v -0.01750000 0.02000000 0.01787500
v -0.01250000 0.02000000 0.02062500
v -0.01750000 0.02000000 0.01925000
v -0.01500000 0.02000000 0.02062500
v -0.01346475 0.01760781 0.02200000
v -0.01115492 0.01920260 0.02200000
v -0.01480983 0.01840521 0.02200000
v -0.01365492 0.01920260 0.02200000
v 0.01750000 0.02000000 0.02200000
v 0.01250000 0.02000000 0.02200000
v 0.01500000 0.02000000 0.02062500
v 0.00250000 0.02000000 0.02200000
v 0.00750000 0.02000000 0.02200000
v 0.01000000 0.02000000 0.01787500
v 0.01000000 0.02000000 0.02062500
v 0.01250000 0.02000000 0.01925000
v 0.01250000 0.02000000 0.02062500
v -0.01750000 0.02000000 0.01237500
v -0.01250000 0.02000000 0.01512500
v -0.01750000 0.02000000 0.01375000
v -0.01500000 0.02000000 0.01237500
v -0.00250000 0.02000000 0.02062500
v -0.00750000 0.02000000 0.01787500
v -0.00500000 0.02000000 0.02062500
v -0.01750000 0.02000000 0.01650000
v -0.01250000 0.02000000 0.01650000
v -0.01750000 0.02000000 0.01512500
v -0.01500000 0.02000000 0.01787500
v -0.01500000 0.02000000 0.01512500
v -0.01000000 0.02000000 0.01237500
v -0.01000000 0.02000000 0.01512500
v -0.01250000 0.02000000 0.01237500
v -0.01250000 0.02000000 0.01375000
v -0.01000000 0.02000000 0.02062500
v -0.01000000 0.02000000 0.01787500
v -0.00750000 0.02000000 0.02062500
v -0.01250000 0.02000000 0.01925000
v -0.00750000 0.02000000 0.01925000
v -0.01250000 0.02000000 0.01787500
v -0.00808442 0.01441823 0.02200000
v -0.00577458 0.01601302 0.02200000
v -0.00942950 0.01521562 0.02200000
v -0.00115492 0.01920260 0.02200000
v -0.00346475 0.01760781 0.02200000
v -0.00365492 0.01920260 0.02200000
v -0.01211967 0.01681042 0.02200000
v -0.00711967 0.01681042 0.02200000
v -0.01077458 0.01601302 0.02200000
v -0.01096475 0.01760781 0.02200000
v -0.00827458 0.01601302 0.02200000
v -0.00865492 0.01920260 0.02200000
v -0.00596475 0.01760781 0.02200000
v -0.00615492 0.01920260 0.02200000
v -0.00980983 0.01840521 0.02200000
v -0.00480983 0.01840521 0.02200000
v -0.00846475 0.01760781 0.02200000
v 0.00000000 0.02000000 0.01237500
v 0.00000000 0.02000000 0.01512500
v 0.00250000 0.02000000 0.01375000
v -0.00250000 0.02000000 0.01237500
v 0.00000000 0.02000000 0.02062500
v 0.00000000 0.02000000 0.01787500
v 0.00250000 0.02000000 0.02062500
v -0.00250000 0.02000000 0.01925000
v 0.00750000 0.02000000 0.01650000
v 0.00250000 0.02000000 0.01650000
v 0.00500000 0.02000000 0.01512500
v 0.00750000 0.02000000 0.01787500
v 0.00250000 0.02000000 0.01512500
v -0.00750000 0.02000000 0.01237500
v -0.00250000 0.02000000 0.01512500
v -0.00500000 0.02000000 0.01237500
v -0.00750000 0.02000000 0.01375000
v -0.00250000 0.02000000 0.01375000
v 0.00750000 0.02000000 0.02062500
v 0.00250000 0.02000000 0.01787500
v 0.00500000 0.02000000 0.02062500
v 0.00750000 0.02000000 0.01925000
v 0.00250000 0.02000000 0.01925000
v 0.00500000 0.02000000 0.01787500
v -0.00750000 0.02000000 0.01650000
v -0.00250000 0.02000000 0.01650000
v -0.00500000 0.02000000 0.01787500
v -0.00750000 0.02000000 0.01512500
v -0.00250000 0.02000000 0.01787500
v -0.00500000 0.02000000 0.01512500
v 0.02000000 -0.01750000 0.02200000
v 0.02000000 -0.01250000 0.02200000
v 0.01944867 -0.01670260 0.02200000
v 0.02000000 -0.01500000 0.02062500
v 0.02000000 -0.00250000 0.02200000
v 0.02000000 -0.00750000 0.02200000
v 0.01834600 -0.01510781 0.02200000
v 0.01944867 -0.01170260 0.02200000
v 0.01889733 -0.01590521 0.02200000
v 0.01944867 -0.01420260 0.02200000
v 0.02000000 -0.01000000 0.01787500
v 0.02000000 -0.01000000 0.02062500
v 0.02000000 -0.01250000 0.01925000
v 0.02000000 -0.01250000 0.02062500
v 0.02000000 0.01750000 0.02200000
v 0.02000000 0.01250000 0.02200000
v 0.02000000 0.00250000 0.02200000
v 0.02000000 0.00750000 0.02200000
v 0.01614067 -0.01191823 0.02200000
v 0.01724333 -0.00851302 0.02200000
v 0.01669200 -0.01271562 0.02200000
v 0.01944867 -0.00170260 0.02200000
v 0.01834600 -0.00510781 0.02200000
v 0.01944867 -0.00420260 0.02200000
v 0.01779467 -0.01431042 0.02200000
v 0.01779467 -0.00931042 0.02200000
v 0.01724333 -0.01351302 0.02200000
v 0.01834600 -0.01260781 0.02200000
v 0.01724333 -0.01101302 0.02200000
v 0.01944867 -0.00920260 0.02200000
v 0.01834600 -0.00760781 0.02200000
v 0.01944867 -0.00670260 0.02200000
v 0.01889733 -0.01090521 0.02200000
v 0.01889733 -0.00590521 0.02200000
v 0.01834600 -0.01010781 0.02200000
v 0.02000000 0.00000000 0.01237500
v 0.02000000 0.00000000 0.01512500
v 0.02000000 -0.00250000 0.01375000
v 0.02000000 0.00000000 0.02062500
v 0.02000000 0.00000000 0.01787500
v 0.02000000 -0.00250000 0.02062500
v 0.02000000 -0.00750000 0.01650000
v 0.02000000 -0.00250000 0.01650000
v 0.02000000 -0.00500000 0.01512500
v 0.02000000 -0.00750000 0.01787500
v 0.02000000 -0.00250000 0.01512500
v 0.02000000 -0.00750000 0.02062500
v 0.02000000 -0.00250000 0.01787500
v 0.02000000 -0.00500000 0.02062500
v 0.02000000 -0.00750000 0.01925000
v 0.02000000 -0.00250000 0.01925000
v 0.02000000 -0.00500000 0.01787500
v 0.01173000 -0.00553906 0.02200000
v 0.01283267 -0.00213385 0.02200000
v 0.01228133 -0.00633646 0.02200000
v 0.01173000 -0.00463385 0.02200000
v 0.01503800 0.00467656 0.02200000
v 0.01393533 0.00127135 0.02200000
v 0.01338400 -0.00793125 0.02200000
v 0.01338400 -0.00293125 0.02200000
v 0.01283267 -0.00713385 0.02200000
v 0.01283267 -0.00463385 0.02200000
v 0.01173000 -0.00282344 0.02200000
v 0.01283267 -0.00122865 0.02200000
v 0.01173000 -0.00372865 0.02200000
v 0.01228133 -0.00293125 0.02200000
v 0.01944867 0.01829740 0.02200000
v 0.01834600 0.01489219 0.02200000
v 0.01944867 0.01579740 0.02200000
v 0.01614067 0.00808177 0.02200000
v 0.01724333 0.01148698 0.02200000
v 0.01944867 0.01079740 0.02200000
v 0.01834600 0.01239219 0.02200000
v 0.01944867 0.01329740 0.02200000
v 0.01889733 0.01409479 0.02200000
v 0.01558933 -0.01112083 0.02200000
v 0.01558933 -0.00612083 0.02200000
v 0.01503800 -0.01032344 0.02200000
v 0.01614067 -0.00941823 0.02200000
v 0.01558933 0.00387917 0.02200000
v 0.01558933 -0.00112083 0.02200000
v 0.01503800 0.00217656 0.02200000
v 0.01393533 -0.00872865 0.02200000
v 0.01503800 -0.00532344 0.02200000
v 0.01448667 -0.00952604 0.02200000
v 0.01393533 -0.00622865 0.02200000
v 0.01503800 -0.00782344 0.02200000
v 0.01724333 -0.00601302 0.02200000
v 0.01614067 -0.00441823 0.02200000
v 0.01669200 -0.00771562 0.02200000
v 0.01614067 -0.00691823 0.02200000
v 0.01393533 -0.00122865 0.02200000
v 0.01503800 -0.00282344 0.02200000
v 0.01448667 0.00047396 0.02200000
v 0.01393533 -0.00372865 0.02200000
v 0.01503800 -0.00032344 0.02200000
v 0.01448667 -0.00452604 0.02200000
v 0.01173000 0.00079740 0.02200000
v 0.01283267 0.00239219 0.02200000
v 0.01173000 -0.00010781 0.02200000
v 0.01503800 0.00558177 0.02200000
v 0.01393533 0.00398698 0.02200000
v 0.01448667 0.00387917 0.02200000
v 0.01173000 -0.00191823 0.02200000
v 0.01283267 0.00148698 0.02200000
v 0.01173000 -0.00101302 0.02200000
v 0.01228133 -0.00112083 0.02200000
v 0.01228133 0.00068958 0.02200000
v 0.01338400 0.00047396 0.02200000
v 0.01338400 0.00228438 0.02200000
v 0.01393533 0.00217656 0.02200000
v 0.01283267 -0.00032344 0.02200000
v 0.01393533 0.00308177 0.02200000
v 0.01283267 0.00058177 0.02200000
v 0.01944867 0.00079740 0.02200000
v 0.01834600 0.00239219 0.02200000
v 0.01944867 0.00329740 0.02200000
v 0.01889733 -0.00090521 0.02200000
v 0.01614067 0.00558177 0.02200000
v 0.01724333 0.00398698 0.02200000
v 0.01669200 0.00728438 0.02200000
v 0.01614067 0.00308177 0.02200000
v 0.01944867 0.00829740 0.02200000
v 0.01834600 0.00489219 0.02200000
v 0.01944867 0.00579740 0.02200000
v 0.01889733 0.00909479 0.02200000
v 0.01889733 0.00409479 0.02200000
v 0.01779467 -0.00431042 0.02200000
v 0.01779467 0.00068958 0.02200000
v 0.01834600 -0.00260781 0.02200000
v 0.01724333 -0.00351302 0.02200000
v 0.01834600 -0.00010781 0.02200000
v 0.01779467 0.01068958 0.02200000
v 0.01779467 0.00568958 0.02200000
v 0.01724333 0.00898698 0.02200000
v 0.01834600 0.00989219 0.02200000
v 0.01724333 0.00648698 0.02200000
v 0.01834600 0.00739219 0.02200000
v 0.01614067 -0.00191823 0.02200000
v 0.01724333 0.00148698 0.02200000
v 0.01614067 0.00058177 0.02200000
v 0.01669200 -0.00271562 0.02200000
v 0.01669200 0.00228438 0.02200000
v 0.01724333 -0.00101302 0.02200000
v 0.02000000 0.02000000 0.00137500
v 0.02000000 0.02000000 0.00412500
v 0.01750000 0.02000000 0.00137500
v 0.02000000 0.01750000 0.00275000
v 0.02000000 0.02000000 0.00962500
v 0.02000000 0.02000000 0.00687500
v 0.01250000 0.02000000 0.00137500
v 0.01750000 0.02000000 0.00412500
v 0.01500000 0.02000000 0.00137500
v 0.01750000 0.02000000 0.00275000
v 0.02000000 0.01250000 0.00550000
v 0.02000000 0.01750000 0.00550000
v 0.02000000 0.01500000 0.00412500
v 0.02000000 0.01750000 0.00412500
v 0.02000000 0.02000000 0.02062500
v 0.02000000 0.02000000 0.01787500
v 0.01750000 0.02000000 0.01925000
v 0.02000000 0.01750000 0.02062500
v 0.02000000 0.02000000 0.01237500
v 0.02000000 0.02000000 0.01512500
v 0.01250000 0.02000000 0.01650000
v 0.01750000 0.02000000 0.01650000
v 0.01500000 0.02000000 0.01787500
v 0.01750000 0.02000000 0.01787500
v 0.02000000 0.01250000 0.02062500
v 0.02000000 0.01750000 0.01787500
v 0.02000000 0.01500000 0.02062500
v 0.02000000 0.01750000 0.01925000
v 0.00250000 0.02000000 0.00137500
v 0.00750000 0.02000000 0.00412500
v 0.00500000 0.02000000 0.00137500
v 0.00250000 0.02000000 0.00275000
v 0.01750000 0.02000000 0.00962500
v 0.01250000 0.02000000 0.00687500
v 0.01750000 0.02000000 0.00825000
v 0.01000000 0.02000000 0.00137500
v 0.01000000 0.02000000 0.00412500
v 0.00750000 0.02000000 0.00137500
v 0.01250000 0.02000000 0.00275000
v 0.00750000 0.02000000 0.00275000
v 0.00250000 0.02000000 0.00550000
v 0.00750000 0.02000000 0.00550000
v 0.00250000 0.02000000 0.00412500
v 0.00500000 0.02000000 0.00412500
v 0.01750000 0.02000000 0.00550000
v 0.01250000 0.02000000 0.00550000
v 0.01750000 0.02000000 0.00687500
v 0.01500000 0.02000000 0.00412500
v 0.01500000 0.02000000 0.00687500
v 0.01250000 0.02000000 0.00412500
v 0.02000000 0.00250000 0.01100000
v 0.02000000 0.00750000 0.01100000
v 0.02000000 0.00500000 0.00962500
v 0.02000000 0.00250000 0.01237500
v 0.02000000 0.01750000 0.01100000
v 0.02000000 0.01250000 0.01100000
v 0.02000000 0.01750000 0.00962500
v 0.02000000 0.01000000 0.00687500
v 0.02000000 0.01000000 0.00962500
v 0.02000000 0.00750000 0.00825000
v 0.02000000 0.01250000 0.00687500
v 0.02000000 0.00750000 0.00962500
v 0.02000000 0.00250000 0.01512500
v 0.02000000 0.00750000 0.01237500
v 0.02000000 0.00250000 0.01375000
v 0.02000000 0.00500000 0.01237500
v 0.02000000 0.01750000 0.00687500
v 0.02000000 0.01250000 0.00962500
v 0.02000000 0.01750000 0.00825000
v 0.02000000 0.01500000 0.00687500
v 0.02000000 0.01500000 0.00962500
v 0.02000000 0.01250000 0.00825000
v 0.00250000 0.02000000 0.01100000
v 0.00750000 0.02000000 0.01100000
v 0.00500000 0.02000000 0.01237500
v 0.00250000 0.02000000 0.00962500
v 0.01750000 0.02000000 0.01100000
v 0.01250000 0.02000000 0.01100000
v 0.01750000 0.02000000 0.01237500
v 0.01500000 0.02000000 0.00962500
v 0.01000000 0.02000000 0.01512500
v 0.01000000 0.02000000 0.01237500
v 0.00750000 0.02000000 0.01375000
v 0.01250000 0.02000000 0.01512500
v 0.00750000 0.02000000 0.01237500
v 0.00250000 0.02000000 0.00687500
v 0.00750000 0.02000000 0.00962500
v 0.00250000 0.02000000 0.00825000
v 0.00500000 0.02000000 0.00687500
v 0.00500000 0.02000000 0.00962500
v 0.01750000 0.02000000 0.01512500
v 0.01250000 0.02000000 0.01237500
v 0.01750000 0.02000000 0.01375000
v 0.01500000 0.02000000 0.01512500
v 0.01500000 0.02000000 0.01237500
v 0.01250000 0.02000000 0.01375000
v 0.01000000 0.02000000 0.00687500
v 0.01000000 0.02000000 0.00962500
v 0.01250000 0.02000000 0.00825000
v 0.00750000 0.02000000 0.00687500
v 0.01250000 0.02000000 0.00962500
v 0.00750000 0.02000000 0.00825000
v 0.02000000 0.00250000 0.02062500
v 0.02000000 0.00750000 0.01787500
v 0.02000000 0.00500000 0.02062500
v 0.02000000 0.00250000 0.01925000
v 0.02000000 0.01750000 0.01237500
v 0.02000000 0.01250000 0.01512500
v 0.02000000 0.01750000 0.01375000
v 0.02000000 0.01500000 0.01237500
v 0.02000000 0.01000000 0.02062500
v 0.02000000 0.01000000 0.01787500
v 0.02000000 0.00750000 0.02062500
v 0.02000000 0.01250000 0.01925000
v 0.02000000 0.00750000 0.01925000
v 0.02000000 0.00250000 0.01650000
v 0.02000000 0.00750000 0.01650000
v 0.02000000 0.00250000 0.01787500
v 0.02000000 0.00500000 0.01512500
v 0.02000000 0.00500000 0.01787500
v 0.02000000 0.01750000 0.01650000
v 0.02000000 0.01250000 0.01650000
v 0.02000000 0.01750000 0.01512500
v 0.02000000 0.01500000 0.01787500
v 0.02000000 0.01500000 0.01512500
v 0.02000000 0.01250000 0.01787500
v 0.02000000 0.01000000 0.01237500
v 0.02000000 0.01000000 0.01512500
v 0.02000000 0.01250000 0.01237500
v 0.02000000 0.00750000 0.01375000
v 0.02000000 0.01250000 0.01375000
v 0.02000000 0.00750000 0.01512500
v 0.00267625 0.00803906 0.02200000
v 0.00498608 0.00963385 0.02200000
v 0.00133117 0.00883646 0.02200000
v 0.00327983 0.00803906 0.02200000
v 0.00960575 0.01282344 0.02200000
v 0.00729592 0.01122865 0.02200000
v -0.00135900 0.01043125 0.02200000
v 0.00364100 0.01043125 0.02200000
v -0.00001392 0.00963385 0.02200000
v 0.00248608 0.00963385 0.02200000
v 0.00448700 0.00803906 0.02200000
v 0.00558967 0.00963385 0.02200000
v 0.00388342 0.00803906 0.02200000
v 0.00443475 0.00883646 0.02200000
v 0.01884508 0.01920260 0.02200000
v 0.01653525 0.01760781 0.02200000
v 0.01634508 0.01920260 0.02200000
v 0.01191558 0.01441823 0.02200000
v 0.01422542 0.01601302 0.02200000
v 0.01134508 0.01920260 0.02200000
v 0.01403525 0.01760781 0.02200000
v 0.01384508 0.01920260 0.02200000
v 0.01519017 0.01840521 0.02200000
v -0.00673933 0.01362083 0.02200000
v -0.00173933 0.01362083 0.02200000
v -0.00539425 0.01282344 0.02200000
v -0.00558442 0.01441823 0.02200000
v 0.00826067 0.01362083 0.02200000
v 0.00326067 0.01362083 0.02200000
v 0.00710575 0.01282344 0.02200000
v -0.00270408 0.01122865 0.02200000
v -0.00039425 0.01282344 0.02200000
v -0.00404917 0.01202604 0.02200000
v -0.00020408 0.01122865 0.02200000
v -0.00289425 0.01282344 0.02200000
v -0.00327458 0.01601302 0.02200000
v -0.00058442 0.01441823 0.02200000
v -0.00442950 0.01521562 0.02200000
v -0.00308442 0.01441823 0.02200000
v 0.00479592 0.01122865 0.02200000
v 0.00210575 0.01282344 0.02200000
v 0.00595083 0.01202604 0.02200000
v 0.00229592 0.01122865 0.02200000
v 0.00460575 0.01282344 0.02200000
v 0.00095083 0.01202604 0.02200000
v 0.00690133 0.00803906 0.02200000
v 0.00800400 0.00963385 0.02200000
v 0.00629775 0.00803906 0.02200000
v 0.01020933 0.01282344 0.02200000
v 0.00910667 0.01122865 0.02200000
v 0.00905442 0.01202604 0.02200000
v 0.00509058 0.00803906 0.02200000
v 0.00740042 0.00963385 0.02200000
v 0.00569417 0.00803906 0.02200000
v 0.00564192 0.00883646 0.02200000
v 0.00684908 0.00883646 0.02200000
v 0.00674458 0.01043125 0.02200000
v 0.00795175 0.01043125 0.02200000
v 0.00789950 0.01122865 0.02200000
v 0.00619325 0.00963385 0.02200000
v 0.00850308 0.01122865 0.02200000
v 0.00679683 0.00963385 0.02200000
v 0.00134508 0.01920260 0.02200000
v 0.00403525 0.01760781 0.02200000
v 0.00384508 0.01920260 0.02200000
v 0.00019017 0.01840521 0.02200000
v 0.00941558 0.01441823 0.02200000
v 0.00672542 0.01601302 0.02200000
v 0.01057050 0.01521562 0.02200000
v 0.00691558 0.01441823 0.02200000
v 0.00884508 0.01920260 0.02200000
v 0.00653525 0.01760781 0.02200000
v 0.00634508 0.01920260 0.02200000
v 0.01019017 0.01840521 0.02200000
v 0.00519017 0.01840521 0.02200000
v -0.00211967 0.01681042 0.02200000
v 0.00288033 0.01681042 0.02200000
v -0.00096475 0.01760781 0.02200000
v -0.00077458 0.01601302 0.02200000
v 0.00153525 0.01760781 0.02200000
v 0.01288033 0.01681042 0.02200000
v 0.00788033 0.01681042 0.02200000
v 0.01172542 0.01601302 0.02200000
v 0.01153525 0.01760781 0.02200000
v 0.00922542 0.01601302 0.02200000
v 0.00903525 0.01760781 0.02200000
v 0.00191558 0.01441823 0.02200000
v 0.00422542 0.01601302 0.02200000
v 0.00441558 0.01441823 0.02200000
v 0.00057050 0.01521562 0.02200000
v 0.00557050 0.01521562 0.02200000
v 0.00172542 0.01601302 0.02200000
v 0.01173000 0.00803906 0.02200000
v 0.01283267 0.00963385 0.02200000
v 0.01173000 0.00713385 0.02200000
v 0.01112642 0.00803906 0.02200000
v 0.01503800 0.01282344 0.02200000
v 0.01393533 0.01122865 0.02200000
v 0.01173000 0.00532344 0.02200000
v 0.01283267 0.00872865 0.02200000
v 0.01173000 0.00622865 0.02200000
v 0.01228133 0.00793125 0.02200000
v 0.00991925 0.00803906 0.02200000
v 0.01222908 0.00963385 0.02200000
v 0.01052283 0.00803906 0.02200000
v 0.01167775 0.00883646 0.02200000
v 0.01944867 0.01920260 0.02200000
v 0.01834600 0.01760781 0.02200000
v 0.01889733 0.01750000 0.02200000
v 0.01829375 0.01840521 0.02200000
v 0.01614067 0.01441823 0.02200000
v 0.01724333 0.01601302 0.02200000
v 0.01779467 0.01409479 0.02200000
v 0.01779467 0.01590521 0.02200000
v 0.01834600 0.01579740 0.02200000
v 0.01834600 0.01670260 0.02200000
v 0.01598392 0.01681042 0.02200000
v 0.01719108 0.01681042 0.02200000
v 0.01713883 0.01760781 0.02200000
v 0.01774242 0.01760781 0.02200000
v 0.01173000 0.00170260 0.02200000
v 0.01283267 0.00510781 0.02200000
v 0.01173000 0.00260781 0.02200000
v 0.01228133 0.00250000 0.02200000
v 0.01503800 0.01191823 0.02200000
v 0.01393533 0.00851302 0.02200000
v 0.01448667 0.01112083 0.02200000
v 0.01173000 0.00441823 0.02200000
v 0.01283267 0.00601302 0.02200000
v 0.01173000 0.00351302 0.02200000
v 0.01228133 0.00612083 0.02200000
v 0.01228133 0.00431042 0.02200000
v 0.01338400 0.00409479 0.02200000
v 0.01338400 0.00590521 0.02200000
v 0.01283267 0.00329740 0.02200000
v 0.01283267 0.00420260 0.02200000
v 0.01338400 0.00952604 0.02200000
v 0.01338400 0.00771562 0.02200000
v 0.01393533 0.01032344 0.02200000
v 0.01283267 0.00782344 0.02200000
v 0.01393533 0.00941823 0.02200000
v 0.01283267 0.00691823 0.02200000
v 0.00750492 0.00803906 0.02200000
v 0.00981475 0.00963385 0.02200000
v 0.00810850 0.00803906 0.02200000
v 0.00805625 0.00883646 0.02200000
v 0.01443442 0.01282344 0.02200000
v 0.01212458 0.01122865 0.02200000
v 0.01388308 0.01202604 0.02200000
v 0.00931567 0.00803906 0.02200000
v 0.01041833 0.00963385 0.02200000
v 0.00871208 0.00803906 0.02200000
v 0.01047058 0.00883646 0.02200000
v 0.00926342 0.00883646 0.02200000
v 0.00915892 0.01043125 0.02200000
v 0.01036608 0.01043125 0.02200000
v 0.00860758 0.00963385 0.02200000
v 0.00921117 0.00963385 0.02200000
v 0.01278042 0.01043125 0.02200000
v 0.01157325 0.01043125 0.02200000
v 0.01333175 0.01122865 0.02200000
v 0.01162550 0.00963385 0.02200000
v 0.01272817 0.01122865 0.02200000
v 0.01102192 0.00963385 0.02200000
v 0.01558933 0.00728438 0.02200000
v 0.01558933 0.00909479 0.02200000
v 0.01614067 0.00898698 0.02200000
v 0.01503800 0.00648698 0.02200000
v 0.01558933 0.01271562 0.02200000
v 0.01558933 0.01090521 0.02200000
v 0.01614067 0.01351302 0.02200000
v 0.01503800 0.01101302 0.02200000
v 0.01724333 0.01239219 0.02200000
v 0.01614067 0.01079740 0.02200000
v 0.01669200 0.01068958 0.02200000
v 0.01724333 0.01329740 0.02200000
v 0.01614067 0.00989219 0.02200000
v 0.01393533 0.00489219 0.02200000
v 0.01503800 0.00829740 0.02200000
v 0.01448667 0.00568958 0.02200000
v 0.01393533 0.00579740 0.02200000
v 0.01503800 0.00739219 0.02200000
v 0.01724333 0.01510781 0.02200000
v 0.01614067 0.01170260 0.02200000
v 0.01669200 0.01431042 0.02200000
v 0.01724333 0.01420260 0.02200000
v 0.01614067 0.01260781 0.02200000
v 0.01669200 0.01250000 0.02200000
v 0.01393533 0.00760781 0.02200000
v 0.01503800 0.00920260 0.02200000
v 0.01448667 0.00931042 0.02200000
v 0.01393533 0.00670260 0.02200000
v 0.01503800 0.01010781 0.02200000
v 0.01448667 0.00750000 0.02200000
v 0.01136425 0.01362083 0.02200000
v 0.01257142 0.01362083 0.02200000
v 0.01251917 0.01441823 0.02200000
v 0.01081292 0.01282344 0.02200000
v 0.01498575 0.01362083 0.02200000
v 0.01377858 0.01362083 0.02200000
v 0.01553708 0.01441823 0.02200000
v 0.01383083 0.01282344 0.02200000
v 0.01482900 0.01601302 0.02200000
v 0.01372633 0.01441823 0.02200000
v 0.01367408 0.01521562 0.02200000
v 0.01543258 0.01601302 0.02200000
v 0.01312275 0.01441823 0.02200000
v 0.00971025 0.01122865 0.02200000
v 0.01202008 0.01282344 0.02200000
v 0.01026158 0.01202604 0.02200000
v 0.01031383 0.01122865 0.02200000
v 0.01141650 0.01282344 0.02200000
v 0.01663975 0.01601302 0.02200000
v 0.01432992 0.01441823 0.02200000
v 0.01608842 0.01521562 0.02200000
v 0.01603617 0.01601302 0.02200000
v 0.01493350 0.01441823 0.02200000
v 0.01488125 0.01521562 0.02200000
v 0.01152100 0.01122865 0.02200000
v 0.01262367 0.01282344 0.02200000
v 0.01267592 0.01202604 0.02200000
v 0.01091742 0.01122865 0.02200000
v 0.01322725 0.01282344 0.02200000
v 0.01146875 0.01202604 0.02200000
f 1 4251 1931
f 4251 1071 4253
f 1931 4253 487
f 4251 4253 1931
f 1071 4252 4260
f 4252 273 4258
f 4260 4258 1073
f 4252 4258 4260
f 487 4259 1932
f 4259 1073 4257
f 1932 4257 125
f 4259 4257 1932
f 1071 4260 4253
f 4260 1073 4259
f 4253 4259 487
f 4260 4259 4253
f 273 4256 4280
f 4256 1072 4282
f 4280 4282 1080
f 4256 4282 4280
f 1072 4255 4274
f 4255 72 4272
f 4274 4272 1078
f 4255 4272 4274
f 1080 4284 4281
f 4284 1078 4273
f 4281 4273 275
f 4284 4273 4281
f 1072 4274 4282
f 4274 1078 4284
f 4282 4284 1080
f 4274 4284 4282
f 125 4275 1934
f 4275 1079 4277
f 1934 4277 488
f 4275 4277 1934
f 1079 4276 4279
f 4276 275 4270
f 4279 4270 1077
f 4276 4270 4279
f 488 4271 1933
f 4271 1077 4269
f 1933 4269 34
f 4271 4269 1933
f 1079 4279 4277
f 4279 1077 4271
f 4277 4271 488
f 4279 4271 4277
f 273 4280 4258
f 4280 1080 4283
f 4258 4283 1073
f 4280 4283 4258
f 1080 4281 4285
f 4281 275 4276
f 4285 4276 1079
f 4281 4276 4285
f 1073 4278 4257
f 4278 1079 4275
f 4257 4275 125
f 4278 4275 4257
f 1080 4285 4283
f 4285 1079 4278
f 4283 4278 1073
f 4285 4278 4283
f 72 4267 4343
f 4267 1076 4345
f 4343 4345 1096
f 4267 4345 4343
f 1076 4268 4353
f 4268 274 4351
f 4353 4351 1098
f 4268 4351 4353
f 1096 4355 4344
f 4355 1098 4352
f 4344 4352 280
f 4355 4352 4344
f 1076 4353 4345
f 4353 1098 4355
f 4345 4355 1096
f 4353 4355 4345
f 274 4266 4317
f 4266 1075 4319
f 4317 4319 1090
f 4266 4319 4317
f 1075 4265 4314
f 4265 18 4312
f 4314 4312 1088
f 4265 4312 4314
f 1090 4320 4318
f 4320 1088 4313
f 4318 4313 278
f 4320 4313 4318
f 1075 4314 4319
f 4314 1088 4320
f 4319 4320 1090
f 4314 4320 4319
f 280 4362 4348
f 4362 1100 4365
f 4348 4365 1097
f 4362 4365 4348
f 1100 4361 4363
f 4361 278 4316
f 4363 4316 1089
f 4361 4316 4363
f 1097 4349 4347
f 4349 1089 4315
f 4347 4315 73
f 4349 4315 4347
f 1100 4363 4365
f 4363 1089 4349
f 4365 4349 1097
f 4363 4349 4365
f 274 4317 4351
f 4317 1090 4354
f 4351 4354 1098
f 4317 4354 4351
f 1090 4318 4364
f 4318 278 4361
f 4364 4361 1100
f 4318 4361 4364
f 1098 4366 4352
f 4366 1100 4362
f 4352 4362 280
f 4366 4362 4352
f 1090 4364 4354
f 4364 1100 4366
f 4354 4366 1098
f 4364 4366 4354
f 34 4321 1937
f 4321 1091 4323
f 1937 4323 490
f 4321 4323 1937
f 1091 4322 4332
f 4322 279 4329
f 4332 4329 1093
f 4322 4329 4332
f 490 4330 1938
f 4330 1093 4328
f 1938 4328 126
f 4330 4328 1938
f 1091 4332 4323
f 4332 1093 4330
f 4323 4330 490
f 4332 4330 4323
f 279 4326 4338
f 4326 1092 4341
f 4338 4341 1095
f 4326 4341 4338
f 1092 4325 4327
f 4325 73 4306
f 4327 4306 1086
f 4325 4306 4327
f 1095 4339 4337
f 4339 1086 4307
f 4337 4307 277
f 4339 4307 4337
f 1092 4327 4341
f 4327 1086 4339
f 4341 4339 1095
f 4327 4339 4341
f 126 4308 1936
f 4308 1087 4310
f 1936 4310 489
f 4308 4310 1936
f 1087 4309 4311
f 4309 277 4304
f 4311 4304 1085
f 4309 4304 4311
f 489 4305 1935
f 4305 1085 4303
f 1935 4303 4
f 4305 4303 1935
f 1087 4311 4310
f 4311 1085 4305
f 4310 4305 489
f 4311 4305 4310
f 279 4338 4329
f 4338 1095 4342
f 4329 4342 1093
f 4338 4342 4329
f 1095 4337 4340
f 4337 277 4309
f 4340 4309 1087
f 4337 4309 4340
f 1093 4331 4328
f 4331 1087 4308
f 4328 4308 126
f 4331 4308 4328
f 1095 4340 4342
f 4340 1087 4331
f 4342 4331 1093
f 4340 4331 4342
f 72 4343 4272
f 4343 1096 4346
f 4272 4346 1078
f 4343 4346 4272
f 1096 4344 4360
f 4344 280 4357
f 4360 4357 1099
f 4344 4357 4360
f 1078 4358 4273
f 4358 1099 4356
f 4273 4356 275
f 4358 4356 4273
f 1096 4360 4346
f 4360 1099 4358
f 4346 4358 1078
f 4360 4358 4346
f 280 4348 4368
f 4348 1097 4371
f 4368 4371 1101
f 4348 4371 4368
f 1097 4347 4350
f 4347 73 4325
f 4350 4325 1092
f 4347 4325 4350
f 1101 4369 4367
f 4369 1092 4326
f 4367 4326 279
f 4369 4326 4367
f 1097 4350 4371
f 4350 1092 4369
f 4371 4369 1101
f 4350 4369 4371
f 275 4333 4270
f 4333 1094 4335
f 4270 4335 1077
f 4333 4335 4270
f 1094 4334 4336
f 4334 279 4322
f 4336 4322 1091
f 4334 4322 4336
f 1077 4324 4269
f 4324 1091 4321
f 4269 4321 34
f 4324 4321 4269
f 1094 4336 4335
f 4336 1091 4324
f 4335 4324 1077
f 4336 4324 4335
f 280 4368 4357
f 4368 1101 4372
f 4357 4372 1099
f 4368 4372 4357
f 1101 4367 4370
f 4367 279 4334
f 4370 4334 1094
f 4367 4334 4370
f 1099 4359 4356
f 4359 1094 4333
f 4356 4333 275
f 4359 4333 4356
f 1101 4370 4372
f 4370 1094 4359
f 4372 4359 1099
f 4370 4359 4372
f 1 2539 4251
f 2539 647 4254
f 4251 4254 1071
f 2539 4254 4251
f 647 2540 4263
f 2540 169 4261
f 4263 4261 1074
f 2540 4261 4263
f 1071 4264 4252
f 4264 1074 4262
f 4252 4262 273
f 4264 4262 4252
f 647 4263 4254
f 4263 1074 4264
f 4254 4264 1071
f 4263 4264 4254
f 169 2542 4292
f 2542 648 4294
f 4292 4294 1083
f 2542 4294 4292
f 648 2541 4288
f 2541 47 4286
f 4288 4286 1081
f 2541 4286 4288
f 1083 4296 4293
f 4296 1081 4287
f 4293 4287 276
f 4296 4287 4293
f 648 4288 4294
f 4288 1081 4296
f 4294 4296 1083
f 4288 4296 4294
f 273 4297 4256
f 4297 1084 4299
f 4256 4299 1072
f 4297 4299 4256
f 1084 4298 4301
f 4298 276 4290
f 4301 4290 1082
f 4298 4290 4301
f 1072 4291 4255
f 4291 1082 4289
f 4255 4289 72
f 4291 4289 4255
f 1084 4301 4299
f 4301 1082 4291
f 4299 4291 1072
f 4301 4291 4299
f 169 4292 4261
f 4292 1083 4295
f 4261 4295 1074
f 4292 4295 4261
f 1083 4293 4302
f 4293 276 4298
f 4302 4298 1084
f 4293 4298 4302
f 1074 4300 4262
f 4300 1084 4297
f 4262 4297 273
f 4300 4297 4262
f 1083 4302 4295
f 4302 1084 4300
f 4295 4300 1074
f 4302 4300 4295
f 47 2545 4391
f 2545 650 4393
f 4391 4393 1108
f 2545 4393 4391
f 650 2546 4400
f 2546 170 4398
f 4400 4398 1110
f 2546 4398 4400
f 1108 4402 4392
f 4402 1110 4399
f 4392 4399 283
f 4402 4399 4392
f 650 4400 4393
f 4400 1110 4402
f 4393 4402 1108
f 4400 4402 4393
f 170 2544 4378
f 2544 649 4380
f 4378 4380 1104
f 2544 4380 4378
f 649 2543 4375
f 2543 10 4373
f 4375 4373 1102
f 2543 4373 4375
f 1104 4381 4379
f 4381 1102 4374
f 4379 4374 281
f 4381 4374 4379
f 649 4375 4380
f 4375 1102 4381
f 4380 4381 1104
f 4375 4381 4380
f 283 4408 4396
f 4408 1112 4411
f 4396 4411 1109
f 4408 4411 4396
f 1112 4407 4409
f 4407 281 4377
f 4409 4377 1103
f 4407 4377 4409
f 1109 4397 4395
f 4397 1103 4376
f 4395 4376 74
f 4397 4376 4395
f 1112 4409 4411
f 4409 1103 4397
f 4411 4397 1109
f 4409 4397 4411
f 170 4378 4398
f 4378 1104 4401
f 4398 4401 1110
f 4378 4401 4398
f 1104 4379 4410
f 4379 281 4407
f 4410 4407 1112
f 4379 4407 4410
f 1110 4412 4399
f 4412 1112 4408
f 4399 4408 283
f 4412 4408 4399
f 1104 4410 4401
f 4410 1112 4412
f 4401 4412 1110
f 4410 4412 4401
f 72 4413 4267
f 4413 1113 4415
f 4267 4415 1076
f 4413 4415 4267
f 1113 4414 4425
f 4414 284 4422
f 4425 4422 1115
f 4414 4422 4425
f 1076 4423 4268
f 4423 1115 4421
f 4268 4421 274
f 4423 4421 4268
f 1113 4425 4415
f 4425 1115 4423
f 4415 4423 1076
f 4425 4423 4415
f 284 4418 4432
f 4418 1114 4435
f 4432 4435 1117
f 4418 4435 4432
f 1114 4417 4419
f 4417 74 4385
f 4419 4385 1106
f 4417 4385 4419
f 1117 4433 4431
f 4433 1106 4386
f 4431 4386 282
f 4433 4386 4431
f 1114 4419 4435
f 4419 1106 4433
f 4435 4433 1117
f 4419 4433 4435
f 274 4387 4266
f 4387 1107 4389
f 4266 4389 1075
f 4387 4389 4266
f 1107 4388 4390
f 4388 282 4383
f 4390 4383 1105
f 4388 4383 4390
f 1075 4384 4265
f 4384 1105 4382
f 4265 4382 18
f 4384 4382 4265
f 1107 4390 4389
f 4390 1105 4384
f 4389 4384 1075
f 4390 4384 4389
f 284 4432 4422
f 4432 1117 4436
f 4422 4436 1115
f 4432 4436 4422
f 1117 4431 4434
f 4431 282 4388
f 4434 4388 1107
f 4431 4388 4434
f 1115 4424 4421
f 4424 1107 4387
f 4421 4387 274
f 4424 4387 4421
f 1117 4434 4436
f 4434 1107 4424
f 4436 4424 1115
f 4434 4424 4436
f 47 4391 4286
f 4391 1108 4394
f 4286 4394 1081
f 4391 4394 4286
f 1108 4392 4406
f 4392 283 4404
f 4406 4404 1111
f 4392 4404 4406
f 1081 4405 4287
f 4405 1111 4403
f 4287 4403 276
f 4405 4403 4287
f 1108 4406 4394
f 4406 1111 4405
f 4394 4405 1081
f 4406 4405 4394
f 283 4396 4437
f 4396 1109 4439
f 4437 4439 1118
f 4396 4439 4437
f 1109 4395 4420
f 4395 74 4417
f 4420 4417 1114
f 4395 4417 4420
f 1118 4441 4438
f 4441 1114 4418
f 4438 4418 284
f 4441 4418 4438
f 1109 4420 4439
f 4420 1114 4441
f 4439 4441 1118
f 4420 4441 4439
f 276 4426 4290
f 4426 1116 4428
f 4290 4428 1082
f 4426 4428 4290
f 1116 4427 4430
f 4427 284 4414
f 4430 4414 1113
f 4427 4414 4430
f 1082 4416 4289
f 4416 1113 4413
f 4289 4413 72
f 4416 4413 4289
f 1116 4430 4428
f 4430 1113 4416
f 4428 4416 1082
f 4430 4416 4428
f 283 4437 4404
f 4437 1118 4440
f 4404 4440 1111
f 4437 4440 4404
f 1118 4438 4442
f 4438 284 4427
f 4442 4427 1116
f 4438 4427 4442
f 1111 4429 4403
f 4429 1116 4426
f 4403 4426 276
f 4429 4426 4403
f 1118 4442 4440
f 4442 1116 4429
f 4440 4429 1111
f 4442 4429 4440
f 4 2247 2039
f 2247 573 2249
f 2039 2249 517
f 2247 2249 2039
f 573 2248 2255
f 2248 150 2253
f 2255 2253 575
f 2248 2253 2255
f 517 2254 2040
f 2254 575 2252
f 2040 2252 134
f 2254 2252 2040
f 573 2255 2249
f 2255 575 2254
f 2249 2254 517
f 2255 2254 2249
f 150 2251 2271
f 2251 574 2273
f 2271 2273 581
f 2251 2273 2271
f 574 2250 2265
f 2250 42 2263
f 2265 2263 579
f 2250 2263 2265
f 581 2275 2272
f 2275 579 2264
f 2272 2264 152
f 2275 2264 2272
f 574 2265 2273
f 2265 579 2275
f 2273 2275 581
f 2265 2275 2273
f 134 2266 2042
f 2266 580 2268
f 2042 2268 518
f 2266 2268 2042
f 580 2267 2270
f 2267 152 2261
f 2270 2261 578
f 2267 2261 2270
f 518 2262 2041
f 2262 578 2260
f 2041 2260 37
f 2262 2260 2041
f 580 2270 2268
f 2270 578 2262
f 2268 2262 518
f 2270 2262 2268
f 150 2271 2253
f 2271 581 2274
f 2253 2274 575
f 2271 2274 2253
f 581 2272 2276
f 2272 152 2267
f 2276 2267 580
f 2272 2267 2276
f 575 2269 2252
f 2269 580 2266
f 2252 2266 134
f 2269 2266 2252
f 581 2276 2274
f 2276 580 2269
f 2274 2269 575
f 2276 2269 2274
f 42 2258 2339
f 2258 577 2341
f 2339 2341 598
f 2258 2341 2339
f 577 2259 2349
f 2259 151 2347
f 2349 2347 600
f 2259 2347 2349
f 598 2351 2340
f 2351 600 2348
f 2340 2348 157
f 2351 2348 2340
f 577 2349 2341
f 2349 600 2351
f 2341 2351 598
f 2349 2351 2341
f 151 2257 2296
f 2257 576 2298
f 2296 2298 588
f 2257 2298 2296
f 576 2256 2293
f 2256 8 2291
f 2293 2291 586
f 2256 2291 2293
f 588 2299 2297
f 2299 586 2292
f 2297 2292 154
f 2299 2292 2297
f 576 2293 2298
f 2293 586 2299
f 2298 2299 588
f 2293 2299 2298
f 157 2358 2344
f 2358 602 2361
f 2344 2361 599
f 2358 2361 2344
f 602 2357 2359
f 2357 154 2295
f 2359 2295 587
f 2357 2295 2359
f 599 2345 2343
f 2345 587 2294
f 2343 2294 43
f 2345 2294 2343
f 602 2359 2361
f 2359 587 2345
f 2361 2345 599
f 2359 2345 2361
f 151 2296 2347
f 2296 588 2350
f 2347 2350 600
f 2296 2350 2347
f 588 2297 2360
f 2297 154 2357
f 2360 2357 602
f 2297 2357 2360
f 600 2362 2348
f 2362 602 2358
f 2348 2358 157
f 2362 2358 2348
f 588 2360 2350
f 2360 602 2362
f 2350 2362 600
f 2360 2362 2350
f 37 2300 2045
f 2300 589 2302
f 2045 2302 520
f 2300 2302 2045
f 589 2301 2311
f 2301 155 2308
f 2311 2308 591
f 2301 2308 2311
f 520 2309 2046
f 2309 591 2307
f 2046 2307 135
f 2309 2307 2046
f 589 2311 2302
f 2311 591 2309
f 2302 2309 520
f 2311 2309 2302
f 155 2305 2317
f 2305 590 2320
f 2317 2320 593
f 2305 2320 2317
f 590 2304 2306
f 2304 43 2281
f 2306 2281 583
f 2304 2281 2306
f 593 2318 2316
f 2318 583 2282
f 2316 2282 153
f 2318 2282 2316
f 590 2306 2320
f 2306 583 2318
f 2320 2318 593
f 2306 2318 2320
f 135 2283 2044
f 2283 584 2285
f 2044 2285 519
f 2283 2285 2044
f 584 2284 2286
f 2284 153 2278
f 2286 2278 582
f 2284 2278 2286
f 519 2279 2043
f 2279 582 2277
f 2043 2277 6
f 2279 2277 2043
f 584 2286 2285
f 2286 582 2279
f 2285 2279 519
f 2286 2279 2285
f 155 2317 2308
f 2317 593 2321
f 2308 2321 591
f 2317 2321 2308
f 593 2316 2319
f 2316 153 2284
f 2319 2284 584
f 2316 2284 2319
f 591 2310 2307
f 2310 584 2283
f 2307 2283 135
f 2310 2283 2307
f 593 2319 2321
f 2319 584 2310
f 2321 2310 591
f 2319 2310 2321
f 42 2339 2263
f 2339 598 2342
f 2263 2342 579
f 2339 2342 2263
f 598 2340 2356
f 2340 157 2353
f 2356 2353 601
f 2340 2353 2356
f 579 2354 2264
f 2354 601 2352
f 2264 2352 152
f 2354 2352 2264
f 598 2356 2342
f 2356 601 2354
f 2342 2354 579
f 2356 2354 2342
f 157 2344 2364
f 2344 599 2367
f 2364 2367 603
f 2344 2367 2364
f 599 2343 2346
f 2343 43 2304
f 2346 2304 590
f 2343 2304 2346
f 603 2365 2363
f 2365 590 2305
f 2363 2305 155
f 2365 2305 2363
f 599 2346 2367
f 2346 590 2365
f 2367 2365 603
f 2346 2365 2367
f 152 2312 2261
f 2312 592 2314
f 2261 2314 578
f 2312 2314 2261
f 592 2313 2315
f 2313 155 2301
f 2315 2301 589
f 2313 2301 2315
f 578 2303 2260
f 2303 589 2300
f 2260 2300 37
f 2303 2300 2260
f 592 2315 2314
f 2315 589 2303
f 2314 2303 578
f 2315 2303 2314
f 157 2364 2353
f 2364 603 2368
f 2353 2368 601
f 2364 2368 2353
f 603 2363 2366
f 2363 155 2313
f 2366 2313 592
f 2363 2313 2366
f 601 2355 2352
f 2355 592 2312
f 2352 2312 152
f 2355 2312 2352
f 603 2366 2368
f 2366 592 2355
f 2368 2355 601
f 2366 2355 2368
f 1 1931 3215
f 1931 487 3217
f 3215 3217 817
f 1931 3217 3215
f 487 1932 3223
f 1932 125 3221
f 3223 3221 819
f 1932 3221 3223
f 817 3224 3216
f 3224 819 3222
f 3216 3222 212
f 3224 3222 3216
f 487 3223 3217
f 3223 819 3224
f 3217 3224 817
f 3223 3224 3217
f 125 1934 3239
f 1934 488 3241
f 3239 3241 825
f 1934 3241 3239
f 488 1933 3235
f 1933 34 3233
f 3235 3233 823
f 1933 3233 3235
f 825 3243 3240
f 3243 823 3234
f 3240 3234 214
f 3243 3234 3240
f 488 3235 3241
f 3235 823 3243
f 3241 3243 825
f 3235 3243 3241
f 212 3244 3220
f 3244 826 3246
f 3220 3246 818
f 3244 3246 3220
f 826 3245 3248
f 3245 214 3237
f 3248 3237 824
f 3245 3237 3248
f 818 3238 3219
f 3238 824 3236
f 3219 3236 58
f 3238 3236 3219
f 826 3248 3246
f 3248 824 3238
f 3246 3238 818
f 3248 3238 3246
f 125 3239 3221
f 3239 825 3242
f 3221 3242 819
f 3239 3242 3221
f 825 3240 3249
f 3240 214 3245
f 3249 3245 826
f 3240 3245 3249
f 819 3247 3222
f 3247 826 3244
f 3222 3244 212
f 3247 3244 3222
f 825 3249 3242
f 3249 826 3247
f 3242 3247 819
f 3249 3247 3242
f 34 1937 3290
f 1937 490 3292
f 3290 3292 838
f 1937 3292 3290
f 490 1938 3299
f 1938 126 3297
f 3299 3297 840
f 1938 3297 3299
f 838 3301 3291
f 3301 840 3298
f 3291 3298 218
f 3301 3298 3291
f 490 3299 3292
f 3299 840 3301
f 3292 3301 838
f 3299 3301 3292
f 126 1936 3273
f 1936 489 3275
f 3273 3275 833
f 1936 3275 3273
f 489 1935 3269
f 1935 4 3267
f 3269 3267 831
f 1935 3267 3269
f 833 3276 3274
f 3276 831 3268
f 3274 3268 216
f 3276 3268 3274
f 489 3269 3275
f 3269 831 3276
f 3275 3276 833
f 3269 3276 3275
f 218 3307 3295
f 3307 842 3310
f 3295 3310 839
f 3307 3310 3295
f 842 3306 3308
f 3306 216 3272
f 3308 3272 832
f 3306 3272 3308
f 839 3296 3294
f 3296 832 3271
f 3294 3271 59
f 3296 3271 3294
f 842 3308 3310
f 3308 832 3296
f 3310 3296 839
f 3308 3296 3310
f 126 3273 3297
f 3273 833 3300
f 3297 3300 840
f 3273 3300 3297
f 833 3274 3309
f 3274 216 3306
f 3309 3306 842
f 3274 3306 3309
f 840 3311 3298
f 3311 842 3307
f 3298 3307 218
f 3311 3307 3298
f 833 3309 3300
f 3309 842 3311
f 3300 3311 840
f 3309 3311 3300
f 58 3329 3231
f 3329 847 3331
f 3231 3331 822
f 3329 3331 3231
f 847 3330 3341
f 3330 220 3338
f 3341 3338 849
f 3330 3338 3341
f 822 3339 3232
f 3339 849 3337
f 3232 3337 213
f 3339 3337 3232
f 847 3341 3331
f 3341 849 3339
f 3331 3339 822
f 3341 3339 3331
f 220 3334 3348
f 3334 848 3351
f 3348 3351 851
f 3334 3351 3348
f 848 3333 3335
f 3333 59 3284
f 3335 3284 836
f 3333 3284 3335
f 851 3349 3347
f 3349 836 3285
f 3347 3285 217
f 3349 3285 3347
f 848 3335 3351
f 3335 836 3349
f 3351 3349 851
f 3335 3349 3351
f 213 3286 3230
f 3286 837 3288
f 3230 3288 821
f 3286 3288 3230
f 837 3287 3289
f 3287 217 3282
f 3289 3282 835
f 3287 3282 3289
f 821 3283 3229
f 3283 835 3281
f 3229 3281 14
f 3283 3281 3229
f 837 3289 3288
f 3289 835 3283
f 3288 3283 821
f 3289 3283 3288
f 220 3348 3338
f 3348 851 3352
f 3338 3352 849
f 3348 3352 3338
f 851 3347 3350
f 3347 217 3287
f 3350 3287 837
f 3347 3287 3350
f 849 3340 3337
f 3340 837 3286
f 3337 3286 213
f 3340 3286 3337
f 851 3350 3352
f 3350 837 3340
f 3352 3340 849
f 3350 3340 3352
f 34 3290 3233
f 3290 838 3293
f 3233 3293 823
f 3290 3293 3233
f 838 3291 3305
f 3291 218 3303
f 3305 3303 841
f 3291 3303 3305
f 823 3304 3234
f 3304 841 3302
f 3234 3302 214
f 3304 3302 3234
f 838 3305 3293
f 3305 841 3304
f 3293 3304 823
f 3305 3304 3293
f 218 3295 3353
f 3295 839 3355
f 3353 3355 852
f 3295 3355 3353
f 839 3294 3336
f 3294 59 3333
f 3336 3333 848
f 3294 3333 3336
f 852 3357 3354
f 3357 848 3334
f 3354 3334 220
f 3357 3334 3354
f 839 3336 3355
f 3336 848 3357
f 3355 3357 852
f 3336 3357 3355
f 214 3342 3237
f 3342 850 3344
f 3237 3344 824
f 3342 3344 3237
f 850 3343 3346
f 3343 220 3330
f 3346 3330 847
f 3343 3330 3346
f 824 3332 3236
f 3332 847 3329
f 3236 3329 58
f 3332 3329 3236
f 850 3346 3344
f 3346 847 3332
f 3344 3332 824
f 3346 3332 3344
f 218 3353 3303
f 3353 852 3356
f 3303 3356 841
f 3353 3356 3303
f 852 3354 3358
f 3354 220 3343
f 3358 3343 850
f 3354 3343 3358
f 841 3345 3302
f 3345 850 3342
f 3302 3342 214
f 3345 3342 3302
f 852 3358 3356
f 3358 850 3345
f 3356 3345 841
f 3358 3345 3356
f 4 2039 2931
f 2039 517 2933
f 2931 2933 747
f 2039 2933 2931
f 517 2040 2938
f 2040 134 2936
f 2938 2936 749
f 2040 2936 2938
f 747 2939 2932
f 2939 749 2937
f 2932 2937 195
f 2939 2937 2932
f 517 2938 2933
f 2938 749 2939
f 2933 2939 747
f 2938 2939 2933
f 134 2042 2950
f 2042 518 2952
f 2950 2952 754
f 2042 2952 2950
f 518 2041 2946
f 2041 37 2944
f 2946 2944 752
f 2041 2944 2946
f 754 2954 2951
f 2954 752 2945
f 2951 2945 197
f 2954 2945 2951
f 518 2946 2952
f 2946 752 2954
f 2952 2954 754
f 2946 2954 2952
f 195 2955 2935
f 2955 755 2957
f 2935 2957 748
f 2955 2957 2935
f 755 2956 2959
f 2956 197 2948
f 2959 2948 753
f 2956 2948 2959
f 748 2949 2934
f 2949 753 2947
f 2934 2947 54
f 2949 2947 2934
f 755 2959 2957
f 2959 753 2949
f 2957 2949 748
f 2959 2949 2957
f 134 2950 2936
f 2950 754 2953
f 2936 2953 749
f 2950 2953 2936
f 754 2951 2960
f 2951 197 2956
f 2960 2956 755
f 2951 2956 2960
f 749 2958 2937
f 2958 755 2955
f 2937 2955 195
f 2958 2955 2937
f 754 2960 2953
f 2960 755 2958
f 2953 2958 749
f 2960 2958 2953
f 37 2045 3041
f 2045 520 3043
f 3041 3043 778
f 2045 3043 3041
f 520 2046 3050
f 2046 135 3048
f 3050 3048 780
f 2046 3048 3050
f 778 3052 3042
f 3052 780 3049
f 3042 3049 204
f 3052 3049 3042
f 520 3050 3043
f 3050 780 3052
f 3043 3052 778
f 3050 3052 3043
f 135 2044 3019
f 2044 519 3021
f 3019 3021 772
f 2044 3021 3019
f 519 2043 3015
f 2043 6 3013
f 3015 3013 770
f 2043 3013 3015
f 772 3022 3020
f 3022 770 3014
f 3020 3014 202
f 3022 3014 3020
f 519 3015 3021
f 3015 770 3022
f 3021 3022 772
f 3015 3022 3021
f 204 3058 3046
f 3058 782 3061
f 3046 3061 779
f 3058 3061 3046
f 782 3057 3059
f 3057 202 3018
f 3059 3018 771
f 3057 3018 3059
f 779 3047 3045
f 3047 771 3017
f 3045 3017 56
f 3047 3017 3045
f 782 3059 3061
f 3059 771 3047
f 3061 3047 779
f 3059 3047 3061
f 135 3019 3048
f 3019 772 3051
f 3048 3051 780
f 3019 3051 3048
f 772 3020 3060
f 3020 202 3057
f 3060 3057 782
f 3020 3057 3060
f 780 3062 3049
f 3062 782 3058
f 3049 3058 204
f 3062 3058 3049
f 772 3060 3051
f 3060 782 3062
f 3051 3062 780
f 3060 3062 3051
f 54 3085 2942
f 3085 788 3087
f 2942 3087 751
f 3085 3087 2942
f 788 3086 3097
f 3086 206 3094
f 3097 3094 790
f 3086 3094 3097
f 751 3095 2943
f 3095 790 3093
f 2943 3093 196
f 3095 3093 2943
f 788 3097 3087
f 3097 790 3095
f 3087 3095 751
f 3097 3095 3087
f 206 3090 3104
f 3090 789 3107
f 3104 3107 792
f 3090 3107 3104
f 789 3089 3091
f 3089 56 3031
f 3091 3031 775
f 3089 3031 3091
f 792 3105 3103
f 3105 775 3032
f 3103 3032 203
f 3105 3032 3103
f 789 3091 3107
f 3091 775 3105
f 3107 3105 792
f 3091 3105 3107
f 196 3033 2941
f 3033 776 3035
f 2941 3035 750
f 3033 3035 2941
f 776 3034 3036
f 3034 203 3028
f 3036 3028 774
f 3034 3028 3036
f 750 3029 2940
f 3029 774 3027
f 2940 3027 13
f 3029 3027 2940
f 776 3036 3035
f 3036 774 3029
f 3035 3029 750
f 3036 3029 3035
f 206 3104 3094
f 3104 792 3108
f 3094 3108 790
f 3104 3108 3094
f 792 3103 3106
f 3103 203 3034
f 3106 3034 776
f 3103 3034 3106
f 790 3096 3093
f 3096 776 3033
f 3093 3033 196
f 3096 3033 3093
f 792 3106 3108
f 3106 776 3096
f 3108 3096 790
f 3106 3096 3108
f 37 3041 2944
f 3041 778 3044
f 2944 3044 752
f 3041 3044 2944
f 778 3042 3056
f 3042 204 3054
f 3056 3054 781
f 3042 3054 3056
f 752 3055 2945
f 3055 781 3053
f 2945 3053 197
f 3055 3053 2945
f 778 3056 3044
f 3056 781 3055
f 3044 3055 752
f 3056 3055 3044
f 204 3046 3109
f 3046 779 3111
f 3109 3111 793
f 3046 3111 3109
f 779 3045 3092
f 3045 56 3089
f 3092 3089 789
f 3045 3089 3092
f 793 3113 3110
f 3113 789 3090
f 3110 3090 206
f 3113 3090 3110
f 779 3092 3111
f 3092 789 3113
f 3111 3113 793
f 3092 3113 3111
f 197 3098 2948
f 3098 791 3100
f 2948 3100 753
f 3098 3100 2948
f 791 3099 3102
f 3099 206 3086
f 3102 3086 788
f 3099 3086 3102
f 753 3088 2947
f 3088 788 3085
f 2947 3085 54
f 3088 3085 2947
f 791 3102 3100
f 3102 788 3088
f 3100 3088 753
f 3102 3088 3100
f 204 3109 3054
f 3109 793 3112
f 3054 3112 781
f 3109 3112 3054
f 793 3110 3114
f 3110 206 3099
f 3114 3099 791
f 3110 3099 3114
f 781 3101 3053
f 3101 791 3098
f 3053 3098 197
f 3101 3098 3053
f 793 3114 3112
f 3114 791 3101
f 3112 3101 781
f 3114 3101 3112
f 4 4567 2247
f 4567 1157 4569
f 2247 4569 573
f 4567 4569 2247
f 1157 4568 4576
f 4568 298 4574
f 4576 4574 1159
f 4568 4574 4576
f 573 4575 2248
f 4575 1159 4573
f 2248 4573 150
f 4575 4573 2248
f 1157 4576 4569
f 4576 1159 4575
f 4569 4575 573
f 4576 4575 4569
f 298 4572 4596
f 4572 1158 4598
f 4596 4598 1166
f 4572 4598 4596
f 1158 4571 4590
f 4571 80 4588
f 4590 4588 1164
f 4571 4588 4590
f 1166 4600 4597
f 4600 1164 4589
f 4597 4589 300
f 4600 4589 4597
f 1158 4590 4598
f 4590 1164 4600
f 4598 4600 1166
f 4590 4600 4598
f 150 4591 2251
f 4591 1165 4593
f 2251 4593 574
f 4591 4593 2251
f 1165 4592 4595
f 4592 300 4586
f 4595 4586 1163
f 4592 4586 4595
f 574 4587 2250
f 4587 1163 4585
f 2250 4585 42
f 4587 4585 2250
f 1165 4595 4593
f 4595 1163 4587
f 4593 4587 574
f 4595 4587 4593
f 298 4596 4574
f 4596 1166 4599
f 4574 4599 1159
f 4596 4599 4574
f 1166 4597 4601
f 4597 300 4592
f 4601 4592 1165
f 4597 4592 4601
f 1159 4594 4573
f 4594 1165 4591
f 4573 4591 150
f 4594 4591 4573
f 1166 4601 4599
f 4601 1165 4594
f 4599 4594 1159
f 4601 4594 4599
f 80 4583 4681
f 4583 1162 4683
f 4681 4683 1187
f 4583 4683 4681
f 1162 4584 4691
f 4584 299 4689
f 4691 4689 1189
f 4584 4689 4691
f 1187 4693 4682
f 4693 1189 4690
f 4682 4690 306
f 4693 4690 4682
f 1162 4691 4683
f 4691 1189 4693
f 4683 4693 1187
f 4691 4693 4683
f 299 4582 4638
f 4582 1161 4640
f 4638 4640 1177
f 4582 4640 4638
f 1161 4581 4635
f 4581 22 4633
f 4635 4633 1175
f 4581 4633 4635
f 1177 4641 4639
f 4641 1175 4634
f 4639 4634 303
f 4641 4634 4639
f 1161 4635 4640
f 4635 1175 4641
f 4640 4641 1177
f 4635 4641 4640
f 306 4700 4686
f 4700 1191 4703
f 4686 4703 1188
f 4700 4703 4686
f 1191 4699 4701
f 4699 303 4637
f 4701 4637 1176
f 4699 4637 4701
f 1188 4687 4685
f 4687 1176 4636
f 4685 4636 81
f 4687 4636 4685
f 1191 4701 4703
f 4701 1176 4687
f 4703 4687 1188
f 4701 4687 4703
f 299 4638 4689
f 4638 1177 4692
f 4689 4692 1189
f 4638 4692 4689
f 1177 4639 4702
f 4639 303 4699
f 4702 4699 1191
f 4639 4699 4702
f 1189 4704 4690
f 4704 1191 4700
f 4690 4700 306
f 4704 4700 4690
f 1177 4702 4692
f 4702 1191 4704
f 4692 4704 1189
f 4702 4704 4692
f 42 4642 2258
f 4642 1178 4644
f 2258 4644 577
f 4642 4644 2258
f 1178 4643 4653
f 4643 304 4650
f 4653 4650 1180
f 4643 4650 4653
f 577 4651 2259
f 4651 1180 4649
f 2259 4649 151
f 4651 4649 2259
f 1178 4653 4644
f 4653 1180 4651
f 4644 4651 577
f 4653 4651 4644
f 304 4647 4659
f 4647 1179 4662
f 4659 4662 1182
f 4647 4662 4659
f 1179 4646 4648
f 4646 81 4623
f 4648 4623 1172
f 4646 4623 4648
f 1182 4660 4658
f 4660 1172 4624
f 4658 4624 302
f 4660 4624 4658
f 1179 4648 4662
f 4648 1172 4660
f 4662 4660 1182
f 4648 4660 4662
f 151 4625 2257
f 4625 1173 4627
f 2257 4627 576
f 4625 4627 2257
f 1173 4626 4628
f 4626 302 4620
f 4628 4620 1171
f 4626 4620 4628
f 576 4621 2256
f 4621 1171 4619
f 2256 4619 8
f 4621 4619 2256
f 1173 4628 4627
f 4628 1171 4621
f 4627 4621 576
f 4628 4621 4627
f 304 4659 4650
f 4659 1182 4663
f 4650 4663 1180
f 4659 4663 4650
f 1182 4658 4661
f 4658 302 4626
f 4661 4626 1173
f 4658 4626 4661
f 1180 4652 4649
f 4652 1173 4625
f 4649 4625 151
f 4652 4625 4649
f 1182 4661 4663
f 4661 1173 4652
f 4663 4652 1180
f 4661 4652 4663
f 80 4681 4588
f 4681 1187 4684
f 4588 4684 1164
f 4681 4684 4588
f 1187 4682 4698
f 4682 306 4695
f 4698 4695 1190
f 4682 4695 4698
f 1164 4696 4589
f 4696 1190 4694
f 4589 4694 300
f 4696 4694 4589
f 1187 4698 4684
f 4698 1190 4696
f 4684 4696 1164
f 4698 4696 4684
f 306 4686 4706
f 4686 1188 4709
f 4706 4709 1192
f 4686 4709 4706
f 1188 4685 4688
f 4685 81 4646
f 4688 4646 1179
f 4685 4646 4688
f 1192 4707 4705
f 4707 1179 4647
f 4705 4647 304
f 4707 4647 4705
f 1188 4688 4709
f 4688 1179 4707
f 4709 4707 1192
f 4688 4707 4709
f 300 4654 4586
f 4654 1181 4656
f 4586 4656 1163
f 4654 4656 4586
f 1181 4655 4657
f 4655 304 4643
f 4657 4643 1178
f 4655 4643 4657
f 1163 4645 4585
f 4645 1178 4642
f 4585 4642 42
f 4645 4642 4585
f 1181 4657 4656
f 4657 1178 4645
f 4656 4645 1163
f 4657 4645 4656
f 306 4706 4695
f 4706 1192 4710
f 4695 4710 1190
f 4706 4710 4695
f 1192 4705 4708
f 4705 304 4655
f 4708 4655 1181
f 4705 4655 4708
f 1190 4697 4694
f 4697 1181 4654
f 4694 4654 300
f 4697 4654 4694
f 1192 4708 4710
f 4708 1181 4697
f 4710 4697 1190
f 4708 4697 4710
f 1 3215 2539
f 3215 817 3218
f 2539 3218 647
f 3215 3218 2539
f 817 3216 3228
f 3216 212 3226
f 3228 3226 820
f 3216 3226 3228
f 647 3227 2540
f 3227 820 3225
f 2540 3225 169
f 3227 3225 2540
f 817 3228 3218
f 3228 820 3227
f 3218 3227 647
f 3228 3227 3218
f 212 3220 3261
f 3220 818 3263
f 3261 3263 830
f 3220 3263 3261
f 818 3219 3255
f 3219 58 3253
f 3255 3253 828
f 3219 3253 3255
f 830 3265 3262
f 3265 828 3254
f 3262 3254 215
f 3265 3254 3262
f 818 3255 3263
f 3255 828 3265
f 3263 3265 830
f 3255 3265 3263
f 169 3256 2542
f 3256 829 3258
f 2542 3258 648
f 3256 3258 2542
f 829 3257 3260
f 3257 215 3251
f 3260 3251 827
f 3257 3251 3260
f 648 3252 2541
f 3252 827 3250
f 2541 3250 47
f 3252 3250 2541
f 829 3260 3258
f 3260 827 3252
f 3258 3252 648
f 3260 3252 3258
f 212 3261 3226
f 3261 830 3264
f 3226 3264 820
f 3261 3264 3226
f 830 3262 3266
f 3262 215 3257
f 3266 3257 829
f 3262 3257 3266
f 820 3259 3225
f 3259 829 3256
f 3225 3256 169
f 3259 3256 3225
f 830 3266 3264
f 3266 829 3259
f 3264 3259 820
f 3266 3259 3264
f 58 3231 3399
f 3231 822 3401
f 3399 3401 864
f 3231 3401 3399
f 822 3232 3409
f 3232 213 3407
f 3409 3407 866
f 3232 3407 3409
f 864 3411 3400
f 3411 866 3408
f 3400 3408 224
f 3411 3408 3400
f 822 3409 3401
f 3409 866 3411
f 3401 3411 864
f 3409 3411 3401
f 213 3230 3373
f 3230 821 3375
f 3373 3375 858
f 3230 3375 3373
f 821 3229 3370
f 3229 14 3368
f 3370 3368 856
f 3229 3368 3370
f 858 3376 3374
f 3376 856 3369
f 3374 3369 222
f 3376 3369 3374
f 821 3370 3375
f 3370 856 3376
f 3375 3376 858
f 3370 3376 3375
f 224 3418 3404
f 3418 868 3421
f 3404 3421 865
f 3418 3421 3404
f 868 3417 3419
f 3417 222 3372
f 3419 3372 857
f 3417 3372 3419
f 865 3405 3403
f 3405 857 3371
f 3403 3371 60
f 3405 3371 3403
f 868 3419 3421
f 3419 857 3405
f 3421 3405 865
f 3419 3405 3421
f 213 3373 3407
f 3373 858 3410
f 3407 3410 866
f 3373 3410 3407
f 858 3374 3420
f 3374 222 3417
f 3420 3417 868
f 3374 3417 3420
f 866 3422 3408
f 3422 868 3418
f 3408 3418 224
f 3422 3418 3408
f 858 3420 3410
f 3420 868 3422
f 3410 3422 866
f 3420 3422 3410
f 47 3377 2545
f 3377 859 3379
f 2545 3379 650
f 3377 3379 2545
f 859 3378 3388
f 3378 223 3385
f 3388 3385 861
f 3378 3385 3388
f 650 3386 2546
f 3386 861 3384
f 2546 3384 170
f 3386 3384 2546
f 859 3388 3379
f 3388 861 3386
f 3379 3386 650
f 3388 3386 3379
f 223 3382 3394
f 3382 860 3397
f 3394 3397 863
f 3382 3397 3394
f 860 3381 3383
f 3381 60 3362
f 3383 3362 854
f 3381 3362 3383
f 863 3395 3393
f 3395 854 3363
f 3393 3363 221
f 3395 3363 3393
f 860 3383 3397
f 3383 854 3395
f 3397 3395 863
f 3383 3395 3397
f 170 3364 2544
f 3364 855 3366
f 2544 3366 649
f 3364 3366 2544
f 855 3365 3367
f 3365 221 3360
f 3367 3360 853
f 3365 3360 3367
f 649 3361 2543
f 3361 853 3359
f 2543 3359 10
f 3361 3359 2543
f 855 3367 3366
f 3367 853 3361
f 3366 3361 649
f 3367 3361 3366
f 223 3394 3385
f 3394 863 3398
f 3385 3398 861
f 3394 3398 3385
f 863 3393 3396
f 3393 221 3365
f 3396 3365 855
f 3393 3365 3396
f 861 3387 3384
f 3387 855 3364
f 3384 3364 170
f 3387 3364 3384
f 863 3396 3398
f 3396 855 3387
f 3398 3387 861
f 3396 3387 3398
f 58 3399 3253
f 3399 864 3402
f 3253 3402 828
f 3399 3402 3253
f 864 3400 3416
f 3400 224 3413
f 3416 3413 867
f 3400 3413 3416
f 828 3414 3254
f 3414 867 3412
f 3254 3412 215
f 3414 3412 3254
f 864 3416 3402
f 3416 867 3414
f 3402 3414 828
f 3416 3414 3402
f 224 3404 3424
f 3404 865 3427
f 3424 3427 869
f 3404 3427 3424
f 865 3403 3406
f 3403 60 3381
f 3406 3381 860
f 3403 3381 3406
f 869 3425 3423
f 3425 860 3382
f 3423 3382 223
f 3425 3382 3423
f 865 3406 3427
f 3406 860 3425
f 3427 3425 869
f 3406 3425 3427
f 215 3389 3251
f 3389 862 3391
f 3251 3391 827
f 3389 3391 3251
f 862 3390 3392
f 3390 223 3378
f 3392 3378 859
f 3390 3378 3392
f 827 3380 3250
f 3380 859 3377
f 3250 3377 47
f 3380 3377 3250
f 862 3392 3391
f 3392 859 3380
f 3391 3380 827
f 3392 3380 3391
f 224 3424 3413
f 3424 869 3428
f 3413 3428 867
f 3424 3428 3413
f 869 3423 3426
f 3423 223 3390
f 3426 3390 862
f 3423 3390 3426
f 867 3415 3412
f 3415 862 3389
f 3412 3389 215
f 3415 3389 3412
f 869 3426 3428
f 3426 862 3415
f 3428 3415 867
f 3426 3415 3428
f 4 2931 3267
f 2931 747 3270
f 3267 3270 831
f 2931 3270 3267
f 747 2932 3279
f 2932 195 3277
f 3279 3277 834
f 2932 3277 3279
f 831 3280 3268
f 3280 834 3278
f 3268 3278 216
f 3280 3278 3268
f 747 3279 3270
f 3279 834 3280
f 3270 3280 831
f 3279 3280 3270
f 195 2935 3318
f 2935 748 3320
f 3318 3320 845
f 2935 3320 3318
f 748 2934 3314
f 2934 54 3312
f 3314 3312 843
f 2934 3312 3314
f 845 3322 3319
f 3322 843 3313
f 3319 3313 219
f 3322 3313 3319
f 748 3314 3320
f 3314 843 3322
f 3320 3322 845
f 3314 3322 3320
f 216 3323 3272
f 3323 846 3325
f 3272 3325 832
f 3323 3325 3272
f 846 3324 3327
f 3324 219 3316
f 3327 3316 844
f 3324 3316 3327
f 832 3317 3271
f 3317 844 3315
f 3271 3315 59
f 3317 3315 3271
f 846 3327 3325
f 3327 844 3317
f 3325 3317 832
f 3327 3317 3325
f 195 3318 3277
f 3318 845 3321
f 3277 3321 834
f 3318 3321 3277
f 845 3319 3328
f 3319 219 3324
f 3328 3324 846
f 3319 3324 3328
f 834 3326 3278
f 3326 846 3323
f 3278 3323 216
f 3326 3323 3278
f 845 3328 3321
f 3328 846 3326
f 3321 3326 834
f 3328 3326 3321
f 54 2942 3447
f 2942 751 3449
f 3447 3449 876
f 2942 3449 3447
f 751 2943 3456
f 2943 196 3454
f 3456 3454 878
f 2943 3454 3456
f 876 3458 3448
f 3458 878 3455
f 3448 3455 227
f 3458 3455 3448
f 751 3456 3449
f 3456 878 3458
f 3449 3458 876
f 3456 3458 3449
f 196 2941 3434
f 2941 750 3436
f 3434 3436 872
f 2941 3436 3434
f 750 2940 3431
f 2940 13 3429
f 3431 3429 870
f 2940 3429 3431
f 872 3437 3435
f 3437 870 3430
f 3435 3430 225
f 3437 3430 3435
f 750 3431 3436
f 3431 870 3437
f 3436 3437 872
f 3431 3437 3436
f 227 3464 3452
f 3464 880 3467
f 3452 3467 877
f 3464 3467 3452
f 880 3463 3465
f 3463 225 3433
f 3465 3433 871
f 3463 3433 3465
f 877 3453 3451
f 3453 871 3432
f 3451 3432 61
f 3453 3432 3451
f 880 3465 3467
f 3465 871 3453
f 3467 3453 877
f 3465 3453 3467
f 196 3434 3454
f 3434 872 3457
f 3454 3457 878
f 3434 3457 3454
f 872 3435 3466
f 3435 225 3463
f 3466 3463 880
f 3435 3463 3466
f 878 3468 3455
f 3468 880 3464
f 3455 3464 227
f 3468 3464 3455
f 872 3466 3457
f 3466 880 3468
f 3457 3468 878
f 3466 3468 3457
f 59 3469 3284
f 3469 881 3471
f 3284 3471 836
f 3469 3471 3284
f 881 3470 3481
f 3470 228 3478
f 3481 3478 883
f 3470 3478 3481
f 836 3479 3285
f 3479 883 3477
f 3285 3477 217
f 3479 3477 3285
f 881 3481 3471
f 3481 883 3479
f 3471 3479 836
f 3481 3479 3471
f 228 3474 3488
f 3474 882 3491
f 3488 3491 885
f 3474 3491 3488
f 882 3473 3475
f 3473 61 3441
f 3475 3441 874
f 3473 3441 3475
f 885 3489 3487
f 3489 874 3442
f 3487 3442 226
f 3489 3442 3487
f 882 3475 3491
f 3475 874 3489
f 3491 3489 885
f 3475 3489 3491
f 217 3443 3282
f 3443 875 3445
f 3282 3445 835
f 3443 3445 3282
f 875 3444 3446
f 3444 226 3439
f 3446 3439 873
f 3444 3439 3446
f 835 3440 3281
f 3440 873 3438
f 3281 3438 14
f 3440 3438 3281
f 875 3446 3445
f 3446 873 3440
f 3445 3440 835
f 3446 3440 3445
f 228 3488 3478
f 3488 885 3492
f 3478 3492 883
f 3488 3492 3478
f 885 3487 3490
f 3487 226 3444
f 3490 3444 875
f 3487 3444 3490
f 883 3480 3477
f 3480 875 3443
f 3477 3443 217
f 3480 3443 3477
f 885 3490 3492
f 3490 875 3480
f 3492 3480 883
f 3490 3480 3492
f 54 3447 3312
f 3447 876 3450
f 3312 3450 843
f 3447 3450 3312
f 876 3448 3462
f 3448 227 3460
f 3462 3460 879
f 3448 3460 3462
f 843 3461 3313
f 3461 879 3459
f 3313 3459 219
f 3461 3459 3313
f 876 3462 3450
f 3462 879 3461
f 3450 3461 843
f 3462 3461 3450
f 227 3452 3493
f 3452 877 3495
f 3493 3495 886
f 3452 3495 3493
f 877 3451 3476
f 3451 61 3473
f 3476 3473 882
f 3451 3473 3476
f 886 3497 3494
f 3497 882 3474
f 3494 3474 228
f 3497 3474 3494
f 877 3476 3495
f 3476 882 3497
f 3495 3497 886
f 3476 3497 3495
f 219 3482 3316
f 3482 884 3484
f 3316 3484 844
f 3482 3484 3316
f 884 3483 3486
f 3483 228 3470
f 3486 3470 881
f 3483 3470 3486
f 844 3472 3315
f 3472 881 3469
f 3315 3469 59
f 3472 3469 3315
f 884 3486 3484
f 3486 881 3472
f 3484 3472 844
f 3486 3472 3484
f 227 3493 3460
f 3493 886 3496
f 3460 3496 879
f 3493 3496 3460
f 886 3494 3498
f 3494 228 3483
f 3498 3483 884
f 3494 3483 3498
f 879 3485 3459
f 3485 884 3482
f 3459 3482 219
f 3485 3482 3459
f 886 3498 3496
f 3498 884 3485
f 3496 3485 879
f 3498 3485 3496
f 14 3438 4049
f 3438 873 4051
f 4049 4051 1024
f 3438 4051 4049
f 873 3439 4056
f 3439 226 4054
f 4056 4054 1026
f 3439 4054 4056
f 1024 4057 4050
f 4057 1026 4055
f 4050 4055 263
f 4057 4055 4050
f 873 4056 4051
f 4056 1026 4057
f 4051 4057 1024
f 4056 4057 4051
f 226 3442 4074
f 3442 874 4076
f 4074 4076 1032
f 3442 4076 4074
f 874 3441 4069
f 3441 61 4067
f 4069 4067 1030
f 3441 4067 4069
f 1032 4078 4075
f 4078 1030 4068
f 4075 4068 265
f 4078 4068 4075
f 874 4069 4076
f 4069 1030 4078
f 4076 4078 1032
f 4069 4078 4076
f 263 4083 4053
f 4083 1034 4085
f 4053 4085 1025
f 4083 4085 4053
f 1034 4084 4087
f 4084 265 4072
f 4087 4072 1031
f 4084 4072 4087
f 1025 4073 4052
f 4073 1031 4071
f 4052 4071 70
f 4073 4071 4052
f 1034 4087 4085
f 4087 1031 4073
f 4085 4073 1025
f 4087 4073 4085
f 226 4074 4054
f 4074 1032 4077
f 4054 4077 1026
f 4074 4077 4054
f 1032 4075 4088
f 4075 265 4084
f 4088 4084 1034
f 4075 4084 4088
f 1026 4086 4055
f 4086 1034 4083
f 4055 4083 263
f 4086 4083 4055
f 1032 4088 4077
f 4088 1034 4086
f 4077 4086 1026
f 4088 4086 4077
f 61 3432 4002
f 3432 871 4004
f 4002 4004 1014
f 3432 4004 4002
f 871 3433 4010
f 3433 225 4008
f 4010 4008 1016
f 3433 4008 4010
f 1014 4012 4003
f 4012 1016 4009
f 4003 4009 261
f 4012 4009 4003
f 871 4010 4004
f 4010 1016 4012
f 4004 4012 1014
f 4010 4012 4004
f 225 3430 3967
f 3430 870 3969
f 3967 3969 1005
f 3430 3969 3967
f 870 3429 3960
f 3429 13 3957
f 3960 3957 1002
f 3429 3957 3960
f 1005 3970 3968
f 3970 1002 3958
f 3968 3958 258
f 3970 3958 3968
f 870 3960 3969
f 3960 1002 3970
f 3969 3970 1005
f 3960 3970 3969
f 261 4014 4006
f 4014 1017 4017
f 4006 4017 1015
f 4014 4017 4006
f 1017 4013 4015
f 4013 258 3962
f 4015 3962 1003
f 4013 3962 4015
f 1015 4007 4005
f 4007 1003 3961
f 4005 3961 69
f 4007 3961 4005
f 1017 4015 4017
f 4015 1003 4007
f 4017 4007 1015
f 4015 4007 4017
f 225 3967 4008
f 3967 1005 4011
f 4008 4011 1016
f 3967 4011 4008
f 1005 3968 4016
f 3968 258 4013
f 4016 4013 1017
f 3968 4013 4016
f 1016 4018 4009
f 4018 1017 4014
f 4009 4014 261
f 4018 4014 4009
f 1005 4016 4011
f 4016 1017 4018
f 4011 4018 1016
f 4016 4018 4011
f 70 4093 4061
f 4093 1036 4095
f 4061 4095 1028
f 4093 4095 4061
f 1036 4094 4111
f 4094 266 4108
f 4111 4108 1039
f 4094 4108 4111
f 1028 4109 4062
f 4109 1039 4107
f 4062 4107 264
f 4109 4107 4062
f 1036 4111 4095
f 4111 1039 4109
f 4095 4109 1028
f 4111 4109 4095
f 266 4090 4098
f 4090 1035 4101
f 4098 4101 1037
f 4090 4101 4098
f 1035 4089 4091
f 4089 69 3974
f 4091 3974 1007
f 4089 3974 4091
f 1037 4099 4097
f 4099 1007 3975
f 4097 3975 259
f 4099 3975 4097
f 1035 4091 4101
f 4091 1007 4099
f 4101 4099 1037
f 4091 4099 4101
f 264 4064 4059
f 4064 1029 4066
f 4059 4066 1027
f 4064 4066 4059
f 1029 4063 4065
f 4063 259 3972
f 4065 3972 1006
f 4063 3972 4065
f 1027 4060 4058
f 4060 1006 3971
f 4058 3971 16
f 4060 3971 4058
f 1029 4065 4066
f 4065 1006 4060
f 4066 4060 1027
f 4065 4060 4066
f 266 4098 4108
f 4098 1037 4112
f 4108 4112 1039
f 4098 4112 4108
f 1037 4097 4100
f 4097 259 4063
f 4100 4063 1029
f 4097 4063 4100
f 1039 4110 4107
f 4110 1029 4064
f 4107 4064 264
f 4110 4064 4107
f 1037 4100 4112
f 4100 1029 4110
f 4112 4110 1039
f 4100 4110 4112
f 61 4002 4067
f 4002 1014 4070
f 4067 4070 1030
f 4002 4070 4067
f 1014 4003 4081
f 4003 261 4079
f 4081 4079 1033
f 4003 4079 4081
f 1030 4082 4068
f 4082 1033 4080
f 4068 4080 265
f 4082 4080 4068
f 1014 4081 4070
f 4081 1033 4082
f 4070 4082 1030
f 4081 4082 4070
f 261 4006 4102
f 4006 1015 4104
f 4102 4104 1038
f 4006 4104 4102
f 1015 4005 4092
f 4005 69 4089
f 4092 4089 1035
f 4005 4089 4092
f 1038 4106 4103
f 4106 1035 4090
f 4103 4090 266
f 4106 4090 4103
f 1015 4092 4104
f 4092 1035 4106
f 4104 4106 1038
f 4092 4106 4104
f 265 4113 4072
f 4113 1040 4115
f 4072 4115 1031
f 4113 4115 4072
f 1040 4114 4117
f 4114 266 4094
f 4117 4094 1036
f 4114 4094 4117
f 1031 4096 4071
f 4096 1036 4093
f 4071 4093 70
f 4096 4093 4071
f 1040 4117 4115
f 4117 1036 4096
f 4115 4096 1031
f 4117 4096 4115
f 261 4102 4079
f 4102 1038 4105
f 4079 4105 1033
f 4102 4105 4079
f 1038 4103 4118
f 4103 266 4114
f 4118 4114 1040
f 4103 4114 4118
f 1033 4116 4080
f 4116 1040 4113
f 4080 4113 265
f 4116 4113 4080
f 1038 4118 4105
f 4118 1040 4116
f 4105 4116 1033
f 4118 4116 4105
f 8 5719 3875
f 5719 1445 5721
f 3875 5721 979
f 5719 5721 3875
f 1445 5720 5728
f 5720 370 5726
f 5728 5726 1447
f 5720 5726 5728
f 979 5727 3876
f 5727 1447 5725
f 3876 5725 251
f 5727 5725 3876
f 1445 5728 5721
f 5728 1447 5727
f 5721 5727 979
f 5728 5727 5721
f 370 5724 5748
f 5724 1446 5750
f 5748 5750 1454
f 5724 5750 5748
f 1446 5723 5742
f 5723 98 5740
f 5742 5740 1452
f 5723 5740 5742
f 1454 5752 5749
f 5752 1452 5741
f 5749 5741 372
f 5752 5741 5749
f 1446 5742 5750
f 5742 1452 5752
f 5750 5752 1454
f 5742 5752 5750
f 251 5743 3879
f 5743 1453 5745
f 3879 5745 980
f 5743 5745 3879
f 1453 5744 5747
f 5744 372 5738
f 5747 5738 1451
f 5744 5738 5747
f 980 5739 3878
f 5739 1451 5737
f 3878 5737 67
f 5739 5737 3878
f 1453 5747 5745
f 5747 1451 5739
f 5745 5739 980
f 5747 5739 5745
f 370 5748 5726
f 5748 1454 5751
f 5726 5751 1447
f 5748 5751 5726
f 1454 5749 5753
f 5749 372 5744
f 5753 5744 1453
f 5749 5744 5753
f 1447 5746 5725
f 5746 1453 5743
f 5725 5743 251
f 5746 5743 5725
f 1454 5753 5751
f 5753 1453 5746
f 5751 5746 1447
f 5753 5746 5751
f 98 5735 5873
f 5735 1450 5875
f 5873 5875 1486
f 5735 5875 5873
f 1450 5736 5883
f 5736 371 5881
f 5883 5881 1488
f 5736 5881 5883
f 1486 5885 5874
f 5885 1488 5882
f 5874 5882 381
f 5885 5882 5874
f 1450 5883 5875
f 5883 1488 5885
f 5875 5885 1486
f 5883 5885 5875
f 371 5734 5821
f 5734 1449 5823
f 5821 5823 1474
f 5734 5823 5821
f 1449 5733 5817
f 5733 28 5815
f 5817 5815 1472
f 5733 5815 5817
f 1474 5824 5822
f 5824 1472 5816
f 5822 5816 378
f 5824 5816 5822
f 1449 5817 5823
f 5817 1472 5824
f 5823 5824 1474
f 5817 5824 5823
f 381 5892 5878
f 5892 1490 5895
f 5878 5895 1487
f 5892 5895 5878
f 1490 5891 5893
f 5891 378 5820
f 5893 5820 1473
f 5891 5820 5893
f 1487 5879 5877
f 5879 1473 5819
f 5877 5819 100
f 5879 5819 5877
f 1490 5893 5895
f 5893 1473 5879
f 5895 5879 1487
f 5893 5879 5895
f 371 5821 5881
f 5821 1474 5884
f 5881 5884 1488
f 5821 5884 5881
f 1474 5822 5894
f 5822 378 5891
f 5894 5891 1490
f 5822 5891 5894
f 1488 5896 5882
f 5896 1490 5892
f 5882 5892 381
f 5896 5892 5882
f 1474 5894 5884
f 5894 1490 5896
f 5884 5896 1488
f 5894 5896 5884
f 67 5829 3886
f 5829 1476 5831
f 3886 5831 983
f 5829 5831 3886
f 1476 5830 5840
f 5830 379 5837
f 5840 5837 1478
f 5830 5837 5840
f 983 5838 3887
f 5838 1478 5836
f 3887 5836 252
f 5838 5836 3887
f 1476 5840 5831
f 5840 1478 5838
f 5831 5838 983
f 5840 5838 5831
f 379 5834 5846
f 5834 1477 5849
f 5846 5849 1480
f 5834 5849 5846
f 1477 5833 5835
f 5833 100 5805
f 5835 5805 1469
f 5833 5805 5835
f 1480 5847 5845
f 5847 1469 5806
f 5845 5806 377
f 5847 5806 5845
f 1477 5835 5849
f 5835 1469 5847
f 5849 5847 1480
f 5835 5847 5849
f 252 5807 3885
f 5807 1470 5809
f 3885 5809 982
f 5807 5809 3885
f 1470 5808 5810
f 5808 377 5802
f 5810 5802 1468
f 5808 5802 5810
f 982 5803 3884
f 5803 1468 5801
f 3884 5801 16
f 5803 5801 3884
f 1470 5810 5809
f 5810 1468 5803
f 5809 5803 982
f 5810 5803 5809
f 379 5846 5837
f 5846 1480 5850
f 5837 5850 1478
f 5846 5850 5837
f 1480 5845 5848
f 5845 377 5808
f 5848 5808 1470
f 5845 5808 5848
f 1478 5839 5836
f 5839 1470 5807
f 5836 5807 252
f 5839 5807 5836
f 1480 5848 5850
f 5848 1470 5839
f 5850 5839 1478
f 5848 5839 5850
f 98 5873 5740
f 5873 1486 5876
f 5740 5876 1452
f 5873 5876 5740
f 1486 5874 5890
f 5874 381 5887
f 5890 5887 1489
f 5874 5887 5890
f 1452 5888 5741
f 5888 1489 5886
f 5741 5886 372
f 5888 5886 5741
f 1486 5890 5876
f 5890 1489 5888
f 5876 5888 1452
f 5890 5888 5876
f 381 5878 5898
f 5878 1487 5901
f 5898 5901 1491
f 5878 5901 5898
f 1487 5877 5880
f 5877 100 5833
f 5880 5833 1477
f 5877 5833 5880
f 1491 5899 5897
f 5899 1477 5834
f 5897 5834 379
f 5899 5834 5897
f 1487 5880 5901
f 5880 1477 5899
f 5901 5899 1491
f 5880 5899 5901
f 372 5841 5738
f 5841 1479 5843
f 5738 5843 1451
f 5841 5843 5738
f 1479 5842 5844
f 5842 379 5830
f 5844 5830 1476
f 5842 5830 5844
f 1451 5832 5737
f 5832 1476 5829
f 5737 5829 67
f 5832 5829 5737
f 1479 5844 5843
f 5844 1476 5832
f 5843 5832 1451
f 5844 5832 5843
f 381 5898 5887
f 5898 1491 5902
f 5887 5902 1489
f 5898 5902 5887
f 1491 5897 5900
f 5897 379 5842
f 5900 5842 1479
f 5897 5842 5900
f 1489 5889 5886
f 5889 1479 5841
f 5886 5841 372
f 5889 5841 5886
f 1491 5900 5902
f 5900 1479 5889
f 5902 5889 1489
f 5900 5889 5902
f 10 3359 7039
f 3359 853 7041
f 7039 7041 1769
f 3359 7041 7039
f 853 3360 7047
f 3360 221 7045
f 7047 7045 1771
f 3360 7045 7047
f 1769 7048 7040
f 7048 1771 7046
f 7040 7046 448
f 7048 7046 7040
f 853 7047 7041
f 7047 1771 7048
f 7041 7048 1769
f 7047 7048 7041
f 221 3363 7063
f 3363 854 7065
f 7063 7065 1777
f 3363 7065 7063
f 854 3362 7059
f 3362 60 7057
f 7059 7057 1775
f 3362 7057 7059
f 1777 7067 7064
f 7067 1775 7058
f 7064 7058 450
f 7067 7058 7064
f 854 7059 7065
f 7059 1775 7067
f 7065 7067 1777
f 7059 7067 7065
f 448 7068 7044
f 7068 1778 7070
f 7044 7070 1770
f 7068 7070 7044
f 1778 7069 7072
f 7069 450 7061
f 7072 7061 1776
f 7069 7061 7072
f 1770 7062 7043
f 7062 1776 7060
f 7043 7060 116
f 7062 7060 7043
f 1778 7072 7070
f 7072 1776 7062
f 7070 7062 1770
f 7072 7062 7070
f 221 7063 7045
f 7063 1777 7066
f 7045 7066 1771
f 7063 7066 7045
f 1777 7064 7073
f 7064 450 7069
f 7073 7069 1778
f 7064 7069 7073
f 1771 7071 7046
f 7071 1778 7068
f 7046 7068 448
f 7071 7068 7046
f 1777 7073 7066
f 7073 1778 7071
f 7066 7071 1771
f 7073 7071 7066
f 60 3371 7114
f 3371 857 7116
f 7114 7116 1790
f 3371 7116 7114
f 857 3372 7123
f 3372 222 7121
f 7123 7121 1792
f 3372 7121 7123
f 1790 7125 7115
f 7125 1792 7122
f 7115 7122 454
f 7125 7122 7115
f 857 7123 7116
f 7123 1792 7125
f 7116 7125 1790
f 7123 7125 7116
f 222 3369 7097
f 3369 856 7099
f 7097 7099 1785
f 3369 7099 7097
f 856 3368 7093
f 3368 14 7091
f 7093 7091 1783
f 3368 7091 7093
f 1785 7100 7098
f 7100 1783 7092
f 7098 7092 452
f 7100 7092 7098
f 856 7093 7099
f 7093 1783 7100
f 7099 7100 1785
f 7093 7100 7099
f 454 7131 7119
f 7131 1794 7134
f 7119 7134 1791
f 7131 7134 7119
f 1794 7130 7132
f 7130 452 7096
f 7132 7096 1784
f 7130 7096 7132
f 1791 7120 7118
f 7120 1784 7095
f 7118 7095 117
f 7120 7095 7118
f 1794 7132 7134
f 7132 1784 7120
f 7134 7120 1791
f 7132 7120 7134
f 222 7097 7121
f 7097 1785 7124
f 7121 7124 1792
f 7097 7124 7121
f 1785 7098 7133
f 7098 452 7130
f 7133 7130 1794
f 7098 7130 7133
f 1792 7135 7122
f 7135 1794 7131
f 7122 7131 454
f 7135 7131 7122
f 1785 7133 7124
f 7133 1794 7135
f 7124 7135 1792
f 7133 7135 7124
f 116 7153 7055
f 7153 1799 7155
f 7055 7155 1774
f 7153 7155 7055
f 1799 7154 7165
f 7154 456 7162
f 7165 7162 1801
f 7154 7162 7165
f 1774 7163 7056
f 7163 1801 7161
f 7056 7161 449
f 7163 7161 7056
f 1799 7165 7155
f 7165 1801 7163
f 7155 7163 1774
f 7165 7163 7155
f 456 7158 7172
f 7158 1800 7175
f 7172 7175 1803
f 7158 7175 7172
f 1800 7157 7159
f 7157 117 7108
f 7159 7108 1788
f 7157 7108 7159
f 1803 7173 7171
f 7173 1788 7109
f 7171 7109 453
f 7173 7109 7171
f 1800 7159 7175
f 7159 1788 7173
f 7175 7173 1803
f 7159 7173 7175
f 449 7110 7054
f 7110 1789 7112
f 7054 7112 1773
f 7110 7112 7054
f 1789 7111 7113
f 7111 453 7106
f 7113 7106 1787
f 7111 7106 7113
f 1773 7107 7053
f 7107 1787 7105
f 7053 7105 32
f 7107 7105 7053
f 1789 7113 7112
f 7113 1787 7107
f 7112 7107 1773
f 7113 7107 7112
f 456 7172 7162
f 7172 1803 7176
f 7162 7176 1801
f 7172 7176 7162
f 1803 7171 7174
f 7171 453 7111
f 7174 7111 1789
f 7171 7111 7174
f 1801 7164 7161
f 7164 1789 7110
f 7161 7110 449
f 7164 7110 7161
f 1803 7174 7176
f 7174 1789 7164
f 7176 7164 1801
f 7174 7164 7176
f 60 7114 7057
f 7114 1790 7117
f 7057 7117 1775
f 7114 7117 7057
f 1790 7115 7129
f 7115 454 7127
f 7129 7127 1793
f 7115 7127 7129
f 1775 7128 7058
f 7128 1793 7126
f 7058 7126 450
f 7128 7126 7058
f 1790 7129 7117
f 7129 1793 7128
f 7117 7128 1775
f 7129 7128 7117
f 454 7119 7177
f 7119 1791 7179
f 7177 7179 1804
f 7119 7179 7177
f 1791 7118 7160
f 7118 117 7157
f 7160 7157 1800
f 7118 7157 7160
f 1804 7181 7178
f 7181 1800 7158
f 7178 7158 456
f 7181 7158 7178
f 1791 7160 7179
f 7160 1800 7181
f 7179 7181 1804
f 7160 7181 7179
f 450 7166 7061
f 7166 1802 7168
f 7061 7168 1776
f 7166 7168 7061
f 1802 7167 7170
f 7167 456 7154
f 7170 7154 1799
f 7167 7154 7170
f 1776 7156 7060
f 7156 1799 7153
f 7060 7153 116
f 7156 7153 7060
f 1802 7170 7168
f 7170 1799 7156
f 7168 7156 1776
f 7170 7156 7168
f 454 7177 7127
f 7177 1804 7180
f 7127 7180 1793
f 7177 7180 7127
f 1804 7178 7182
f 7178 456 7167
f 7182 7167 1802
f 7178 7167 7182
f 1793 7169 7126
f 7169 1802 7166
f 7126 7166 450
f 7169 7166 7126
f 1804 7182 7180
f 7182 1802 7169
f 7180 7169 1793
f 7182 7169 7180
f 14 4049 5771
f 4049 1024 5773
f 5771 5773 1459
f 4049 5773 5771
f 1024 4050 5778
f 4050 263 5776
f 5778 5776 1461
f 4050 5776 5778
f 1459 5779 5772
f 5779 1461 5777
f 5772 5777 374
f 5779 5777 5772
f 1024 5778 5773
f 5778 1461 5779
f 5773 5779 1459
f 5778 5779 5773
f 263 4053 5790
f 4053 1025 5792
f 5790 5792 1466
f 4053 5792 5790
f 1025 4052 5786
f 4052 70 5784
f 5786 5784 1464
f 4052 5784 5786
f 1466 5794 5791
f 5794 1464 5785
f 5791 5785 376
f 5794 5785 5791
f 1025 5786 5792
f 5786 1464 5794
f 5792 5794 1466
f 5786 5794 5792
f 374 5795 5775
f 5795 1467 5797
f 5775 5797 1460
f 5795 5797 5775
f 1467 5796 5799
f 5796 376 5788
f 5799 5788 1465
f 5796 5788 5799
f 1460 5789 5774
f 5789 1465 5787
f 5774 5787 99
f 5789 5787 5774
f 1467 5799 5797
f 5799 1465 5789
f 5797 5789 1460
f 5799 5789 5797
f 263 5790 5776
f 5790 1466 5793
f 5776 5793 1461
f 5790 5793 5776
f 1466 5791 5800
f 5791 376 5796
f 5800 5796 1467
f 5791 5796 5800
f 1461 5798 5777
f 5798 1467 5795
f 5777 5795 374
f 5798 5795 5777
f 1466 5800 5793
f 5800 1467 5798
f 5793 5798 1461
f 5800 5798 5793
f 70 4061 5851
f 4061 1028 5853
f 5851 5853 1481
f 4061 5853 5851
f 1028 4062 5860
f 4062 264 5858
f 5860 5858 1483
f 4062 5858 5860
f 1481 5862 5852
f 5862 1483 5859
f 5852 5859 380
f 5862 5859 5852
f 1028 5860 5853
f 5860 1483 5862
f 5853 5862 1481
f 5860 5862 5853
f 264 4059 5811
f 4059 1027 5813
f 5811 5813 1471
f 4059 5813 5811
f 1027 4058 5804
f 4058 16 5801
f 5804 5801 1468
f 4058 5801 5804
f 1471 5814 5812
f 5814 1468 5802
f 5812 5802 377
f 5814 5802 5812
f 1027 5804 5813
f 5804 1468 5814
f 5813 5814 1471
f 5804 5814 5813
f 380 5868 5856
f 5868 1485 5871
f 5856 5871 1482
f 5868 5871 5856
f 1485 5867 5869
f 5867 377 5806
f 5869 5806 1469
f 5867 5806 5869
f 1482 5857 5855
f 5857 1469 5805
f 5855 5805 100
f 5857 5805 5855
f 1485 5869 5871
f 5869 1469 5857
f 5871 5857 1482
f 5869 5857 5871
f 264 5811 5858
f 5811 1471 5861
f 5858 5861 1483
f 5811 5861 5858
f 1471 5812 5870
f 5812 377 5867
f 5870 5867 1485
f 5812 5867 5870
f 1483 5872 5859
f 5872 1485 5868
f 5859 5868 380
f 5872 5868 5859
f 1471 5870 5861
f 5870 1485 5872
f 5861 5872 1483
f 5870 5872 5861
f 99 5903 5782
f 5903 1492 5905
f 5782 5905 1463
f 5903 5905 5782
f 1492 5904 5915
f 5904 382 5912
f 5915 5912 1494
f 5904 5912 5915
f 1463 5913 5783
f 5913 1494 5911
f 5783 5911 375
f 5913 5911 5783
f 1492 5915 5905
f 5915 1494 5913
f 5905 5913 1463
f 5915 5913 5905
f 382 5908 5922
f 5908 1493 5925
f 5922 5925 1496
f 5908 5925 5922
f 1493 5907 5909
f 5907 100 5819
f 5909 5819 1473
f 5907 5819 5909
f 1496 5923 5921
f 5923 1473 5820
f 5921 5820 378
f 5923 5820 5921
f 1493 5909 5925
f 5909 1473 5923
f 5925 5923 1496
f 5909 5923 5925
f 375 5825 5781
f 5825 1475 5827
f 5781 5827 1462
f 5825 5827 5781
f 1475 5826 5828
f 5826 378 5816
f 5828 5816 1472
f 5826 5816 5828
f 1462 5818 5780
f 5818 1472 5815
f 5780 5815 28
f 5818 5815 5780
f 1475 5828 5827
f 5828 1472 5818
f 5827 5818 1462
f 5828 5818 5827
f 382 5922 5912
f 5922 1496 5926
f 5912 5926 1494
f 5922 5926 5912
f 1496 5921 5924
f 5921 378 5826
f 5924 5826 1475
f 5921 5826 5924
f 1494 5914 5911
f 5914 1475 5825
f 5911 5825 375
f 5914 5825 5911
f 1496 5924 5926
f 5924 1475 5914
f 5926 5914 1494
f 5924 5914 5926
f 70 5851 5784
f 5851 1481 5854
f 5784 5854 1464
f 5851 5854 5784
f 1481 5852 5866
f 5852 380 5864
f 5866 5864 1484
f 5852 5864 5866
f 1464 5865 5785
f 5865 1484 5863
f 5785 5863 376
f 5865 5863 5785
f 1481 5866 5854
f 5866 1484 5865
f 5854 5865 1464
f 5866 5865 5854
f 380 5856 5927
f 5856 1482 5929
f 5927 5929 1497
f 5856 5929 5927
f 1482 5855 5910
f 5855 100 5907
f 5910 5907 1493
f 5855 5907 5910
f 1497 5931 5928
f 5931 1493 5908
f 5928 5908 382
f 5931 5908 5928
f 1482 5910 5929
f 5910 1493 5931
f 5929 5931 1497
f 5910 5931 5929
f 376 5916 5788
f 5916 1495 5918
f 5788 5918 1465
f 5916 5918 5788
f 1495 5917 5920
f 5917 382 5904
f 5920 5904 1492
f 5917 5904 5920
f 1465 5906 5787
f 5906 1492 5903
f 5787 5903 99
f 5906 5903 5787
f 1495 5920 5918
f 5920 1492 5906
f 5918 5906 1465
f 5920 5906 5918
f 380 5927 5864
f 5927 1497 5930
f 5864 5930 1484
f 5927 5930 5864
f 1497 5928 5932
f 5928 382 5917
f 5932 5917 1495
f 5928 5917 5932
f 1484 5919 5863
f 5919 1495 5916
f 5863 5916 376
f 5919 5916 5863
f 1497 5932 5930
f 5932 1495 5919
f 5930 5919 1484
f 5932 5919 5930
f 18 5557 4711
f 5557 1406 5560
f 4711 5560 1193
f 5557 5560 4711
f 1406 5558 5570
f 5558 361 5568
f 5570 5568 1409
f 5558 5568 5570
f 1193 5569 4712
f 5569 1409 5567
f 4712 5567 307
f 5569 5567 4712
f 1406 5570 5560
f 5570 1409 5569
f 5560 5569 1193
f 5570 5569 5560
f 361 5562 5613
f 5562 1407 5615
f 5613 5615 1421
f 5562 5615 5613
f 1407 5561 5607
f 5561 96 5605
f 5607 5605 1419
f 5561 5605 5607
f 1421 5617 5614
f 5617 1419 5606
f 5614 5606 364
f 5617 5606 5614
f 1407 5607 5615
f 5607 1419 5617
f 5615 5617 1421
f 5607 5617 5615
f 307 5608 4715
f 5608 1420 5610
f 4715 5610 1194
f 5608 5610 4715
f 1420 5609 5612
f 5609 364 5603
f 5612 5603 1418
f 5609 5603 5612
f 1194 5604 4714
f 5604 1418 5602
f 4714 5602 82
f 5604 5602 4714
f 1420 5612 5610
f 5612 1418 5604
f 5610 5604 1194
f 5612 5604 5610
f 361 5613 5568
f 5613 1421 5616
f 5568 5616 1409
f 5613 5616 5568
f 1421 5614 5618
f 5614 364 5609
f 5618 5609 1420
f 5614 5609 5618
f 1409 5611 5567
f 5611 1420 5608
f 5567 5608 307
f 5611 5608 5567
f 1421 5618 5616
f 5618 1420 5611
f 5616 5611 1409
f 5618 5611 5616
f 96 5574 5689
f 5574 1411 5691
f 5689 5691 1439
f 5574 5691 5689
f 1411 5575 5699
f 5575 362 5697
f 5699 5697 1441
f 5575 5697 5699
f 1439 5701 5690
f 5701 1441 5698
f 5690 5698 369
f 5701 5698 5690
f 1411 5699 5691
f 5699 1441 5701
f 5691 5701 1439
f 5699 5701 5691
f 362 5572 5663
f 5572 1410 5665
f 5663 5665 1433
f 5572 5665 5663
f 1410 5571 5660
f 5571 27 5658
f 5660 5658 1431
f 5571 5658 5660
f 1433 5666 5664
f 5666 1431 5659
f 5664 5659 367
f 5666 5659 5664
f 1410 5660 5665
f 5660 1431 5666
f 5665 5666 1433
f 5660 5666 5665
f 369 5708 5694
f 5708 1443 5711
f 5694 5711 1440
f 5708 5711 5694
f 1443 5707 5709
f 5707 367 5662
f 5709 5662 1432
f 5707 5662 5709
f 1440 5695 5693
f 5695 1432 5661
f 5693 5661 97
f 5695 5661 5693
f 1443 5709 5711
f 5709 1432 5695
f 5711 5695 1440
f 5709 5695 5711
f 362 5663 5697
f 5663 1433 5700
f 5697 5700 1441
f 5663 5700 5697
f 1433 5664 5710
f 5664 367 5707
f 5710 5707 1443
f 5664 5707 5710
f 1441 5712 5698
f 5712 1443 5708
f 5698 5708 369
f 5712 5708 5698
f 1433 5710 5700
f 5710 1443 5712
f 5700 5712 1441
f 5710 5712 5700
f 82 5667 4723
f 5667 1434 5669
f 4723 5669 1197
f 5667 5669 4723
f 1434 5668 5678
f 5668 368 5675
f 5678 5675 1436
f 5668 5675 5678
f 1197 5676 4724
f 5676 1436 5674
f 4724 5674 308
f 5676 5674 4724
f 1434 5678 5669
f 5678 1436 5676
f 5669 5676 1197
f 5678 5676 5669
f 368 5672 5684
f 5672 1435 5687
f 5684 5687 1438
f 5672 5687 5684
f 1435 5671 5673
f 5671 97 5652
f 5673 5652 1429
f 5671 5652 5673
f 1438 5685 5683
f 5685 1429 5653
f 5683 5653 366
f 5685 5653 5683
f 1435 5673 5687
f 5673 1429 5685
f 5687 5685 1438
f 5673 5685 5687
f 308 5654 4721
f 5654 1430 5656
f 4721 5656 1196
f 5654 5656 4721
f 1430 5655 5657
f 5655 366 5650
f 5657 5650 1428
f 5655 5650 5657
f 1196 5651 4720
f 5651 1428 5649
f 4720 5649 22
f 5651 5649 4720
f 1430 5657 5656
f 5657 1428 5651
f 5656 5651 1196
f 5657 5651 5656
f 368 5684 5675
f 5684 1438 5688
f 5675 5688 1436
f 5684 5688 5675
f 1438 5683 5686
f 5683 366 5655
f 5686 5655 1430
f 5683 5655 5686
f 1436 5677 5674
f 5677 1430 5654
f 5674 5654 308
f 5677 5654 5674
f 1438 5686 5688
f 5686 1430 5677
f 5688 5677 1436
f 5686 5677 5688
f 96 5689 5605
f 5689 1439 5692
f 5605 5692 1419
f 5689 5692 5605
f 1439 5690 5706
f 5690 369 5703
f 5706 5703 1442
f 5690 5703 5706
f 1419 5704 5606
f 5704 1442 5702
f 5606 5702 364
f 5704 5702 5606
f 1439 5706 5692
f 5706 1442 5704
f 5692 5704 1419
f 5706 5704 5692
f 369 5694 5714
f 5694 1440 5717
f 5714 5717 1444
f 5694 5717 5714
f 1440 5693 5696
f 5693 97 5671
f 5696 5671 1435
f 5693 5671 5696
f 1444 5715 5713
f 5715 1435 5672
f 5713 5672 368
f 5715 5672 5713
f 1440 5696 5717
f 5696 1435 5715
f 5717 5715 1444
f 5696 5715 5717
f 364 5679 5603
f 5679 1437 5681
f 5603 5681 1418
f 5679 5681 5603
f 1437 5680 5682
f 5680 368 5668
f 5682 5668 1434
f 5680 5668 5682
f 1418 5670 5602
f 5670 1434 5667
f 5602 5667 82
f 5670 5667 5602
f 1437 5682 5681
f 5682 1434 5670
f 5681 5670 1418
f 5682 5670 5681
f 369 5714 5703
f 5714 1444 5718
f 5703 5718 1442
f 5714 5718 5703
f 1444 5713 5716
f 5713 368 5680
f 5716 5680 1437
f 5713 5680 5716
f 1442 5705 5702
f 5705 1437 5679
f 5702 5679 364
f 5705 5679 5702
f 1444 5716 5718
f 5716 1437 5705
f 5718 5705 1442
f 5716 5705 5718
f 4 4303 4567
f 4303 1085 4570
f 4567 4570 1157
f 4303 4570 4567
f 1085 4304 4579
f 4304 277 4577
f 4579 4577 1160
f 4304 4577 4579
f 1157 4580 4568
f 4580 1160 4578
f 4568 4578 298
f 4580 4578 4568
f 1085 4579 4570
f 4579 1160 4580
f 4570 4580 1157
f 4579 4580 4570
f 277 4307 4608
f 4307 1086 4610
f 4608 4610 1169
f 4307 4610 4608
f 1086 4306 4604
f 4306 73 4602
f 4604 4602 1167
f 4306 4602 4604
f 1169 4612 4609
f 4612 1167 4603
f 4609 4603 301
f 4612 4603 4609
f 1086 4604 4610
f 4604 1167 4612
f 4610 4612 1169
f 4604 4612 4610
f 298 4613 4572
f 4613 1170 4615
f 4572 4615 1158
f 4613 4615 4572
f 1170 4614 4617
f 4614 301 4606
f 4617 4606 1168
f 4614 4606 4617
f 1158 4607 4571
f 4607 1168 4605
f 4571 4605 80
f 4607 4605 4571
f 1170 4617 4615
f 4617 1168 4607
f 4615 4607 1158
f 4617 4607 4615
f 277 4608 4577
f 4608 1169 4611
f 4577 4611 1160
f 4608 4611 4577
f 1169 4609 4618
f 4609 301 4614
f 4618 4614 1170
f 4609 4614 4618
f 1160 4616 4578
f 4616 1170 4613
f 4578 4613 298
f 4616 4613 4578
f 1169 4618 4611
f 4618 1170 4616
f 4611 4616 1160
f 4618 4616 4611
f 73 4315 4729
f 4315 1089 4731
f 4729 4731 1199
f 4315 4731 4729
f 1089 4316 4738
f 4316 278 4736
f 4738 4736 1201
f 4316 4736 4738
f 1199 4740 4730
f 4740 1201 4737
f 4730 4737 309
f 4740 4737 4730
f 1089 4738 4731
f 4738 1201 4740
f 4731 4740 1199
f 4738 4740 4731
f 278 4313 4716
f 4313 1088 4718
f 4716 4718 1195
f 4313 4718 4716
f 1088 4312 4713
f 4312 18 4711
f 4713 4711 1193
f 4312 4711 4713
f 1195 4719 4717
f 4719 1193 4712
f 4717 4712 307
f 4719 4712 4717
f 1088 4713 4718
f 4713 1193 4719
f 4718 4719 1195
f 4713 4719 4718
f 309 4746 4734
f 4746 1203 4749
f 4734 4749 1200
f 4746 4749 4734
f 1203 4745 4747
f 4745 307 4715
f 4747 4715 1194
f 4745 4715 4747
f 1200 4735 4733
f 4735 1194 4714
f 4733 4714 82
f 4735 4714 4733
f 1203 4747 4749
f 4747 1194 4735
f 4749 4735 1200
f 4747 4735 4749
f 278 4716 4736
f 4716 1195 4739
f 4736 4739 1201
f 4716 4739 4736
f 1195 4717 4748
f 4717 307 4745
f 4748 4745 1203
f 4717 4745 4748
f 1201 4750 4737
f 4750 1203 4746
f 4737 4746 309
f 4750 4746 4737
f 1195 4748 4739
f 4748 1203 4750
f 4739 4750 1201
f 4748 4750 4739
f 80 4751 4583
f 4751 1204 4753
f 4583 4753 1162
f 4751 4753 4583
f 1204 4752 4763
f 4752 310 4760
f 4763 4760 1206
f 4752 4760 4763
f 1162 4761 4584
f 4761 1206 4759
f 4584 4759 299
f 4761 4759 4584
f 1204 4763 4753
f 4763 1206 4761
f 4753 4761 1162
f 4763 4761 4753
f 310 4756 4770
f 4756 1205 4773
f 4770 4773 1208
f 4756 4773 4770
f 1205 4755 4757
f 4755 82 4723
f 4757 4723 1197
f 4755 4723 4757
f 1208 4771 4769
f 4771 1197 4724
f 4769 4724 308
f 4771 4724 4769
f 1205 4757 4773
f 4757 1197 4771
f 4773 4771 1208
f 4757 4771 4773
f 299 4725 4582
f 4725 1198 4727
f 4582 4727 1161
f 4725 4727 4582
f 1198 4726 4728
f 4726 308 4721
f 4728 4721 1196
f 4726 4721 4728
f 1161 4722 4581
f 4722 1196 4720
f 4581 4720 22
f 4722 4720 4581
f 1198 4728 4727
f 4728 1196 4722
f 4727 4722 1161
f 4728 4722 4727
f 310 4770 4760
f 4770 1208 4774
f 4760 4774 1206
f 4770 4774 4760
f 1208 4769 4772
f 4769 308 4726
f 4772 4726 1198
f 4769 4726 4772
f 1206 4762 4759
f 4762 1198 4725
f 4759 4725 299
f 4762 4725 4759
f 1208 4772 4774
f 4772 1198 4762
f 4774 4762 1206
f 4772 4762 4774
f 73 4729 4602
f 4729 1199 4732
f 4602 4732 1167
f 4729 4732 4602
f 1199 4730 4744
f 4730 309 4742
f 4744 4742 1202
f 4730 4742 4744
f 1167 4743 4603
f 4743 1202 4741
f 4603 4741 301
f 4743 4741 4603
f 1199 4744 4732
f 4744 1202 4743
f 4732 4743 1167
f 4744 4743 4732
f 309 4734 4775
f 4734 1200 4777
f 4775 4777 1209
f 4734 4777 4775
f 1200 4733 4758
f 4733 82 4755
f 4758 4755 1205
f 4733 4755 4758
f 1209 4779 4776
f 4779 1205 4756
f 4776 4756 310
f 4779 4756 4776
f 1200 4758 4777
f 4758 1205 4779
f 4777 4779 1209
f 4758 4779 4777
f 301 4764 4606
f 4764 1207 4766
f 4606 4766 1168
f 4764 4766 4606
f 1207 4765 4768
f 4765 310 4752
f 4768 4752 1204
f 4765 4752 4768
f 1168 4754 4605
f 4754 1204 4751
f 4605 4751 80
f 4754 4751 4605
f 1207 4768 4766
f 4768 1204 4754
f 4766 4754 1168
f 4768 4754 4766
f 309 4775 4742
f 4775 1209 4778
f 4742 4778 1202
f 4775 4778 4742
f 1209 4776 4780
f 4776 310 4765
f 4780 4765 1207
f 4776 4765 4780
f 1202 4767 4741
f 4767 1207 4764
f 4741 4764 301
f 4767 4764 4741
f 1209 4780 4778
f 4780 1207 4767
f 4778 4767 1202
f 4780 4767 4778
f 22 4790 4633
f 4790 1213 4792
f 4633 4792 1175
f 4790 4792 4633
f 1213 4791 4798
f 4791 312 4796
f 4798 4796 1215
f 4791 4796 4798
f 1175 4797 4634
f 4797 1215 4795
f 4634 4795 303
f 4797 4795 4634
f 1213 4798 4792
f 4798 1215 4797
f 4792 4797 1175
f 4798 4797 4792
f 312 4794 4839
f 4794 1214 4841
f 4839 4841 1225
f 4794 4841 4839
f 1214 4793 4827
f 4793 83 4825
f 4827 4825 1222
f 4793 4825 4827
f 1225 4843 4840
f 4843 1222 4826
f 4840 4826 314
f 4843 4826 4840
f 1214 4827 4841
f 4827 1222 4843
f 4841 4843 1225
f 4827 4843 4841
f 303 4829 4637
f 4829 1223 4831
f 4637 4831 1176
f 4829 4831 4637
f 1223 4830 4833
f 4830 314 4822
f 4833 4822 1221
f 4830 4822 4833
f 1176 4823 4636
f 4823 1221 4821
f 4636 4821 81
f 4823 4821 4636
f 1223 4833 4831
f 4833 1221 4823
f 4831 4823 1176
f 4833 4823 4831
f 312 4839 4796
f 4839 1225 4842
f 4796 4842 1215
f 4839 4842 4796
f 1225 4840 4844
f 4840 314 4830
f 4844 4830 1223
f 4840 4830 4844
f 1215 4832 4795
f 4832 1223 4829
f 4795 4829 303
f 4832 4829 4795
f 1225 4844 4842
f 4844 1223 4832
f 4842 4832 1215
f 4844 4832 4842
f 83 4784 4803
f 4784 1211 4805
f 4803 4805 1217
f 4784 4805 4803
f 1211 4785 4817
f 4785 311 4815
f 4817 4815 1220
f 4785 4815 4817
f 1217 4819 4804
f 4819 1220 4816
f 4804 4816 313
f 4819 4816 4804
f 1211 4817 4805
f 4817 1220 4819
f 4805 4819 1217
f 4817 4819 4805
f 311 4782 4787
f 4782 1210 4789
f 4787 4789 1212
f 4782 4789 4787
f 1210 4781 4783
f 4781 20 4455
f 4783 4455 1125
f 4781 4455 4783
f 1212 4788 4786
f 4788 1125 4456
f 4786 4456 288
f 4788 4456 4786
f 1210 4783 4789
f 4783 1125 4788
f 4789 4788 1212
f 4783 4788 4789
f 313 4807 4800
f 4807 1218 4810
f 4800 4810 1216
f 4807 4810 4800
f 1218 4806 4808
f 4806 288 4458
f 4808 4458 1126
f 4806 4458 4808
f 1216 4801 4799
f 4801 1126 4457
f 4799 4457 76
f 4801 4457 4799
f 1218 4808 4810
f 4808 1126 4801
f 4810 4801 1216
f 4808 4801 4810
f 311 4787 4815
f 4787 1212 4818
f 4815 4818 1220
f 4787 4818 4815
f 1212 4786 4809
f 4786 288 4806
f 4809 4806 1218
f 4786 4806 4809
f 1220 4820 4816
f 4820 1218 4807
f 4816 4807 313
f 4820 4807 4816
f 1212 4809 4818
f 4809 1218 4820
f 4818 4820 1220
f 4809 4820 4818
f 81 4667 4623
f 4667 1184 4669
f 4623 4669 1172
f 4667 4669 4623
f 1184 4668 4679
f 4668 305 4676
f 4679 4676 1186
f 4668 4676 4679
f 1172 4677 4624
f 4677 1186 4675
f 4624 4675 302
f 4677 4675 4624
f 1184 4679 4669
f 4679 1186 4677
f 4669 4677 1172
f 4679 4677 4669
f 305 4665 4671
f 4665 1183 4674
f 4671 4674 1185
f 4665 4674 4671
f 1183 4664 4666
f 4664 76 4453
f 4666 4453 1124
f 4664 4453 4666
f 1185 4672 4670
f 4672 1124 4454
f 4670 4454 287
f 4672 4454 4670
f 1183 4666 4674
f 4666 1124 4672
f 4674 4672 1185
f 4666 4672 4674
f 302 4630 4620
f 4630 1174 4632
f 4620 4632 1171
f 4630 4632 4620
f 1174 4629 4631
f 4629 287 4452
f 4631 4452 1123
f 4629 4452 4631
f 1171 4622 4619
f 4622 1123 4451
f 4619 4451 8
f 4622 4451 4619
f 1174 4631 4632
f 4631 1123 4622
f 4632 4622 1171
f 4631 4622 4632
f 305 4671 4676
f 4671 1185 4680
f 4676 4680 1186
f 4671 4680 4676
f 1185 4670 4673
f 4670 287 4629
f 4673 4629 1174
f 4670 4629 4673
f 1186 4678 4675
f 4678 1174 4630
f 4675 4630 302
f 4678 4630 4675
f 1185 4673 4680
f 4673 1174 4678
f 4680 4678 1186
f 4673 4678 4680
f 83 4803 4825
f 4803 1217 4828
f 4825 4828 1222
f 4803 4828 4825
f 1217 4804 4847
f 4804 313 4845
f 4847 4845 1226
f 4804 4845 4847
f 1222 4849 4826
f 4849 1226 4846
f 4826 4846 314
f 4849 4846 4826
f 1217 4847 4828
f 4847 1226 4849
f 4828 4849 1222
f 4847 4849 4828
f 313 4800 4812
f 4800 1216 4814
f 4812 4814 1219
f 4800 4814 4812
f 1216 4799 4802
f 4799 76 4664
f 4802 4664 1183
f 4799 4664 4802
f 1219 4813 4811
f 4813 1183 4665
f 4811 4665 305
f 4813 4665 4811
f 1216 4802 4814
f 4802 1183 4813
f 4814 4813 1219
f 4802 4813 4814
f 314 4835 4822
f 4835 1224 4838
f 4822 4838 1221
f 4835 4838 4822
f 1224 4834 4836
f 4834 305 4668
f 4836 4668 1184
f 4834 4668 4836
f 1221 4824 4821
f 4824 1184 4667
f 4821 4667 81
f 4824 4667 4821
f 1224 4836 4838
f 4836 1184 4824
f 4838 4824 1221
f 4836 4824 4838
f 313 4812 4845
f 4812 1219 4848
f 4845 4848 1226
f 4812 4848 4845
f 1219 4811 4837
f 4811 305 4834
f 4837 4834 1224
f 4811 4834 4837
f 1226 4850 4846
f 4850 1224 4835
f 4846 4835 314
f 4850 4835 4846
f 1219 4837 4848
f 4837 1224 4850
f 4848 4850 1226
f 4837 4850 4848
f 8 4451 5719
f 4451 1123 5722
f 5719 5722 1445
f 4451 5722 5719
f 1123 4452 5731
f 4452 287 5729
f 5731 5729 1448
f 4452 5729 5731
f 1445 5732 5720
f 5732 1448 5730
f 5720 5730 370
f 5732 5730 5720
f 1123 5731 5722
f 5731 1448 5732
f 5722 5732 1445
f 5731 5732 5722
f 287 4454 5760
f 4454 1124 5762
f 5760 5762 1457
f 4454 5762 5760
f 1124 4453 5756
f 4453 76 5754
f 5756 5754 1455
f 4453 5754 5756
f 1457 5764 5761
f 5764 1455 5755
f 5761 5755 373
f 5764 5755 5761
f 1124 5756 5762
f 5756 1455 5764
f 5762 5764 1457
f 5756 5764 5762
f 370 5765 5724
f 5765 1458 5767
f 5724 5767 1446
f 5765 5767 5724
f 1458 5766 5769
f 5766 373 5758
f 5769 5758 1456
f 5766 5758 5769
f 1446 5759 5723
f 5759 1456 5757
f 5723 5757 98
f 5759 5757 5723
f 1458 5769 5767
f 5769 1456 5759
f 5767 5759 1446
f 5769 5759 5767
f 287 5760 5729
f 5760 1457 5763
f 5729 5763 1448
f 5760 5763 5729
f 1457 5761 5770
f 5761 373 5766
f 5770 5766 1458
f 5761 5766 5770
f 1448 5768 5730
f 5768 1458 5765
f 5730 5765 370
f 5768 5765 5730
f 1457 5770 5763
f 5770 1458 5768
f 5763 5768 1448
f 5770 5768 5763
f 76 4457 5956
f 4457 1126 5958
f 5956 5958 1505
f 4457 5958 5956
f 1126 4458 5965
f 4458 288 5963
f 5965 5963 1507
f 4458 5963 5965
f 1505 5967 5957
f 5967 1507 5964
f 5957 5964 385
f 5967 5964 5957
f 1126 5965 5958
f 5965 1507 5967
f 5958 5967 1505
f 5965 5967 5958
f 288 4456 5939
f 4456 1125 5941
f 5939 5941 1500
f 4456 5941 5939
f 1125 4455 5935
f 4455 20 5933
f 5935 5933 1498
f 4455 5933 5935
f 1500 5942 5940
f 5942 1498 5934
f 5940 5934 383
f 5942 5934 5940
f 1125 5935 5941
f 5935 1498 5942
f 5941 5942 1500
f 5935 5942 5941
f 385 5973 5961
f 5973 1509 5976
f 5961 5976 1506
f 5973 5976 5961
f 1509 5972 5974
f 5972 383 5938
f 5974 5938 1499
f 5972 5938 5974
f 1506 5962 5960
f 5962 1499 5937
f 5960 5937 101
f 5962 5937 5960
f 1509 5974 5976
f 5974 1499 5962
f 5976 5962 1506
f 5974 5962 5976
f 288 5939 5963
f 5939 1500 5966
f 5963 5966 1507
f 5939 5966 5963
f 1500 5940 5975
f 5940 383 5972
f 5975 5972 1509
f 5940 5972 5975
f 1507 5977 5964
f 5977 1509 5973
f 5964 5973 385
f 5977 5973 5964
f 1500 5975 5966
f 5975 1509 5977
f 5966 5977 1507
f 5975 5977 5966
f 98 5995 5735
f 5995 1514 5997
f 5735 5997 1450
f 5995 5997 5735
f 1514 5996 6007
f 5996 387 6004
f 6007 6004 1516
f 5996 6004 6007
f 1450 6005 5736
f 6005 1516 6003
f 5736 6003 371
f 6005 6003 5736
f 1514 6007 5997
f 6007 1516 6005
f 5997 6005 1450
f 6007 6005 5997
f 387 6000 6014
f 6000 1515 6017
f 6014 6017 1518
f 6000 6017 6014
f 1515 5999 6001
f 5999 101 5950
f 6001 5950 1503
f 5999 5950 6001
f 1518 6015 6013
f 6015 1503 5951
f 6013 5951 384
f 6015 5951 6013
f 1515 6001 6017
f 6001 1503 6015
f 6017 6015 1518
f 6001 6015 6017
f 371 5952 5734
f 5952 1504 5954
f 5734 5954 1449
f 5952 5954 5734
f 1504 5953 5955
f 5953 384 5948
f 5955 5948 1502
f 5953 5948 5955
f 1449 5949 5733
f 5949 1502 5947
f 5733 5947 28
f 5949 5947 5733
f 1504 5955 5954
f 5955 1502 5949
f 5954 5949 1449
f 5955 5949 5954
f 387 6014 6004
f 6014 1518 6018
f 6004 6018 1516
f 6014 6018 6004
f 1518 6013 6016
f 6013 384 5953
f 6016 5953 1504
f 6013 5953 6016
f 1516 6006 6003
f 6006 1504 5952
f 6003 5952 371
f 6006 5952 6003
f 1518 6016 6018
f 6016 1504 6006
f 6018 6006 1516
f 6016 6006 6018
f 76 5956 5754
f 5956 1505 5959
f 5754 5959 1455
f 5956 5959 5754
f 1505 5957 5971
f 5957 385 5969
f 5971 5969 1508
f 5957 5969 5971
f 1455 5970 5755
f 5970 1508 5968
f 5755 5968 373
f 5970 5968 5755
f 1505 5971 5959
f 5971 1508 5970
f 5959 5970 1455
f 5971 5970 5959
f 385 5961 6019
f 5961 1506 6021
f 6019 6021 1519
f 5961 6021 6019
f 1506 5960 6002
f 5960 101 5999
f 6002 5999 1515
f 5960 5999 6002
f 1519 6023 6020
f 6023 1515 6000
f 6020 6000 387
f 6023 6000 6020
f 1506 6002 6021
f 6002 1515 6023
f 6021 6023 1519
f 6002 6023 6021
f 373 6008 5758
f 6008 1517 6010
f 5758 6010 1456
f 6008 6010 5758
f 1517 6009 6012
f 6009 387 5996
f 6012 5996 1514
f 6009 5996 6012
f 1456 5998 5757
f 5998 1514 5995
f 5757 5995 98
f 5998 5995 5757
f 1517 6012 6010
f 6012 1514 5998
f 6010 5998 1456
f 6012 5998 6010
f 385 6019 5969
f 6019 1519 6022
f 5969 6022 1508
f 6019 6022 5969
f 1519 6020 6024
f 6020 387 6009
f 6024 6009 1517
f 6020 6009 6024
f 1508 6011 5968
f 6011 1517 6008
f 5968 6008 373
f 6011 6008 5968
f 1519 6024 6022
f 6024 1517 6011
f 6022 6011 1508
f 6024 6011 6022
f 22 5095 4790
f 5095 1289 5097
f 4790 5097 1213
f 5095 5097 4790
f 1289 5096 5103
f 5096 331 5101
f 5103 5101 1291
f 5096 5101 5103
f 1213 5102 4791
f 5102 1291 5100
f 4791 5100 312
f 5102 5100 4791
f 1289 5103 5097
f 5103 1291 5102
f 5097 5102 1213
f 5103 5102 5097
f 331 5099 5129
f 5099 1290 5131
f 5129 5131 1299
f 5099 5131 5129
f 1290 5098 5119
f 5098 88 5117
f 5119 5117 1296
f 5098 5117 5119
f 1299 5133 5130
f 5133 1296 5118
f 5130 5118 333
f 5133 5118 5130
f 1290 5119 5131
f 5119 1296 5133
f 5131 5133 1299
f 5119 5133 5131
f 312 5120 4794
f 5120 1297 5122
f 4794 5122 1214
f 5120 5122 4794
f 1297 5121 5124
f 5121 333 5114
f 5124 5114 1295
f 5121 5114 5124
f 1214 5115 4793
f 5115 1295 5113
f 4793 5113 83
f 5115 5113 4793
f 1297 5124 5122
f 5124 1295 5115
f 5122 5115 1214
f 5124 5115 5122
f 331 5129 5101
f 5129 1299 5132
f 5101 5132 1291
f 5129 5132 5101
f 1299 5130 5134
f 5130 333 5121
f 5134 5121 1297
f 5130 5121 5134
f 1291 5123 5100
f 5123 1297 5120
f 5100 5120 312
f 5123 5120 5100
f 1299 5134 5132
f 5134 1297 5123
f 5132 5123 1291
f 5134 5123 5132
f 88 5107 5139
f 5107 1293 5141
f 5139 5141 1301
f 5107 5141 5139
f 1293 5108 5155
f 5108 332 5153
f 5155 5153 1304
f 5108 5153 5155
f 1301 5157 5140
f 5157 1304 5154
f 5140 5154 334
f 5157 5154 5140
f 1293 5155 5141
f 5155 1304 5157
f 5141 5157 1301
f 5155 5157 5141
f 332 5105 5110
f 5105 1292 5112
f 5110 5112 1294
f 5105 5112 5110
f 1292 5104 5106
f 5104 24 5057
f 5106 5057 1279
f 5104 5057 5106
f 1294 5111 5109
f 5111 1279 5058
f 5109 5058 328
f 5111 5058 5109
f 1292 5106 5112
f 5106 1279 5111
f 5112 5111 1294
f 5106 5111 5112
f 334 5144 5136
f 5144 1302 5147
f 5136 5147 1300
f 5144 5147 5136
f 1302 5143 5145
f 5143 328 5060
f 5145 5060 1280
f 5143 5060 5145
f 1300 5137 5135
f 5137 1280 5059
f 5135 5059 87
f 5137 5059 5135
f 1302 5145 5147
f 5145 1280 5137
f 5147 5137 1300
f 5145 5137 5147
f 332 5110 5153
f 5110 1294 5156
f 5153 5156 1304
f 5110 5156 5153
f 1294 5109 5146
f 5109 328 5143
f 5146 5143 1302
f 5109 5143 5146
f 1304 5158 5154
f 5158 1302 5144
f 5154 5144 334
f 5158 5144 5154
f 1294 5146 5156
f 5146 1302 5158
f 5156 5158 1304
f 5146 5158 5156
f 83 5061 4784
f 5061 1281 5063
f 4784 5063 1211
f 5061 5063 4784
f 1281 5062 5071
f 5062 329 5068
f 5071 5068 1283
f 5062 5068 5071
f 1211 5069 4785
f 5069 1283 5067
f 4785 5067 311
f 5069 5067 4785
f 1281 5071 5063
f 5071 1283 5069
f 5063 5069 1211
f 5071 5069 5063
f 329 5065 5073
f 5065 1282 5076
f 5073 5076 1284
f 5065 5076 5073
f 1282 5064 5066
f 5064 87 5047
f 5066 5047 1276
f 5064 5047 5066
f 1284 5074 5072
f 5074 1276 5048
f 5072 5048 327
f 5074 5048 5072
f 1282 5066 5076
f 5066 1276 5074
f 5076 5074 1284
f 5066 5074 5076
f 311 5049 4782
f 5049 1277 5051
f 4782 5051 1210
f 5049 5051 4782
f 1277 5050 5052
f 5050 327 5044
f 5052 5044 1275
f 5050 5044 5052
f 1210 5045 4781
f 5045 1275 5043
f 4781 5043 20
f 5045 5043 4781
f 1277 5052 5051
f 5052 1275 5045
f 5051 5045 1210
f 5052 5045 5051
f 329 5073 5068
f 5073 1284 5077
f 5068 5077 1283
f 5073 5077 5068
f 1284 5072 5075
f 5072 327 5050
f 5075 5050 1277
f 5072 5050 5075
f 1283 5070 5067
f 5070 1277 5049
f 5067 5049 311
f 5070 5049 5067
f 1284 5075 5077
f 5075 1277 5070
f 5077 5070 1283
f 5075 5070 5077
f 88 5139 5117
f 5139 1301 5142
f 5117 5142 1296
f 5139 5142 5117
f 1301 5140 5163
f 5140 334 5160
f 5163 5160 1305
f 5140 5160 5163
f 1296 5161 5118
f 5161 1305 5159
f 5118 5159 333
f 5161 5159 5118
f 1301 5163 5142
f 5163 1305 5161
f 5142 5161 1296
f 5163 5161 5142
f 334 5136 5149
f 5136 1300 5152
f 5149 5152 1303
f 5136 5152 5149
f 1300 5135 5138
f 5135 87 5064
f 5138 5064 1282
f 5135 5064 5138
f 1303 5150 5148
f 5150 1282 5065
f 5148 5065 329
f 5150 5065 5148
f 1300 5138 5152
f 5138 1282 5150
f 5152 5150 1303
f 5138 5150 5152
f 333 5126 5114
f 5126 1298 5128
f 5114 5128 1295
f 5126 5128 5114
f 1298 5125 5127
f 5125 329 5062
f 5127 5062 1281
f 5125 5062 5127
f 1295 5116 5113
f 5116 1281 5061
f 5113 5061 83
f 5116 5061 5113
f 1298 5127 5128
f 5127 1281 5116
f 5128 5116 1295
f 5127 5116 5128
f 334 5149 5160
f 5149 1303 5164
f 5160 5164 1305
f 5149 5164 5160
f 1303 5148 5151
f 5148 329 5125
f 5151 5125 1298
f 5148 5125 5151
f 1305 5162 5159
f 5162 1298 5126
f 5159 5126 333
f 5162 5126 5159
f 1303 5151 5164
f 5151 1298 5162
f 5164 5162 1305
f 5151 5162 5164
f 22 7183 5095
f 7183 1805 7185
f 5095 7185 1289
f 7183 7185 5095
f 1805 7184 7192
f 7184 457 7190
f 7192 7190 1807
f 7184 7190 7192
f 1289 7191 5096
f 7191 1807 7189
f 5096 7189 331
f 7191 7189 5096
f 1805 7192 7185
f 7192 1807 7191
f 7185 7191 1289
f 7192 7191 7185
f 457 7188 7212
f 7188 1806 7214
f 7212 7214 1814
f 7188 7214 7212
f 1806 7187 7206
f 7187 118 7204
f 7206 7204 1812
f 7187 7204 7206
f 1814 7216 7213
f 7216 1812 7205
f 7213 7205 459
f 7216 7205 7213
f 1806 7206 7214
f 7206 1812 7216
f 7214 7216 1814
f 7206 7216 7214
f 331 7207 5099
f 7207 1813 7209
f 5099 7209 1290
f 7207 7209 5099
f 1813 7208 7211
f 7208 459 7202
f 7211 7202 1811
f 7208 7202 7211
f 1290 7203 5098
f 7203 1811 7201
f 5098 7201 88
f 7203 7201 5098
f 1813 7211 7209
f 7211 1811 7203
f 7209 7203 1290
f 7211 7203 7209
f 457 7212 7190
f 7212 1814 7215
f 7190 7215 1807
f 7212 7215 7190
f 1814 7213 7217
f 7213 459 7208
f 7217 7208 1813
f 7213 7208 7217
f 1807 7210 7189
f 7210 1813 7207
f 7189 7207 331
f 7210 7207 7189
f 1814 7217 7215
f 7217 1813 7210
f 7215 7210 1807
f 7217 7210 7215
f 118 7199 7297
f 7199 1810 7299
f 7297 7299 1835
f 7199 7299 7297
f 1810 7200 7307
f 7200 458 7305
f 7307 7305 1837
f 7200 7305 7307
f 1835 7309 7298
f 7309 1837 7306
f 7298 7306 465
f 7309 7306 7298
f 1810 7307 7299
f 7307 1837 7309
f 7299 7309 1835
f 7307 7309 7299
f 458 7198 7254
f 7198 1809 7256
f 7254 7256 1825
f 7198 7256 7254
f 1809 7197 7251
f 7197 32 7249
f 7251 7249 1823
f 7197 7249 7251
f 1825 7257 7255
f 7257 1823 7250
f 7255 7250 462
f 7257 7250 7255
f 1809 7251 7256
f 7251 1823 7257
f 7256 7257 1825
f 7251 7257 7256
f 465 7316 7302
f 7316 1839 7319
f 7302 7319 1836
f 7316 7319 7302
f 1839 7315 7317
f 7315 462 7253
f 7317 7253 1824
f 7315 7253 7317
f 1836 7303 7301
f 7303 1824 7252
f 7301 7252 119
f 7303 7252 7301
f 1839 7317 7319
f 7317 1824 7303
f 7319 7303 1836
f 7317 7303 7319
f 458 7254 7305
f 7254 1825 7308
f 7305 7308 1837
f 7254 7308 7305
f 1825 7255 7318
f 7255 462 7315
f 7318 7315 1839
f 7255 7315 7318
f 1837 7320 7306
f 7320 1839 7316
f 7306 7316 465
f 7320 7316 7306
f 1825 7318 7308
f 7318 1839 7320
f 7308 7320 1837
f 7318 7320 7308
f 88 7258 5107
f 7258 1826 7260
f 5107 7260 1293
f 7258 7260 5107
f 1826 7259 7269
f 7259 463 7266
f 7269 7266 1828
f 7259 7266 7269
f 1293 7267 5108
f 7267 1828 7265
f 5108 7265 332
f 7267 7265 5108
f 1826 7269 7260
f 7269 1828 7267
f 7260 7267 1293
f 7269 7267 7260
f 463 7263 7275
f 7263 1827 7278
f 7275 7278 1830
f 7263 7278 7275
f 1827 7262 7264
f 7262 119 7239
f 7264 7239 1820
f 7262 7239 7264
f 1830 7276 7274
f 7276 1820 7240
f 7274 7240 461
f 7276 7240 7274
f 1827 7264 7278
f 7264 1820 7276
f 7278 7276 1830
f 7264 7276 7278
f 332 7241 5105
f 7241 1821 7243
f 5105 7243 1292
f 7241 7243 5105
f 1821 7242 7244
f 7242 461 7236
f 7244 7236 1819
f 7242 7236 7244
f 1292 7237 5104
f 7237 1819 7235
f 5104 7235 24
f 7237 7235 5104
f 1821 7244 7243
f 7244 1819 7237
f 7243 7237 1292
f 7244 7237 7243
f 463 7275 7266
f 7275 1830 7279
f 7266 7279 1828
f 7275 7279 7266
f 1830 7274 7277
f 7274 461 7242
f 7277 7242 1821
f 7274 7242 7277
f 1828 7268 7265
f 7268 1821 7241
f 7265 7241 332
f 7268 7241 7265
f 1830 7277 7279
f 7277 1821 7268
f 7279 7268 1828
f 7277 7268 7279
f 118 7297 7204
f 7297 1835 7300
f 7204 7300 1812
f 7297 7300 7204
f 1835 7298 7314
f 7298 465 7311
f 7314 7311 1838
f 7298 7311 7314
f 1812 7312 7205
f 7312 1838 7310
f 7205 7310 459
f 7312 7310 7205
f 1835 7314 7300
f 7314 1838 7312
f 7300 7312 1812
f 7314 7312 7300
f 465 7302 7322
f 7302 1836 7325
f 7322 7325 1840
f 7302 7325 7322
f 1836 7301 7304
f 7301 119 7262
f 7304 7262 1827
f 7301 7262 7304
f 1840 7323 7321
f 7323 1827 7263
f 7321 7263 463
f 7323 7263 7321
f 1836 7304 7325
f 7304 1827 7323
f 7325 7323 1840
f 7304 7323 7325
f 459 7270 7202
f 7270 1829 7272
f 7202 7272 1811
f 7270 7272 7202
f 1829 7271 7273
f 7271 463 7259
f 7273 7259 1826
f 7271 7259 7273
f 1811 7261 7201
f 7261 1826 7258
f 7201 7258 88
f 7261 7258 7201
f 1829 7273 7272
f 7273 1826 7261
f 7272 7261 1811
f 7273 7261 7272
f 465 7322 7311
f 7322 1840 7326
f 7311 7326 1838
f 7322 7326 7311
f 1840 7321 7324
f 7321 463 7271
f 7324 7271 1829
f 7321 7271 7324
f 1838 7313 7310
f 7313 1829 7270
f 7310 7270 459
f 7313 7270 7310
f 1840 7324 7326
f 7324 1829 7313
f 7326 7313 1838
f 7324 7313 7326
f 10 5527 4373
f 5527 1397 5529
f 4373 5529 1102
f 5527 5529 4373
f 1397 5528 5535
f 5528 358 5533
f 5535 5533 1399
f 5528 5533 5535
f 1102 5534 4374
f 5534 1399 5532
f 4374 5532 281
f 5534 5532 4374
f 1397 5535 5529
f 5535 1399 5534
f 5529 5534 1102
f 5535 5534 5529
f 358 5531 5551
f 5531 1398 5553
f 5551 5553 1405
f 5531 5553 5551
f 1398 5530 5545
f 5530 95 5543
f 5545 5543 1403
f 5530 5543 5545
f 1405 5555 5552
f 5555 1403 5544
f 5552 5544 360
f 5555 5544 5552
f 1398 5545 5553
f 5545 1403 5555
f 5553 5555 1405
f 5545 5555 5553
f 281 5546 4377
f 5546 1404 5548
f 4377 5548 1103
f 5546 5548 4377
f 1404 5547 5550
f 5547 360 5541
f 5550 5541 1402
f 5547 5541 5550
f 1103 5542 4376
f 5542 1402 5540
f 4376 5540 74
f 5542 5540 4376
f 1404 5550 5548
f 5550 1402 5542
f 5548 5542 1103
f 5550 5542 5548
f 358 5551 5533
f 5551 1405 5554
f 5533 5554 1399
f 5551 5554 5533
f 1405 5552 5556
f 5552 360 5547
f 5556 5547 1404
f 5552 5547 5556
f 1399 5549 5532
f 5549 1404 5546
f 5532 5546 281
f 5549 5546 5532
f 1405 5556 5554
f 5556 1404 5549
f 5554 5549 1399
f 5556 5549 5554
f 95 5538 5619
f 5538 1401 5621
f 5619 5621 1422
f 5538 5621 5619
f 1401 5539 5629
f 5539 359 5627
f 5629 5627 1424
f 5539 5627 5629
f 1422 5631 5620
f 5631 1424 5628
f 5620 5628 365
f 5631 5628 5620
f 1401 5629 5621
f 5629 1424 5631
f 5621 5631 1422
f 5629 5631 5621
f 359 5537 5576
f 5537 1400 5578
f 5576 5578 1412
f 5537 5578 5576
f 1400 5536 5573
f 5536 27 5571
f 5573 5571 1410
f 5536 5571 5573
f 1412 5579 5577
f 5579 1410 5572
f 5577 5572 362
f 5579 5572 5577
f 1400 5573 5578
f 5573 1410 5579
f 5578 5579 1412
f 5573 5579 5578
f 365 5638 5624
f 5638 1426 5641
f 5624 5641 1423
f 5638 5641 5624
f 1426 5637 5639
f 5637 362 5575
f 5639 5575 1411
f 5637 5575 5639
f 1423 5625 5623
f 5625 1411 5574
f 5623 5574 96
f 5625 5574 5623
f 1426 5639 5641
f 5639 1411 5625
f 5641 5625 1423
f 5639 5625 5641
f 359 5576 5627
f 5576 1412 5630
f 5627 5630 1424
f 5576 5630 5627
f 1412 5577 5640
f 5577 362 5637
f 5640 5637 1426
f 5577 5637 5640
f 1424 5642 5628
f 5642 1426 5638
f 5628 5638 365
f 5642 5638 5628
f 1412 5640 5630
f 5640 1426 5642
f 5630 5642 1424
f 5640 5642 5630
f 74 5580 4385
f 5580 1413 5582
f 4385 5582 1106
f 5580 5582 4385
f 1413 5581 5591
f 5581 363 5588
f 5591 5588 1415
f 5581 5588 5591
f 1106 5589 4386
f 5589 1415 5587
f 4386 5587 282
f 5589 5587 4386
f 1413 5591 5582
f 5591 1415 5589
f 5582 5589 1106
f 5591 5589 5582
f 363 5585 5597
f 5585 1414 5600
f 5597 5600 1417
f 5585 5600 5597
f 1414 5584 5586
f 5584 96 5561
f 5586 5561 1407
f 5584 5561 5586
f 1417 5598 5596
f 5598 1407 5562
f 5596 5562 361
f 5598 5562 5596
f 1414 5586 5600
f 5586 1407 5598
f 5600 5598 1417
f 5586 5598 5600
f 282 5563 4383
f 5563 1408 5565
f 4383 5565 1105
f 5563 5565 4383
f 1408 5564 5566
f 5564 361 5558
f 5566 5558 1406
f 5564 5558 5566
f 1105 5559 4382
f 5559 1406 5557
f 4382 5557 18
f 5559 5557 4382
f 1408 5566 5565
f 5566 1406 5559
f 5565 5559 1105
f 5566 5559 5565
f 363 5597 5588
f 5597 1417 5601
f 5588 5601 1415
f 5597 5601 5588
f 1417 5596 5599
f 5596 361 5564
f 5599 5564 1408
f 5596 5564 5599
f 1415 5590 5587
f 5590 1408 5563
f 5587 5563 282
f 5590 5563 5587
f 1417 5599 5601
f 5599 1408 5590
f 5601 5590 1415
f 5599 5590 5601
f 95 5619 5543
f 5619 1422 5622
f 5543 5622 1403
f 5619 5622 5543
f 1422 5620 5636
f 5620 365 5633
f 5636 5633 1425
f 5620 5633 5636
f 1403 5634 5544
f 5634 1425 5632
f 5544 5632 360
f 5634 5632 5544
f 1422 5636 5622
f 5636 1425 5634
f 5622 5634 1403
f 5636 5634 5622
f 365 5624 5644
f 5624 1423 5647
f 5644 5647 1427
f 5624 5647 5644
f 1423 5623 5626
f 5623 96 5584
f 5626 5584 1414
f 5623 5584 5626
f 1427 5645 5643
f 5645 1414 5585
f 5643 5585 363
f 5645 5585 5643
f 1423 5626 5647
f 5626 1414 5645
f 5647 5645 1427
f 5626 5645 5647
f 360 5592 5541
f 5592 1416 5594
f 5541 5594 1402
f 5592 5594 5541
f 1416 5593 5595
f 5593 363 5581
f 5595 5581 1413
f 5593 5581 5595
f 1402 5583 5540
f 5583 1413 5580
f 5540 5580 74
f 5583 5580 5540
f 1416 5595 5594
f 5595 1413 5583
f 5594 5583 1402
f 5595 5583 5594
f 365 5644 5633
f 5644 1427 5648
f 5633 5648 1425
f 5644 5648 5633
f 1427 5643 5646
f 5643 363 5593
f 5646 5593 1416
f 5643 5593 5646
f 1425 5635 5632
f 5635 1416 5592
f 5632 5592 360
f 5635 5592 5632
f 1427 5646 5648
f 5646 1416 5635
f 5648 5635 1425
f 5646 5635 5648
f 10 7039 5527
f 7039 1769 7042
f 5527 7042 1397
f 7039 7042 5527
f 1769 7040 7052
f 7040 448 7050
f 7052 7050 1772
f 7040 7050 7052
f 1397 7051 5528
f 7051 1772 7049
f 5528 7049 358
f 7051 7049 5528
f 1769 7052 7042
f 7052 1772 7051
f 7042 7051 1397
f 7052 7051 7042
f 448 7044 7085
f 7044 1770 7087
f 7085 7087 1782
f 7044 7087 7085
f 1770 7043 7079
f 7043 116 7077
f 7079 7077 1780
f 7043 7077 7079
f 1782 7089 7086
f 7089 1780 7078
f 7086 7078 451
f 7089 7078 7086
f 1770 7079 7087
f 7079 1780 7089
f 7087 7089 1782
f 7079 7089 7087
f 358 7080 5531
f 7080 1781 7082
f 5531 7082 1398
f 7080 7082 5531
f 1781 7081 7084
f 7081 451 7075
f 7084 7075 1779
f 7081 7075 7084
f 1398 7076 5530
f 7076 1779 7074
f 5530 7074 95
f 7076 7074 5530
f 1781 7084 7082
f 7084 1779 7076
f 7082 7076 1398
f 7084 7076 7082
f 448 7085 7050
f 7085 1782 7088
f 7050 7088 1772
f 7085 7088 7050
f 1782 7086 7090
f 7086 451 7081
f 7090 7081 1781
f 7086 7081 7090
f 1772 7083 7049
f 7083 1781 7080
f 7049 7080 358
f 7083 7080 7049
f 1782 7090 7088
f 7090 1781 7083
f 7088 7083 1772
f 7090 7083 7088
f 116 7055 7399
f 7055 1774 7401
f 7399 7401 1859
f 7055 7401 7399
f 1774 7056 7409
f 7056 449 7407
f 7409 7407 1861
f 7056 7407 7409
f 1859 7411 7400
f 7411 1861 7408
f 7400 7408 470
f 7411 7408 7400
f 1774 7409 7401
f 7409 1861 7411
f 7401 7411 1859
f 7409 7411 7401
f 449 7054 7347
f 7054 1773 7349
f 7347 7349 1847
f 7054 7349 7347
f 1773 7053 7343
f 7053 32 7341
f 7343 7341 1845
f 7053 7341 7343
f 1847 7350 7348
f 7350 1845 7342
f 7348 7342 467
f 7350 7342 7348
f 1773 7343 7349
f 7343 1845 7350
f 7349 7350 1847
f 7343 7350 7349
f 470 7418 7404
f 7418 1863 7421
f 7404 7421 1860
f 7418 7421 7404
f 1863 7417 7419
f 7417 467 7346
f 7419 7346 1846
f 7417 7346 7419
f 1860 7405 7403
f 7405 1846 7345
f 7403 7345 120
f 7405 7345 7403
f 1863 7419 7421
f 7419 1846 7405
f 7421 7405 1860
f 7419 7405 7421
f 449 7347 7407
f 7347 1847 7410
f 7407 7410 1861
f 7347 7410 7407
f 1847 7348 7420
f 7348 467 7417
f 7420 7417 1863
f 7348 7417 7420
f 1861 7422 7408
f 7422 1863 7418
f 7408 7418 470
f 7422 7418 7408
f 1847 7420 7410
f 7420 1863 7422
f 7410 7422 1861
f 7420 7422 7410
f 95 7355 5538
f 7355 1849 7357
f 5538 7357 1401
f 7355 7357 5538
f 1849 7356 7366
f 7356 468 7363
f 7366 7363 1851
f 7356 7363 7366
f 1401 7364 5539
f 7364 1851 7362
f 5539 7362 359
f 7364 7362 5539
f 1849 7366 7357
f 7366 1851 7364
f 7357 7364 1401
f 7366 7364 7357
f 468 7360 7372
f 7360 1850 7375
f 7372 7375 1853
f 7360 7375 7372
f 1850 7359 7361
f 7359 120 7331
f 7361 7331 1842
f 7359 7331 7361
f 1853 7373 7371
f 7373 1842 7332
f 7371 7332 466
f 7373 7332 7371
f 1850 7361 7375
f 7361 1842 7373
f 7375 7373 1853
f 7361 7373 7375
f 359 7333 5537
f 7333 1843 7335
f 5537 7335 1400
f 7333 7335 5537
f 1843 7334 7336
f 7334 466 7328
f 7336 7328 1841
f 7334 7328 7336
f 1400 7329 5536
f 7329 1841 7327
f 5536 7327 27
f 7329 7327 5536
f 1843 7336 7335
f 7336 1841 7329
f 7335 7329 1400
f 7336 7329 7335
f 468 7372 7363
f 7372 1853 7376
f 7363 7376 1851
f 7372 7376 7363
f 1853 7371 7374
f 7371 466 7334
f 7374 7334 1843
f 7371 7334 7374
f 1851 7365 7362
f 7365 1843 7333
f 7362 7333 359
f 7365 7333 7362
f 1853 7374 7376
f 7374 1843 7365
f 7376 7365 1851
f 7374 7365 7376
f 116 7399 7077
f 7399 1859 7402
f 7077 7402 1780
f 7399 7402 7077
f 1859 7400 7416
f 7400 470 7413
f 7416 7413 1862
f 7400 7413 7416
f 1780 7414 7078
f 7414 1862 7412
f 7078 7412 451
f 7414 7412 7078
f 1859 7416 7402
f 7416 1862 7414
f 7402 7414 1780
f 7416 7414 7402
f 470 7404 7424
f 7404 1860 7427
f 7424 7427 1864
f 7404 7427 7424
f 1860 7403 7406
f 7403 120 7359
f 7406 7359 1850
f 7403 7359 7406
f 1864 7425 7423
f 7425 1850 7360
f 7423 7360 468
f 7425 7360 7423
f 1860 7406 7427
f 7406 1850 7425
f 7427 7425 1864
f 7406 7425 7427
f 451 7367 7075
f 7367 1852 7369
f 7075 7369 1779
f 7367 7369 7075
f 1852 7368 7370
f 7368 468 7356
f 7370 7356 1849
f 7368 7356 7370
f 1779 7358 7074
f 7358 1849 7355
f 7074 7355 95
f 7358 7355 7074
f 1852 7370 7369
f 7370 1849 7358
f 7369 7358 1779
f 7370 7358 7369
f 470 7424 7413
f 7424 1864 7428
f 7413 7428 1862
f 7424 7428 7413
f 1864 7423 7426
f 7423 468 7368
f 7426 7368 1852
f 7423 7368 7426
f 1862 7415 7412
f 7415 1852 7367
f 7412 7367 451
f 7415 7367 7412
f 1864 7426 7428
f 7426 1852 7415
f 7428 7415 1862
f 7426 7415 7428
f 14 5771 7091
f 5771 1459 7094
f 7091 7094 1783
f 5771 7094 7091
f 1459 5772 7103
f 5772 374 7101
f 7103 7101 1786
f 5772 7101 7103
f 1783 7104 7092
f 7104 1786 7102
f 7092 7102 452
f 7104 7102 7092
f 1459 7103 7094
f 7103 1786 7104
f 7094 7104 1783
f 7103 7104 7094
f 374 5775 7142
f 5775 1460 7144
f 7142 7144 1797
f 5775 7144 7142
f 1460 5774 7138
f 5774 99 7136
f 7138 7136 1795
f 5774 7136 7138
f 1797 7146 7143
f 7146 1795 7137
f 7143 7137 455
f 7146 7137 7143
f 1460 7138 7144
f 7138 1795 7146
f 7144 7146 1797
f 7138 7146 7144
f 452 7147 7096
f 7147 1798 7149
f 7096 7149 1784
f 7147 7149 7096
f 1798 7148 7151
f 7148 455 7140
f 7151 7140 1796
f 7148 7140 7151
f 1784 7141 7095
f 7141 1796 7139
f 7095 7139 117
f 7141 7139 7095
f 1798 7151 7149
f 7151 1796 7141
f 7149 7141 1784
f 7151 7141 7149
f 374 7142 7101
f 7142 1797 7145
f 7101 7145 1786
f 7142 7145 7101
f 1797 7143 7152
f 7143 455 7148
f 7152 7148 1798
f 7143 7148 7152
f 1786 7150 7102
f 7150 1798 7147
f 7102 7147 452
f 7150 7147 7102
f 1797 7152 7145
f 7152 1798 7150
f 7145 7150 1786
f 7152 7150 7145
f 99 5782 7482
f 5782 1463 7484
f 7482 7484 1878
f 5782 7484 7482
f 1463 5783 7491
f 5783 375 7489
f 7491 7489 1880
f 5783 7489 7491
f 1878 7493 7483
f 7493 1880 7490
f 7483 7490 474
f 7493 7490 7483
f 1463 7491 7484
f 7491 1880 7493
f 7484 7493 1878
f 7491 7493 7484
f 375 5781 7465
f 5781 1462 7467
f 7465 7467 1873
f 5781 7467 7465
f 1462 5780 7461
f 5780 28 7459
f 7461 7459 1871
f 5780 7459 7461
f 1873 7468 7466
f 7468 1871 7460
f 7466 7460 472
f 7468 7460 7466
f 1462 7461 7467
f 7461 1871 7468
f 7467 7468 1873
f 7461 7468 7467
f 474 7499 7487
f 7499 1882 7502
f 7487 7502 1879
f 7499 7502 7487
f 1882 7498 7500
f 7498 472 7464
f 7500 7464 1872
f 7498 7464 7500
f 1879 7488 7486
f 7488 1872 7463
f 7486 7463 121
f 7488 7463 7486
f 1882 7500 7502
f 7500 1872 7488
f 7502 7488 1879
f 7500 7488 7502
f 375 7465 7489
f 7465 1873 7492
f 7489 7492 1880
f 7465 7492 7489
f 1873 7466 7501
f 7466 472 7498
f 7501 7498 1882
f 7466 7498 7501
f 1880 7503 7490
f 7503 1882 7499
f 7490 7499 474
f 7503 7499 7490
f 1873 7501 7492
f 7501 1882 7503
f 7492 7503 1880
f 7501 7503 7492
f 117 7521 7108
f 7521 1887 7523
f 7108 7523 1788
f 7521 7523 7108
f 1887 7522 7533
f 7522 476 7530
f 7533 7530 1889
f 7522 7530 7533
f 1788 7531 7109
f 7531 1889 7529
f 7109 7529 453
f 7531 7529 7109
f 1887 7533 7523
f 7533 1889 7531
f 7523 7531 1788
f 7533 7531 7523
f 476 7526 7540
f 7526 1888 7543
f 7540 7543 1891
f 7526 7543 7540
f 1888 7525 7527
f 7525 121 7476
f 7527 7476 1876
f 7525 7476 7527
f 1891 7541 7539
f 7541 1876 7477
f 7539 7477 473
f 7541 7477 7539
f 1888 7527 7543
f 7527 1876 7541
f 7543 7541 1891
f 7527 7541 7543
f 453 7478 7106
f 7478 1877 7480
f 7106 7480 1787
f 7478 7480 7106
f 1877 7479 7481
f 7479 473 7474
f 7481 7474 1875
f 7479 7474 7481
f 1787 7475 7105
f 7475 1875 7473
f 7105 7473 32
f 7475 7473 7105
f 1877 7481 7480
f 7481 1875 7475
f 7480 7475 1787
f 7481 7475 7480
f 476 7540 7530
f 7540 1891 7544
f 7530 7544 1889
f 7540 7544 7530
f 1891 7539 7542
f 7539 473 7479
f 7542 7479 1877
f 7539 7479 7542
f 1889 7532 7529
f 7532 1877 7478
f 7529 7478 453
f 7532 7478 7529
f 1891 7542 7544
f 7542 1877 7532
f 7544 7532 1889
f 7542 7532 7544
f 99 7482 7136
f 7482 1878 7485
f 7136 7485 1795
f 7482 7485 7136
f 1878 7483 7497
f 7483 474 7495
f 7497 7495 1881
f 7483 7495 7497
f 1795 7496 7137
f 7496 1881 7494
f 7137 7494 455
f 7496 7494 7137
f 1878 7497 7485
f 7497 1881 7496
f 7485 7496 1795
f 7497 7496 7485
f 474 7487 7545
f 7487 1879 7547
f 7545 7547 1892
f 7487 7547 7545
f 1879 7486 7528
f 7486 121 7525
f 7528 7525 1888
f 7486 7525 7528
f 1892 7549 7546
f 7549 1888 7526
f 7546 7526 476
f 7549 7526 7546
f 1879 7528 7547
f 7528 1888 7549
f 7547 7549 1892
f 7528 7549 7547
f 455 7534 7140
f 7534 1890 7536
f 7140 7536 1796
f 7534 7536 7140
f 1890 7535 7538
f 7535 476 7522
f 7538 7522 1887
f 7535 7522 7538
f 1796 7524 7139
f 7524 1887 7521
f 7139 7521 117
f 7524 7521 7139
f 1890 7538 7536
f 7538 1887 7524
f 7536 7524 1796
f 7538 7524 7536
f 474 7545 7495
f 7545 1892 7548
f 7495 7548 1881
f 7545 7548 7495
f 1892 7546 7550
f 7546 476 7535
f 7550 7535 1890
f 7546 7535 7550
f 1881 7537 7494
f 7537 1890 7534
f 7494 7534 455
f 7537 7534 7494
f 1892 7550 7548
f 7550 1890 7537
f 7548 7537 1881
f 7550 7537 7548
f 22 5649 7183
f 5649 1428 7186
f 7183 7186 1805
f 5649 7186 7183
f 1428 5650 7195
f 5650 366 7193
f 7195 7193 1808
f 5650 7193 7195
f 1805 7196 7184
f 7196 1808 7194
f 7184 7194 457
f 7196 7194 7184
f 1428 7195 7186
f 7195 1808 7196
f 7186 7196 1805
f 7195 7196 7186
f 366 5653 7224
f 5653 1429 7226
f 7224 7226 1817
f 5653 7226 7224
f 1429 5652 7220
f 5652 97 7218
f 7220 7218 1815
f 5652 7218 7220
f 1817 7228 7225
f 7228 1815 7219
f 7225 7219 460
f 7228 7219 7225
f 1429 7220 7226
f 7220 1815 7228
f 7226 7228 1817
f 7220 7228 7226
f 457 7229 7188
f 7229 1818 7231
f 7188 7231 1806
f 7229 7231 7188
f 1818 7230 7233
f 7230 460 7222
f 7233 7222 1816
f 7230 7222 7233
f 1806 7223 7187
f 7223 1816 7221
f 7187 7221 118
f 7223 7221 7187
f 1818 7233 7231
f 7233 1816 7223
f 7231 7223 1806
f 7233 7223 7231
f 366 7224 7193
f 7224 1817 7227
f 7193 7227 1808
f 7224 7227 7193
f 1817 7225 7234
f 7225 460 7230
f 7234 7230 1818
f 7225 7230 7234
f 1808 7232 7194
f 7232 1818 7229
f 7194 7229 457
f 7232 7229 7194
f 1817 7234 7227
f 7234 1818 7232
f 7227 7232 1808
f 7234 7232 7227
f 97 5661 7377
f 5661 1432 7379
f 7377 7379 1854
f 5661 7379 7377
f 1432 5662 7386
f 5662 367 7384
f 7386 7384 1856
f 5662 7384 7386
f 1854 7388 7378
f 7388 1856 7385
f 7378 7385 469
f 7388 7385 7378
f 1432 7386 7379
f 7386 1856 7388
f 7379 7388 1854
f 7386 7388 7379
f 367 5659 7337
f 5659 1431 7339
f 7337 7339 1844
f 5659 7339 7337
f 1431 5658 7330
f 5658 27 7327
f 7330 7327 1841
f 5658 7327 7330
f 1844 7340 7338
f 7340 1841 7328
f 7338 7328 466
f 7340 7328 7338
f 1431 7330 7339
f 7330 1841 7340
f 7339 7340 1844
f 7330 7340 7339
f 469 7394 7382
f 7394 1858 7397
f 7382 7397 1855
f 7394 7397 7382
f 1858 7393 7395
f 7393 466 7332
f 7395 7332 1842
f 7393 7332 7395
f 1855 7383 7381
f 7383 1842 7331
f 7381 7331 120
f 7383 7331 7381
f 1858 7395 7397
f 7395 1842 7383
f 7397 7383 1855
f 7395 7383 7397
f 367 7337 7384
f 7337 1844 7387
f 7384 7387 1856
f 7337 7387 7384
f 1844 7338 7396
f 7338 466 7393
f 7396 7393 1858
f 7338 7393 7396
f 1856 7398 7385
f 7398 1858 7394
f 7385 7394 469
f 7398 7394 7385
f 1844 7396 7387
f 7396 1858 7398
f 7387 7398 1856
f 7396 7398 7387
f 118 7429 7199
f 7429 1865 7431
f 7199 7431 1810
f 7429 7431 7199
f 1865 7430 7441
f 7430 471 7438
f 7441 7438 1867
f 7430 7438 7441
f 1810 7439 7200
f 7439 1867 7437
f 7200 7437 458
f 7439 7437 7200
f 1865 7441 7431
f 7441 1867 7439
f 7431 7439 1810
f 7441 7439 7431
f 471 7434 7448
f 7434 1866 7451
f 7448 7451 1869
f 7434 7451 7448
f 1866 7433 7435
f 7433 120 7345
f 7435 7345 1846
f 7433 7345 7435
f 1869 7449 7447
f 7449 1846 7346
f 7447 7346 467
f 7449 7346 7447
f 1866 7435 7451
f 7435 1846 7449
f 7451 7449 1869
f 7435 7449 7451
f 458 7351 7198
f 7351 1848 7353
f 7198 7353 1809
f 7351 7353 7198
f 1848 7352 7354
f 7352 467 7342
f 7354 7342 1845
f 7352 7342 7354
f 1809 7344 7197
f 7344 1845 7341
f 7197 7341 32
f 7344 7341 7197
f 1848 7354 7353
f 7354 1845 7344
f 7353 7344 1809
f 7354 7344 7353
f 471 7448 7438
f 7448 1869 7452
f 7438 7452 1867
f 7448 7452 7438
f 1869 7447 7450
f 7447 467 7352
f 7450 7352 1848
f 7447 7352 7450
f 1867 7440 7437
f 7440 1848 7351
f 7437 7351 458
f 7440 7351 7437
f 1869 7450 7452
f 7450 1848 7440
f 7452 7440 1867
f 7450 7440 7452
f 97 7377 7218
f 7377 1854 7380
f 7218 7380 1815
f 7377 7380 7218
f 1854 7378 7392
f 7378 469 7390
f 7392 7390 1857
f 7378 7390 7392
f 1815 7391 7219
f 7391 1857 7389
f 7219 7389 460
f 7391 7389 7219
f 1854 7392 7380
f 7392 1857 7391
f 7380 7391 1815
f 7392 7391 7380
f 469 7382 7453
f 7382 1855 7455
f 7453 7455 1870
f 7382 7455 7453
f 1855 7381 7436
f 7381 120 7433
f 7436 7433 1866
f 7381 7433 7436
f 1870 7457 7454
f 7457 1866 7434
f 7454 7434 471
f 7457 7434 7454
f 1855 7436 7455
f 7436 1866 7457
f 7455 7457 1870
f 7436 7457 7455
f 460 7442 7222
f 7442 1868 7444
f 7222 7444 1816
f 7442 7444 7222
f 1868 7443 7446
f 7443 471 7430
f 7446 7430 1865
f 7443 7430 7446
f 1816 7432 7221
f 7432 1865 7429
f 7221 7429 118
f 7432 7429 7221
f 1868 7446 7444
f 7446 1865 7432
f 7444 7432 1816
f 7446 7432 7444
f 469 7453 7390
f 7453 1870 7456
f 7390 7456 1857
f 7453 7456 7390
f 1870 7454 7458
f 7454 471 7443
f 7458 7443 1868
f 7454 7443 7458
f 1857 7445 7389
f 7445 1868 7442
f 7389 7442 460
f 7445 7442 7389
f 1870 7458 7456
f 7458 1868 7445
f 7456 7445 1857
f 7458 7445 7456
f 32 7565 7249
f 7565 1897 7567
f 7249 7567 1823
f 7565 7567 7249
f 1897 7566 7574
f 7566 478 7572
f 7574 7572 1899
f 7566 7572 7574
f 1823 7573 7250
f 7573 1899 7571
f 7250 7571 462
f 7573 7571 7250
f 1897 7574 7567
f 7574 1899 7573
f 7567 7573 1823
f 7574 7573 7567
f 478 7570 7641
f 7570 1898 7643
f 7641 7643 1915
f 7570 7643 7641
f 1898 7569 7629
f 7569 122 7627
f 7629 7627 1912
f 7569 7627 7629
f 1915 7645 7642
f 7645 1912 7628
f 7642 7628 481
f 7645 7628 7642
f 1898 7629 7643
f 7629 1912 7645
f 7643 7645 1915
f 7629 7645 7643
f 462 7631 7253
f 7631 1913 7633
f 7253 7633 1824
f 7631 7633 7253
f 1913 7632 7635
f 7632 481 7624
f 7635 7624 1911
f 7632 7624 7635
f 1824 7625 7252
f 7625 1911 7623
f 7252 7623 119
f 7625 7623 7252
f 1913 7635 7633
f 7635 1911 7625
f 7633 7625 1824
f 7635 7625 7633
f 478 7641 7572
f 7641 1915 7644
f 7572 7644 1899
f 7641 7644 7572
f 1915 7642 7646
f 7642 481 7632
f 7646 7632 1913
f 7642 7632 7646
f 1899 7634 7571
f 7634 1913 7631
f 7571 7631 462
f 7634 7631 7571
f 1915 7646 7644
f 7646 1913 7634
f 7644 7634 1899
f 7646 7634 7644
f 122 7555 7583
f 7555 1894 7585
f 7583 7585 1902
f 7555 7585 7583
f 1894 7556 7597
f 7556 477 7595
f 7597 7595 1905
f 7556 7595 7597
f 1902 7599 7584
f 7599 1905 7596
f 7584 7596 479
f 7599 7596 7584
f 1894 7597 7585
f 7597 1905 7599
f 7585 7599 1902
f 7597 7599 7585
f 477 7552 7558
f 7552 1893 7560
f 7558 7560 1895
f 7552 7560 7558
f 1893 7551 7553
f 7551 31 6764
f 7553 6764 1702
f 7551 6764 7553
f 1895 7559 7557
f 7559 1702 6765
f 7557 6765 432
f 7559 6765 7557
f 1893 7553 7560
f 7553 1702 7559
f 7560 7559 1895
f 7553 7559 7560
f 479 7587 7580
f 7587 1903 7590
f 7580 7590 1901
f 7587 7590 7580
f 1903 7586 7588
f 7586 432 6767
f 7588 6767 1703
f 7586 6767 7588
f 1901 7581 7579
f 7581 1703 6766
f 7579 6766 112
f 7581 6766 7579
f 1903 7588 7590
f 7588 1703 7581
f 7590 7581 1901
f 7588 7581 7590
f 477 7558 7595
f 7558 1895 7598
f 7595 7598 1905
f 7558 7598 7595
f 1895 7557 7589
f 7557 432 7586
f 7589 7586 1903
f 7557 7586 7589
f 1905 7600 7596
f 7600 1903 7587
f 7596 7587 479
f 7600 7587 7596
f 1895 7589 7598
f 7589 1903 7600
f 7598 7600 1905
f 7589 7600 7598
f 119 7283 7239
f 7283 1832 7285
f 7239 7285 1820
f 7283 7285 7239
f 1832 7284 7295
f 7284 464 7292
f 7295 7292 1834
f 7284 7292 7295
f 1820 7293 7240
f 7293 1834 7291
f 7240 7291 461
f 7293 7291 7240
f 1832 7295 7285
f 7295 1834 7293
f 7285 7293 1820
f 7295 7293 7285
f 464 7281 7287
f 7281 1831 7290
f 7287 7290 1833
f 7281 7290 7287
f 1831 7280 7282
f 7280 112 6758
f 7282 6758 1700
f 7280 6758 7282
f 1833 7288 7286
f 7288 1700 6759
f 7286 6759 431
f 7288 6759 7286
f 1831 7282 7290
f 7282 1700 7288
f 7290 7288 1833
f 7282 7288 7290
f 461 7246 7236
f 7246 1822 7248
f 7236 7248 1819
f 7246 7248 7236
f 1822 7245 7247
f 7245 431 6756
f 7247 6756 1699
f 7245 6756 7247
f 1819 7238 7235
f 7238 1699 6755
f 7235 6755 24
f 7238 6755 7235
f 1822 7247 7248
f 7247 1699 7238
f 7248 7238 1819
f 7247 7238 7248
f 464 7287 7292
f 7287 1833 7296
f 7292 7296 1834
f 7287 7296 7292
f 1833 7286 7289
f 7286 431 7245
f 7289 7245 1822
f 7286 7245 7289
f 1834 7294 7291
f 7294 1822 7246
f 7291 7246 461
f 7294 7246 7291
f 1833 7289 7296
f 7289 1822 7294
f 7296 7294 1834
f 7289 7294 7296
f 122 7583 7627
f 7583 1902 7630
f 7627 7630 1912
f 7583 7630 7627
f 1902 7584 7649
f 7584 479 7647
f 7649 7647 1916
f 7584 7647 7649
f 1912 7651 7628
f 7651 1916 7648
f 7628 7648 481
f 7651 7648 7628
f 1902 7649 7630
f 7649 1916 7651
f 7630 7651 1912
f 7649 7651 7630
f 479 7580 7592
f 7580 1901 7594
f 7592 7594 1904
f 7580 7594 7592
f 1901 7579 7582
f 7579 112 7280
f 7582 7280 1831
f 7579 7280 7582
f 1904 7593 7591
f 7593 1831 7281
f 7591 7281 464
f 7593 7281 7591
f 1901 7582 7594
f 7582 1831 7593
f 7594 7593 1904
f 7582 7593 7594
f 481 7637 7624
f 7637 1914 7640
f 7624 7640 1911
f 7637 7640 7624
f 1914 7636 7638
f 7636 464 7284
f 7638 7284 1832
f 7636 7284 7638
f 1911 7626 7623
f 7626 1832 7283
f 7623 7283 119
f 7626 7283 7623
f 1914 7638 7640
f 7638 1832 7626
f 7640 7626 1911
f 7638 7626 7640
f 479 7592 7647
f 7592 1904 7650
f 7647 7650 1916
f 7592 7650 7647
f 1904 7591 7639
f 7591 464 7636
f 7639 7636 1914
f 7591 7636 7639
f 1916 7652 7648
f 7652 1914 7637
f 7648 7637 481
f 7652 7637 7648
f 1904 7639 7650
f 7639 1914 7652
f 7650 7652 1916
f 7639 7652 7650
f 32 7473 7565
f 7473 1875 7568
f 7565 7568 1897
f 7473 7568 7565
f 1875 7474 7577
f 7474 473 7575
f 7577 7575 1900
f 7474 7575 7577
f 1897 7578 7566
f 7578 1900 7576
f 7566 7576 478
f 7578 7576 7566
f 1875 7577 7568
f 7577 1900 7578
f 7568 7578 1897
f 7577 7578 7568
f 473 7477 7661
f 7477 1876 7663
f 7661 7663 1919
f 7477 7663 7661
f 1876 7476 7655
f 7476 121 7653
f 7655 7653 1917
f 7476 7653 7655
f 1919 7665 7662
f 7665 1917 7654
f 7662 7654 482
f 7665 7654 7662
f 1876 7655 7663
f 7655 1917 7665
f 7663 7665 1919
f 7655 7665 7663
f 478 7671 7570
f 7671 1921 7673
f 7570 7673 1898
f 7671 7673 7570
f 1921 7672 7675
f 7672 482 7658
f 7675 7658 1918
f 7672 7658 7675
f 1898 7659 7569
f 7659 1918 7657
f 7569 7657 122
f 7659 7657 7569
f 1921 7675 7673
f 7675 1918 7659
f 7673 7659 1898
f 7675 7659 7673
f 473 7661 7575
f 7661 1919 7664
f 7575 7664 1900
f 7661 7664 7575
f 1919 7662 7676
f 7662 482 7672
f 7676 7672 1921
f 7662 7672 7676
f 1900 7674 7576
f 7674 1921 7671
f 7576 7671 478
f 7674 7671 7576
f 1919 7676 7664
f 7676 1921 7674
f 7664 7674 1900
f 7676 7674 7664
f 121 7463 7507
f 7463 1872 7509
f 7507 7509 1884
f 7463 7509 7507
f 1872 7464 7517
f 7464 472 7515
f 7517 7515 1886
f 7464 7515 7517
f 1884 7519 7508
f 7519 1886 7516
f 7508 7516 475
f 7519 7516 7508
f 1872 7517 7509
f 7517 1886 7519
f 7509 7519 1884
f 7517 7519 7509
f 472 7460 7470
f 7460 1871 7472
f 7470 7472 1874
f 7460 7472 7470
f 1871 7459 7462
f 7459 28 6785
f 7462 6785 1708
f 7459 6785 7462
f 1874 7471 7469
f 7471 1708 6786
f 7469 6786 434
f 7471 6786 7469
f 1871 7462 7472
f 7462 1708 7471
f 7472 7471 1874
f 7462 7471 7472
f 475 7511 7505
f 7511 1885 7514
f 7505 7514 1883
f 7511 7514 7505
f 1885 7510 7512
f 7510 434 6789
f 7512 6789 1709
f 7510 6789 7512
f 1883 7506 7504
f 7506 1709 6788
f 7504 6788 113
f 7506 6788 7504
f 1885 7512 7514
f 7512 1709 7506
f 7514 7506 1883
f 7512 7506 7514
f 472 7470 7515
f 7470 1874 7518
f 7515 7518 1886
f 7470 7518 7515
f 1874 7469 7513
f 7469 434 7510
f 7513 7510 1885
f 7469 7510 7513
f 1886 7520 7516
f 7520 1885 7511
f 7516 7511 475
f 7520 7511 7516
f 1874 7513 7518
f 7513 1885 7520
f 7518 7520 1886
f 7513 7520 7518
f 122 7605 7555
f 7605 1907 7607
f 7555 7607 1894
f 7605 7607 7555
f 1907 7606 7621
f 7606 480 7618
f 7621 7618 1910
f 7606 7618 7621
f 1894 7619 7556
f 7619 1910 7617
f 7556 7617 477
f 7619 7617 7556
f 1907 7621 7607
f 7621 1910 7619
f 7607 7619 1894
f 7621 7619 7607
f 480 7602 7609
f 7602 1906 7612
f 7609 7612 1908
f 7602 7612 7609
f 1906 7601 7603
f 7601 113 6796
f 7603 6796 1712
f 7601 6796 7603
f 1908 7610 7608
f 7610 1712 6797
f 7608 6797 435
f 7610 6797 7608
f 1906 7603 7612
f 7603 1712 7610
f 7612 7610 1908
f 7603 7610 7612
f 477 7562 7552
f 7562 1896 7564
f 7552 7564 1893
f 7562 7564 7552
f 1896 7561 7563
f 7561 435 6795
f 7563 6795 1711
f 7561 6795 7563
f 1893 7554 7551
f 7554 1711 6794
f 7551 6794 31
f 7554 6794 7551
f 1896 7563 7564
f 7563 1711 7554
f 7564 7554 1893
f 7563 7554 7564
f 480 7609 7618
f 7609 1908 7622
f 7618 7622 1910
f 7609 7622 7618
f 1908 7608 7611
f 7608 435 7561
f 7611 7561 1896
f 7608 7561 7611
f 1910 7620 7617
f 7620 1896 7562
f 7617 7562 477
f 7620 7562 7617
f 1908 7611 7622
f 7611 1896 7620
f 7622 7620 1910
f 7611 7620 7622
f 121 7507 7653
f 7507 1884 7656
f 7653 7656 1917
f 7507 7656 7653
f 1884 7508 7668
f 7508 475 7666
f 7668 7666 1920
f 7508 7666 7668
f 1917 7670 7654
f 7670 1920 7667
f 7654 7667 482
f 7670 7667 7654
f 1884 7668 7656
f 7668 1920 7670
f 7656 7670 1917
f 7668 7670 7656
f 475 7505 7613
f 7505 1883 7615
f 7613 7615 1909
f 7505 7615 7613
f 1883 7504 7604
f 7504 113 7601
f 7604 7601 1906
f 7504 7601 7604
f 1909 7616 7614
f 7616 1906 7602
f 7614 7602 480
f 7616 7602 7614
f 1883 7604 7615
f 7604 1906 7616
f 7615 7616 1909
f 7604 7616 7615
f 482 7678 7658
f 7678 1922 7681
f 7658 7681 1918
f 7678 7681 7658
f 1922 7677 7679
f 7677 480 7606
f 7679 7606 1907
f 7677 7606 7679
f 1918 7660 7657
f 7660 1907 7605
f 7657 7605 122
f 7660 7605 7657
f 1922 7679 7681
f 7679 1907 7660
f 7681 7660 1918
f 7679 7660 7681
f 475 7613 7666
f 7613 1909 7669
f 7666 7669 1920
f 7613 7669 7666
f 1909 7614 7680
f 7614 480 7677
f 7680 7677 1922
f 7614 7677 7680
f 1920 7682 7667
f 7682 1922 7678
f 7667 7678 482
f 7682 7678 7667
f 1909 7680 7669
f 7680 1922 7682
f 7669 7682 1920
f 7680 7682 7669
f 2 1923 2439
f 1923 483 2441
f 2439 2441 621
f 1923 2441 2439
f 483 1924 2446
f 1924 123 2444
f 2446 2444 623
f 1924 2444 2446
f 621 2447 2440
f 2447 623 2445
f 2440 2445 162
f 2447 2445 2440
f 483 2446 2441
f 2446 623 2447
f 2441 2447 621
f 2446 2447 2441
f 123 1926 2458
f 1926 484 2460
f 2458 2460 628
f 1926 2460 2458
f 484 1925 2454
f 1925 33 2452
f 2454 2452 626
f 1925 2452 2454
f 628 2462 2459
f 2462 626 2453
f 2459 2453 164
f 2462 2453 2459
f 484 2454 2460
f 2454 626 2462
f 2460 2462 628
f 2454 2462 2460
f 162 2463 2443
f 2463 629 2465
f 2443 2465 622
f 2463 2465 2443
f 629 2464 2467
f 2464 164 2456
f 2467 2456 627
f 2464 2456 2467
f 622 2457 2442
f 2457 627 2455
f 2442 2455 45
f 2457 2455 2442
f 629 2467 2465
f 2467 627 2457
f 2465 2457 622
f 2467 2457 2465
f 123 2458 2444
f 2458 628 2461
f 2444 2461 623
f 2458 2461 2444
f 628 2459 2468
f 2459 164 2464
f 2468 2464 629
f 2459 2464 2468
f 623 2466 2445
f 2466 629 2463
f 2445 2463 162
f 2466 2463 2445
f 628 2468 2461
f 2468 629 2466
f 2461 2466 623
f 2468 2466 2461
f 33 1929 2487
f 1929 486 2489
f 2487 2489 636
f 1929 2489 2487
f 486 1930 2496
f 1930 124 2494
f 2496 2494 638
f 1930 2494 2496
f 636 2498 2488
f 2498 638 2495
f 2488 2495 167
f 2498 2495 2488
f 486 2496 2489
f 2496 638 2498
f 2489 2498 636
f 2496 2498 2489
f 124 1928 2474
f 1928 485 2476
f 2474 2476 632
f 1928 2476 2474
f 485 1927 2471
f 1927 3 2469
f 2471 2469 630
f 1927 2469 2471
f 632 2477 2475
f 2477 630 2470
f 2475 2470 165
f 2477 2470 2475
f 485 2471 2476
f 2471 630 2477
f 2476 2477 632
f 2471 2477 2476
f 167 2504 2492
f 2504 640 2507
f 2492 2507 637
f 2504 2507 2492
f 640 2503 2505
f 2503 165 2473
f 2505 2473 631
f 2503 2473 2505
f 637 2493 2491
f 2493 631 2472
f 2491 2472 46
f 2493 2472 2491
f 640 2505 2507
f 2505 631 2493
f 2507 2493 637
f 2505 2493 2507
f 124 2474 2494
f 2474 632 2497
f 2494 2497 638
f 2474 2497 2494
f 632 2475 2506
f 2475 165 2503
f 2506 2503 640
f 2475 2503 2506
f 638 2508 2495
f 2508 640 2504
f 2495 2504 167
f 2508 2504 2495
f 632 2506 2497
f 2506 640 2508
f 2497 2508 638
f 2506 2508 2497
f 45 2509 2450
f 2509 641 2511
f 2450 2511 625
f 2509 2511 2450
f 641 2510 2521
f 2510 168 2518
f 2521 2518 643
f 2510 2518 2521
f 625 2519 2451
f 2519 643 2517
f 2451 2517 163
f 2519 2517 2451
f 641 2521 2511
f 2521 643 2519
f 2511 2519 625
f 2521 2519 2511
f 168 2514 2528
f 2514 642 2531
f 2528 2531 645
f 2514 2531 2528
f 642 2513 2515
f 2513 46 2481
f 2515 2481 634
f 2513 2481 2515
f 645 2529 2527
f 2529 634 2482
f 2527 2482 166
f 2529 2482 2527
f 642 2515 2531
f 2515 634 2529
f 2531 2529 645
f 2515 2529 2531
f 163 2483 2449
f 2483 635 2485
f 2449 2485 624
f 2483 2485 2449
f 635 2484 2486
f 2484 166 2479
f 2486 2479 633
f 2484 2479 2486
f 624 2480 2448
f 2480 633 2478
f 2448 2478 9
f 2480 2478 2448
f 635 2486 2485
f 2486 633 2480
f 2485 2480 624
f 2486 2480 2485
f 168 2528 2518
f 2528 645 2532
f 2518 2532 643
f 2528 2532 2518
f 645 2527 2530
f 2527 166 2484
f 2530 2484 635
f 2527 2484 2530
f 643 2520 2517
f 2520 635 2483
f 2517 2483 163
f 2520 2483 2517
f 645 2530 2532
f 2530 635 2520
f 2532 2520 643
f 2530 2520 2532
f 33 2487 2452
f 2487 636 2490
f 2452 2490 626
f 2487 2490 2452
f 636 2488 2502
f 2488 167 2500
f 2502 2500 639
f 2488 2500 2502
f 626 2501 2453
f 2501 639 2499
f 2453 2499 164
f 2501 2499 2453
f 636 2502 2490
f 2502 639 2501
f 2490 2501 626
f 2502 2501 2490
f 167 2492 2533
f 2492 637 2535
f 2533 2535 646
f 2492 2535 2533
f 637 2491 2516
f 2491 46 2513
f 2516 2513 642
f 2491 2513 2516
f 646 2537 2534
f 2537 642 2514
f 2534 2514 168
f 2537 2514 2534
f 637 2516 2535
f 2516 642 2537
f 2535 2537 646
f 2516 2537 2535
f 164 2522 2456
f 2522 644 2524
f 2456 2524 627
f 2522 2524 2456
f 644 2523 2526
f 2523 168 2510
f 2526 2510 641
f 2523 2510 2526
f 627 2512 2455
f 2512 641 2509
f 2455 2509 45
f 2512 2509 2455
f 644 2526 2524
f 2526 641 2512
f 2524 2512 627
f 2526 2512 2524
f 167 2533 2500
f 2533 646 2536
f 2500 2536 639
f 2533 2536 2500
f 646 2534 2538
f 2534 168 2523
f 2538 2523 644
f 2534 2523 2538
f 639 2525 2499
f 2525 644 2522
f 2499 2522 164
f 2525 2522 2499
f 646 2538 2536
f 2538 644 2525
f 2536 2525 639
f 2538 2525 2536
f 2 1939 1923
f 1939 491 1941
f 1923 1941 483
f 1939 1941 1923
f 491 1940 1947
f 1940 127 1945
f 1947 1945 493
f 1940 1945 1947
f 483 1946 1924
f 1946 493 1944
f 1924 1944 123
f 1946 1944 1924
f 491 1947 1941
f 1947 493 1946
f 1941 1946 483
f 1947 1946 1941
f 127 1943 1963
f 1943 492 1965
f 1963 1965 499
f 1943 1965 1963
f 492 1942 1957
f 1942 35 1955
f 1957 1955 497
f 1942 1955 1957
f 499 1967 1964
f 1967 497 1956
f 1964 1956 129
f 1967 1956 1964
f 492 1957 1965
f 1957 497 1967
f 1965 1967 499
f 1957 1967 1965
f 123 1958 1926
f 1958 498 1960
f 1926 1960 484
f 1958 1960 1926
f 498 1959 1962
f 1959 129 1953
f 1962 1953 496
f 1959 1953 1962
f 484 1954 1925
f 1954 496 1952
f 1925 1952 33
f 1954 1952 1925
f 498 1962 1960
f 1962 496 1954
f 1960 1954 484
f 1962 1954 1960
f 127 1963 1945
f 1963 499 1966
f 1945 1966 493
f 1963 1966 1945
f 499 1964 1968
f 1964 129 1959
f 1968 1959 498
f 1964 1959 1968
f 493 1961 1944
f 1961 498 1958
f 1944 1958 123
f 1961 1958 1944
f 499 1968 1966
f 1968 498 1961
f 1966 1961 493
f 1968 1961 1966
f 35 1950 2009
f 1950 495 2011
f 2009 2011 511
f 1950 2011 2009
f 495 1951 2019
f 1951 128 2017
f 2019 2017 513
f 1951 2017 2019
f 511 2021 2010
f 2021 513 2018
f 2010 2018 133
f 2021 2018 2010
f 495 2019 2011
f 2019 513 2021
f 2011 2021 511
f 2019 2021 2011
f 128 1949 1983
f 1949 494 1985
f 1983 1985 505
f 1949 1985 1983
f 494 1948 1980
f 1948 5 1978
f 1980 1978 503
f 1948 1978 1980
f 505 1986 1984
f 1986 503 1979
f 1984 1979 131
f 1986 1979 1984
f 494 1980 1985
f 1980 503 1986
f 1985 1986 505
f 1980 1986 1985
f 133 2028 2014
f 2028 515 2031
f 2014 2031 512
f 2028 2031 2014
f 515 2027 2029
f 2027 131 1982
f 2029 1982 504
f 2027 1982 2029
f 512 2015 2013
f 2015 504 1981
f 2013 1981 36
f 2015 1981 2013
f 515 2029 2031
f 2029 504 2015
f 2031 2015 512
f 2029 2015 2031
f 128 1983 2017
f 1983 505 2020
f 2017 2020 513
f 1983 2020 2017
f 505 1984 2030
f 1984 131 2027
f 2030 2027 515
f 1984 2027 2030
f 513 2032 2018
f 2032 515 2028
f 2018 2028 133
f 2032 2028 2018
f 505 2030 2020
f 2030 515 2032
f 2020 2032 513
f 2030 2032 2020
f 33 1987 1929
f 1987 506 1989
f 1929 1989 486
f 1987 1989 1929
f 506 1988 1998
f 1988 132 1995
f 1998 1995 508
f 1988 1995 1998
f 486 1996 1930
f 1996 508 1994
f 1930 1994 124
f 1996 1994 1930
f 506 1998 1989
f 1998 508 1996
f 1989 1996 486
f 1998 1996 1989
f 132 1992 2004
f 1992 507 2007
f 2004 2007 510
f 1992 2007 2004
f 507 1991 1993
f 1991 36 1972
f 1993 1972 501
f 1991 1972 1993
f 510 2005 2003
f 2005 501 1973
f 2003 1973 130
f 2005 1973 2003
f 507 1993 2007
f 1993 501 2005
f 2007 2005 510
f 1993 2005 2007
f 124 1974 1928
f 1974 502 1976
f 1928 1976 485
f 1974 1976 1928
f 502 1975 1977
f 1975 130 1970
f 1977 1970 500
f 1975 1970 1977
f 485 1971 1927
f 1971 500 1969
f 1927 1969 3
f 1971 1969 1927
f 502 1977 1976
f 1977 500 1971
f 1976 1971 485
f 1977 1971 1976
f 132 2004 1995
f 2004 510 2008
f 1995 2008 508
f 2004 2008 1995
f 510 2003 2006
f 2003 130 1975
f 2006 1975 502
f 2003 1975 2006
f 508 1997 1994
f 1997 502 1974
f 1994 1974 124
f 1997 1974 1994
f 510 2006 2008
f 2006 502 1997
f 2008 1997 508
f 2006 1997 2008
f 35 2009 1955
f 2009 511 2012
f 1955 2012 497
f 2009 2012 1955
f 511 2010 2026
f 2010 133 2023
f 2026 2023 514
f 2010 2023 2026
f 497 2024 1956
f 2024 514 2022
f 1956 2022 129
f 2024 2022 1956
f 511 2026 2012
f 2026 514 2024
f 2012 2024 497
f 2026 2024 2012
f 133 2014 2034
f 2014 512 2037
f 2034 2037 516
f 2014 2037 2034
f 512 2013 2016
f 2013 36 1991
f 2016 1991 507
f 2013 1991 2016
f 516 2035 2033
f 2035 507 1992
f 2033 1992 132
f 2035 1992 2033
f 512 2016 2037
f 2016 507 2035
f 2037 2035 516
f 2016 2035 2037
f 129 1999 1953
f 1999 509 2001
f 1953 2001 496
f 1999 2001 1953
f 509 2000 2002
f 2000 132 1988
f 2002 1988 506
f 2000 1988 2002
f 496 1990 1952
f 1990 506 1987
f 1952 1987 33
f 1990 1987 1952
f 509 2002 2001
f 2002 506 1990
f 2001 1990 496
f 2002 1990 2001
f 133 2034 2023
f 2034 516 2038
f 2023 2038 514
f 2034 2038 2023
f 516 2033 2036
f 2033 132 2000
f 2036 2000 509
f 2033 2000 2036
f 514 2025 2022
f 2025 509 1999
f 2022 1999 129
f 2025 1999 2022
f 516 2036 2038
f 2036 509 2025
f 2038 2025 514
f 2036 2025 2038
f 3 2055 2547
f 2055 525 2549
f 2547 2549 651
f 2055 2549 2547
f 525 2056 2555
f 2056 138 2553
f 2555 2553 653
f 2056 2553 2555
f 651 2556 2548
f 2556 653 2554
f 2548 2554 171
f 2556 2554 2548
f 525 2555 2549
f 2555 653 2556
f 2549 2556 651
f 2555 2556 2549
f 138 2059 2571
f 2059 526 2573
f 2571 2573 659
f 2059 2573 2571
f 526 2058 2567
f 2058 39 2565
f 2567 2565 657
f 2058 2565 2567
f 659 2575 2572
f 2575 657 2566
f 2572 2566 173
f 2575 2566 2572
f 526 2567 2573
f 2567 657 2575
f 2573 2575 659
f 2567 2575 2573
f 171 2576 2552
f 2576 660 2578
f 2552 2578 652
f 2576 2578 2552
f 660 2577 2580
f 2577 173 2569
f 2580 2569 658
f 2577 2569 2580
f 652 2570 2551
f 2570 658 2568
f 2551 2568 48
f 2570 2568 2551
f 660 2580 2578
f 2580 658 2570
f 2578 2570 652
f 2580 2570 2578
f 138 2571 2553
f 2571 659 2574
f 2553 2574 653
f 2571 2574 2553
f 659 2572 2581
f 2572 173 2577
f 2581 2577 660
f 2572 2577 2581
f 653 2579 2554
f 2579 660 2576
f 2554 2576 171
f 2579 2576 2554
f 659 2581 2574
f 2581 660 2579
f 2574 2579 653
f 2581 2579 2574
f 39 2066 2617
f 2066 529 2619
f 2617 2619 671
f 2066 2619 2617
f 529 2067 2626
f 2067 139 2624
f 2626 2624 673
f 2067 2624 2626
f 671 2628 2618
f 2628 673 2625
f 2618 2625 177
f 2628 2625 2618
f 529 2626 2619
f 2626 673 2628
f 2619 2628 671
f 2626 2628 2619
f 139 2065 2604
f 2065 528 2606
f 2604 2606 667
f 2065 2606 2604
f 528 2064 2601
f 2064 7 2599
f 2601 2599 665
f 2064 2599 2601
f 667 2607 2605
f 2607 665 2600
f 2605 2600 175
f 2607 2600 2605
f 528 2601 2606
f 2601 665 2607
f 2606 2607 667
f 2601 2607 2606
f 177 2634 2622
f 2634 675 2637
f 2622 2637 672
f 2634 2637 2622
f 675 2633 2635
f 2633 175 2603
f 2635 2603 666
f 2633 2603 2635
f 672 2623 2621
f 2623 666 2602
f 2621 2602 49
f 2623 2602 2621
f 675 2635 2637
f 2635 666 2623
f 2637 2623 672
f 2635 2623 2637
f 139 2604 2624
f 2604 667 2627
f 2624 2627 673
f 2604 2627 2624
f 667 2605 2636
f 2605 175 2633
f 2636 2633 675
f 2605 2633 2636
f 673 2638 2625
f 2638 675 2634
f 2625 2634 177
f 2638 2634 2625
f 667 2636 2627
f 2636 675 2638
f 2627 2638 673
f 2636 2638 2627
f 48 2639 2563
f 2639 676 2641
f 2563 2641 656
f 2639 2641 2563
f 676 2640 2651
f 2640 178 2648
f 2651 2648 678
f 2640 2648 2651
f 656 2649 2564
f 2649 678 2647
f 2564 2647 172
f 2649 2647 2564
f 676 2651 2641
f 2651 678 2649
f 2641 2649 656
f 2651 2649 2641
f 178 2644 2658
f 2644 677 2661
f 2658 2661 680
f 2644 2661 2658
f 677 2643 2645
f 2643 49 2611
f 2645 2611 669
f 2643 2611 2645
f 680 2659 2657
f 2659 669 2612
f 2657 2612 176
f 2659 2612 2657
f 677 2645 2661
f 2645 669 2659
f 2661 2659 680
f 2645 2659 2661
f 172 2613 2562
f 2613 670 2615
f 2562 2615 655
f 2613 2615 2562
f 670 2614 2616
f 2614 176 2609
f 2616 2609 668
f 2614 2609 2616
f 655 2610 2561
f 2610 668 2608
f 2561 2608 11
f 2610 2608 2561
f 670 2616 2615
f 2616 668 2610
f 2615 2610 655
f 2616 2610 2615
f 178 2658 2648
f 2658 680 2662
f 2648 2662 678
f 2658 2662 2648
f 680 2657 2660
f 2657 176 2614
f 2660 2614 670
f 2657 2614 2660
f 678 2650 2647
f 2650 670 2613
f 2647 2613 172
f 2650 2613 2647
f 680 2660 2662
f 2660 670 2650
f 2662 2650 678
f 2660 2650 2662
f 39 2617 2565
f 2617 671 2620
f 2565 2620 657
f 2617 2620 2565
f 671 2618 2632
f 2618 177 2630
f 2632 2630 674
f 2618 2630 2632
f 657 2631 2566
f 2631 674 2629
f 2566 2629 173
f 2631 2629 2566
f 671 2632 2620
f 2632 674 2631
f 2620 2631 657
f 2632 2631 2620
f 177 2622 2663
f 2622 672 2665
f 2663 2665 681
f 2622 2665 2663
f 672 2621 2646
f 2621 49 2643
f 2646 2643 677
f 2621 2643 2646
f 681 2667 2664
f 2667 677 2644
f 2664 2644 178
f 2667 2644 2664
f 672 2646 2665
f 2646 677 2667
f 2665 2667 681
f 2646 2667 2665
f 173 2652 2569
f 2652 679 2654
f 2569 2654 658
f 2652 2654 2569
f 679 2653 2656
f 2653 178 2640
f 2656 2640 676
f 2653 2640 2656
f 658 2642 2568
f 2642 676 2639
f 2568 2639 48
f 2642 2639 2568
f 679 2656 2654
f 2656 676 2642
f 2654 2642 658
f 2656 2642 2654
f 177 2663 2630
f 2663 681 2666
f 2630 2666 674
f 2663 2666 2630
f 681 2664 2668
f 2664 178 2653
f 2668 2653 679
f 2664 2653 2668
f 674 2655 2629
f 2655 679 2652
f 2629 2652 173
f 2655 2652 2629
f 681 2668 2666
f 2668 679 2655
f 2666 2655 674
f 2668 2655 2666
f 2 2739 1939
f 2739 699 2741
f 1939 2741 491
f 2739 2741 1939
f 699 2740 2748
f 2740 183 2746
f 2748 2746 701
f 2740 2746 2748
f 491 2747 1940
f 2747 701 2745
f 1940 2745 127
f 2747 2745 1940
f 699 2748 2741
f 2748 701 2747
f 2741 2747 491
f 2748 2747 2741
f 183 2744 2768
f 2744 700 2770
f 2768 2770 708
f 2744 2770 2768
f 700 2743 2762
f 2743 51 2760
f 2762 2760 706
f 2743 2760 2762
f 708 2772 2769
f 2772 706 2761
f 2769 2761 185
f 2772 2761 2769
f 700 2762 2770
f 2762 706 2772
f 2770 2772 708
f 2762 2772 2770
f 127 2763 1943
f 2763 707 2765
f 1943 2765 492
f 2763 2765 1943
f 707 2764 2767
f 2764 185 2758
f 2767 2758 705
f 2764 2758 2767
f 492 2759 1942
f 2759 705 2757
f 1942 2757 35
f 2759 2757 1942
f 707 2767 2765
f 2767 705 2759
f 2765 2759 492
f 2767 2759 2765
f 183 2768 2746
f 2768 708 2771
f 2746 2771 701
f 2768 2771 2746
f 708 2769 2773
f 2769 185 2764
f 2773 2764 707
f 2769 2764 2773
f 701 2766 2745
f 2766 707 2763
f 2745 2763 127
f 2766 2763 2745
f 708 2773 2771
f 2773 707 2766
f 2771 2766 701
f 2773 2766 2771
f 51 2755 2831
f 2755 704 2833
f 2831 2833 724
f 2755 2833 2831
f 704 2756 2841
f 2756 184 2839
f 2841 2839 726
f 2756 2839 2841
f 724 2843 2832
f 2843 726 2840
f 2832 2840 190
f 2843 2840 2832
f 704 2841 2833
f 2841 726 2843
f 2833 2843 724
f 2841 2843 2833
f 184 2754 2805
f 2754 703 2807
f 2805 2807 718
f 2754 2807 2805
f 703 2753 2802
f 2753 12 2800
f 2802 2800 716
f 2753 2800 2802
f 718 2808 2806
f 2808 716 2801
f 2806 2801 188
f 2808 2801 2806
f 703 2802 2807
f 2802 716 2808
f 2807 2808 718
f 2802 2808 2807
f 190 2850 2836
f 2850 728 2853
f 2836 2853 725
f 2850 2853 2836
f 728 2849 2851
f 2849 188 2804
f 2851 2804 717
f 2849 2804 2851
f 725 2837 2835
f 2837 717 2803
f 2835 2803 52
f 2837 2803 2835
f 728 2851 2853
f 2851 717 2837
f 2853 2837 725
f 2851 2837 2853
f 184 2805 2839
f 2805 718 2842
f 2839 2842 726
f 2805 2842 2839
f 718 2806 2852
f 2806 188 2849
f 2852 2849 728
f 2806 2849 2852
f 726 2854 2840
f 2854 728 2850
f 2840 2850 190
f 2854 2850 2840
f 718 2852 2842
f 2852 728 2854
f 2842 2854 726
f 2852 2854 2842
f 35 2809 1950
f 2809 719 2811
f 1950 2811 495
f 2809 2811 1950
f 719 2810 2820
f 2810 189 2817
f 2820 2817 721
f 2810 2817 2820
f 495 2818 1951
f 2818 721 2816
f 1951 2816 128
f 2818 2816 1951
f 719 2820 2811
f 2820 721 2818
f 2811 2818 495
f 2820 2818 2811
f 189 2814 2826
f 2814 720 2829
f 2826 2829 723
f 2814 2829 2826
f 720 2813 2815
f 2813 52 2794
f 2815 2794 714
f 2813 2794 2815
f 723 2827 2825
f 2827 714 2795
f 2825 2795 187
f 2827 2795 2825
f 720 2815 2829
f 2815 714 2827
f 2829 2827 723
f 2815 2827 2829
f 128 2796 1949
f 2796 715 2798
f 1949 2798 494
f 2796 2798 1949
f 715 2797 2799
f 2797 187 2792
f 2799 2792 713
f 2797 2792 2799
f 494 2793 1948
f 2793 713 2791
f 1948 2791 5
f 2793 2791 1948
f 715 2799 2798
f 2799 713 2793
f 2798 2793 494
f 2799 2793 2798
f 189 2826 2817
f 2826 723 2830
f 2817 2830 721
f 2826 2830 2817
f 723 2825 2828
f 2825 187 2797
f 2828 2797 715
f 2825 2797 2828
f 721 2819 2816
f 2819 715 2796
f 2816 2796 128
f 2819 2796 2816
f 723 2828 2830
f 2828 715 2819
f 2830 2819 721
f 2828 2819 2830
f 51 2831 2760
f 2831 724 2834
f 2760 2834 706
f 2831 2834 2760
f 724 2832 2848
f 2832 190 2845
f 2848 2845 727
f 2832 2845 2848
f 706 2846 2761
f 2846 727 2844
f 2761 2844 185
f 2846 2844 2761
f 724 2848 2834
f 2848 727 2846
f 2834 2846 706
f 2848 2846 2834
f 190 2836 2856
f 2836 725 2859
f 2856 2859 729
f 2836 2859 2856
f 725 2835 2838
f 2835 52 2813
f 2838 2813 720
f 2835 2813 2838
f 729 2857 2855
f 2857 720 2814
f 2855 2814 189
f 2857 2814 2855
f 725 2838 2859
f 2838 720 2857
f 2859 2857 729
f 2838 2857 2859
f 185 2821 2758
f 2821 722 2823
f 2758 2823 705
f 2821 2823 2758
f 722 2822 2824
f 2822 189 2810
f 2824 2810 719
f 2822 2810 2824
f 705 2812 2757
f 2812 719 2809
f 2757 2809 35
f 2812 2809 2757
f 722 2824 2823
f 2824 719 2812
f 2823 2812 705
f 2824 2812 2823
f 190 2856 2845
f 2856 729 2860
f 2845 2860 727
f 2856 2860 2845
f 729 2855 2858
f 2855 189 2822
f 2858 2822 722
f 2855 2822 2858
f 727 2847 2844
f 2847 722 2821
f 2844 2821 185
f 2847 2821 2844
f 729 2858 2860
f 2858 722 2847
f 2860 2847 727
f 2858 2847 2860
f 5 2085 1978
f 2085 534 2087
f 1978 2087 503
f 2085 2087 1978
f 534 2086 2094
f 2086 141 2092
f 2094 2092 536
f 2086 2092 2094
f 503 2093 1979
f 2093 536 2091
f 1979 2091 131
f 2093 2091 1979
f 534 2094 2087
f 2094 536 2093
f 2087 2093 503
f 2094 2093 2087
f 141 2090 2124
f 2090 535 2126
f 2124 2126 545
f 2090 2126 2124
f 535 2089 2114
f 2089 40 2112
f 2114 2112 542
f 2089 2112 2114
f 545 2128 2125
f 2128 542 2113
f 2125 2113 143
f 2128 2113 2125
f 535 2114 2126
f 2114 542 2128
f 2126 2128 545
f 2114 2128 2126
f 131 2115 1982
f 2115 543 2117
f 1982 2117 504
f 2115 2117 1982
f 543 2116 2119
f 2116 143 2109
f 2119 2109 541
f 2116 2109 2119
f 504 2110 1981
f 2110 541 2108
f 1981 2108 36
f 2110 2108 1981
f 543 2119 2117
f 2119 541 2110
f 2117 2110 504
f 2119 2110 2117
f 141 2124 2092
f 2124 545 2127
f 2092 2127 536
f 2124 2127 2092
f 545 2125 2129
f 2125 143 2116
f 2129 2116 543
f 2125 2116 2129
f 536 2118 2091
f 2118 543 2115
f 2091 2115 131
f 2118 2115 2091
f 545 2129 2127
f 2129 543 2118
f 2127 2118 536
f 2129 2118 2127
f 40 2102 2151
f 2102 539 2153
f 2151 2153 551
f 2102 2153 2151
f 539 2103 2167
f 2103 142 2165
f 2167 2165 554
f 2103 2165 2167
f 551 2169 2152
f 2169 554 2166
f 2152 2166 145
f 2169 2166 2152
f 539 2167 2153
f 2167 554 2169
f 2153 2169 551
f 2167 2169 2153
f 142 2100 2105
f 2100 538 2107
f 2105 2107 540
f 2100 2107 2105
f 538 2099 2101
f 2099 7 2064
f 2101 2064 528
f 2099 2064 2101
f 540 2106 2104
f 2106 528 2065
f 2104 2065 139
f 2106 2065 2104
f 538 2101 2107
f 2101 528 2106
f 2107 2106 540
f 2101 2106 2107
f 145 2156 2148
f 2156 552 2159
f 2148 2159 550
f 2156 2159 2148
f 552 2155 2157
f 2155 139 2067
f 2157 2067 529
f 2155 2067 2157
f 550 2149 2147
f 2149 529 2066
f 2147 2066 39
f 2149 2066 2147
f 552 2157 2159
f 2157 529 2149
f 2159 2149 550
f 2157 2149 2159
f 142 2105 2165
f 2105 540 2168
f 2165 2168 554
f 2105 2168 2165
f 540 2104 2158
f 2104 139 2155
f 2158 2155 552
f 2104 2155 2158
f 554 2170 2166
f 2170 552 2156
f 2166 2156 145
f 2170 2156 2166
f 540 2158 2168
f 2158 552 2170
f 2168 2170 554
f 2158 2170 2168
f 36 2068 1972
f 2068 530 2070
f 1972 2070 501
f 2068 2070 1972
f 530 2069 2078
f 2069 140 2075
f 2078 2075 532
f 2069 2075 2078
f 501 2076 1973
f 2076 532 2074
f 1973 2074 130
f 2076 2074 1973
f 530 2078 2070
f 2078 532 2076
f 2070 2076 501
f 2078 2076 2070
f 140 2072 2080
f 2072 531 2083
f 2080 2083 533
f 2072 2083 2080
f 531 2071 2073
f 2071 39 2058
f 2073 2058 526
f 2071 2058 2073
f 533 2081 2079
f 2081 526 2059
f 2079 2059 138
f 2081 2059 2079
f 531 2073 2083
f 2073 526 2081
f 2083 2081 533
f 2073 2081 2083
f 130 2060 1970
f 2060 527 2062
f 1970 2062 500
f 2060 2062 1970
f 527 2061 2063
f 2061 138 2056
f 2063 2056 525
f 2061 2056 2063
f 500 2057 1969
f 2057 525 2055
f 1969 2055 3
f 2057 2055 1969
f 527 2063 2062
f 2063 525 2057
f 2062 2057 500
f 2063 2057 2062
f 140 2080 2075
f 2080 533 2084
f 2075 2084 532
f 2080 2084 2075
f 533 2079 2082
f 2079 138 2061
f 2082 2061 527
f 2079 2061 2082
f 532 2077 2074
f 2077 527 2060
f 2074 2060 130
f 2077 2060 2074
f 533 2082 2084
f 2082 527 2077
f 2084 2077 532
f 2082 2077 2084
f 40 2151 2112
f 2151 551 2154
f 2112 2154 542
f 2151 2154 2112
f 551 2152 2175
f 2152 145 2172
f 2175 2172 555
f 2152 2172 2175
f 542 2173 2113
f 2173 555 2171
f 2113 2171 143
f 2173 2171 2113
f 551 2175 2154
f 2175 555 2173
f 2154 2173 542
f 2175 2173 2154
f 145 2148 2161
f 2148 550 2164
f 2161 2164 553
f 2148 2164 2161
f 550 2147 2150
f 2147 39 2071
f 2150 2071 531
f 2147 2071 2150
f 553 2162 2160
f 2162 531 2072
f 2160 2072 140
f 2162 2072 2160
f 550 2150 2164
f 2150 531 2162
f 2164 2162 553
f 2150 2162 2164
f 143 2121 2109
f 2121 544 2123
f 2109 2123 541
f 2121 2123 2109
f 544 2120 2122
f 2120 140 2069
f 2122 2069 530
f 2120 2069 2122
f 541 2111 2108
f 2111 530 2068
f 2108 2068 36
f 2111 2068 2108
f 544 2122 2123
f 2122 530 2111
f 2123 2111 541
f 2122 2111 2123
f 145 2161 2172
f 2161 553 2176
f 2172 2176 555
f 2161 2176 2172
f 553 2160 2163
f 2160 140 2120
f 2163 2120 544
f 2160 2120 2163
f 555 2174 2171
f 2174 544 2121
f 2171 2121 143
f 2174 2121 2171
f 553 2163 2176
f 2163 544 2174
f 2176 2174 555
f 2163 2174 2176
f 2 2439 2739
f 2439 621 2742
f 2739 2742 699
f 2439 2742 2739
f 621 2440 2751
f 2440 162 2749
f 2751 2749 702
f 2440 2749 2751
f 699 2752 2740
f 2752 702 2750
f 2740 2750 183
f 2752 2750 2740
f 621 2751 2742
f 2751 702 2752
f 2742 2752 699
f 2751 2752 2742
f 162 2443 2780
f 2443 622 2782
f 2780 2782 711
f 2443 2782 2780
f 622 2442 2776
f 2442 45 2774
f 2776 2774 709
f 2442 2774 2776
f 711 2784 2781
f 2784 709 2775
f 2781 2775 186
f 2784 2775 2781
f 622 2776 2782
f 2776 709 2784
f 2782 2784 711
f 2776 2784 2782
f 183 2785 2744
f 2785 712 2787
f 2744 2787 700
f 2785 2787 2744
f 712 2786 2789
f 2786 186 2778
f 2789 2778 710
f 2786 2778 2789
f 700 2779 2743
f 2779 710 2777
f 2743 2777 51
f 2779 2777 2743
f 712 2789 2787
f 2789 710 2779
f 2787 2779 700
f 2789 2779 2787
f 162 2780 2749
f 2780 711 2783
f 2749 2783 702
f 2780 2783 2749
f 711 2781 2790
f 2781 186 2786
f 2790 2786 712
f 2781 2786 2790
f 702 2788 2750
f 2788 712 2785
f 2750 2785 183
f 2788 2785 2750
f 711 2790 2783
f 2790 712 2788
f 2783 2788 702
f 2790 2788 2783
f 45 2450 2879
f 2450 625 2881
f 2879 2881 736
f 2450 2881 2879
f 625 2451 2888
f 2451 163 2886
f 2888 2886 738
f 2451 2886 2888
f 736 2890 2880
f 2890 738 2887
f 2880 2887 193
f 2890 2887 2880
f 625 2888 2881
f 2888 738 2890
f 2881 2890 736
f 2888 2890 2881
f 163 2449 2866
f 2449 624 2868
f 2866 2868 732
f 2449 2868 2866
f 624 2448 2863
f 2448 9 2861
f 2863 2861 730
f 2448 2861 2863
f 732 2869 2867
f 2869 730 2862
f 2867 2862 191
f 2869 2862 2867
f 624 2863 2868
f 2863 730 2869
f 2868 2869 732
f 2863 2869 2868
f 193 2896 2884
f 2896 740 2899
f 2884 2899 737
f 2896 2899 2884
f 740 2895 2897
f 2895 191 2865
f 2897 2865 731
f 2895 2865 2897
f 737 2885 2883
f 2885 731 2864
f 2883 2864 53
f 2885 2864 2883
f 740 2897 2899
f 2897 731 2885
f 2899 2885 737
f 2897 2885 2899
f 163 2866 2886
f 2866 732 2889
f 2886 2889 738
f 2866 2889 2886
f 732 2867 2898
f 2867 191 2895
f 2898 2895 740
f 2867 2895 2898
f 738 2900 2887
f 2900 740 2896
f 2887 2896 193
f 2900 2896 2887
f 732 2898 2889
f 2898 740 2900
f 2889 2900 738
f 2898 2900 2889
f 51 2901 2755
f 2901 741 2903
f 2755 2903 704
f 2901 2903 2755
f 741 2902 2913
f 2902 194 2910
f 2913 2910 743
f 2902 2910 2913
f 704 2911 2756
f 2911 743 2909
f 2756 2909 184
f 2911 2909 2756
f 741 2913 2903
f 2913 743 2911
f 2903 2911 704
f 2913 2911 2903
f 194 2906 2920
f 2906 742 2923
f 2920 2923 745
f 2906 2923 2920
f 742 2905 2907
f 2905 53 2873
f 2907 2873 734
f 2905 2873 2907
f 745 2921 2919
f 2921 734 2874
f 2919 2874 192
f 2921 2874 2919
f 742 2907 2923
f 2907 734 2921
f 2923 2921 745
f 2907 2921 2923
f 184 2875 2754
f 2875 735 2877
f 2754 2877 703
f 2875 2877 2754
f 735 2876 2878
f 2876 192 2871
f 2878 2871 733
f 2876 2871 2878
f 703 2872 2753
f 2872 733 2870
f 2753 2870 12
f 2872 2870 2753
f 735 2878 2877
f 2878 733 2872
f 2877 2872 703
f 2878 2872 2877
f 194 2920 2910
f 2920 745 2924
f 2910 2924 743
f 2920 2924 2910
f 745 2919 2922
f 2919 192 2876
f 2922 2876 735
f 2919 2876 2922
f 743 2912 2909
f 2912 735 2875
f 2909 2875 184
f 2912 2875 2909
f 745 2922 2924
f 2922 735 2912
f 2924 2912 743
f 2922 2912 2924
f 45 2879 2774
f 2879 736 2882
f 2774 2882 709
f 2879 2882 2774
f 736 2880 2894
f 2880 193 2892
f 2894 2892 739
f 2880 2892 2894
f 709 2893 2775
f 2893 739 2891
f 2775 2891 186
f 2893 2891 2775
f 736 2894 2882
f 2894 739 2893
f 2882 2893 709
f 2894 2893 2882
f 193 2884 2925
f 2884 737 2927
f 2925 2927 746
f 2884 2927 2925
f 737 2883 2908
f 2883 53 2905
f 2908 2905 742
f 2883 2905 2908
f 746 2929 2926
f 2929 742 2906
f 2926 2906 194
f 2929 2906 2926
f 737 2908 2927
f 2908 742 2929
f 2927 2929 746
f 2908 2929 2927
f 186 2914 2778
f 2914 744 2916
f 2778 2916 710
f 2914 2916 2778
f 744 2915 2918
f 2915 194 2902
f 2918 2902 741
f 2915 2902 2918
f 710 2904 2777
f 2904 741 2901
f 2777 2901 51
f 2904 2901 2777
f 744 2918 2916
f 2918 741 2904
f 2916 2904 710
f 2918 2904 2916
f 193 2925 2892
f 2925 746 2928
f 2892 2928 739
f 2925 2928 2892
f 746 2926 2930
f 2926 194 2915
f 2930 2915 744
f 2926 2915 2930
f 739 2917 2891
f 2917 744 2914
f 2891 2914 186
f 2917 2914 2891
f 746 2930 2928
f 2930 744 2917
f 2928 2917 739
f 2930 2917 2928
f 3 2547 2469
f 2547 651 2550
f 2469 2550 630
f 2547 2550 2469
f 651 2548 2560
f 2548 171 2558
f 2560 2558 654
f 2548 2558 2560
f 630 2559 2470
f 2559 654 2557
f 2470 2557 165
f 2559 2557 2470
f 651 2560 2550
f 2560 654 2559
f 2550 2559 630
f 2560 2559 2550
f 171 2552 2593
f 2552 652 2595
f 2593 2595 664
f 2552 2595 2593
f 652 2551 2587
f 2551 48 2585
f 2587 2585 662
f 2551 2585 2587
f 664 2597 2594
f 2597 662 2586
f 2594 2586 174
f 2597 2586 2594
f 652 2587 2595
f 2587 662 2597
f 2595 2597 664
f 2587 2597 2595
f 165 2588 2473
f 2588 663 2590
f 2473 2590 631
f 2588 2590 2473
f 663 2589 2592
f 2589 174 2583
f 2592 2583 661
f 2589 2583 2592
f 631 2584 2472
f 2584 661 2582
f 2472 2582 46
f 2584 2582 2472
f 663 2592 2590
f 2592 661 2584
f 2590 2584 631
f 2592 2584 2590
f 171 2593 2558
f 2593 664 2596
f 2558 2596 654
f 2593 2596 2558
f 664 2594 2598
f 2594 174 2589
f 2598 2589 663
f 2594 2589 2598
f 654 2591 2557
f 2591 663 2588
f 2557 2588 165
f 2591 2588 2557
f 664 2598 2596
f 2598 663 2591
f 2596 2591 654
f 2598 2591 2596
f 48 2563 2709
f 2563 656 2711
f 2709 2711 693
f 2563 2711 2709
f 656 2564 2719
f 2564 172 2717
f 2719 2717 695
f 2564 2717 2719
f 693 2721 2710
f 2721 695 2718
f 2710 2718 182
f 2721 2718 2710
f 656 2719 2711
f 2719 695 2721
f 2711 2721 693
f 2719 2721 2711
f 172 2562 2683
f 2562 655 2685
f 2683 2685 687
f 2562 2685 2683
f 655 2561 2680
f 2561 11 2678
f 2680 2678 685
f 2561 2678 2680
f 687 2686 2684
f 2686 685 2679
f 2684 2679 180
f 2686 2679 2684
f 655 2680 2685
f 2680 685 2686
f 2685 2686 687
f 2680 2686 2685
f 182 2728 2714
f 2728 697 2731
f 2714 2731 694
f 2728 2731 2714
f 697 2727 2729
f 2727 180 2682
f 2729 2682 686
f 2727 2682 2729
f 694 2715 2713
f 2715 686 2681
f 2713 2681 50
f 2715 2681 2713
f 697 2729 2731
f 2729 686 2715
f 2731 2715 694
f 2729 2715 2731
f 172 2683 2717
f 2683 687 2720
f 2717 2720 695
f 2683 2720 2717
f 687 2684 2730
f 2684 180 2727
f 2730 2727 697
f 2684 2727 2730
f 695 2732 2718
f 2732 697 2728
f 2718 2728 182
f 2732 2728 2718
f 687 2730 2720
f 2730 697 2732
f 2720 2732 695
f 2730 2732 2720
f 46 2687 2481
f 2687 688 2689
f 2481 2689 634
f 2687 2689 2481
f 688 2688 2698
f 2688 181 2695
f 2698 2695 690
f 2688 2695 2698
f 634 2696 2482
f 2696 690 2694
f 2482 2694 166
f 2696 2694 2482
f 688 2698 2689
f 2698 690 2696
f 2689 2696 634
f 2698 2696 2689
f 181 2692 2704
f 2692 689 2707
f 2704 2707 692
f 2692 2707 2704
f 689 2691 2693
f 2691 50 2672
f 2693 2672 683
f 2691 2672 2693
f 692 2705 2703
f 2705 683 2673
f 2703 2673 179
f 2705 2673 2703
f 689 2693 2707
f 2693 683 2705
f 2707 2705 692
f 2693 2705 2707
f 166 2674 2479
f 2674 684 2676
f 2479 2676 633
f 2674 2676 2479
f 684 2675 2677
f 2675 179 2670
f 2677 2670 682
f 2675 2670 2677
f 633 2671 2478
f 2671 682 2669
f 2478 2669 9
f 2671 2669 2478
f 684 2677 2676
f 2677 682 2671
f 2676 2671 633
f 2677 2671 2676
f 181 2704 2695
f 2704 692 2708
f 2695 2708 690
f 2704 2708 2695
f 692 2703 2706
f 2703 179 2675
f 2706 2675 684
f 2703 2675 2706
f 690 2697 2694
f 2697 684 2674
f 2694 2674 166
f 2697 2674 2694
f 692 2706 2708
f 2706 684 2697
f 2708 2697 690
f 2706 2697 2708
f 48 2709 2585
f 2709 693 2712
f 2585 2712 662
f 2709 2712 2585
f 693 2710 2726
f 2710 182 2723
f 2726 2723 696
f 2710 2723 2726
f 662 2724 2586
f 2724 696 2722
f 2586 2722 174
f 2724 2722 2586
f 693 2726 2712
f 2726 696 2724
f 2712 2724 662
f 2726 2724 2712
f 182 2714 2734
f 2714 694 2737
f 2734 2737 698
f 2714 2737 2734
f 694 2713 2716
f 2713 50 2691
f 2716 2691 689
f 2713 2691 2716
f 698 2735 2733
f 2735 689 2692
f 2733 2692 181
f 2735 2692 2733
f 694 2716 2737
f 2716 689 2735
f 2737 2735 698
f 2716 2735 2737
f 174 2699 2583
f 2699 691 2701
f 2583 2701 661
f 2699 2701 2583
f 691 2700 2702
f 2700 181 2688
f 2702 2688 688
f 2700 2688 2702
f 661 2690 2582
f 2690 688 2687
f 2582 2687 46
f 2690 2687 2582
f 691 2702 2701
f 2702 688 2690
f 2701 2690 661
f 2702 2690 2701
f 182 2734 2723
f 2734 698 2738
f 2723 2738 696
f 2734 2738 2723
f 698 2733 2736
f 2733 181 2700
f 2736 2700 691
f 2733 2700 2736
f 696 2725 2722
f 2725 691 2699
f 2722 2699 174
f 2725 2699 2722
f 698 2736 2738
f 2736 691 2725
f 2738 2725 696
f 2736 2725 2738
f 9 2669 3621
f 2669 682 3623
f 3621 3623 918
f 2669 3623 3621
f 682 2670 3629
f 2670 179 3627
f 3629 3627 920
f 2670 3627 3629
f 918 3630 3622
f 3630 920 3628
f 3622 3628 237
f 3630 3628 3622
f 682 3629 3623
f 3629 920 3630
f 3623 3630 918
f 3629 3630 3623
f 179 2673 3645
f 2673 683 3647
f 3645 3647 926
f 2673 3647 3645
f 683 2672 3641
f 2672 50 3639
f 3641 3639 924
f 2672 3639 3641
f 926 3649 3646
f 3649 924 3640
f 3646 3640 239
f 3649 3640 3646
f 683 3641 3647
f 3641 924 3649
f 3647 3649 926
f 3641 3649 3647
f 237 3650 3626
f 3650 927 3652
f 3626 3652 919
f 3650 3652 3626
f 927 3651 3654
f 3651 239 3643
f 3654 3643 925
f 3651 3643 3654
f 919 3644 3625
f 3644 925 3642
f 3625 3642 64
f 3644 3642 3625
f 927 3654 3652
f 3654 925 3644
f 3652 3644 919
f 3654 3644 3652
f 179 3645 3627
f 3645 926 3648
f 3627 3648 920
f 3645 3648 3627
f 926 3646 3655
f 3646 239 3651
f 3655 3651 927
f 3646 3651 3655
f 920 3653 3628
f 3653 927 3650
f 3628 3650 237
f 3653 3650 3628
f 926 3655 3648
f 3655 927 3653
f 3648 3653 920
f 3655 3653 3648
f 50 2681 3723
f 2681 686 3725
f 3723 3725 945
f 2681 3725 3723
f 686 2682 3732
f 2682 180 3730
f 3732 3730 947
f 2682 3730 3732
f 945 3734 3724
f 3734 947 3731
f 3724 3731 244
f 3734 3731 3724
f 686 3732 3725
f 3732 947 3734
f 3725 3734 945
f 3732 3734 3725
f 180 2679 3683
f 2679 685 3685
f 3683 3685 935
f 2679 3685 3683
f 685 2678 3676
f 2678 11 3673
f 3676 3673 932
f 2678 3673 3676
f 935 3686 3684
f 3686 932 3674
f 3684 3674 241
f 3686 3674 3684
f 685 3676 3685
f 3676 932 3686
f 3685 3686 935
f 3676 3686 3685
f 244 3740 3728
f 3740 949 3743
f 3728 3743 946
f 3740 3743 3728
f 949 3739 3741
f 3739 241 3678
f 3741 3678 933
f 3739 3678 3741
f 946 3729 3727
f 3729 933 3677
f 3727 3677 65
f 3729 3677 3727
f 949 3741 3743
f 3741 933 3729
f 3743 3729 946
f 3741 3729 3743
f 180 3683 3730
f 3683 935 3733
f 3730 3733 947
f 3683 3733 3730
f 935 3684 3742
f 3684 241 3739
f 3742 3739 949
f 3684 3739 3742
f 947 3744 3731
f 3744 949 3740
f 3731 3740 244
f 3744 3740 3731
f 935 3742 3733
f 3742 949 3744
f 3733 3744 947
f 3742 3744 3733
f 64 3775 3637
f 3775 956 3777
f 3637 3777 923
f 3775 3777 3637
f 956 3776 3787
f 3776 246 3784
f 3787 3784 958
f 3776 3784 3787
f 923 3785 3638
f 3785 958 3783
f 3638 3783 238
f 3785 3783 3638
f 956 3787 3777
f 3787 958 3785
f 3777 3785 923
f 3787 3785 3777
f 246 3780 3794
f 3780 957 3797
f 3794 3797 960
f 3780 3797 3794
f 957 3779 3781
f 3779 65 3691
f 3781 3691 937
f 3779 3691 3781
f 960 3795 3793
f 3795 937 3692
f 3793 3692 242
f 3795 3692 3793
f 957 3781 3797
f 3781 937 3795
f 3797 3795 960
f 3781 3795 3797
f 238 3697 3636
f 3697 939 3699
f 3636 3699 922
f 3697 3699 3636
f 939 3698 3700
f 3698 242 3688
f 3700 3688 936
f 3698 3688 3700
f 922 3690 3635
f 3690 936 3687
f 3635 3687 15
f 3690 3687 3635
f 939 3700 3699
f 3700 936 3690
f 3699 3690 922
f 3700 3690 3699
f 246 3794 3784
f 3794 960 3798
f 3784 3798 958
f 3794 3798 3784
f 960 3793 3796
f 3793 242 3698
f 3796 3698 939
f 3793 3698 3796
f 958 3786 3783
f 3786 939 3697
f 3783 3697 238
f 3786 3697 3783
f 960 3796 3798
f 3796 939 3786
f 3798 3786 958
f 3796 3786 3798
f 50 3723 3639
f 3723 945 3726
f 3639 3726 924
f 3723 3726 3639
f 945 3724 3738
f 3724 244 3736
f 3738 3736 948
f 3724 3736 3738
f 924 3737 3640
f 3737 948 3735
f 3640 3735 239
f 3737 3735 3640
f 945 3738 3726
f 3738 948 3737
f 3726 3737 924
f 3738 3737 3726
f 244 3728 3799
f 3728 946 3801
f 3799 3801 961
f 3728 3801 3799
f 946 3727 3782
f 3727 65 3779
f 3782 3779 957
f 3727 3779 3782
f 961 3803 3800
f 3803 957 3780
f 3800 3780 246
f 3803 3780 3800
f 946 3782 3801
f 3782 957 3803
f 3801 3803 961
f 3782 3803 3801
f 239 3788 3643
f 3788 959 3790
f 3643 3790 925
f 3788 3790 3643
f 959 3789 3792
f 3789 246 3776
f 3792 3776 956
f 3789 3776 3792
f 925 3778 3642
f 3778 956 3775
f 3642 3775 64
f 3778 3775 3642
f 959 3792 3790
f 3792 956 3778
f 3790 3778 925
f 3792 3778 3790
f 244 3799 3736
f 3799 961 3802
f 3736 3802 948
f 3799 3802 3736
f 961 3800 3804
f 3800 246 3789
f 3804 3789 959
f 3800 3789 3804
f 948 3791 3735
f 3791 959 3788
f 3735 3788 239
f 3791 3788 3735
f 961 3804 3802
f 3804 959 3791
f 3802 3791 948
f 3804 3791 3802
f 9 3621 2861
f 3621 918 3624
f 2861 3624 730
f 3621 3624 2861
f 918 3622 3634
f 3622 237 3632
f 3634 3632 921
f 3622 3632 3634
f 730 3633 2862
f 3633 921 3631
f 2862 3631 191
f 3633 3631 2862
f 918 3634 3624
f 3634 921 3633
f 3624 3633 730
f 3634 3633 3624
f 237 3626 3667
f 3626 919 3669
f 3667 3669 931
f 3626 3669 3667
f 919 3625 3661
f 3625 64 3659
f 3661 3659 929
f 3625 3659 3661
f 931 3671 3668
f 3671 929 3660
f 3668 3660 240
f 3671 3660 3668
f 919 3661 3669
f 3661 929 3671
f 3669 3671 931
f 3661 3671 3669
f 191 3662 2865
f 3662 930 3664
f 2865 3664 731
f 3662 3664 2865
f 930 3663 3666
f 3663 240 3657
f 3666 3657 928
f 3663 3657 3666
f 731 3658 2864
f 3658 928 3656
f 2864 3656 53
f 3658 3656 2864
f 930 3666 3664
f 3666 928 3658
f 3664 3658 731
f 3666 3658 3664
f 237 3667 3632
f 3667 931 3670
f 3632 3670 921
f 3667 3670 3632
f 931 3668 3672
f 3668 240 3663
f 3672 3663 930
f 3668 3663 3672
f 921 3665 3631
f 3665 930 3662
f 3631 3662 191
f 3665 3662 3631
f 931 3672 3670
f 3672 930 3665
f 3670 3665 921
f 3672 3665 3670
f 64 3637 3845
f 3637 923 3847
f 3845 3847 973
f 3637 3847 3845
f 923 3638 3855
f 3638 238 3853
f 3855 3853 975
f 3638 3853 3855
f 973 3857 3846
f 3857 975 3854
f 3846 3854 250
f 3857 3854 3846
f 923 3855 3847
f 3855 975 3857
f 3847 3857 973
f 3855 3857 3847
f 238 3636 3819
f 3636 922 3821
f 3819 3821 967
f 3636 3821 3819
f 922 3635 3816
f 3635 15 3814
f 3816 3814 965
f 3635 3814 3816
f 967 3822 3820
f 3822 965 3815
f 3820 3815 248
f 3822 3815 3820
f 922 3816 3821
f 3816 965 3822
f 3821 3822 967
f 3816 3822 3821
f 250 3864 3850
f 3864 977 3867
f 3850 3867 974
f 3864 3867 3850
f 977 3863 3865
f 3863 248 3818
f 3865 3818 966
f 3863 3818 3865
f 974 3851 3849
f 3851 966 3817
f 3849 3817 66
f 3851 3817 3849
f 977 3865 3867
f 3865 966 3851
f 3867 3851 974
f 3865 3851 3867
f 238 3819 3853
f 3819 967 3856
f 3853 3856 975
f 3819 3856 3853
f 967 3820 3866
f 3820 248 3863
f 3866 3863 977
f 3820 3863 3866
f 975 3868 3854
f 3868 977 3864
f 3854 3864 250
f 3868 3864 3854
f 967 3866 3856
f 3866 977 3868
f 3856 3868 975
f 3866 3868 3856
f 53 3823 2873
f 3823 968 3825
f 2873 3825 734
f 3823 3825 2873
f 968 3824 3834
f 3824 249 3831
f 3834 3831 970
f 3824 3831 3834
f 734 3832 2874
f 3832 970 3830
f 2874 3830 192
f 3832 3830 2874
f 968 3834 3825
f 3834 970 3832
f 3825 3832 734
f 3834 3832 3825
f 249 3828 3840
f 3828 969 3843
f 3840 3843 972
f 3828 3843 3840
f 969 3827 3829
f 3827 66 3808
f 3829 3808 963
f 3827 3808 3829
f 972 3841 3839
f 3841 963 3809
f 3839 3809 247
f 3841 3809 3839
f 969 3829 3843
f 3829 963 3841
f 3843 3841 972
f 3829 3841 3843
f 192 3810 2871
f 3810 964 3812
f 2871 3812 733
f 3810 3812 2871
f 964 3811 3813
f 3811 247 3806
f 3813 3806 962
f 3811 3806 3813
f 733 3807 2870
f 3807 962 3805
f 2870 3805 12
f 3807 3805 2870
f 964 3813 3812
f 3813 962 3807
f 3812 3807 733
f 3813 3807 3812
f 249 3840 3831
f 3840 972 3844
f 3831 3844 970
f 3840 3844 3831
f 972 3839 3842
f 3839 247 3811
f 3842 3811 964
f 3839 3811 3842
f 970 3833 3830
f 3833 964 3810
f 3830 3810 192
f 3833 3810 3830
f 972 3842 3844
f 3842 964 3833
f 3844 3833 970
f 3842 3833 3844
f 64 3845 3659
f 3845 973 3848
f 3659 3848 929
f 3845 3848 3659
f 973 3846 3862
f 3846 250 3859
f 3862 3859 976
f 3846 3859 3862
f 929 3860 3660
f 3860 976 3858
f 3660 3858 240
f 3860 3858 3660
f 973 3862 3848
f 3862 976 3860
f 3848 3860 929
f 3862 3860 3848
f 250 3850 3870
f 3850 974 3873
f 3870 3873 978
f 3850 3873 3870
f 974 3849 3852
f 3849 66 3827
f 3852 3827 969
f 3849 3827 3852
f 978 3871 3869
f 3871 969 3828
f 3869 3828 249
f 3871 3828 3869
f 974 3852 3873
f 3852 969 3871
f 3873 3871 978
f 3852 3871 3873
f 240 3835 3657
f 3835 971 3837
f 3657 3837 928
f 3835 3837 3657
f 971 3836 3838
f 3836 249 3824
f 3838 3824 968
f 3836 3824 3838
f 928 3826 3656
f 3826 968 3823
f 3656 3823 53
f 3826 3823 3656
f 971 3838 3837
f 3838 968 3826
f 3837 3826 928
f 3838 3826 3837
f 250 3870 3859
f 3870 978 3874
f 3859 3874 976
f 3870 3874 3859
f 978 3869 3872
f 3869 249 3836
f 3872 3836 971
f 3869 3836 3872
f 976 3861 3858
f 3861 971 3835
f 3858 3835 240
f 3861 3835 3858
f 978 3872 3874
f 3872 971 3861
f 3874 3861 976
f 3872 3861 3874
f 7 3499 2599
f 3499 887 3502
f 2599 3502 665
f 3499 3502 2599
f 887 3500 3512
f 3500 229 3510
f 3512 3510 890
f 3500 3510 3512
f 665 3511 2600
f 3511 890 3509
f 2600 3509 175
f 3511 3509 2600
f 887 3512 3502
f 3512 890 3511
f 3502 3511 665
f 3512 3511 3502
f 229 3504 3545
f 3504 888 3547
f 3545 3547 900
f 3504 3547 3545
f 888 3503 3539
f 3503 62 3537
f 3539 3537 898
f 3503 3537 3539
f 900 3549 3546
f 3549 898 3538
f 3546 3538 232
f 3549 3538 3546
f 888 3539 3547
f 3539 898 3549
f 3547 3549 900
f 3539 3549 3547
f 175 3540 2603
f 3540 899 3542
f 2603 3542 666
f 3540 3542 2603
f 899 3541 3544
f 3541 232 3535
f 3544 3535 897
f 3541 3535 3544
f 666 3536 2602
f 3536 897 3534
f 2602 3534 49
f 3536 3534 2602
f 899 3544 3542
f 3544 897 3536
f 3542 3536 666
f 3544 3536 3542
f 229 3545 3510
f 3545 900 3548
f 3510 3548 890
f 3545 3548 3510
f 900 3546 3550
f 3546 232 3541
f 3550 3541 899
f 3546 3541 3550
f 890 3543 3509
f 3543 899 3540
f 3509 3540 175
f 3543 3540 3509
f 900 3550 3548
f 3550 899 3543
f 3548 3543 890
f 3550 3543 3548
f 62 3515 3745
f 3515 892 3747
f 3745 3747 950
f 3515 3747 3745
f 892 3516 3755
f 3516 230 3753
f 3755 3753 952
f 3516 3753 3755
f 950 3757 3746
f 3757 952 3754
f 3746 3754 245
f 3757 3754 3746
f 892 3755 3747
f 3755 952 3757
f 3747 3757 950
f 3755 3757 3747
f 230 3514 3693
f 3514 891 3695
f 3693 3695 938
f 3514 3695 3693
f 891 3513 3689
f 3513 15 3687
f 3689 3687 936
f 3513 3687 3689
f 938 3696 3694
f 3696 936 3688
f 3694 3688 242
f 3696 3688 3694
f 891 3689 3695
f 3689 936 3696
f 3695 3696 938
f 3689 3696 3695
f 245 3764 3750
f 3764 954 3767
f 3750 3767 951
f 3764 3767 3750
f 954 3763 3765
f 3763 242 3692
f 3765 3692 937
f 3763 3692 3765
f 951 3751 3749
f 3751 937 3691
f 3749 3691 65
f 3751 3691 3749
f 954 3765 3767
f 3765 937 3751
f 3767 3751 951
f 3765 3751 3767
f 230 3693 3753
f 3693 938 3756
f 3753 3756 952
f 3693 3756 3753
f 938 3694 3766
f 3694 242 3763
f 3766 3763 954
f 3694 3763 3766
f 952 3768 3754
f 3768 954 3764
f 3754 3764 245
f 3768 3764 3754
f 938 3766 3756
f 3766 954 3768
f 3756 3768 952
f 3766 3768 3756
f 49 3701 2611
f 3701 940 3703
f 2611 3703 669
f 3701 3703 2611
f 940 3702 3712
f 3702 243 3709
f 3712 3709 942
f 3702 3709 3712
f 669 3710 2612
f 3710 942 3708
f 2612 3708 176
f 3710 3708 2612
f 940 3712 3703
f 3712 942 3710
f 3703 3710 669
f 3712 3710 3703
f 243 3706 3718
f 3706 941 3721
f 3718 3721 944
f 3706 3721 3718
f 941 3705 3707
f 3705 65 3677
f 3707 3677 933
f 3705 3677 3707
f 944 3719 3717
f 3719 933 3678
f 3717 3678 241
f 3719 3678 3717
f 941 3707 3721
f 3707 933 3719
f 3721 3719 944
f 3707 3719 3721
f 176 3679 2609
f 3679 934 3681
f 2609 3681 668
f 3679 3681 2609
f 934 3680 3682
f 3680 241 3674
f 3682 3674 932
f 3680 3674 3682
f 668 3675 2608
f 3675 932 3673
f 2608 3673 11
f 3675 3673 2608
f 934 3682 3681
f 3682 932 3675
f 3681 3675 668
f 3682 3675 3681
f 243 3718 3709
f 3718 944 3722
f 3709 3722 942
f 3718 3722 3709
f 944 3717 3720
f 3717 241 3680
f 3720 3680 934
f 3717 3680 3720
f 942 3711 3708
f 3711 934 3679
f 3708 3679 176
f 3711 3679 3708
f 944 3720 3722
f 3720 934 3711
f 3722 3711 942
f 3720 3711 3722
f 62 3745 3537
f 3745 950 3748
f 3537 3748 898
f 3745 3748 3537
f 950 3746 3762
f 3746 245 3759
f 3762 3759 953
f 3746 3759 3762
f 898 3760 3538
f 3760 953 3758
f 3538 3758 232
f 3760 3758 3538
f 950 3762 3748
f 3762 953 3760
f 3748 3760 898
f 3762 3760 3748
f 245 3750 3770
f 3750 951 3773
f 3770 3773 955
f 3750 3773 3770
f 951 3749 3752
f 3749 65 3705
f 3752 3705 941
f 3749 3705 3752
f 955 3771 3769
f 3771 941 3706
f 3769 3706 243
f 3771 3706 3769
f 951 3752 3773
f 3752 941 3771
f 3773 3771 955
f 3752 3771 3773
f 232 3713 3535
f 3713 943 3715
f 3535 3715 897
f 3713 3715 3535
f 943 3714 3716
f 3714 243 3702
f 3716 3702 940
f 3714 3702 3716
f 897 3704 3534
f 3704 940 3701
f 3534 3701 49
f 3704 3701 3534
f 943 3716 3715
f 3716 940 3704
f 3715 3704 897
f 3716 3704 3715
f 245 3770 3759
f 3770 955 3774
f 3759 3774 953
f 3770 3774 3759
f 955 3769 3772
f 3769 243 3714
f 3772 3714 943
f 3769 3714 3772
f 953 3761 3758
f 3761 943 3713
f 3758 3713 232
f 3761 3713 3758
f 955 3772 3774
f 3772 943 3761
f 3774 3761 953
f 3772 3761 3774
f 5 2961 2047
f 2961 756 2963
f 2047 2963 521
f 2961 2963 2047
f 756 2962 2970
f 2962 198 2968
f 2970 2968 758
f 2962 2968 2970
f 521 2969 2048
f 2969 758 2967
f 2048 2967 136
f 2969 2967 2048
f 756 2970 2963
f 2970 758 2969
f 2963 2969 521
f 2970 2969 2963
f 198 2966 2990
f 2966 757 2992
f 2990 2992 765
f 2966 2992 2990
f 757 2965 2984
f 2965 55 2982
f 2984 2982 763
f 2965 2982 2984
f 765 2994 2991
f 2994 763 2983
f 2991 2983 200
f 2994 2983 2991
f 757 2984 2992
f 2984 763 2994
f 2992 2994 765
f 2984 2994 2992
f 136 2985 2050
f 2985 764 2987
f 2050 2987 522
f 2985 2987 2050
f 764 2986 2989
f 2986 200 2980
f 2989 2980 762
f 2986 2980 2989
f 522 2981 2049
f 2981 762 2979
f 2049 2979 38
f 2981 2979 2049
f 764 2989 2987
f 2989 762 2981
f 2987 2981 522
f 2989 2981 2987
f 198 2990 2968
f 2990 765 2993
f 2968 2993 758
f 2990 2993 2968
f 765 2991 2995
f 2991 200 2986
f 2995 2986 764
f 2991 2986 2995
f 758 2988 2967
f 2988 764 2985
f 2967 2985 136
f 2988 2985 2967
f 765 2995 2993
f 2995 764 2988
f 2993 2988 758
f 2995 2988 2993
f 55 2977 3115
f 2977 761 3117
f 3115 3117 794
f 2977 3117 3115
f 761 2978 3125
f 2978 199 3123
f 3125 3123 796
f 2978 3123 3125
f 794 3127 3116
f 3127 796 3124
f 3116 3124 207
f 3127 3124 3116
f 761 3125 3117
f 3125 796 3127
f 3117 3127 794
f 3125 3127 3117
f 199 2976 3037
f 2976 760 3039
f 3037 3039 777
f 2976 3039 3037
f 760 2975 3030
f 2975 13 3027
f 3030 3027 774
f 2975 3027 3030
f 777 3040 3038
f 3040 774 3028
f 3038 3028 203
f 3040 3028 3038
f 760 3030 3039
f 3030 774 3040
f 3039 3040 777
f 3030 3040 3039
f 207 3134 3120
f 3134 798 3137
f 3120 3137 795
f 3134 3137 3120
f 798 3133 3135
f 3133 203 3032
f 3135 3032 775
f 3133 3032 3135
f 795 3121 3119
f 3121 775 3031
f 3119 3031 56
f 3121 3031 3119
f 798 3135 3137
f 3135 775 3121
f 3137 3121 795
f 3135 3121 3137
f 199 3037 3123
f 3037 777 3126
f 3123 3126 796
f 3037 3126 3123
f 777 3038 3136
f 3038 203 3133
f 3136 3133 798
f 3038 3133 3136
f 796 3138 3124
f 3138 798 3134
f 3124 3134 207
f 3138 3134 3124
f 777 3136 3126
f 3136 798 3138
f 3126 3138 796
f 3136 3138 3126
f 38 3063 2053
f 3063 783 3065
f 2053 3065 524
f 3063 3065 2053
f 783 3064 3074
f 3064 205 3071
f 3074 3071 785
f 3064 3071 3074
f 524 3072 2054
f 3072 785 3070
f 2054 3070 137
f 3072 3070 2054
f 783 3074 3065
f 3074 785 3072
f 3065 3072 524
f 3074 3072 3065
f 205 3068 3080
f 3068 784 3083
f 3080 3083 787
f 3068 3083 3080
f 784 3067 3069
f 3067 56 3017
f 3069 3017 771
f 3067 3017 3069
f 787 3081 3079
f 3081 771 3018
f 3079 3018 202
f 3081 3018 3079
f 784 3069 3083
f 3069 771 3081
f 3083 3081 787
f 3069 3081 3083
f 137 3023 2052
f 3023 773 3025
f 2052 3025 523
f 3023 3025 2052
f 773 3024 3026
f 3024 202 3014
f 3026 3014 770
f 3024 3014 3026
f 523 3016 2051
f 3016 770 3013
f 2051 3013 6
f 3016 3013 2051
f 773 3026 3025
f 3026 770 3016
f 3025 3016 523
f 3026 3016 3025
f 205 3080 3071
f 3080 787 3084
f 3071 3084 785
f 3080 3084 3071
f 787 3079 3082
f 3079 202 3024
f 3082 3024 773
f 3079 3024 3082
f 785 3073 3070
f 3073 773 3023
f 3070 3023 137
f 3073 3023 3070
f 787 3082 3084
f 3082 773 3073
f 3084 3073 785
f 3082 3073 3084
f 55 3115 2982
f 3115 794 3118
f 2982 3118 763
f 3115 3118 2982
f 794 3116 3132
f 3116 207 3129
f 3132 3129 797
f 3116 3129 3132
f 763 3130 2983
f 3130 797 3128
f 2983 3128 200
f 3130 3128 2983
f 794 3132 3118
f 3132 797 3130
f 3118 3130 763
f 3132 3130 3118
f 207 3120 3140
f 3120 795 3143
f 3140 3143 799
f 3120 3143 3140
f 795 3119 3122
f 3119 56 3067
f 3122 3067 784
f 3119 3067 3122
f 799 3141 3139
f 3141 784 3068
f 3139 3068 205
f 3141 3068 3139
f 795 3122 3143
f 3122 784 3141
f 3143 3141 799
f 3122 3141 3143
f 200 3075 2980
f 3075 786 3077
f 2980 3077 762
f 3075 3077 2980
f 786 3076 3078
f 3076 205 3064
f 3078 3064 783
f 3076 3064 3078
f 762 3066 2979
f 3066 783 3063
f 2979 3063 38
f 3066 3063 2979
f 786 3078 3077
f 3078 783 3066
f 3077 3066 762
f 3078 3066 3077
f 207 3140 3129
f 3140 799 3144
f 3129 3144 797
f 3140 3144 3129
f 799 3139 3142
f 3139 205 3076
f 3142 3076 786
f 3139 3076 3142
f 797 3131 3128
f 3131 786 3075
f 3128 3075 200
f 3131 3075 3128
f 799 3142 3144
f 3142 786 3131
f 3144 3131 797
f 3142 3131 3144
f 5 2047 2085
f 2047 521 2088
f 2085 2088 534
f 2047 2088 2085
f 521 2048 2097
f 2048 136 2095
f 2097 2095 537
f 2048 2095 2097
f 534 2098 2086
f 2098 537 2096
f 2086 2096 141
f 2098 2096 2086
f 521 2097 2088
f 2097 537 2098
f 2088 2098 534
f 2097 2098 2088
f 136 2050 2136
f 2050 522 2138
f 2136 2138 548
f 2050 2138 2136
f 522 2049 2132
f 2049 38 2130
f 2132 2130 546
f 2049 2130 2132
f 548 2140 2137
f 2140 546 2131
f 2137 2131 144
f 2140 2131 2137
f 522 2132 2138
f 2132 546 2140
f 2138 2140 548
f 2132 2140 2138
f 141 2141 2090
f 2141 549 2143
f 2090 2143 535
f 2141 2143 2090
f 549 2142 2145
f 2142 144 2134
f 2145 2134 547
f 2142 2134 2145
f 535 2135 2089
f 2135 547 2133
f 2089 2133 40
f 2135 2133 2089
f 549 2145 2143
f 2145 547 2135
f 2143 2135 535
f 2145 2135 2143
f 136 2136 2095
f 2136 548 2139
f 2095 2139 537
f 2136 2139 2095
f 548 2137 2146
f 2137 144 2142
f 2146 2142 549
f 2137 2142 2146
f 537 2144 2096
f 2144 549 2141
f 2096 2141 141
f 2144 2141 2096
f 548 2146 2139
f 2146 549 2144
f 2139 2144 537
f 2146 2144 2139
f 38 2053 2195
f 2053 524 2197
f 2195 2197 562
f 2053 2197 2195
f 524 2054 2204
f 2054 137 2202
f 2204 2202 564
f 2054 2202 2204
f 562 2206 2196
f 2206 564 2203
f 2196 2203 148
f 2206 2203 2196
f 524 2204 2197
f 2204 564 2206
f 2197 2206 562
f 2204 2206 2197
f 137 2052 2182
f 2052 523 2184
f 2182 2184 558
f 2052 2184 2182
f 523 2051 2179
f 2051 6 2177
f 2179 2177 556
f 2051 2177 2179
f 558 2185 2183
f 2185 556 2178
f 2183 2178 146
f 2185 2178 2183
f 523 2179 2184
f 2179 556 2185
f 2184 2185 558
f 2179 2185 2184
f 148 2212 2200
f 2212 566 2215
f 2200 2215 563
f 2212 2215 2200
f 566 2211 2213
f 2211 146 2181
f 2213 2181 557
f 2211 2181 2213
f 563 2201 2199
f 2201 557 2180
f 2199 2180 41
f 2201 2180 2199
f 566 2213 2215
f 2213 557 2201
f 2215 2201 563
f 2213 2201 2215
f 137 2182 2202
f 2182 558 2205
f 2202 2205 564
f 2182 2205 2202
f 558 2183 2214
f 2183 146 2211
f 2214 2211 566
f 2183 2211 2214
f 564 2216 2203
f 2216 566 2212
f 2203 2212 148
f 2216 2212 2203
f 558 2214 2205
f 2214 566 2216
f 2205 2216 564
f 2214 2216 2205
f 40 2217 2102
f 2217 567 2219
f 2102 2219 539
f 2217 2219 2102
f 567 2218 2229
f 2218 149 2226
f 2229 2226 569
f 2218 2226 2229
f 539 2227 2103
f 2227 569 2225
f 2103 2225 142
f 2227 2225 2103
f 567 2229 2219
f 2229 569 2227
f 2219 2227 539
f 2229 2227 2219
f 149 2222 2236
f 2222 568 2239
f 2236 2239 571
f 2222 2239 2236
f 568 2221 2223
f 2221 41 2189
f 2223 2189 560
f 2221 2189 2223
f 571 2237 2235
f 2237 560 2190
f 2235 2190 147
f 2237 2190 2235
f 568 2223 2239
f 2223 560 2237
f 2239 2237 571
f 2223 2237 2239
f 142 2191 2100
f 2191 561 2193
f 2100 2193 538
f 2191 2193 2100
f 561 2192 2194
f 2192 147 2187
f 2194 2187 559
f 2192 2187 2194
f 538 2188 2099
f 2188 559 2186
f 2099 2186 7
f 2188 2186 2099
f 561 2194 2193
f 2194 559 2188
f 2193 2188 538
f 2194 2188 2193
f 149 2236 2226
f 2236 571 2240
f 2226 2240 569
f 2236 2240 2226
f 571 2235 2238
f 2235 147 2192
f 2238 2192 561
f 2235 2192 2238
f 569 2228 2225
f 2228 561 2191
f 2225 2191 142
f 2228 2191 2225
f 571 2238 2240
f 2238 561 2228
f 2240 2228 569
f 2238 2228 2240
f 38 2195 2130
f 2195 562 2198
f 2130 2198 546
f 2195 2198 2130
f 562 2196 2210
f 2196 148 2208
f 2210 2208 565
f 2196 2208 2210
f 546 2209 2131
f 2209 565 2207
f 2131 2207 144
f 2209 2207 2131
f 562 2210 2198
f 2210 565 2209
f 2198 2209 546
f 2210 2209 2198
f 148 2200 2241
f 2200 563 2243
f 2241 2243 572
f 2200 2243 2241
f 563 2199 2224
f 2199 41 2221
f 2224 2221 568
f 2199 2221 2224
f 572 2245 2242
f 2245 568 2222
f 2242 2222 149
f 2245 2222 2242
f 563 2224 2243
f 2224 568 2245
f 2243 2245 572
f 2224 2245 2243
f 144 2230 2134
f 2230 570 2232
f 2134 2232 547
f 2230 2232 2134
f 570 2231 2234
f 2231 149 2218
f 2234 2218 567
f 2231 2218 2234
f 547 2220 2133
f 2220 567 2217
f 2133 2217 40
f 2220 2217 2133
f 570 2234 2232
f 2234 567 2220
f 2232 2220 547
f 2234 2220 2232
f 148 2241 2208
f 2241 572 2244
f 2208 2244 565
f 2241 2244 2208
f 572 2242 2246
f 2242 149 2231
f 2246 2231 570
f 2242 2231 2246
f 565 2233 2207
f 2233 570 2230
f 2207 2230 144
f 2233 2230 2207
f 572 2246 2244
f 2246 570 2233
f 2244 2233 565
f 2246 2233 2244
f 7 2186 2369
f 2186 559 2371
f 2369 2371 604
f 2186 2371 2369
f 559 2187 2376
f 2187 147 2374
f 2376 2374 606
f 2187 2374 2376
f 604 2377 2370
f 2377 606 2375
f 2370 2375 158
f 2377 2375 2370
f 559 2376 2371
f 2376 606 2377
f 2371 2377 604
f 2376 2377 2371
f 147 2190 2394
f 2190 560 2396
f 2394 2396 612
f 2190 2396 2394
f 560 2189 2389
f 2189 41 2387
f 2389 2387 610
f 2189 2387 2389
f 612 2398 2395
f 2398 610 2388
f 2395 2388 160
f 2398 2388 2395
f 560 2389 2396
f 2389 610 2398
f 2396 2398 612
f 2389 2398 2396
f 158 2403 2373
f 2403 614 2405
f 2373 2405 605
f 2403 2405 2373
f 614 2404 2407
f 2404 160 2392
f 2407 2392 611
f 2404 2392 2407
f 605 2393 2372
f 2393 611 2391
f 2372 2391 44
f 2393 2391 2372
f 614 2407 2405
f 2407 611 2393
f 2405 2393 605
f 2407 2393 2405
f 147 2394 2374
f 2394 612 2397
f 2374 2397 606
f 2394 2397 2374
f 612 2395 2408
f 2395 160 2404
f 2408 2404 614
f 2395 2404 2408
f 606 2406 2375
f 2406 614 2403
f 2375 2403 158
f 2406 2403 2375
f 612 2408 2397
f 2408 614 2406
f 2397 2406 606
f 2408 2406 2397
f 41 2180 2322
f 2180 557 2324
f 2322 2324 594
f 2180 2324 2322
f 557 2181 2330
f 2181 146 2328
f 2330 2328 596
f 2181 2328 2330
f 594 2332 2323
f 2332 596 2329
f 2323 2329 156
f 2332 2329 2323
f 557 2330 2324
f 2330 596 2332
f 2324 2332 594
f 2330 2332 2324
f 146 2178 2287
f 2178 556 2289
f 2287 2289 585
f 2178 2289 2287
f 556 2177 2280
f 2177 6 2277
f 2280 2277 582
f 2177 2277 2280
f 585 2290 2288
f 2290 582 2278
f 2288 2278 153
f 2290 2278 2288
f 556 2280 2289
f 2280 582 2290
f 2289 2290 585
f 2280 2290 2289
f 156 2334 2326
f 2334 597 2337
f 2326 2337 595
f 2334 2337 2326
f 597 2333 2335
f 2333 153 2282
f 2335 2282 583
f 2333 2282 2335
f 595 2327 2325
f 2327 583 2281
f 2325 2281 43
f 2327 2281 2325
f 597 2335 2337
f 2335 583 2327
f 2337 2327 595
f 2335 2327 2337
f 146 2287 2328
f 2287 585 2331
f 2328 2331 596
f 2287 2331 2328
f 585 2288 2336
f 2288 153 2333
f 2336 2333 597
f 2288 2333 2336
f 596 2338 2329
f 2338 597 2334
f 2329 2334 156
f 2338 2334 2329
f 585 2336 2331
f 2336 597 2338
f 2331 2338 596
f 2336 2338 2331
f 44 2413 2381
f 2413 616 2415
f 2381 2415 608
f 2413 2415 2381
f 616 2414 2431
f 2414 161 2428
f 2431 2428 619
f 2414 2428 2431
f 608 2429 2382
f 2429 619 2427
f 2382 2427 159
f 2429 2427 2382
f 616 2431 2415
f 2431 619 2429
f 2415 2429 608
f 2431 2429 2415
f 161 2410 2418
f 2410 615 2421
f 2418 2421 617
f 2410 2421 2418
f 615 2409 2411
f 2409 43 2294
f 2411 2294 587
f 2409 2294 2411
f 617 2419 2417
f 2419 587 2295
f 2417 2295 154
f 2419 2295 2417
f 615 2411 2421
f 2411 587 2419
f 2421 2419 617
f 2411 2419 2421
f 159 2384 2379
f 2384 609 2386
f 2379 2386 607
f 2384 2386 2379
f 609 2383 2385
f 2383 154 2292
f 2385 2292 586
f 2383 2292 2385
f 607 2380 2378
f 2380 586 2291
f 2378 2291 8
f 2380 2291 2378
f 609 2385 2386
f 2385 586 2380
f 2386 2380 607
f 2385 2380 2386
f 161 2418 2428
f 2418 617 2432
f 2428 2432 619
f 2418 2432 2428
f 617 2417 2420
f 2417 154 2383
f 2420 2383 609
f 2417 2383 2420
f 619 2430 2427
f 2430 609 2384
f 2427 2384 159
f 2430 2384 2427
f 617 2420 2432
f 2420 609 2430
f 2432 2430 619
f 2420 2430 2432
f 41 2322 2387
f 2322 594 2390
f 2387 2390 610
f 2322 2390 2387
f 594 2323 2401
f 2323 156 2399
f 2401 2399 613
f 2323 2399 2401
f 610 2402 2388
f 2402 613 2400
f 2388 2400 160
f 2402 2400 2388
f 594 2401 2390
f 2401 613 2402
f 2390 2402 610
f 2401 2402 2390
f 156 2326 2422
f 2326 595 2424
f 2422 2424 618
f 2326 2424 2422
f 595 2325 2412
f 2325 43 2409
f 2412 2409 615
f 2325 2409 2412
f 618 2426 2423
f 2426 615 2410
f 2423 2410 161
f 2426 2410 2423
f 595 2412 2424
f 2412 615 2426
f 2424 2426 618
f 2412 2426 2424
f 160 2433 2392
f 2433 620 2435
f 2392 2435 611
f 2433 2435 2392
f 620 2434 2437
f 2434 161 2414
f 2437 2414 616
f 2434 2414 2437
f 611 2416 2391
f 2416 616 2413
f 2391 2413 44
f 2416 2413 2391
f 620 2437 2435
f 2437 616 2416
f 2435 2416 611
f 2437 2416 2435
f 156 2422 2399
f 2422 618 2425
f 2399 2425 613
f 2422 2425 2399
f 618 2423 2438
f 2423 161 2434
f 2438 2434 620
f 2423 2434 2438
f 613 2436 2400
f 2436 620 2433
f 2400 2433 160
f 2436 2433 2400
f 618 2438 2425
f 2438 620 2436
f 2425 2436 613
f 2438 2436 2425
f 7 2369 3499
f 2369 604 3501
f 3499 3501 887
f 2369 3501 3499
f 604 2370 3507
f 2370 158 3505
f 3507 3505 889
f 2370 3505 3507
f 887 3508 3500
f 3508 889 3506
f 3500 3506 229
f 3508 3506 3500
f 604 3507 3501
f 3507 889 3508
f 3501 3508 887
f 3507 3508 3501
f 158 2373 3523
f 2373 605 3525
f 3523 3525 895
f 2373 3525 3523
f 605 2372 3519
f 2372 44 3517
f 3519 3517 893
f 2372 3517 3519
f 895 3527 3524
f 3527 893 3518
f 3524 3518 231
f 3527 3518 3524
f 605 3519 3525
f 3519 893 3527
f 3525 3527 895
f 3519 3527 3525
f 229 3528 3504
f 3528 896 3530
f 3504 3530 888
f 3528 3530 3504
f 896 3529 3532
f 3529 231 3521
f 3532 3521 894
f 3529 3521 3532
f 888 3522 3503
f 3522 894 3520
f 3503 3520 62
f 3522 3520 3503
f 896 3532 3530
f 3532 894 3522
f 3530 3522 888
f 3532 3522 3530
f 158 3523 3505
f 3523 895 3526
f 3505 3526 889
f 3523 3526 3505
f 895 3524 3533
f 3524 231 3529
f 3533 3529 896
f 3524 3529 3533
f 889 3531 3506
f 3531 896 3528
f 3506 3528 229
f 3531 3528 3506
f 895 3533 3526
f 3533 896 3531
f 3526 3531 889
f 3533 3531 3526
f 44 2381 3569
f 2381 608 3571
f 3569 3571 907
f 2381 3571 3569
f 608 2382 3578
f 2382 159 3576
f 3578 3576 909
f 2382 3576 3578
f 907 3580 3570
f 3580 909 3577
f 3570 3577 235
f 3580 3577 3570
f 608 3578 3571
f 3578 909 3580
f 3571 3580 907
f 3578 3580 3571
f 159 2379 3556
f 2379 607 3558
f 3556 3558 903
f 2379 3558 3556
f 607 2378 3553
f 2378 8 3551
f 3553 3551 901
f 2378 3551 3553
f 903 3559 3557
f 3559 901 3552
f 3557 3552 233
f 3559 3552 3557
f 607 3553 3558
f 3553 901 3559
f 3558 3559 903
f 3553 3559 3558
f 235 3586 3574
f 3586 911 3589
f 3574 3589 908
f 3586 3589 3574
f 911 3585 3587
f 3585 233 3555
f 3587 3555 902
f 3585 3555 3587
f 908 3575 3573
f 3575 902 3554
f 3573 3554 63
f 3575 3554 3573
f 911 3587 3589
f 3587 902 3575
f 3589 3575 908
f 3587 3575 3589
f 159 3556 3576
f 3556 903 3579
f 3576 3579 909
f 3556 3579 3576
f 903 3557 3588
f 3557 233 3585
f 3588 3585 911
f 3557 3585 3588
f 909 3590 3577
f 3590 911 3586
f 3577 3586 235
f 3590 3586 3577
f 903 3588 3579
f 3588 911 3590
f 3579 3590 909
f 3588 3590 3579
f 62 3591 3515
f 3591 912 3593
f 3515 3593 892
f 3591 3593 3515
f 912 3592 3603
f 3592 236 3600
f 3603 3600 914
f 3592 3600 3603
f 892 3601 3516
f 3601 914 3599
f 3516 3599 230
f 3601 3599 3516
f 912 3603 3593
f 3603 914 3601
f 3593 3601 892
f 3603 3601 3593
f 236 3596 3610
f 3596 913 3613
f 3610 3613 916
f 3596 3613 3610
f 913 3595 3597
f 3595 63 3563
f 3597 3563 905
f 3595 3563 3597
f 916 3611 3609
f 3611 905 3564
f 3609 3564 234
f 3611 3564 3609
f 913 3597 3613
f 3597 905 3611
f 3613 3611 916
f 3597 3611 3613
f 230 3565 3514
f 3565 906 3567
f 3514 3567 891
f 3565 3567 3514
f 906 3566 3568
f 3566 234 3561
f 3568 3561 904
f 3566 3561 3568
f 891 3562 3513
f 3562 904 3560
f 3513 3560 15
f 3562 3560 3513
f 906 3568 3567
f 3568 904 3562
f 3567 3562 891
f 3568 3562 3567
f 236 3610 3600
f 3610 916 3614
f 3600 3614 914
f 3610 3614 3600
f 916 3609 3612
f 3609 234 3566
f 3612 3566 906
f 3609 3566 3612
f 914 3602 3599
f 3602 906 3565
f 3599 3565 230
f 3602 3565 3599
f 916 3612 3614
f 3612 906 3602
f 3614 3602 914
f 3612 3602 3614
f 44 3569 3517
f 3569 907 3572
f 3517 3572 893
f 3569 3572 3517
f 907 3570 3584
f 3570 235 3582
f 3584 3582 910
f 3570 3582 3584
f 893 3583 3518
f 3583 910 3581
f 3518 3581 231
f 3583 3581 3518
f 907 3584 3572
f 3584 910 3583
f 3572 3583 893
f 3584 3583 3572
f 235 3574 3615
f 3574 908 3617
f 3615 3617 917
f 3574 3617 3615
f 908 3573 3598
f 3573 63 3595
f 3598 3595 913
f 3573 3595 3598
f 917 3619 3616
f 3619 913 3596
f 3616 3596 236
f 3619 3596 3616
f 908 3598 3617
f 3598 913 3619
f 3617 3619 917
f 3598 3619 3617
f 231 3604 3521
f 3604 915 3606
f 3521 3606 894
f 3604 3606 3521
f 915 3605 3608
f 3605 236 3592
f 3608 3592 912
f 3605 3592 3608
f 894 3594 3520
f 3594 912 3591
f 3520 3591 62
f 3594 3591 3520
f 915 3608 3606
f 3608 912 3594
f 3606 3594 894
f 3608 3594 3606
f 235 3615 3582
f 3615 917 3618
f 3582 3618 910
f 3615 3618 3582
f 917 3616 3620
f 3616 236 3605
f 3620 3605 915
f 3616 3605 3620
f 910 3607 3581
f 3607 915 3604
f 3581 3604 231
f 3607 3604 3581
f 917 3620 3618
f 3620 915 3607
f 3618 3607 910
f 3620 3607 3618
f 5 2791 2961
f 2791 713 2964
f 2961 2964 756
f 2791 2964 2961
f 713 2792 2973
f 2792 187 2971
f 2973 2971 759
f 2792 2971 2973
f 756 2974 2962
f 2974 759 2972
f 2962 2972 198
f 2974 2972 2962
f 713 2973 2964
f 2973 759 2974
f 2964 2974 756
f 2973 2974 2964
f 187 2795 3002
f 2795 714 3004
f 3002 3004 768
f 2795 3004 3002
f 714 2794 2998
f 2794 52 2996
f 2998 2996 766
f 2794 2996 2998
f 768 3006 3003
f 3006 766 2997
f 3003 2997 201
f 3006 2997 3003
f 714 2998 3004
f 2998 766 3006
f 3004 3006 768
f 2998 3006 3004
f 198 3007 2966
f 3007 769 3009
f 2966 3009 757
f 3007 3009 2966
f 769 3008 3011
f 3008 201 3000
f 3011 3000 767
f 3008 3000 3011
f 757 3001 2965
f 3001 767 2999
f 2965 2999 55
f 3001 2999 2965
f 769 3011 3009
f 3011 767 3001
f 3009 3001 757
f 3011 3001 3009
f 187 3002 2971
f 3002 768 3005
f 2971 3005 759
f 3002 3005 2971
f 768 3003 3012
f 3003 201 3008
f 3012 3008 769
f 3003 3008 3012
f 759 3010 2972
f 3010 769 3007
f 2972 3007 198
f 3010 3007 2972
f 768 3012 3005
f 3012 769 3010
f 3005 3010 759
f 3012 3010 3005
f 52 2803 3163
f 2803 717 3165
f 3163 3165 806
f 2803 3165 3163
f 717 2804 3172
f 2804 188 3170
f 3172 3170 808
f 2804 3170 3172
f 806 3174 3164
f 3174 808 3171
f 3164 3171 210
f 3174 3171 3164
f 717 3172 3165
f 3172 808 3174
f 3165 3174 806
f 3172 3174 3165
f 188 2801 3150
f 2801 716 3152
f 3150 3152 802
f 2801 3152 3150
f 716 2800 3147
f 2800 12 3145
f 3147 3145 800
f 2800 3145 3147
f 802 3153 3151
f 3153 800 3146
f 3151 3146 208
f 3153 3146 3151
f 716 3147 3152
f 3147 800 3153
f 3152 3153 802
f 3147 3153 3152
f 210 3180 3168
f 3180 810 3183
f 3168 3183 807
f 3180 3183 3168
f 810 3179 3181
f 3179 208 3149
f 3181 3149 801
f 3179 3149 3181
f 807 3169 3167
f 3169 801 3148
f 3167 3148 57
f 3169 3148 3167
f 810 3181 3183
f 3181 801 3169
f 3183 3169 807
f 3181 3169 3183
f 188 3150 3170
f 3150 802 3173
f 3170 3173 808
f 3150 3173 3170
f 802 3151 3182
f 3151 208 3179
f 3182 3179 810
f 3151 3179 3182
f 808 3184 3171
f 3184 810 3180
f 3171 3180 210
f 3184 3180 3171
f 802 3182 3173
f 3182 810 3184
f 3173 3184 808
f 3182 3184 3173
f 55 3185 2977
f 3185 811 3187
f 2977 3187 761
f 3185 3187 2977
f 811 3186 3197
f 3186 211 3194
f 3197 3194 813
f 3186 3194 3197
f 761 3195 2978
f 3195 813 3193
f 2978 3193 199
f 3195 3193 2978
f 811 3197 3187
f 3197 813 3195
f 3187 3195 761
f 3197 3195 3187
f 211 3190 3204
f 3190 812 3207
f 3204 3207 815
f 3190 3207 3204
f 812 3189 3191
f 3189 57 3157
f 3191 3157 804
f 3189 3157 3191
f 815 3205 3203
f 3205 804 3158
f 3203 3158 209
f 3205 3158 3203
f 812 3191 3207
f 3191 804 3205
f 3207 3205 815
f 3191 3205 3207
f 199 3159 2976
f 3159 805 3161
f 2976 3161 760
f 3159 3161 2976
f 805 3160 3162
f 3160 209 3155
f 3162 3155 803
f 3160 3155 3162
f 760 3156 2975
f 3156 803 3154
f 2975 3154 13
f 3156 3154 2975
f 805 3162 3161
f 3162 803 3156
f 3161 3156 760
f 3162 3156 3161
f 211 3204 3194
f 3204 815 3208
f 3194 3208 813
f 3204 3208 3194
f 815 3203 3206
f 3203 209 3160
f 3206 3160 805
f 3203 3160 3206
f 813 3196 3193
f 3196 805 3159
f 3193 3159 199
f 3196 3159 3193
f 815 3206 3208
f 3206 805 3196
f 3208 3196 813
f 3206 3196 3208
f 52 3163 2996
f 3163 806 3166
f 2996 3166 766
f 3163 3166 2996
f 806 3164 3178
f 3164 210 3176
f 3178 3176 809
f 3164 3176 3178
f 766 3177 2997
f 3177 809 3175
f 2997 3175 201
f 3177 3175 2997
f 806 3178 3166
f 3178 809 3177
f 3166 3177 766
f 3178 3177 3166
f 210 3168 3209
f 3168 807 3211
f 3209 3211 816
f 3168 3211 3209
f 807 3167 3192
f 3167 57 3189
f 3192 3189 812
f 3167 3189 3192
f 816 3213 3210
f 3213 812 3190
f 3210 3190 211
f 3213 3190 3210
f 807 3192 3211
f 3192 812 3213
f 3211 3213 816
f 3192 3213 3211
f 201 3198 3000
f 3198 814 3200
f 3000 3200 767
f 3198 3200 3000
f 814 3199 3202
f 3199 211 3186
f 3202 3186 811
f 3199 3186 3202
f 767 3188 2999
f 3188 811 3185
f 2999 3185 55
f 3188 3185 2999
f 814 3202 3200
f 3202 811 3188
f 3200 3188 767
f 3202 3188 3200
f 210 3209 3176
f 3209 816 3212
f 3176 3212 809
f 3209 3212 3176
f 816 3210 3214
f 3210 211 3199
f 3214 3199 814
f 3210 3199 3214
f 809 3201 3175
f 3201 814 3198
f 3175 3198 201
f 3201 3198 3175
f 816 3214 3212
f 3214 814 3201
f 3212 3201 809
f 3214 3201 3212
f 12 3905 3145
f 3905 988 3907
f 3145 3907 800
f 3905 3907 3145
f 988 3906 3914
f 3906 254 3912
f 3914 3912 990
f 3906 3912 3914
f 800 3913 3146
f 3913 990 3911
f 3146 3911 208
f 3913 3911 3146
f 988 3914 3907
f 3914 990 3913
f 3907 3913 800
f 3914 3913 3907
f 254 3910 3934
f 3910 989 3936
f 3934 3936 997
f 3910 3936 3934
f 989 3909 3928
f 3909 68 3926
f 3928 3926 995
f 3909 3926 3928
f 997 3938 3935
f 3938 995 3927
f 3935 3927 256
f 3938 3927 3935
f 989 3928 3936
f 3928 995 3938
f 3936 3938 997
f 3928 3938 3936
f 208 3929 3149
f 3929 996 3931
f 3149 3931 801
f 3929 3931 3149
f 996 3930 3933
f 3930 256 3924
f 3933 3924 994
f 3930 3924 3933
f 801 3925 3148
f 3925 994 3923
f 3148 3923 57
f 3925 3923 3148
f 996 3933 3931
f 3933 994 3925
f 3931 3925 801
f 3933 3925 3931
f 254 3934 3912
f 3934 997 3937
f 3912 3937 990
f 3934 3937 3912
f 997 3935 3939
f 3935 256 3930
f 3939 3930 996
f 3935 3930 3939
f 990 3932 3911
f 3932 996 3929
f 3911 3929 208
f 3932 3929 3911
f 997 3939 3937
f 3939 996 3932
f 3937 3932 990
f 3939 3932 3937
f 68 3921 4019
f 3921 993 4021
f 4019 4021 1018
f 3921 4021 4019
f 993 3922 4029
f 3922 255 4027
f 4029 4027 1020
f 3922 4027 4029
f 1018 4031 4020
f 4031 1020 4028
f 4020 4028 262
f 4031 4028 4020
f 993 4029 4021
f 4029 1020 4031
f 4021 4031 1018
f 4029 4031 4021
f 255 3920 3976
f 3920 992 3978
f 3976 3978 1008
f 3920 3978 3976
f 992 3919 3973
f 3919 16 3971
f 3973 3971 1006
f 3919 3971 3973
f 1008 3979 3977
f 3979 1006 3972
f 3977 3972 259
f 3979 3972 3977
f 992 3973 3978
f 3973 1006 3979
f 3978 3979 1008
f 3973 3979 3978
f 262 4038 4024
f 4038 1022 4041
f 4024 4041 1019
f 4038 4041 4024
f 1022 4037 4039
f 4037 259 3975
f 4039 3975 1007
f 4037 3975 4039
f 1019 4025 4023
f 4025 1007 3974
f 4023 3974 69
f 4025 3974 4023
f 1022 4039 4041
f 4039 1007 4025
f 4041 4025 1019
f 4039 4025 4041
f 255 3976 4027
f 3976 1008 4030
f 4027 4030 1020
f 3976 4030 4027
f 1008 3977 4040
f 3977 259 4037
f 4040 4037 1022
f 3977 4037 4040
f 1020 4042 4028
f 4042 1022 4038
f 4028 4038 262
f 4042 4038 4028
f 1008 4040 4030
f 4040 1022 4042
f 4030 4042 1020
f 4040 4042 4030
f 57 3980 3157
f 3980 1009 3982
f 3157 3982 804
f 3980 3982 3157
f 1009 3981 3991
f 3981 260 3988
f 3991 3988 1011
f 3981 3988 3991
f 804 3989 3158
f 3989 1011 3987
f 3158 3987 209
f 3989 3987 3158
f 1009 3991 3982
f 3991 1011 3989
f 3982 3989 804
f 3991 3989 3982
f 260 3985 3997
f 3985 1010 4000
f 3997 4000 1013
f 3985 4000 3997
f 1010 3984 3986
f 3984 69 3961
f 3986 3961 1003
f 3984 3961 3986
f 1013 3998 3996
f 3998 1003 3962
f 3996 3962 258
f 3998 3962 3996
f 1010 3986 4000
f 3986 1003 3998
f 4000 3998 1013
f 3986 3998 4000
f 209 3963 3155
f 3963 1004 3965
f 3155 3965 803
f 3963 3965 3155
f 1004 3964 3966
f 3964 258 3958
f 3966 3958 1002
f 3964 3958 3966
f 803 3959 3154
f 3959 1002 3957
f 3154 3957 13
f 3959 3957 3154
f 1004 3966 3965
f 3966 1002 3959
f 3965 3959 803
f 3966 3959 3965
f 260 3997 3988
f 3997 1013 4001
f 3988 4001 1011
f 3997 4001 3988
f 1013 3996 3999
f 3996 258 3964
f 3999 3964 1004
f 3996 3964 3999
f 1011 3990 3987
f 3990 1004 3963
f 3987 3963 209
f 3990 3963 3987
f 1013 3999 4001
f 3999 1004 3990
f 4001 3990 1011
f 3999 3990 4001
f 68 4019 3926
f 4019 1018 4022
f 3926 4022 995
f 4019 4022 3926
f 1018 4020 4036
f 4020 262 4033
f 4036 4033 1021
f 4020 4033 4036
f 995 4034 3927
f 4034 1021 4032
f 3927 4032 256
f 4034 4032 3927
f 1018 4036 4022
f 4036 1021 4034
f 4022 4034 995
f 4036 4034 4022
f 262 4024 4044
f 4024 1019 4047
f 4044 4047 1023
f 4024 4047 4044
f 1019 4023 4026
f 4023 69 3984
f 4026 3984 1010
f 4023 3984 4026
f 1023 4045 4043
f 4045 1010 3985
f 4043 3985 260
f 4045 3985 4043
f 1019 4026 4047
f 4026 1010 4045
f 4047 4045 1023
f 4026 4045 4047
f 256 3992 3924
f 3992 1012 3994
f 3924 3994 994
f 3992 3994 3924
f 1012 3993 3995
f 3993 260 3981
f 3995 3981 1009
f 3993 3981 3995
f 994 3983 3923
f 3983 1009 3980
f 3923 3980 57
f 3983 3980 3923
f 1012 3995 3994
f 3995 1009 3983
f 3994 3983 994
f 3995 3983 3994
f 262 4044 4033
f 4044 1023 4048
f 4033 4048 1021
f 4044 4048 4033
f 1023 4043 4046
f 4043 260 3993
f 4046 3993 1012
f 4043 3993 4046
f 1021 4035 4032
f 4035 1012 3992
f 4032 3992 256
f 4035 3992 4032
f 1023 4046 4048
f 4046 1012 4035
f 4048 4035 1021
f 4046 4035 4048
f 15 3560 4119
f 3560 904 4121
f 4119 4121 1041
f 3560 4121 4119
f 904 3561 4127
f 3561 234 4125
f 4127 4125 1043
f 3561 4125 4127
f 1041 4128 4120
f 4128 1043 4126
f 4120 4126 267
f 4128 4126 4120
f 904 4127 4121
f 4127 1043 4128
f 4121 4128 1041
f 4127 4128 4121
f 234 3564 4154
f 3564 905 4156
f 4154 4156 1051
f 3564 4156 4154
f 905 3563 4149
f 3563 63 4147
f 4149 4147 1049
f 3563 4147 4149
f 1051 4158 4155
f 4158 1049 4148
f 4155 4148 269
f 4158 4148 4155
f 905 4149 4156
f 4149 1049 4158
f 4156 4158 1051
f 4149 4158 4156
f 267 4163 4124
f 4163 1053 4165
f 4124 4165 1042
f 4163 4165 4124
f 1053 4164 4167
f 4164 269 4152
f 4167 4152 1050
f 4164 4152 4167
f 1042 4153 4123
f 4153 1050 4151
f 4123 4151 71
f 4153 4151 4123
f 1053 4167 4165
f 4167 1050 4153
f 4165 4153 1042
f 4167 4153 4165
f 234 4154 4125
f 4154 1051 4157
f 4125 4157 1043
f 4154 4157 4125
f 1051 4155 4168
f 4155 269 4164
f 4168 4164 1053
f 4155 4164 4168
f 1043 4166 4126
f 4166 1053 4163
f 4126 4163 267
f 4166 4163 4126
f 1051 4168 4157
f 4168 1053 4166
f 4157 4166 1043
f 4168 4166 4157
f 63 3554 3888
f 3554 902 3890
f 3888 3890 984
f 3554 3890 3888
f 902 3555 3896
f 3555 233 3894
f 3896 3894 986
f 3555 3894 3896
f 984 3898 3889
f 3898 986 3895
f 3889 3895 253
f 3898 3895 3889
f 902 3896 3890
f 3896 986 3898
f 3890 3898 984
f 3896 3898 3890
f 233 3552 3880
f 3552 901 3882
f 3880 3882 981
f 3552 3882 3880
f 901 3551 3877
f 3551 8 3875
f 3877 3875 979
f 3551 3875 3877
f 981 3883 3881
f 3883 979 3876
f 3881 3876 251
f 3883 3876 3881
f 901 3877 3882
f 3877 979 3883
f 3882 3883 981
f 3877 3883 3882
f 253 3900 3892
f 3900 987 3903
f 3892 3903 985
f 3900 3903 3892
f 987 3899 3901
f 3899 251 3879
f 3901 3879 980
f 3899 3879 3901
f 985 3893 3891
f 3893 980 3878
f 3891 3878 67
f 3893 3878 3891
f 987 3901 3903
f 3901 980 3893
f 3903 3893 985
f 3901 3893 3903
f 233 3880 3894
f 3880 981 3897
f 3894 3897 986
f 3880 3897 3894
f 981 3881 3902
f 3881 251 3899
f 3902 3899 987
f 3881 3899 3902
f 986 3904 3895
f 3904 987 3900
f 3895 3900 253
f 3904 3900 3895
f 981 3902 3897
f 3902 987 3904
f 3897 3904 986
f 3902 3904 3897
f 71 4195 4137
f 4195 1060 4197
f 4137 4197 1046
f 4195 4197 4137
f 1060 4196 4213
f 4196 271 4210
f 4213 4210 1063
f 4196 4210 4213
f 1046 4211 4138
f 4211 1063 4209
f 4138 4209 268
f 4211 4209 4138
f 1060 4213 4197
f 4213 1063 4211
f 4197 4211 1046
f 4213 4211 4197
f 271 4192 4200
f 4192 1059 4203
f 4200 4203 1061
f 4192 4203 4200
f 1059 4191 4193
f 4191 67 3886
f 4193 3886 983
f 4191 3886 4193
f 1061 4201 4199
f 4201 983 3887
f 4199 3887 252
f 4201 3887 4199
f 1059 4193 4203
f 4193 983 4201
f 4203 4201 1061
f 4193 4201 4203
f 268 4140 4134
f 4140 1047 4142
f 4134 4142 1045
f 4140 4142 4134
f 1047 4139 4141
f 4139 252 3885
f 4141 3885 982
f 4139 3885 4141
f 1045 4135 4133
f 4135 982 3884
f 4133 3884 16
f 4135 3884 4133
f 1047 4141 4142
f 4141 982 4135
f 4142 4135 1045
f 4141 4135 4142
f 271 4200 4210
f 4200 1061 4214
f 4210 4214 1063
f 4200 4214 4210
f 1061 4199 4202
f 4199 252 4139
f 4202 4139 1047
f 4199 4139 4202
f 1063 4212 4209
f 4212 1047 4140
f 4209 4140 268
f 4212 4140 4209
f 1061 4202 4214
f 4202 1047 4212
f 4214 4212 1063
f 4202 4212 4214
f 63 3888 4147
f 3888 984 4150
f 4147 4150 1049
f 3888 4150 4147
f 984 3889 4161
f 3889 253 4159
f 4161 4159 1052
f 3889 4159 4161
f 1049 4162 4148
f 4162 1052 4160
f 4148 4160 269
f 4162 4160 4148
f 984 4161 4150
f 4161 1052 4162
f 4150 4162 1049
f 4161 4162 4150
f 253 3892 4204
f 3892 985 4206
f 4204 4206 1062
f 3892 4206 4204
f 985 3891 4194
f 3891 67 4191
f 4194 4191 1059
f 3891 4191 4194
f 1062 4208 4205
f 4208 1059 4192
f 4205 4192 271
f 4208 4192 4205
f 985 4194 4206
f 4194 1059 4208
f 4206 4208 1062
f 4194 4208 4206
f 269 4215 4152
f 4215 1064 4217
f 4152 4217 1050
f 4215 4217 4152
f 1064 4216 4219
f 4216 271 4196
f 4219 4196 1060
f 4216 4196 4219
f 1050 4198 4151
f 4198 1060 4195
f 4151 4195 71
f 4198 4195 4151
f 1064 4219 4217
f 4219 1060 4198
f 4217 4198 1050
f 4219 4198 4217
f 253 4204 4159
f 4204 1062 4207
f 4159 4207 1052
f 4204 4207 4159
f 1062 4205 4220
f 4205 271 4216
f 4220 4216 1064
f 4205 4216 4220
f 1052 4218 4160
f 4218 1064 4215
f 4160 4215 269
f 4218 4215 4160
f 1062 4220 4207
f 4220 1064 4218
f 4207 4218 1052
f 4220 4218 4207
f 12 3805 3905
f 3805 962 3908
f 3905 3908 988
f 3805 3908 3905
f 962 3806 3917
f 3806 247 3915
f 3917 3915 991
f 3806 3915 3917
f 988 3918 3906
f 3918 991 3916
f 3906 3916 254
f 3918 3916 3906
f 962 3917 3908
f 3917 991 3918
f 3908 3918 988
f 3917 3918 3908
f 247 3809 3946
f 3809 963 3948
f 3946 3948 1000
f 3809 3948 3946
f 963 3808 3942
f 3808 66 3940
f 3942 3940 998
f 3808 3940 3942
f 1000 3950 3947
f 3950 998 3941
f 3947 3941 257
f 3950 3941 3947
f 963 3942 3948
f 3942 998 3950
f 3948 3950 1000
f 3942 3950 3948
f 254 3951 3910
f 3951 1001 3953
f 3910 3953 989
f 3951 3953 3910
f 1001 3952 3955
f 3952 257 3944
f 3955 3944 999
f 3952 3944 3955
f 989 3945 3909
f 3945 999 3943
f 3909 3943 68
f 3945 3943 3909
f 1001 3955 3953
f 3955 999 3945
f 3953 3945 989
f 3955 3945 3953
f 247 3946 3915
f 3946 1000 3949
f 3915 3949 991
f 3946 3949 3915
f 1000 3947 3956
f 3947 257 3952
f 3956 3952 1001
f 3947 3952 3956
f 991 3954 3916
f 3954 1001 3951
f 3916 3951 254
f 3954 3951 3916
f 1000 3956 3949
f 3956 1001 3954
f 3949 3954 991
f 3956 3954 3949
f 66 3817 4169
f 3817 966 4171
f 4169 4171 1054
f 3817 4171 4169
f 966 3818 4178
f 3818 248 4176
f 4178 4176 1056
f 3818 4176 4178
f 1054 4180 4170
f 4180 1056 4177
f 4170 4177 270
f 4180 4177 4170
f 966 4178 4171
f 4178 1056 4180
f 4171 4180 1054
f 4178 4180 4171
f 248 3815 4129
f 3815 965 4131
f 4129 4131 1044
f 3815 4131 4129
f 965 3814 4122
f 3814 15 4119
f 4122 4119 1041
f 3814 4119 4122
f 1044 4132 4130
f 4132 1041 4120
f 4130 4120 267
f 4132 4120 4130
f 965 4122 4131
f 4122 1041 4132
f 4131 4132 1044
f 4122 4132 4131
f 270 4186 4174
f 4186 1058 4189
f 4174 4189 1055
f 4186 4189 4174
f 1058 4185 4187
f 4185 267 4124
f 4187 4124 1042
f 4185 4124 4187
f 1055 4175 4173
f 4175 1042 4123
f 4173 4123 71
f 4175 4123 4173
f 1058 4187 4189
f 4187 1042 4175
f 4189 4175 1055
f 4187 4175 4189
f 248 4129 4176
f 4129 1044 4179
f 4176 4179 1056
f 4129 4179 4176
f 1044 4130 4188
f 4130 267 4185
f 4188 4185 1058
f 4130 4185 4188
f 1056 4190 4177
f 4190 1058 4186
f 4177 4186 270
f 4190 4186 4177
f 1044 4188 4179
f 4188 1058 4190
f 4179 4190 1056
f 4188 4190 4179
f 68 4221 3921
f 4221 1065 4223
f 3921 4223 993
f 4221 4223 3921
f 1065 4222 4233
f 4222 272 4230
f 4233 4230 1067
f 4222 4230 4233
f 993 4231 3922
f 4231 1067 4229
f 3922 4229 255
f 4231 4229 3922
f 1065 4233 4223
f 4233 1067 4231
f 4223 4231 993
f 4233 4231 4223
f 272 4226 4240
f 4226 1066 4243
f 4240 4243 1069
f 4226 4243 4240
f 1066 4225 4227
f 4225 71 4137
f 4227 4137 1046
f 4225 4137 4227
f 1069 4241 4239
f 4241 1046 4138
f 4239 4138 268
f 4241 4138 4239
f 1066 4227 4243
f 4227 1046 4241
f 4243 4241 1069
f 4227 4241 4243
f 255 4143 3920
f 4143 1048 4145
f 3920 4145 992
f 4143 4145 3920
f 1048 4144 4146
f 4144 268 4134
f 4146 4134 1045
f 4144 4134 4146
f 992 4136 3919
f 4136 1045 4133
f 3919 4133 16
f 4136 4133 3919
f 1048 4146 4145
f 4146 1045 4136
f 4145 4136 992
f 4146 4136 4145
f 272 4240 4230
f 4240 1069 4244
f 4230 4244 1067
f 4240 4244 4230
f 1069 4239 4242
f 4239 268 4144
f 4242 4144 1048
f 4239 4144 4242
f 1067 4232 4229
f 4232 1048 4143
f 4229 4143 255
f 4232 4143 4229
f 1069 4242 4244
f 4242 1048 4232
f 4244 4232 1067
f 4242 4232 4244
f 66 4169 3940
f 4169 1054 4172
f 3940 4172 998
f 4169 4172 3940
f 1054 4170 4184
f 4170 270 4182
f 4184 4182 1057
f 4170 4182 4184
f 998 4183 3941
f 4183 1057 4181
f 3941 4181 257
f 4183 4181 3941
f 1054 4184 4172
f 4184 1057 4183
f 4172 4183 998
f 4184 4183 4172
f 270 4174 4245
f 4174 1055 4247
f 4245 4247 1070
f 4174 4247 4245
f 1055 4173 4228
f 4173 71 4225
f 4228 4225 1066
f 4173 4225 4228
f 1070 4249 4246
f 4249 1066 4226
f 4246 4226 272
f 4249 4226 4246
f 1055 4228 4247
f 4228 1066 4249
f 4247 4249 1070
f 4228 4249 4247
f 257 4234 3944
f 4234 1068 4236
f 3944 4236 999
f 4234 4236 3944
f 1068 4235 4238
f 4235 272 4222
f 4238 4222 1065
f 4235 4222 4238
f 999 4224 3943
f 4224 1065 4221
f 3943 4221 68
f 4224 4221 3943
f 1068 4238 4236
f 4238 1065 4224
f 4236 4224 999
f 4238 4224 4236
f 270 4245 4182
f 4245 1070 4248
f 4182 4248 1057
f 4245 4248 4182
f 1070 4246 4250
f 4246 272 4235
f 4250 4235 1068
f 4246 4235 4250
f 1057 4237 4181
f 4237 1068 4234
f 4181 4234 257
f 4237 4234 4181
f 1070 4250 4248
f 4250 1068 4237
f 4248 4237 1057
f 4250 4237 4248
f 17 4443 5235
f 4443 1119 5237
f 5235 5237 1323
f 4443 5237 5235
f 1119 4444 5242
f 4444 285 5240
f 5242 5240 1325
f 4444 5240 5242
f 1323 5243 5236
f 5243 1325 5241
f 5236 5241 339
f 5243 5241 5236
f 1119 5242 5237
f 5242 1325 5243
f 5237 5243 1323
f 5242 5243 5237
f 285 4446 5254
f 4446 1120 5256
f 5254 5256 1330
f 4446 5256 5254
f 1120 4445 5250
f 4445 75 5248
f 5250 5248 1328
f 4445 5248 5250
f 1330 5258 5255
f 5258 1328 5249
f 5255 5249 341
f 5258 5249 5255
f 1120 5250 5256
f 5250 1328 5258
f 5256 5258 1330
f 5250 5258 5256
f 339 5259 5239
f 5259 1331 5261
f 5239 5261 1324
f 5259 5261 5239
f 1331 5260 5263
f 5260 341 5252
f 5263 5252 1329
f 5260 5252 5263
f 1324 5253 5238
f 5253 1329 5251
f 5238 5251 90
f 5253 5251 5238
f 1331 5263 5261
f 5263 1329 5253
f 5261 5253 1324
f 5263 5253 5261
f 285 5254 5240
f 5254 1330 5257
f 5240 5257 1325
f 5254 5257 5240
f 1330 5255 5264
f 5255 341 5260
f 5264 5260 1331
f 5255 5260 5264
f 1325 5262 5241
f 5262 1331 5259
f 5241 5259 339
f 5262 5259 5241
f 1330 5264 5257
f 5264 1331 5262
f 5257 5262 1325
f 5264 5262 5257
f 75 4449 5283
f 4449 1122 5285
f 5283 5285 1338
f 4449 5285 5283
f 1122 4450 5292
f 4450 286 5290
f 5292 5290 1340
f 4450 5290 5292
f 1338 5294 5284
f 5294 1340 5291
f 5284 5291 344
f 5294 5291 5284
f 1122 5292 5285
f 5292 1340 5294
f 5285 5294 1338
f 5292 5294 5285
f 286 4448 5270
f 4448 1121 5272
f 5270 5272 1334
f 4448 5272 5270
f 1121 4447 5267
f 4447 19 5265
f 5267 5265 1332
f 4447 5265 5267
f 1334 5273 5271
f 5273 1332 5266
f 5271 5266 342
f 5273 5266 5271
f 1121 5267 5272
f 5267 1332 5273
f 5272 5273 1334
f 5267 5273 5272
f 344 5300 5288
f 5300 1342 5303
f 5288 5303 1339
f 5300 5303 5288
f 1342 5299 5301
f 5299 342 5269
f 5301 5269 1333
f 5299 5269 5301
f 1339 5289 5287
f 5289 1333 5268
f 5287 5268 91
f 5289 5268 5287
f 1342 5301 5303
f 5301 1333 5289
f 5303 5289 1339
f 5301 5289 5303
f 286 5270 5290
f 5270 1334 5293
f 5290 5293 1340
f 5270 5293 5290
f 1334 5271 5302
f 5271 342 5299
f 5302 5299 1342
f 5271 5299 5302
f 1340 5304 5291
f 5304 1342 5300
f 5291 5300 344
f 5304 5300 5291
f 1334 5302 5293
f 5302 1342 5304
f 5293 5304 1340
f 5302 5304 5293
f 90 5305 5246
f 5305 1343 5307
f 5246 5307 1327
f 5305 5307 5246
f 1343 5306 5317
f 5306 345 5314
f 5317 5314 1345
f 5306 5314 5317
f 1327 5315 5247
f 5315 1345 5313
f 5247 5313 340
f 5315 5313 5247
f 1343 5317 5307
f 5317 1345 5315
f 5307 5315 1327
f 5317 5315 5307
f 345 5310 5324
f 5310 1344 5327
f 5324 5327 1347
f 5310 5327 5324
f 1344 5309 5311
f 5309 91 5277
f 5311 5277 1336
f 5309 5277 5311
f 1347 5325 5323
f 5325 1336 5278
f 5323 5278 343
f 5325 5278 5323
f 1344 5311 5327
f 5311 1336 5325
f 5327 5325 1347
f 5311 5325 5327
f 340 5279 5245
f 5279 1337 5281
f 5245 5281 1326
f 5279 5281 5245
f 1337 5280 5282
f 5280 343 5275
f 5282 5275 1335
f 5280 5275 5282
f 1326 5276 5244
f 5276 1335 5274
f 5244 5274 25
f 5276 5274 5244
f 1337 5282 5281
f 5282 1335 5276
f 5281 5276 1326
f 5282 5276 5281
f 345 5324 5314
f 5324 1347 5328
f 5314 5328 1345
f 5324 5328 5314
f 1347 5323 5326
f 5323 343 5280
f 5326 5280 1337
f 5323 5280 5326
f 1345 5316 5313
f 5316 1337 5279
f 5313 5279 340
f 5316 5279 5313
f 1347 5326 5328
f 5326 1337 5316
f 5328 5316 1345
f 5326 5316 5328
f 75 5283 5248
f 5283 1338 5286
f 5248 5286 1328
f 5283 5286 5248
f 1338 5284 5298
f 5284 344 5296
f 5298 5296 1341
f 5284 5296 5298
f 1328 5297 5249
f 5297 1341 5295
f 5249 5295 341
f 5297 5295 5249
f 1338 5298 5286
f 5298 1341 5297
f 5286 5297 1328
f 5298 5297 5286
f 344 5288 5329
f 5288 1339 5331
f 5329 5331 1348
f 5288 5331 5329
f 1339 5287 5312
f 5287 91 5309
f 5312 5309 1344
f 5287 5309 5312
f 1348 5333 5330
f 5333 1344 5310
f 5330 5310 345
f 5333 5310 5330
f 1339 5312 5331
f 5312 1344 5333
f 5331 5333 1348
f 5312 5333 5331
f 341 5318 5252
f 5318 1346 5320
f 5252 5320 1329
f 5318 5320 5252
f 1346 5319 5322
f 5319 345 5306
f 5322 5306 1343
f 5319 5306 5322
f 1329 5308 5251
f 5308 1343 5305
f 5251 5305 90
f 5308 5305 5251
f 1346 5322 5320
f 5322 1343 5308
f 5320 5308 1329
f 5322 5308 5320
f 344 5329 5296
f 5329 1348 5332
f 5296 5332 1341
f 5329 5332 5296
f 1348 5330 5334
f 5330 345 5319
f 5334 5319 1346
f 5330 5319 5334
f 1341 5321 5295
f 5321 1346 5318
f 5295 5318 341
f 5321 5318 5295
f 1348 5334 5332
f 5334 1346 5321
f 5332 5321 1341
f 5334 5321 5332
f 17 4459 4443
f 4459 1127 4461
f 4443 4461 1119
f 4459 4461 4443
f 1127 4460 4467
f 4460 289 4465
f 4467 4465 1129
f 4460 4465 4467
f 1119 4466 4444
f 4466 1129 4464
f 4444 4464 285
f 4466 4464 4444
f 1127 4467 4461
f 4467 1129 4466
f 4461 4466 1119
f 4467 4466 4461
f 289 4463 4483
f 4463 1128 4485
f 4483 4485 1135
f 4463 4485 4483
f 1128 4462 4477
f 4462 77 4475
f 4477 4475 1133
f 4462 4475 4477
f 1135 4487 4484
f 4487 1133 4476
f 4484 4476 291
f 4487 4476 4484
f 1128 4477 4485
f 4477 1133 4487
f 4485 4487 1135
f 4477 4487 4485
f 285 4478 4446
f 4478 1134 4480
f 4446 4480 1120
f 4478 4480 4446
f 1134 4479 4482
f 4479 291 4473
f 4482 4473 1132
f 4479 4473 4482
f 1120 4474 4445
f 4474 1132 4472
f 4445 4472 75
f 4474 4472 4445
f 1134 4482 4480
f 4482 1132 4474
f 4480 4474 1120
f 4482 4474 4480
f 289 4483 4465
f 4483 1135 4486
f 4465 4486 1129
f 4483 4486 4465
f 1135 4484 4488
f 4484 291 4479
f 4488 4479 1134
f 4484 4479 4488
f 1129 4481 4464
f 4481 1134 4478
f 4464 4478 285
f 4481 4478 4464
f 1135 4488 4486
f 4488 1134 4481
f 4486 4481 1129
f 4488 4481 4486
f 77 4470 4529
f 4470 1131 4531
f 4529 4531 1147
f 4470 4531 4529
f 1131 4471 4539
f 4471 290 4537
f 4539 4537 1149
f 4471 4537 4539
f 1147 4541 4530
f 4541 1149 4538
f 4530 4538 295
f 4541 4538 4530
f 1131 4539 4531
f 4539 1149 4541
f 4531 4541 1147
f 4539 4541 4531
f 290 4469 4503
f 4469 1130 4505
f 4503 4505 1141
f 4469 4505 4503
f 1130 4468 4500
f 4468 21 4498
f 4500 4498 1139
f 4468 4498 4500
f 1141 4506 4504
f 4506 1139 4499
f 4504 4499 293
f 4506 4499 4504
f 1130 4500 4505
f 4500 1139 4506
f 4505 4506 1141
f 4500 4506 4505
f 295 4548 4534
f 4548 1151 4551
f 4534 4551 1148
f 4548 4551 4534
f 1151 4547 4549
f 4547 293 4502
f 4549 4502 1140
f 4547 4502 4549
f 1148 4535 4533
f 4535 1140 4501
f 4533 4501 78
f 4535 4501 4533
f 1151 4549 4551
f 4549 1140 4535
f 4551 4535 1148
f 4549 4535 4551
f 290 4503 4537
f 4503 1141 4540
f 4537 4540 1149
f 4503 4540 4537
f 1141 4504 4550
f 4504 293 4547
f 4550 4547 1151
f 4504 4547 4550
f 1149 4552 4538
f 4552 1151 4548
f 4538 4548 295
f 4552 4548 4538
f 1141 4550 4540
f 4550 1151 4552
f 4540 4552 1149
f 4550 4552 4540
f 75 4507 4449
f 4507 1142 4509
f 4449 4509 1122
f 4507 4509 4449
f 1142 4508 4518
f 4508 294 4515
f 4518 4515 1144
f 4508 4515 4518
f 1122 4516 4450
f 4516 1144 4514
f 4450 4514 286
f 4516 4514 4450
f 1142 4518 4509
f 4518 1144 4516
f 4509 4516 1122
f 4518 4516 4509
f 294 4512 4524
f 4512 1143 4527
f 4524 4527 1146
f 4512 4527 4524
f 1143 4511 4513
f 4511 78 4492
f 4513 4492 1137
f 4511 4492 4513
f 1146 4525 4523
f 4525 1137 4493
f 4523 4493 292
f 4525 4493 4523
f 1143 4513 4527
f 4513 1137 4525
f 4527 4525 1146
f 4513 4525 4527
f 286 4494 4448
f 4494 1138 4496
f 4448 4496 1121
f 4494 4496 4448
f 1138 4495 4497
f 4495 292 4490
f 4497 4490 1136
f 4495 4490 4497
f 1121 4491 4447
f 4491 1136 4489
f 4447 4489 19
f 4491 4489 4447
f 1138 4497 4496
f 4497 1136 4491
f 4496 4491 1121
f 4497 4491 4496
f 294 4524 4515
f 4524 1146 4528
f 4515 4528 1144
f 4524 4528 4515
f 1146 4523 4526
f 4523 292 4495
f 4526 4495 1138
f 4523 4495 4526
f 1144 4517 4514
f 4517 1138 4494
f 4514 4494 286
f 4517 4494 4514
f 1146 4526 4528
f 4526 1138 4517
f 4528 4517 1144
f 4526 4517 4528
f 77 4529 4475
f 4529 1147 4532
f 4475 4532 1133
f 4529 4532 4475
f 1147 4530 4546
f 4530 295 4543
f 4546 4543 1150
f 4530 4543 4546
f 1133 4544 4476
f 4544 1150 4542
f 4476 4542 291
f 4544 4542 4476
f 1147 4546 4532
f 4546 1150 4544
f 4532 4544 1133
f 4546 4544 4532
f 295 4534 4554
f 4534 1148 4557
f 4554 4557 1152
f 4534 4557 4554
f 1148 4533 4536
f 4533 78 4511
f 4536 4511 1143
f 4533 4511 4536
f 1152 4555 4553
f 4555 1143 4512
f 4553 4512 294
f 4555 4512 4553
f 1148 4536 4557
f 4536 1143 4555
f 4557 4555 1152
f 4536 4555 4557
f 291 4519 4473
f 4519 1145 4521
f 4473 4521 1132
f 4519 4521 4473
f 1145 4520 4522
f 4520 294 4508
f 4522 4508 1142
f 4520 4508 4522
f 1132 4510 4472
f 4510 1142 4507
f 4472 4507 75
f 4510 4507 4472
f 1145 4522 4521
f 4522 1142 4510
f 4521 4510 1132
f 4522 4510 4521
f 295 4554 4543
f 4554 1152 4558
f 4543 4558 1150
f 4554 4558 4543
f 1152 4553 4556
f 4553 294 4520
f 4556 4520 1145
f 4553 4520 4556
f 1150 4545 4542
f 4545 1145 4519
f 4542 4519 291
f 4545 4519 4542
f 1152 4556 4558
f 4556 1145 4545
f 4558 4545 1150
f 4556 4545 4558
f 19 4851 5335
f 4851 1227 5337
f 5335 5337 1349
f 4851 5337 5335
f 1227 4852 5343
f 4852 315 5341
f 5343 5341 1351
f 4852 5341 5343
f 1349 5344 5336
f 5344 1351 5342
f 5336 5342 346
f 5344 5342 5336
f 1227 5343 5337
f 5343 1351 5344
f 5337 5344 1349
f 5343 5344 5337
f 315 4855 5359
f 4855 1228 5361
f 5359 5361 1357
f 4855 5361 5359
f 1228 4854 5355
f 4854 84 5353
f 5355 5353 1355
f 4854 5353 5355
f 1357 5363 5360
f 5363 1355 5354
f 5360 5354 348
f 5363 5354 5360
f 1228 5355 5361
f 5355 1355 5363
f 5361 5363 1357
f 5355 5363 5361
f 346 5364 5340
f 5364 1358 5366
f 5340 5366 1350
f 5364 5366 5340
f 1358 5365 5368
f 5365 348 5357
f 5368 5357 1356
f 5365 5357 5368
f 1350 5358 5339
f 5358 1356 5356
f 5339 5356 92
f 5358 5356 5339
f 1358 5368 5366
f 5368 1356 5358
f 5366 5358 1350
f 5368 5358 5366
f 315 5359 5341
f 5359 1357 5362
f 5341 5362 1351
f 5359 5362 5341
f 1357 5360 5369
f 5360 348 5365
f 5369 5365 1358
f 5360 5365 5369
f 1351 5367 5342
f 5367 1358 5364
f 5342 5364 346
f 5367 5364 5342
f 1357 5369 5362
f 5369 1358 5367
f 5362 5367 1351
f 5369 5367 5362
f 84 4862 5405
f 4862 1231 5407
f 5405 5407 1369
f 4862 5407 5405
f 1231 4863 5414
f 4863 316 5412
f 5414 5412 1371
f 4863 5412 5414
f 1369 5416 5406
f 5416 1371 5413
f 5406 5413 352
f 5416 5413 5406
f 1231 5414 5407
f 5414 1371 5416
f 5407 5416 1369
f 5414 5416 5407
f 316 4861 5392
f 4861 1230 5394
f 5392 5394 1365
f 4861 5394 5392
f 1230 4860 5389
f 4860 23 5387
f 5389 5387 1363
f 4860 5387 5389
f 1365 5395 5393
f 5395 1363 5388
f 5393 5388 350
f 5395 5388 5393
f 1230 5389 5394
f 5389 1363 5395
f 5394 5395 1365
f 5389 5395 5394
f 352 5422 5410
f 5422 1373 5425
f 5410 5425 1370
f 5422 5425 5410
f 1373 5421 5423
f 5421 350 5391
f 5423 5391 1364
f 5421 5391 5423
f 1370 5411 5409
f 5411 1364 5390
f 5409 5390 93
f 5411 5390 5409
f 1373 5423 5425
f 5423 1364 5411
f 5425 5411 1370
f 5423 5411 5425
f 316 5392 5412
f 5392 1365 5415
f 5412 5415 1371
f 5392 5415 5412
f 1365 5393 5424
f 5393 350 5421
f 5424 5421 1373
f 5393 5421 5424
f 1371 5426 5413
f 5426 1373 5422
f 5413 5422 352
f 5426 5422 5413
f 1365 5424 5415
f 5424 1373 5426
f 5415 5426 1371
f 5424 5426 5415
f 92 5427 5351
f 5427 1374 5429
f 5351 5429 1354
f 5427 5429 5351
f 1374 5428 5439
f 5428 353 5436
f 5439 5436 1376
f 5428 5436 5439
f 1354 5437 5352
f 5437 1376 5435
f 5352 5435 347
f 5437 5435 5352
f 1374 5439 5429
f 5439 1376 5437
f 5429 5437 1354
f 5439 5437 5429
f 353 5432 5446
f 5432 1375 5449
f 5446 5449 1378
f 5432 5449 5446
f 1375 5431 5433
f 5431 93 5399
f 5433 5399 1367
f 5431 5399 5433
f 1378 5447 5445
f 5447 1367 5400
f 5445 5400 351
f 5447 5400 5445
f 1375 5433 5449
f 5433 1367 5447
f 5449 5447 1378
f 5433 5447 5449
f 347 5401 5350
f 5401 1368 5403
f 5350 5403 1353
f 5401 5403 5350
f 1368 5402 5404
f 5402 351 5397
f 5404 5397 1366
f 5402 5397 5404
f 1353 5398 5349
f 5398 1366 5396
f 5349 5396 26
f 5398 5396 5349
f 1368 5404 5403
f 5404 1366 5398
f 5403 5398 1353
f 5404 5398 5403
f 353 5446 5436
f 5446 1378 5450
f 5436 5450 1376
f 5446 5450 5436
f 1378 5445 5448
f 5445 351 5402
f 5448 5402 1368
f 5445 5402 5448
f 1376 5438 5435
f 5438 1368 5401
f 5435 5401 347
f 5438 5401 5435
f 1378 5448 5450
f 5448 1368 5438
f 5450 5438 1376
f 5448 5438 5450
f 84 5405 5353
f 5405 1369 5408
f 5353 5408 1355
f 5405 5408 5353
f 1369 5406 5420
f 5406 352 5418
f 5420 5418 1372
f 5406 5418 5420
f 1355 5419 5354
f 5419 1372 5417
f 5354 5417 348
f 5419 5417 5354
f 1369 5420 5408
f 5420 1372 5419
f 5408 5419 1355
f 5420 5419 5408
f 352 5410 5451
f 5410 1370 5453
f 5451 5453 1379
f 5410 5453 5451
f 1370 5409 5434
f 5409 93 5431
f 5434 5431 1375
f 5409 5431 5434
f 1379 5455 5452
f 5455 1375 5432
f 5452 5432 353
f 5455 5432 5452
f 1370 5434 5453
f 5434 1375 5455
f 5453 5455 1379
f 5434 5455 5453
f 348 5440 5357
f 5440 1377 5442
f 5357 5442 1356
f 5440 5442 5357
f 1377 5441 5444
f 5441 353 5428
f 5444 5428 1374
f 5441 5428 5444
f 1356 5430 5356
f 5430 1374 5427
f 5356 5427 92
f 5430 5427 5356
f 1377 5444 5442
f 5444 1374 5430
f 5442 5430 1356
f 5444 5430 5442
f 352 5451 5418
f 5451 1379 5454
f 5418 5454 1372
f 5451 5454 5418
f 1379 5452 5456
f 5452 353 5441
f 5456 5441 1377
f 5452 5441 5456
f 1372 5443 5417
f 5443 1377 5440
f 5417 5440 348
f 5443 5440 5417
f 1379 5456 5454
f 5456 1377 5443
f 5454 5443 1372
f 5456 5443 5454
f 17 6095 4459
f 6095 1537 6097
f 4459 6097 1127
f 6095 6097 4459
f 1537 6096 6104
f 6096 392 6102
f 6104 6102 1539
f 6096 6102 6104
f 1127 6103 4460
f 6103 1539 6101
f 4460 6101 289
f 6103 6101 4460
f 1537 6104 6097
f 6104 1539 6103
f 6097 6103 1127
f 6104 6103 6097
f 392 6100 6124
f 6100 1538 6126
f 6124 6126 1546
f 6100 6126 6124
f 1538 6099 6118
f 6099 103 6116
f 6118 6116 1544
f 6099 6116 6118
f 1546 6128 6125
f 6128 1544 6117
f 6125 6117 394
f 6128 6117 6125
f 1538 6118 6126
f 6118 1544 6128
f 6126 6128 1546
f 6118 6128 6126
f 289 6119 4463
f 6119 1545 6121
f 4463 6121 1128
f 6119 6121 4463
f 1545 6120 6123
f 6120 394 6114
f 6123 6114 1543
f 6120 6114 6123
f 1128 6115 4462
f 6115 1543 6113
f 4462 6113 77
f 6115 6113 4462
f 1545 6123 6121
f 6123 1543 6115
f 6121 6115 1128
f 6123 6115 6121
f 392 6124 6102
f 6124 1546 6127
f 6102 6127 1539
f 6124 6127 6102
f 1546 6125 6129
f 6125 394 6120
f 6129 6120 1545
f 6125 6120 6129
f 1539 6122 6101
f 6122 1545 6119
f 6101 6119 289
f 6122 6119 6101
f 1546 6129 6127
f 6129 1545 6122
f 6127 6122 1539
f 6129 6122 6127
f 103 6111 6209
f 6111 1542 6211
f 6209 6211 1567
f 6111 6211 6209
f 1542 6112 6219
f 6112 393 6217
f 6219 6217 1569
f 6112 6217 6219
f 1567 6221 6210
f 6221 1569 6218
f 6210 6218 400
f 6221 6218 6210
f 1542 6219 6211
f 6219 1569 6221
f 6211 6221 1567
f 6219 6221 6211
f 393 6110 6166
f 6110 1541 6168
f 6166 6168 1557
f 6110 6168 6166
f 1541 6109 6163
f 6109 29 6161
f 6163 6161 1555
f 6109 6161 6163
f 1557 6169 6167
f 6169 1555 6162
f 6167 6162 397
f 6169 6162 6167
f 1541 6163 6168
f 6163 1555 6169
f 6168 6169 1557
f 6163 6169 6168
f 400 6228 6214
f 6228 1571 6231
f 6214 6231 1568
f 6228 6231 6214
f 1571 6227 6229
f 6227 397 6165
f 6229 6165 1556
f 6227 6165 6229
f 1568 6215 6213
f 6215 1556 6164
f 6213 6164 104
f 6215 6164 6213
f 1571 6229 6231
f 6229 1556 6215
f 6231 6215 1568
f 6229 6215 6231
f 393 6166 6217
f 6166 1557 6220
f 6217 6220 1569
f 6166 6220 6217
f 1557 6167 6230
f 6167 397 6227
f 6230 6227 1571
f 6167 6227 6230
f 1569 6232 6218
f 6232 1571 6228
f 6218 6228 400
f 6232 6228 6218
f 1557 6230 6220
f 6230 1571 6232
f 6220 6232 1569
f 6230 6232 6220
f 77 6170 4470
f 6170 1558 6172
f 4470 6172 1131
f 6170 6172 4470
f 1558 6171 6181
f 6171 398 6178
f 6181 6178 1560
f 6171 6178 6181
f 1131 6179 4471
f 6179 1560 6177
f 4471 6177 290
f 6179 6177 4471
f 1558 6181 6172
f 6181 1560 6179
f 6172 6179 1131
f 6181 6179 6172
f 398 6175 6187
f 6175 1559 6190
f 6187 6190 1562
f 6175 6190 6187
f 1559 6174 6176
f 6174 104 6151
f 6176 6151 1552
f 6174 6151 6176
f 1562 6188 6186
f 6188 1552 6152
f 6186 6152 396
f 6188 6152 6186
f 1559 6176 6190
f 6176 1552 6188
f 6190 6188 1562
f 6176 6188 6190
f 290 6153 4469
f 6153 1553 6155
f 4469 6155 1130
f 6153 6155 4469
f 1553 6154 6156
f 6154 396 6148
f 6156 6148 1551
f 6154 6148 6156
f 1130 6149 4468
f 6149 1551 6147
f 4468 6147 21
f 6149 6147 4468
f 1553 6156 6155
f 6156 1551 6149
f 6155 6149 1130
f 6156 6149 6155
f 398 6187 6178
f 6187 1562 6191
f 6178 6191 1560
f 6187 6191 6178
f 1562 6186 6189
f 6186 396 6154
f 6189 6154 1553
f 6186 6154 6189
f 1560 6180 6177
f 6180 1553 6153
f 6177 6153 290
f 6180 6153 6177
f 1562 6189 6191
f 6189 1553 6180
f 6191 6180 1560
f 6189 6180 6191
f 103 6209 6116
f 6209 1567 6212
f 6116 6212 1544
f 6209 6212 6116
f 1567 6210 6226
f 6210 400 6223
f 6226 6223 1570
f 6210 6223 6226
f 1544 6224 6117
f 6224 1570 6222
f 6117 6222 394
f 6224 6222 6117
f 1567 6226 6212
f 6226 1570 6224
f 6212 6224 1544
f 6226 6224 6212
f 400 6214 6234
f 6214 1568 6237
f 6234 6237 1572
f 6214 6237 6234
f 1568 6213 6216
f 6213 104 6174
f 6216 6174 1559
f 6213 6174 6216
f 1572 6235 6233
f 6235 1559 6175
f 6233 6175 398
f 6235 6175 6233
f 1568 6216 6237
f 6216 1559 6235
f 6237 6235 1572
f 6216 6235 6237
f 394 6182 6114
f 6182 1561 6184
f 6114 6184 1543
f 6182 6184 6114
f 1561 6183 6185
f 6183 398 6171
f 6185 6171 1558
f 6183 6171 6185
f 1543 6173 6113
f 6173 1558 6170
f 6113 6170 77
f 6173 6170 6113
f 1561 6185 6184
f 6185 1558 6173
f 6184 6173 1543
f 6185 6173 6184
f 400 6234 6223
f 6234 1572 6238
f 6223 6238 1570
f 6234 6238 6223
f 1572 6233 6236
f 6233 398 6183
f 6236 6183 1561
f 6233 6183 6236
f 1570 6225 6222
f 6225 1561 6182
f 6222 6182 394
f 6225 6182 6222
f 1572 6236 6238
f 6236 1561 6225
f 6238 6225 1570
f 6236 6225 6238
f 21 4911 4498
f 4911 1245 4913
f 4498 4913 1139
f 4911 4913 4498
f 1245 4912 4920
f 4912 321 4918
f 4920 4918 1247
f 4912 4918 4920
f 1139 4919 4499
f 4919 1247 4917
f 4499 4917 293
f 4919 4917 4499
f 1245 4920 4913
f 4920 1247 4919
f 4913 4919 1139
f 4920 4919 4913
f 321 4916 4955
f 4916 1246 4957
f 4955 4957 1257
f 4916 4957 4955
f 1246 4915 4945
f 4915 86 4943
f 4945 4943 1254
f 4915 4943 4945
f 1257 4959 4956
f 4959 1254 4944
f 4956 4944 323
f 4959 4944 4956
f 1246 4945 4957
f 4945 1254 4959
f 4957 4959 1257
f 4945 4959 4957
f 293 4946 4502
f 4946 1255 4948
f 4502 4948 1140
f 4946 4948 4502
f 1255 4947 4950
f 4947 323 4940
f 4950 4940 1253
f 4947 4940 4950
f 1140 4941 4501
f 4941 1253 4939
f 4501 4939 78
f 4941 4939 4501
f 1255 4950 4948
f 4950 1253 4941
f 4948 4941 1140
f 4950 4941 4948
f 321 4955 4918
f 4955 1257 4958
f 4918 4958 1247
f 4955 4958 4918
f 1257 4956 4960
f 4956 323 4947
f 4960 4947 1255
f 4956 4947 4960
f 1247 4949 4917
f 4949 1255 4946
f 4917 4946 293
f 4949 4946 4917
f 1257 4960 4958
f 4960 1255 4949
f 4958 4949 1247
f 4960 4949 4958
f 86 4929 4987
f 4929 1250 4989
f 4987 4989 1264
f 4929 4989 4987
f 1250 4930 5003
f 4930 322 5001
f 5003 5001 1267
f 4930 5001 5003
f 1264 5005 4988
f 5005 1267 5002
f 4988 5002 325
f 5005 5002 4988
f 1250 5003 4989
f 5003 1267 5005
f 4989 5005 1264
f 5003 5005 4989
f 322 4926 4932
f 4926 1249 4934
f 4932 4934 1251
f 4926 4934 4932
f 1249 4925 4927
f 4925 23 4860
f 4927 4860 1230
f 4925 4860 4927
f 1251 4933 4931
f 4933 1230 4861
f 4931 4861 316
f 4933 4861 4931
f 1249 4927 4934
f 4927 1230 4933
f 4934 4933 1251
f 4927 4933 4934
f 325 4992 4984
f 4992 1265 4995
f 4984 4995 1263
f 4992 4995 4984
f 1265 4991 4993
f 4991 316 4863
f 4993 4863 1231
f 4991 4863 4993
f 1263 4985 4983
f 4985 1231 4862
f 4983 4862 84
f 4985 4862 4983
f 1265 4993 4995
f 4993 1231 4985
f 4995 4985 1263
f 4993 4985 4995
f 322 4932 5001
f 4932 1251 5004
f 5001 5004 1267
f 4932 5004 5001
f 1251 4931 4994
f 4931 316 4991
f 4994 4991 1265
f 4931 4991 4994
f 1267 5006 5002
f 5006 1265 4992
f 5002 4992 325
f 5006 4992 5002
f 1251 4994 5004
f 4994 1265 5006
f 5004 5006 1267
f 4994 5006 5004
f 78 4864 4492
f 4864 1232 4866
f 4492 4866 1137
f 4864 4866 4492
f 1232 4865 4874
f 4865 317 4871
f 4874 4871 1234
f 4865 4871 4874
f 1137 4872 4493
f 4872 1234 4870
f 4493 4870 292
f 4872 4870 4493
f 1232 4874 4866
f 4874 1234 4872
f 4866 4872 1137
f 4874 4872 4866
f 317 4868 4876
f 4868 1233 4879
f 4876 4879 1235
f 4868 4879 4876
f 1233 4867 4869
f 4867 84 4854
f 4869 4854 1228
f 4867 4854 4869
f 1235 4877 4875
f 4877 1228 4855
f 4875 4855 315
f 4877 4855 4875
f 1233 4869 4879
f 4869 1228 4877
f 4879 4877 1235
f 4869 4877 4879
f 292 4856 4490
f 4856 1229 4858
f 4490 4858 1136
f 4856 4858 4490
f 1229 4857 4859
f 4857 315 4852
f 4859 4852 1227
f 4857 4852 4859
f 1136 4853 4489
f 4853 1227 4851
f 4489 4851 19
f 4853 4851 4489
f 1229 4859 4858
f 4859 1227 4853
f 4858 4853 1136
f 4859 4853 4858
f 317 4876 4871
f 4876 1235 4880
f 4871 4880 1234
f 4876 4880 4871
f 1235 4875 4878
f 4875 315 4857
f 4878 4857 1229
f 4875 4857 4878
f 1234 4873 4870
f 4873 1229 4856
f 4870 4856 292
f 4873 4856 4870
f 1235 4878 4880
f 4878 1229 4873
f 4880 4873 1234
f 4878 4873 4880
f 86 4987 4943
f 4987 1264 4990
f 4943 4990 1254
f 4987 4990 4943
f 1264 4988 5011
f 4988 325 5008
f 5011 5008 1268
f 4988 5008 5011
f 1254 5009 4944
f 5009 1268 5007
f 4944 5007 323
f 5009 5007 4944
f 1264 5011 4990
f 5011 1268 5009
f 4990 5009 1254
f 5011 5009 4990
f 325 4984 4997
f 4984 1263 5000
f 4997 5000 1266
f 4984 5000 4997
f 1263 4983 4986
f 4983 84 4867
f 4986 4867 1233
f 4983 4867 4986
f 1266 4998 4996
f 4998 1233 4868
f 4996 4868 317
f 4998 4868 4996
f 1263 4986 5000
f 4986 1233 4998
f 5000 4998 1266
f 4986 4998 5000
f 323 4952 4940
f 4952 1256 4954
f 4940 4954 1253
f 4952 4954 4940
f 1256 4951 4953
f 4951 317 4865
f 4953 4865 1232
f 4951 4865 4953
f 1253 4942 4939
f 4942 1232 4864
f 4939 4864 78
f 4942 4864 4939
f 1256 4953 4954
f 4953 1232 4942
f 4954 4942 1253
f 4953 4942 4954
f 325 4997 5008
f 4997 1266 5012
f 5008 5012 1268
f 4997 5012 5008
f 1266 4996 4999
f 4996 317 4951
f 4999 4951 1256
f 4996 4951 4999
f 1268 5010 5007
f 5010 1256 4952
f 5007 4952 323
f 5010 4952 5007
f 1266 4999 5012
f 4999 1256 5010
f 5012 5010 1268
f 4999 5010 5012
f 19 5335 5265
f 5335 1349 5338
f 5265 5338 1332
f 5335 5338 5265
f 1349 5336 5348
f 5336 346 5346
f 5348 5346 1352
f 5336 5346 5348
f 1332 5347 5266
f 5347 1352 5345
f 5266 5345 342
f 5347 5345 5266
f 1349 5348 5338
f 5348 1352 5347
f 5338 5347 1332
f 5348 5347 5338
f 346 5340 5381
f 5340 1350 5383
f 5381 5383 1362
f 5340 5383 5381
f 1350 5339 5375
f 5339 92 5373
f 5375 5373 1360
f 5339 5373 5375
f 1362 5385 5382
f 5385 1360 5374
f 5382 5374 349
f 5385 5374 5382
f 1350 5375 5383
f 5375 1360 5385
f 5383 5385 1362
f 5375 5385 5383
f 342 5376 5269
f 5376 1361 5378
f 5269 5378 1333
f 5376 5378 5269
f 1361 5377 5380
f 5377 349 5371
f 5380 5371 1359
f 5377 5371 5380
f 1333 5372 5268
f 5372 1359 5370
f 5268 5370 91
f 5372 5370 5268
f 1361 5380 5378
f 5380 1359 5372
f 5378 5372 1333
f 5380 5372 5378
f 346 5381 5346
f 5381 1362 5384
f 5346 5384 1352
f 5381 5384 5346
f 1362 5382 5386
f 5382 349 5377
f 5386 5377 1361
f 5382 5377 5386
f 1352 5379 5345
f 5379 1361 5376
f 5345 5376 342
f 5379 5376 5345
f 1362 5386 5384
f 5386 1361 5379
f 5384 5379 1352
f 5386 5379 5384
f 92 5351 5497
f 5351 1354 5499
f 5497 5499 1391
f 5351 5499 5497
f 1354 5352 5507
f 5352 347 5505
f 5507 5505 1393
f 5352 5505 5507
f 1391 5509 5498
f 5509 1393 5506
f 5498 5506 357
f 5509 5506 5498
f 1354 5507 5499
f 5507 1393 5509
f 5499 5509 1391
f 5507 5509 5499
f 347 5350 5471
f 5350 1353 5473
f 5471 5473 1385
f 5350 5473 5471
f 1353 5349 5468
f 5349 26 5466
f 5468 5466 1383
f 5349 5466 5468
f 1385 5474 5472
f 5474 1383 5467
f 5472 5467 355
f 5474 5467 5472
f 1353 5468 5473
f 5468 1383 5474
f 5473 5474 1385
f 5468 5474 5473
f 357 5516 5502
f 5516 1395 5519
f 5502 5519 1392
f 5516 5519 5502
f 1395 5515 5517
f 5515 355 5470
f 5517 5470 1384
f 5515 5470 5517
f 1392 5503 5501
f 5503 1384 5469
f 5501 5469 94
f 5503 5469 5501
f 1395 5517 5519
f 5517 1384 5503
f 5519 5503 1392
f 5517 5503 5519
f 347 5471 5505
f 5471 1385 5508
f 5505 5508 1393
f 5471 5508 5505
f 1385 5472 5518
f 5472 355 5515
f 5518 5515 1395
f 5472 5515 5518
f 1393 5520 5506
f 5520 1395 5516
f 5506 5516 357
f 5520 5516 5506
f 1385 5518 5508
f 5518 1395 5520
f 5508 5520 1393
f 5518 5520 5508
f 91 5475 5277
f 5475 1386 5477
f 5277 5477 1336
f 5475 5477 5277
f 1386 5476 5486
f 5476 356 5483
f 5486 5483 1388
f 5476 5483 5486
f 1336 5484 5278
f 5484 1388 5482
f 5278 5482 343
f 5484 5482 5278
f 1386 5486 5477
f 5486 1388 5484
f 5477 5484 1336
f 5486 5484 5477
f 356 5480 5492
f 5480 1387 5495
f 5492 5495 1390
f 5480 5495 5492
f 1387 5479 5481
f 5479 94 5460
f 5481 5460 1381
f 5479 5460 5481
f 1390 5493 5491
f 5493 1381 5461
f 5491 5461 354
f 5493 5461 5491
f 1387 5481 5495
f 5481 1381 5493
f 5495 5493 1390
f 5481 5493 5495
f 343 5462 5275
f 5462 1382 5464
f 5275 5464 1335
f 5462 5464 5275
f 1382 5463 5465
f 5463 354 5458
f 5465 5458 1380
f 5463 5458 5465
f 1335 5459 5274
f 5459 1380 5457
f 5274 5457 25
f 5459 5457 5274
f 1382 5465 5464
f 5465 1380 5459
f 5464 5459 1335
f 5465 5459 5464
f 356 5492 5483
f 5492 1390 5496
f 5483 5496 1388
f 5492 5496 5483
f 1390 5491 5494
f 5491 354 5463
f 5494 5463 1382
f 5491 5463 5494
f 1388 5485 5482
f 5485 1382 5462
f 5482 5462 343
f 5485 5462 5482
f 1390 5494 5496
f 5494 1382 5485
f 5496 5485 1388
f 5494 5485 5496
f 92 5497 5373
f 5497 1391 5500
f 5373 5500 1360
f 5497 5500 5373
f 1391 5498 5514
f 5498 357 5511
f 5514 5511 1394
f 5498 5511 5514
f 1360 5512 5374
f 5512 1394 5510
f 5374 5510 349
f 5512 5510 5374
f 1391 5514 5500
f 5514 1394 5512
f 5500 5512 1360
f 5514 5512 5500
f 357 5502 5522
f 5502 1392 5525
f 5522 5525 1396
f 5502 5525 5522
f 1392 5501 5504
f 5501 94 5479
f 5504 5479 1387
f 5501 5479 5504
f 1396 5523 5521
f 5523 1387 5480
f 5521 5480 356
f 5523 5480 5521
f 1392 5504 5525
f 5504 1387 5523
f 5525 5523 1396
f 5504 5523 5525
f 349 5487 5371
f 5487 1389 5489
f 5371 5489 1359
f 5487 5489 5371
f 1389 5488 5490
f 5488 356 5476
f 5490 5476 1386
f 5488 5476 5490
f 1359 5478 5370
f 5478 1386 5475
f 5370 5475 91
f 5478 5475 5370
f 1389 5490 5489
f 5490 1386 5478
f 5489 5478 1359
f 5490 5478 5489
f 357 5522 5511
f 5522 1396 5526
f 5511 5526 1394
f 5522 5526 5511
f 1396 5521 5524
f 5521 356 5488
f 5524 5488 1389
f 5521 5488 5524
f 1394 5513 5510
f 5513 1389 5487
f 5510 5487 349
f 5513 5487 5510
f 1396 5524 5526
f 5524 1389 5513
f 5526 5513 1394
f 5524 5513 5526
f 17 5235 6095
f 5235 1323 6098
f 6095 6098 1537
f 5235 6098 6095
f 1323 5236 6107
f 5236 339 6105
f 6107 6105 1540
f 5236 6105 6107
f 1537 6108 6096
f 6108 1540 6106
f 6096 6106 392
f 6108 6106 6096
f 1323 6107 6098
f 6107 1540 6108
f 6098 6108 1537
f 6107 6108 6098
f 339 5239 6136
f 5239 1324 6138
f 6136 6138 1549
f 5239 6138 6136
f 1324 5238 6132
f 5238 90 6130
f 6132 6130 1547
f 5238 6130 6132
f 1549 6140 6137
f 6140 1547 6131
f 6137 6131 395
f 6140 6131 6137
f 1324 6132 6138
f 6132 1547 6140
f 6138 6140 1549
f 6132 6140 6138
f 392 6141 6100
f 6141 1550 6143
f 6100 6143 1538
f 6141 6143 6100
f 1550 6142 6145
f 6142 395 6134
f 6145 6134 1548
f 6142 6134 6145
f 1538 6135 6099
f 6135 1548 6133
f 6099 6133 103
f 6135 6133 6099
f 1550 6145 6143
f 6145 1548 6135
f 6143 6135 1538
f 6145 6135 6143
f 339 6136 6105
f 6136 1549 6139
f 6105 6139 1540
f 6136 6139 6105
f 1549 6137 6146
f 6137 395 6142
f 6146 6142 1550
f 6137 6142 6146
f 1540 6144 6106
f 6144 1550 6141
f 6106 6141 392
f 6144 6141 6106
f 1549 6146 6139
f 6146 1550 6144
f 6139 6144 1540
f 6146 6144 6139
f 90 5246 6257
f 5246 1327 6259
f 6257 6259 1579
f 5246 6259 6257
f 1327 5247 6266
f 5247 340 6264
f 6266 6264 1581
f 5247 6264 6266
f 1579 6268 6258
f 6268 1581 6265
f 6258 6265 403
f 6268 6265 6258
f 1327 6266 6259
f 6266 1581 6268
f 6259 6268 1579
f 6266 6268 6259
f 340 5245 6244
f 5245 1326 6246
f 6244 6246 1575
f 5245 6246 6244
f 1326 5244 6241
f 5244 25 6239
f 6241 6239 1573
f 5244 6239 6241
f 1575 6247 6245
f 6247 1573 6240
f 6245 6240 401
f 6247 6240 6245
f 1326 6241 6246
f 6241 1573 6247
f 6246 6247 1575
f 6241 6247 6246
f 403 6274 6262
f 6274 1583 6277
f 6262 6277 1580
f 6274 6277 6262
f 1583 6273 6275
f 6273 401 6243
f 6275 6243 1574
f 6273 6243 6275
f 1580 6263 6261
f 6263 1574 6242
f 6261 6242 105
f 6263 6242 6261
f 1583 6275 6277
f 6275 1574 6263
f 6277 6263 1580
f 6275 6263 6277
f 340 6244 6264
f 6244 1575 6267
f 6264 6267 1581
f 6244 6267 6264
f 1575 6245 6276
f 6245 401 6273
f 6276 6273 1583
f 6245 6273 6276
f 1581 6278 6265
f 6278 1583 6274
f 6265 6274 403
f 6278 6274 6265
f 1575 6276 6267
f 6276 1583 6278
f 6267 6278 1581
f 6276 6278 6267
f 103 6279 6111
f 6279 1584 6281
f 6111 6281 1542
f 6279 6281 6111
f 1584 6280 6291
f 6280 404 6288
f 6291 6288 1586
f 6280 6288 6291
f 1542 6289 6112
f 6289 1586 6287
f 6112 6287 393
f 6289 6287 6112
f 1584 6291 6281
f 6291 1586 6289
f 6281 6289 1542
f 6291 6289 6281
f 404 6284 6298
f 6284 1585 6301
f 6298 6301 1588
f 6284 6301 6298
f 1585 6283 6285
f 6283 105 6251
f 6285 6251 1577
f 6283 6251 6285
f 1588 6299 6297
f 6299 1577 6252
f 6297 6252 402
f 6299 6252 6297
f 1585 6285 6301
f 6285 1577 6299
f 6301 6299 1588
f 6285 6299 6301
f 393 6253 6110
f 6253 1578 6255
f 6110 6255 1541
f 6253 6255 6110
f 1578 6254 6256
f 6254 402 6249
f 6256 6249 1576
f 6254 6249 6256
f 1541 6250 6109
f 6250 1576 6248
f 6109 6248 29
f 6250 6248 6109
f 1578 6256 6255
f 6256 1576 6250
f 6255 6250 1541
f 6256 6250 6255
f 404 6298 6288
f 6298 1588 6302
f 6288 6302 1586
f 6298 6302 6288
f 1588 6297 6300
f 6297 402 6254
f 6300 6254 1578
f 6297 6254 6300
f 1586 6290 6287
f 6290 1578 6253
f 6287 6253 393
f 6290 6253 6287
f 1588 6300 6302
f 6300 1578 6290
f 6302 6290 1586
f 6300 6290 6302
f 90 6257 6130
f 6257 1579 6260
f 6130 6260 1547
f 6257 6260 6130
f 1579 6258 6272
f 6258 403 6270
f 6272 6270 1582
f 6258 6270 6272
f 1547 6271 6131
f 6271 1582 6269
f 6131 6269 395
f 6271 6269 6131
f 1579 6272 6260
f 6272 1582 6271
f 6260 6271 1547
f 6272 6271 6260
f 403 6262 6303
f 6262 1580 6305
f 6303 6305 1589
f 6262 6305 6303
f 1580 6261 6286
f 6261 105 6283
f 6286 6283 1585
f 6261 6283 6286
f 1589 6307 6304
f 6307 1585 6284
f 6304 6284 404
f 6307 6284 6304
f 1580 6286 6305
f 6286 1585 6307
f 6305 6307 1589
f 6286 6307 6305
f 395 6292 6134
f 6292 1587 6294
f 6134 6294 1548
f 6292 6294 6134
f 1587 6293 6296
f 6293 404 6280
f 6296 6280 1584
f 6293 6280 6296
f 1548 6282 6133
f 6282 1584 6279
f 6133 6279 103
f 6282 6279 6133
f 1587 6296 6294
f 6296 1584 6282
f 6294 6282 1548
f 6296 6282 6294
f 403 6303 6270
f 6303 1589 6306
f 6270 6306 1582
f 6303 6306 6270
f 1589 6304 6308
f 6304 404 6293
f 6308 6293 1587
f 6304 6293 6308
f 1582 6295 6269
f 6295 1587 6292
f 6269 6292 395
f 6295 6292 6269
f 1589 6308 6306
f 6308 1587 6295
f 6306 6295 1582
f 6308 6295 6306
f 25 5457 6501
f 5457 1380 6503
f 6501 6503 1638
f 5457 6503 6501
f 1380 5458 6509
f 5458 354 6507
f 6509 6507 1640
f 5458 6507 6509
f 1638 6510 6502
f 6510 1640 6508
f 6502 6508 417
f 6510 6508 6502
f 1380 6509 6503
f 6509 1640 6510
f 6503 6510 1638
f 6509 6510 6503
f 354 5461 6525
f 5461 1381 6527
f 6525 6527 1646
f 5461 6527 6525
f 1381 5460 6521
f 5460 94 6519
f 6521 6519 1644
f 5460 6519 6521
f 1646 6529 6526
f 6529 1644 6520
f 6526 6520 419
f 6529 6520 6526
f 1381 6521 6527
f 6521 1644 6529
f 6527 6529 1646
f 6521 6529 6527
f 417 6530 6506
f 6530 1647 6532
f 6506 6532 1639
f 6530 6532 6506
f 1647 6531 6534
f 6531 419 6523
f 6534 6523 1645
f 6531 6523 6534
f 1639 6524 6505
f 6524 1645 6522
f 6505 6522 109
f 6524 6522 6505
f 1647 6534 6532
f 6534 1645 6524
f 6532 6524 1639
f 6534 6524 6532
f 354 6525 6507
f 6525 1646 6528
f 6507 6528 1640
f 6525 6528 6507
f 1646 6526 6535
f 6526 419 6531
f 6535 6531 1647
f 6526 6531 6535
f 1640 6533 6508
f 6533 1647 6530
f 6508 6530 417
f 6533 6530 6508
f 1646 6535 6528
f 6535 1647 6533
f 6528 6533 1640
f 6535 6533 6528
f 94 5469 6603
f 5469 1384 6605
f 6603 6605 1665
f 5469 6605 6603
f 1384 5470 6612
f 5470 355 6610
f 6612 6610 1667
f 5470 6610 6612
f 1665 6614 6604
f 6614 1667 6611
f 6604 6611 424
f 6614 6611 6604
f 1384 6612 6605
f 6612 1667 6614
f 6605 6614 1665
f 6612 6614 6605
f 355 5467 6563
f 5467 1383 6565
f 6563 6565 1655
f 5467 6565 6563
f 1383 5466 6556
f 5466 26 6553
f 6556 6553 1652
f 5466 6553 6556
f 1655 6566 6564
f 6566 1652 6554
f 6564 6554 421
f 6566 6554 6564
f 1383 6556 6565
f 6556 1652 6566
f 6565 6566 1655
f 6556 6566 6565
f 424 6620 6608
f 6620 1669 6623
f 6608 6623 1666
f 6620 6623 6608
f 1669 6619 6621
f 6619 421 6558
f 6621 6558 1653
f 6619 6558 6621
f 1666 6609 6607
f 6609 1653 6557
f 6607 6557 110
f 6609 6557 6607
f 1669 6621 6623
f 6621 1653 6609
f 6623 6609 1666
f 6621 6609 6623
f 355 6563 6610
f 6563 1655 6613
f 6610 6613 1667
f 6563 6613 6610
f 1655 6564 6622
f 6564 421 6619
f 6622 6619 1669
f 6564 6619 6622
f 1667 6624 6611
f 6624 1669 6620
f 6611 6620 424
f 6624 6620 6611
f 1655 6622 6613
f 6622 1669 6624
f 6613 6624 1667
f 6622 6624 6613
f 109 6655 6517
f 6655 1676 6657
f 6517 6657 1643
f 6655 6657 6517
f 1676 6656 6667
f 6656 426 6664
f 6667 6664 1678
f 6656 6664 6667
f 1643 6665 6518
f 6665 1678 6663
f 6518 6663 418
f 6665 6663 6518
f 1676 6667 6657
f 6667 1678 6665
f 6657 6665 1643
f 6667 6665 6657
f 426 6660 6674
f 6660 1677 6677
f 6674 6677 1680
f 6660 6677 6674
f 1677 6659 6661
f 6659 110 6571
f 6661 6571 1657
f 6659 6571 6661
f 1680 6675 6673
f 6675 1657 6572
f 6673 6572 422
f 6675 6572 6673
f 1677 6661 6677
f 6661 1657 6675
f 6677 6675 1680
f 6661 6675 6677
f 418 6577 6516
f 6577 1659 6579
f 6516 6579 1642
f 6577 6579 6516
f 1659 6578 6580
f 6578 422 6568
f 6580 6568 1656
f 6578 6568 6580
f 1642 6570 6515
f 6570 1656 6567
f 6515 6567 30
f 6570 6567 6515
f 1659 6580 6579
f 6580 1656 6570
f 6579 6570 1642
f 6580 6570 6579
f 426 6674 6664
f 6674 1680 6678
f 6664 6678 1678
f 6674 6678 6664
f 1680 6673 6676
f 6673 422 6578
f 6676 6578 1659
f 6673 6578 6676
f 1678 6666 6663
f 6666 1659 6577
f 6663 6577 418
f 6666 6577 6663
f 1680 6676 6678
f 6676 1659 6666
f 6678 6666 1678
f 6676 6666 6678
f 94 6603 6519
f 6603 1665 6606
f 6519 6606 1644
f 6603 6606 6519
f 1665 6604 6618
f 6604 424 6616
f 6618 6616 1668
f 6604 6616 6618
f 1644 6617 6520
f 6617 1668 6615
f 6520 6615 419
f 6617 6615 6520
f 1665 6618 6606
f 6618 1668 6617
f 6606 6617 1644
f 6618 6617 6606
f 424 6608 6679
f 6608 1666 6681
f 6679 6681 1681
f 6608 6681 6679
f 1666 6607 6662
f 6607 110 6659
f 6662 6659 1677
f 6607 6659 6662
f 1681 6683 6680
f 6683 1677 6660
f 6680 6660 426
f 6683 6660 6680
f 1666 6662 6681
f 6662 1677 6683
f 6681 6683 1681
f 6662 6683 6681
f 419 6668 6523
f 6668 1679 6670
f 6523 6670 1645
f 6668 6670 6523
f 1679 6669 6672
f 6669 426 6656
f 6672 6656 1676
f 6669 6656 6672
f 1645 6658 6522
f 6658 1676 6655
f 6522 6655 109
f 6658 6655 6522
f 1679 6672 6670
f 6672 1676 6658
f 6670 6658 1645
f 6672 6658 6670
f 424 6679 6616
f 6679 1681 6682
f 6616 6682 1668
f 6679 6682 6616
f 1681 6680 6684
f 6680 426 6669
f 6684 6669 1679
f 6680 6669 6684
f 1668 6671 6615
f 6671 1679 6668
f 6615 6668 419
f 6671 6668 6615
f 1681 6684 6682
f 6684 1679 6671
f 6682 6671 1668
f 6684 6671 6682
f 25 6501 6239
f 6501 1638 6504
f 6239 6504 1573
f 6501 6504 6239
f 1638 6502 6514
f 6502 417 6512
f 6514 6512 1641
f 6502 6512 6514
f 1573 6513 6240
f 6513 1641 6511
f 6240 6511 401
f 6513 6511 6240
f 1638 6514 6504
f 6514 1641 6513
f 6504 6513 1573
f 6514 6513 6504
f 417 6506 6547
f 6506 1639 6549
f 6547 6549 1651
f 6506 6549 6547
f 1639 6505 6541
f 6505 109 6539
f 6541 6539 1649
f 6505 6539 6541
f 1651 6551 6548
f 6551 1649 6540
f 6548 6540 420
f 6551 6540 6548
f 1639 6541 6549
f 6541 1649 6551
f 6549 6551 1651
f 6541 6551 6549
f 401 6542 6243
f 6542 1650 6544
f 6243 6544 1574
f 6542 6544 6243
f 1650 6543 6546
f 6543 420 6537
f 6546 6537 1648
f 6543 6537 6546
f 1574 6538 6242
f 6538 1648 6536
f 6242 6536 105
f 6538 6536 6242
f 1650 6546 6544
f 6546 1648 6538
f 6544 6538 1574
f 6546 6538 6544
f 417 6547 6512
f 6547 1651 6550
f 6512 6550 1641
f 6547 6550 6512
f 1651 6548 6552
f 6548 420 6543
f 6552 6543 1650
f 6548 6543 6552
f 1641 6545 6511
f 6545 1650 6542
f 6511 6542 401
f 6545 6542 6511
f 1651 6552 6550
f 6552 1650 6545
f 6550 6545 1641
f 6552 6545 6550
f 109 6517 6725
f 6517 1643 6727
f 6725 6727 1693
f 6517 6727 6725
f 1643 6518 6735
f 6518 418 6733
f 6735 6733 1695
f 6518 6733 6735
f 1693 6737 6726
f 6737 1695 6734
f 6726 6734 430
f 6737 6734 6726
f 1643 6735 6727
f 6735 1695 6737
f 6727 6737 1693
f 6735 6737 6727
f 418 6516 6699
f 6516 1642 6701
f 6699 6701 1687
f 6516 6701 6699
f 1642 6515 6696
f 6515 30 6694
f 6696 6694 1685
f 6515 6694 6696
f 1687 6702 6700
f 6702 1685 6695
f 6700 6695 428
f 6702 6695 6700
f 1642 6696 6701
f 6696 1685 6702
f 6701 6702 1687
f 6696 6702 6701
f 430 6744 6730
f 6744 1697 6747
f 6730 6747 1694
f 6744 6747 6730
f 1697 6743 6745
f 6743 428 6698
f 6745 6698 1686
f 6743 6698 6745
f 1694 6731 6729
f 6731 1686 6697
f 6729 6697 111
f 6731 6697 6729
f 1697 6745 6747
f 6745 1686 6731
f 6747 6731 1694
f 6745 6731 6747
f 418 6699 6733
f 6699 1687 6736
f 6733 6736 1695
f 6699 6736 6733
f 1687 6700 6746
f 6700 428 6743
f 6746 6743 1697
f 6700 6743 6746
f 1695 6748 6734
f 6748 1697 6744
f 6734 6744 430
f 6748 6744 6734
f 1687 6746 6736
f 6746 1697 6748
f 6736 6748 1695
f 6746 6748 6736
f 105 6703 6251
f 6703 1688 6705
f 6251 6705 1577
f 6703 6705 6251
f 1688 6704 6714
f 6704 429 6711
f 6714 6711 1690
f 6704 6711 6714
f 1577 6712 6252
f 6712 1690 6710
f 6252 6710 402
f 6712 6710 6252
f 1688 6714 6705
f 6714 1690 6712
f 6705 6712 1577
f 6714 6712 6705
f 429 6708 6720
f 6708 1689 6723
f 6720 6723 1692
f 6708 6723 6720
f 1689 6707 6709
f 6707 111 6688
f 6709 6688 1683
f 6707 6688 6709
f 1692 6721 6719
f 6721 1683 6689
f 6719 6689 427
f 6721 6689 6719
f 1689 6709 6723
f 6709 1683 6721
f 6723 6721 1692
f 6709 6721 6723
f 402 6690 6249
f 6690 1684 6692
f 6249 6692 1576
f 6690 6692 6249
f 1684 6691 6693
f 6691 427 6686
f 6693 6686 1682
f 6691 6686 6693
f 1576 6687 6248
f 6687 1682 6685
f 6248 6685 29
f 6687 6685 6248
f 1684 6693 6692
f 6693 1682 6687
f 6692 6687 1576
f 6693 6687 6692
f 429 6720 6711
f 6720 1692 6724
f 6711 6724 1690
f 6720 6724 6711
f 1692 6719 6722
f 6719 427 6691
f 6722 6691 1684
f 6719 6691 6722
f 1690 6713 6710
f 6713 1684 6690
f 6710 6690 402
f 6713 6690 6710
f 1692 6722 6724
f 6722 1684 6713
f 6724 6713 1690
f 6722 6713 6724
f 109 6725 6539
f 6725 1693 6728
f 6539 6728 1649
f 6725 6728 6539
f 1693 6726 6742
f 6726 430 6739
f 6742 6739 1696
f 6726 6739 6742
f 1649 6740 6540
f 6740 1696 6738
f 6540 6738 420
f 6740 6738 6540
f 1693 6742 6728
f 6742 1696 6740
f 6728 6740 1649
f 6742 6740 6728
f 430 6730 6750
f 6730 1694 6753
f 6750 6753 1698
f 6730 6753 6750
f 1694 6729 6732
f 6729 111 6707
f 6732 6707 1689
f 6729 6707 6732
f 1698 6751 6749
f 6751 1689 6708
f 6749 6708 429
f 6751 6708 6749
f 1694 6732 6753
f 6732 1689 6751
f 6753 6751 1698
f 6732 6751 6753
f 420 6715 6537
f 6715 1691 6717
f 6537 6717 1648
f 6715 6717 6537
f 1691 6716 6718
f 6716 429 6704
f 6718 6704 1688
f 6716 6704 6718
f 1648 6706 6536
f 6706 1688 6703
f 6536 6703 105
f 6706 6703 6536
f 1691 6718 6717
f 6718 1688 6706
f 6717 6706 1648
f 6718 6706 6717
f 430 6750 6739
f 6750 1698 6754
f 6739 6754 1696
f 6750 6754 6739
f 1698 6749 6752
f 6749 429 6716
f 6752 6716 1691
f 6749 6716 6752
f 1696 6741 6738
f 6741 1691 6715
f 6738 6715 420
f 6741 6715 6738
f 1698 6752 6754
f 6752 1691 6741
f 6754 6741 1696
f 6752 6741 6754
f 23 6379 5387
f 6379 1607 6382
f 5387 6382 1363
f 6379 6382 5387
f 1607 6380 6392
f 6380 409 6390
f 6392 6390 1610
f 6380 6390 6392
f 1363 6391 5388
f 6391 1610 6389
f 5388 6389 350
f 6391 6389 5388
f 1607 6392 6382
f 6392 1610 6391
f 6382 6391 1363
f 6392 6391 6382
f 409 6384 6425
f 6384 1608 6427
f 6425 6427 1620
f 6384 6427 6425
f 1608 6383 6419
f 6383 107 6417
f 6419 6417 1618
f 6383 6417 6419
f 1620 6429 6426
f 6429 1618 6418
f 6426 6418 412
f 6429 6418 6426
f 1608 6419 6427
f 6419 1618 6429
f 6427 6429 1620
f 6419 6429 6427
f 350 6420 5391
f 6420 1619 6422
f 5391 6422 1364
f 6420 6422 5391
f 1619 6421 6424
f 6421 412 6415
f 6424 6415 1617
f 6421 6415 6424
f 1364 6416 5390
f 6416 1617 6414
f 5390 6414 93
f 6416 6414 5390
f 1619 6424 6422
f 6424 1617 6416
f 6422 6416 1364
f 6424 6416 6422
f 409 6425 6390
f 6425 1620 6428
f 6390 6428 1610
f 6425 6428 6390
f 1620 6426 6430
f 6426 412 6421
f 6430 6421 1619
f 6426 6421 6430
f 1610 6423 6389
f 6423 1619 6420
f 6389 6420 350
f 6423 6420 6389
f 1620 6430 6428
f 6430 1619 6423
f 6428 6423 1610
f 6430 6423 6428
f 107 6395 6625
f 6395 1612 6627
f 6625 6627 1670
f 6395 6627 6625
f 1612 6396 6635
f 6396 410 6633
f 6635 6633 1672
f 6396 6633 6635
f 1670 6637 6626
f 6637 1672 6634
f 6626 6634 425
f 6637 6634 6626
f 1612 6635 6627
f 6635 1672 6637
f 6627 6637 1670
f 6635 6637 6627
f 410 6394 6573
f 6394 1611 6575
f 6573 6575 1658
f 6394 6575 6573
f 1611 6393 6569
f 6393 30 6567
f 6569 6567 1656
f 6393 6567 6569
f 1658 6576 6574
f 6576 1656 6568
f 6574 6568 422
f 6576 6568 6574
f 1611 6569 6575
f 6569 1656 6576
f 6575 6576 1658
f 6569 6576 6575
f 425 6644 6630
f 6644 1674 6647
f 6630 6647 1671
f 6644 6647 6630
f 1674 6643 6645
f 6643 422 6572
f 6645 6572 1657
f 6643 6572 6645
f 1671 6631 6629
f 6631 1657 6571
f 6629 6571 110
f 6631 6571 6629
f 1674 6645 6647
f 6645 1657 6631
f 6647 6631 1671
f 6645 6631 6647
f 410 6573 6633
f 6573 1658 6636
f 6633 6636 1672
f 6573 6636 6633
f 1658 6574 6646
f 6574 422 6643
f 6646 6643 1674
f 6574 6643 6646
f 1672 6648 6634
f 6648 1674 6644
f 6634 6644 425
f 6648 6644 6634
f 1658 6646 6636
f 6646 1674 6648
f 6636 6648 1672
f 6646 6648 6636
f 93 6581 5399
f 6581 1660 6583
f 5399 6583 1367
f 6581 6583 5399
f 1660 6582 6592
f 6582 423 6589
f 6592 6589 1662
f 6582 6589 6592
f 1367 6590 5400
f 6590 1662 6588
f 5400 6588 351
f 6590 6588 5400
f 1660 6592 6583
f 6592 1662 6590
f 6583 6590 1367
f 6592 6590 6583
f 423 6586 6598
f 6586 1661 6601
f 6598 6601 1664
f 6586 6601 6598
f 1661 6585 6587
f 6585 110 6557
f 6587 6557 1653
f 6585 6557 6587
f 1664 6599 6597
f 6599 1653 6558
f 6597 6558 421
f 6599 6558 6597
f 1661 6587 6601
f 6587 1653 6599
f 6601 6599 1664
f 6587 6599 6601
f 351 6559 5397
f 6559 1654 6561
f 5397 6561 1366
f 6559 6561 5397
f 1654 6560 6562
f 6560 421 6554
f 6562 6554 1652
f 6560 6554 6562
f 1366 6555 5396
f 6555 1652 6553
f 5396 6553 26
f 6555 6553 5396
f 1654 6562 6561
f 6562 1652 6555
f 6561 6555 1366
f 6562 6555 6561
f 423 6598 6589
f 6598 1664 6602
f 6589 6602 1662
f 6598 6602 6589
f 1664 6597 6600
f 6597 421 6560
f 6600 6560 1654
f 6597 6560 6600
f 1662 6591 6588
f 6591 1654 6559
f 6588 6559 351
f 6591 6559 6588
f 1664 6600 6602
f 6600 1654 6591
f 6602 6591 1662
f 6600 6591 6602
f 107 6625 6417
f 6625 1670 6628
f 6417 6628 1618
f 6625 6628 6417
f 1670 6626 6642
f 6626 425 6639
f 6642 6639 1673
f 6626 6639 6642
f 1618 6640 6418
f 6640 1673 6638
f 6418 6638 412
f 6640 6638 6418
f 1670 6642 6628
f 6642 1673 6640
f 6628 6640 1618
f 6642 6640 6628
f 425 6630 6650
f 6630 1671 6653
f 6650 6653 1675
f 6630 6653 6650
f 1671 6629 6632
f 6629 110 6585
f 6632 6585 1661
f 6629 6585 6632
f 1675 6651 6649
f 6651 1661 6586
f 6649 6586 423
f 6651 6586 6649
f 1671 6632 6653
f 6632 1661 6651
f 6653 6651 1675
f 6632 6651 6653
f 412 6593 6415
f 6593 1663 6595
f 6415 6595 1617
f 6593 6595 6415
f 1663 6594 6596
f 6594 423 6582
f 6596 6582 1660
f 6594 6582 6596
f 1617 6584 6414
f 6584 1660 6581
f 6414 6581 93
f 6584 6581 6414
f 1663 6596 6595
f 6596 1660 6584
f 6595 6584 1617
f 6596 6584 6595
f 425 6650 6639
f 6650 1675 6654
f 6639 6654 1673
f 6650 6654 6639
f 1675 6649 6652
f 6649 423 6594
f 6652 6594 1663
f 6649 6594 6652
f 1673 6641 6638
f 6641 1663 6593
f 6638 6593 412
f 6641 6593 6638
f 1675 6652 6654
f 6652 1663 6641
f 6654 6641 1673
f 6652 6641 6654
f 21 4563 4911
f 4563 1155 4914
f 4911 4914 1245
f 4563 4914 4911
f 1155 4564 4923
f 4564 297 4921
f 4923 4921 1248
f 4564 4921 4923
f 1245 4924 4912
f 4924 1248 4922
f 4912 4922 321
f 4924 4922 4912
f 1155 4923 4914
f 4923 1248 4924
f 4914 4924 1245
f 4923 4924 4914
f 297 4566 4968
f 4566 1156 4970
f 4968 4970 1260
f 4566 4970 4968
f 1156 4565 4963
f 4565 79 4961
f 4963 4961 1258
f 4565 4961 4963
f 1260 4972 4969
f 4972 1258 4962
f 4969 4962 324
f 4972 4962 4969
f 1156 4963 4970
f 4963 1258 4972
f 4970 4972 1260
f 4963 4972 4970
f 321 4977 4916
f 4977 1262 4979
f 4916 4979 1246
f 4977 4979 4916
f 1262 4978 4981
f 4978 324 4966
f 4981 4966 1259
f 4978 4966 4981
f 1246 4967 4915
f 4967 1259 4965
f 4915 4965 86
f 4967 4965 4915
f 1262 4981 4979
f 4981 1259 4967
f 4979 4967 1246
f 4981 4967 4979
f 297 4968 4921
f 4968 1260 4971
f 4921 4971 1248
f 4968 4971 4921
f 1260 4969 4982
f 4969 324 4978
f 4982 4978 1262
f 4969 4978 4982
f 1248 4980 4922
f 4980 1262 4977
f 4922 4977 321
f 4980 4977 4922
f 1260 4982 4971
f 4982 1262 4980
f 4971 4980 1248
f 4982 4980 4971
f 79 4561 4894
f 4561 1154 4896
f 4894 4896 1241
f 4561 4896 4894
f 1154 4562 4902
f 4562 296 4900
f 4902 4900 1243
f 4562 4900 4902
f 1241 4904 4895
f 4904 1243 4901
f 4895 4901 320
f 4904 4901 4895
f 1154 4902 4896
f 4902 1243 4904
f 4896 4904 1241
f 4902 4904 4896
f 296 4560 4886
f 4560 1153 4888
f 4886 4888 1238
f 4560 4888 4886
f 1153 4559 4883
f 4559 20 4881
f 4883 4881 1236
f 4559 4881 4883
f 1238 4889 4887
f 4889 1236 4882
f 4887 4882 318
f 4889 4882 4887
f 1153 4883 4888
f 4883 1236 4889
f 4888 4889 1238
f 4883 4889 4888
f 320 4906 4898
f 4906 1244 4909
f 4898 4909 1242
f 4906 4909 4898
f 1244 4905 4907
f 4905 318 4885
f 4907 4885 1237
f 4905 4885 4907
f 1242 4899 4897
f 4899 1237 4884
f 4897 4884 85
f 4899 4884 4897
f 1244 4907 4909
f 4907 1237 4899
f 4909 4899 1242
f 4907 4899 4909
f 296 4886 4900
f 4886 1238 4903
f 4900 4903 1243
f 4886 4903 4900
f 1238 4887 4908
f 4887 318 4905
f 4908 4905 1244
f 4887 4905 4908
f 1243 4910 4901
f 4910 1244 4906
f 4901 4906 320
f 4910 4906 4901
f 1238 4908 4903
f 4908 1244 4910
f 4903 4910 1243
f 4908 4910 4903
f 86 5017 4929
f 5017 1270 5019
f 4929 5019 1250
f 5017 5019 4929
f 1270 5018 5035
f 5018 326 5032
f 5035 5032 1273
f 5018 5032 5035
f 1250 5033 4930
f 5033 1273 5031
f 4930 5031 322
f 5033 5031 4930
f 1270 5035 5019
f 5035 1273 5033
f 5019 5033 1250
f 5035 5033 5019
f 326 5014 5022
f 5014 1269 5025
f 5022 5025 1271
f 5014 5025 5022
f 1269 5013 5015
f 5013 85 4892
f 5015 4892 1240
f 5013 4892 5015
f 1271 5023 5021
f 5023 1240 4893
f 5021 4893 319
f 5023 4893 5021
f 1269 5015 5025
f 5015 1240 5023
f 5025 5023 1271
f 5015 5023 5025
f 322 4936 4926
f 4936 1252 4938
f 4926 4938 1249
f 4936 4938 4926
f 1252 4935 4937
f 4935 319 4891
f 4937 4891 1239
f 4935 4891 4937
f 1249 4928 4925
f 4928 1239 4890
f 4925 4890 23
f 4928 4890 4925
f 1252 4937 4938
f 4937 1239 4928
f 4938 4928 1249
f 4937 4928 4938
f 326 5022 5032
f 5022 1271 5036
f 5032 5036 1273
f 5022 5036 5032
f 1271 5021 5024
f 5021 319 4935
f 5024 4935 1252
f 5021 4935 5024
f 1273 5034 5031
f 5034 1252 4936
f 5031 4936 322
f 5034 4936 5031
f 1271 5024 5036
f 5024 1252 5034
f 5036 5034 1273
f 5024 5034 5036
f 79 4894 4961
f 4894 1241 4964
f 4961 4964 1258
f 4894 4964 4961
f 1241 4895 4975
f 4895 320 4973
f 4975 4973 1261
f 4895 4973 4975
f 1258 4976 4962
f 4976 1261 4974
f 4962 4974 324
f 4976 4974 4962
f 1241 4975 4964
f 4975 1261 4976
f 4964 4976 1258
f 4975 4976 4964
f 320 4898 5026
f 4898 1242 5028
f 5026 5028 1272
f 4898 5028 5026
f 1242 4897 5016
f 4897 85 5013
f 5016 5013 1269
f 4897 5013 5016
f 1272 5030 5027
f 5030 1269 5014
f 5027 5014 326
f 5030 5014 5027
f 1242 5016 5028
f 5016 1269 5030
f 5028 5030 1272
f 5016 5030 5028
f 324 5037 4966
f 5037 1274 5039
f 4966 5039 1259
f 5037 5039 4966
f 1274 5038 5041
f 5038 326 5018
f 5041 5018 1270
f 5038 5018 5041
f 1259 5020 4965
f 5020 1270 5017
f 4965 5017 86
f 5020 5017 4965
f 1274 5041 5039
f 5041 1270 5020
f 5039 5020 1259
f 5041 5020 5039
f 320 5026 4973
f 5026 1272 5029
f 4973 5029 1261
f 5026 5029 4973
f 1272 5027 5042
f 5027 326 5038
f 5042 5038 1274
f 5027 5038 5042
f 1261 5040 4974
f 5040 1274 5037
f 4974 5037 324
f 5040 5037 4974
f 1272 5042 5029
f 5042 1274 5040
f 5029 5040 1261
f 5042 5040 5029
f 21 6025 4563
f 6025 1520 6027
f 4563 6027 1155
f 6025 6027 4563
f 1520 6026 6033
f 6026 388 6031
f 6033 6031 1522
f 6026 6031 6033
f 1155 6032 4564
f 6032 1522 6030
f 4564 6030 297
f 6032 6030 4564
f 1520 6033 6027
f 6033 1522 6032
f 6027 6032 1155
f 6033 6032 6027
f 388 6029 6059
f 6029 1521 6061
f 6059 6061 1530
f 6029 6061 6059
f 1521 6028 6049
f 6028 102 6047
f 6049 6047 1527
f 6028 6047 6049
f 1530 6063 6060
f 6063 1527 6048
f 6060 6048 390
f 6063 6048 6060
f 1521 6049 6061
f 6049 1527 6063
f 6061 6063 1530
f 6049 6063 6061
f 297 6050 4566
f 6050 1528 6052
f 4566 6052 1156
f 6050 6052 4566
f 1528 6051 6054
f 6051 390 6044
f 6054 6044 1526
f 6051 6044 6054
f 1156 6045 4565
f 6045 1526 6043
f 4565 6043 79
f 6045 6043 4565
f 1528 6054 6052
f 6054 1526 6045
f 6052 6045 1156
f 6054 6045 6052
f 388 6059 6031
f 6059 1530 6062
f 6031 6062 1522
f 6059 6062 6031
f 1530 6060 6064
f 6060 390 6051
f 6064 6051 1528
f 6060 6051 6064
f 1522 6053 6030
f 6053 1528 6050
f 6030 6050 297
f 6053 6050 6030
f 1530 6064 6062
f 6064 1528 6053
f 6062 6053 1522
f 6064 6053 6062
f 102 6037 6069
f 6037 1524 6071
f 6069 6071 1532
f 6037 6071 6069
f 1524 6038 6085
f 6038 389 6083
f 6085 6083 1535
f 6038 6083 6085
f 1532 6087 6070
f 6087 1535 6084
f 6070 6084 391
f 6087 6084 6070
f 1524 6085 6071
f 6085 1535 6087
f 6071 6087 1532
f 6085 6087 6071
f 389 6035 6040
f 6035 1523 6042
f 6040 6042 1525
f 6035 6042 6040
f 1523 6034 6036
f 6034 28 5947
f 6036 5947 1502
f 6034 5947 6036
f 1525 6041 6039
f 6041 1502 5948
f 6039 5948 384
f 6041 5948 6039
f 1523 6036 6042
f 6036 1502 6041
f 6042 6041 1525
f 6036 6041 6042
f 391 6074 6066
f 6074 1533 6077
f 6066 6077 1531
f 6074 6077 6066
f 1533 6073 6075
f 6073 384 5951
f 6075 5951 1503
f 6073 5951 6075
f 1531 6067 6065
f 6067 1503 5950
f 6065 5950 101
f 6067 5950 6065
f 1533 6075 6077
f 6075 1503 6067
f 6077 6067 1531
f 6075 6067 6077
f 389 6040 6083
f 6040 1525 6086
f 6083 6086 1535
f 6040 6086 6083
f 1525 6039 6076
f 6039 384 6073
f 6076 6073 1533
f 6039 6073 6076
f 1535 6088 6084
f 6088 1533 6074
f 6084 6074 391
f 6088 6074 6084
f 1525 6076 6086
f 6076 1533 6088
f 6086 6088 1535
f 6076 6088 6086
f 79 5978 4561
f 5978 1510 5980
f 4561 5980 1154
f 5978 5980 4561
f 1510 5979 5988
f 5979 386 5985
f 5988 5985 1512
f 5979 5985 5988
f 1154 5986 4562
f 5986 1512 5984
f 4562 5984 296
f 5986 5984 4562
f 1510 5988 5980
f 5988 1512 5986
f 5980 5986 1154
f 5988 5986 5980
f 386 5982 5990
f 5982 1511 5993
f 5990 5993 1513
f 5982 5993 5990
f 1511 5981 5983
f 5981 101 5937
f 5983 5937 1499
f 5981 5937 5983
f 1513 5991 5989
f 5991 1499 5938
f 5989 5938 383
f 5991 5938 5989
f 1511 5983 5993
f 5983 1499 5991
f 5993 5991 1513
f 5983 5991 5993
f 296 5943 4560
f 5943 1501 5945
f 4560 5945 1153
f 5943 5945 4560
f 1501 5944 5946
f 5944 383 5934
f 5946 5934 1498
f 5944 5934 5946
f 1153 5936 4559
f 5936 1498 5933
f 4559 5933 20
f 5936 5933 4559
f 1501 5946 5945
f 5946 1498 5936
f 5945 5936 1153
f 5946 5936 5945
f 386 5990 5985
f 5990 1513 5994
f 5985 5994 1512
f 5990 5994 5985
f 1513 5989 5992
f 5989 383 5944
f 5992 5944 1501
f 5989 5944 5992
f 1512 5987 5984
f 5987 1501 5943
f 5984 5943 296
f 5987 5943 5984
f 1513 5992 5994
f 5992 1501 5987
f 5994 5987 1512
f 5992 5987 5994
f 102 6069 6047
f 6069 1532 6072
f 6047 6072 1527
f 6069 6072 6047
f 1532 6070 6093
f 6070 391 6090
f 6093 6090 1536
f 6070 6090 6093
f 1527 6091 6048
f 6091 1536 6089
f 6048 6089 390
f 6091 6089 6048
f 1532 6093 6072
f 6093 1536 6091
f 6072 6091 1527
f 6093 6091 6072
f 391 6066 6079
f 6066 1531 6082
f 6079 6082 1534
f 6066 6082 6079
f 1531 6065 6068
f 6065 101 5981
f 6068 5981 1511
f 6065 5981 6068
f 1534 6080 6078
f 6080 1511 5982
f 6078 5982 386
f 6080 5982 6078
f 1531 6068 6082
f 6068 1511 6080
f 6082 6080 1534
f 6068 6080 6082
f 390 6056 6044
f 6056 1529 6058
f 6044 6058 1526
f 6056 6058 6044
f 1529 6055 6057
f 6055 386 5979
f 6057 5979 1510
f 6055 5979 6057
f 1526 6046 6043
f 6046 1510 5978
f 6043 5978 79
f 6046 5978 6043
f 1529 6057 6058
f 6057 1510 6046
f 6058 6046 1526
f 6057 6046 6058
f 391 6079 6090
f 6079 1534 6094
f 6090 6094 1536
f 6079 6094 6090
f 1534 6078 6081
f 6078 386 6055
f 6081 6055 1529
f 6078 6055 6081
f 1536 6092 6089
f 6092 1529 6056
f 6089 6056 390
f 6092 6056 6089
f 1534 6081 6094
f 6081 1529 6092
f 6094 6092 1536
f 6081 6092 6094
f 23 4890 5165
f 4890 1239 5167
f 5165 5167 1306
f 4890 5167 5165
f 1239 4891 5172
f 4891 319 5170
f 5172 5170 1308
f 4891 5170 5172
f 1306 5173 5166
f 5173 1308 5171
f 5166 5171 335
f 5173 5171 5166
f 1239 5172 5167
f 5172 1308 5173
f 5167 5173 1306
f 5172 5173 5167
f 319 4893 5190
f 4893 1240 5192
f 5190 5192 1314
f 4893 5192 5190
f 1240 4892 5185
f 4892 85 5183
f 5185 5183 1312
f 4892 5183 5185
f 1314 5194 5191
f 5194 1312 5184
f 5191 5184 337
f 5194 5184 5191
f 1240 5185 5192
f 5185 1312 5194
f 5192 5194 1314
f 5185 5194 5192
f 335 5199 5169
f 5199 1316 5201
f 5169 5201 1307
f 5199 5201 5169
f 1316 5200 5203
f 5200 337 5188
f 5203 5188 1313
f 5200 5188 5203
f 1307 5189 5168
f 5189 1313 5187
f 5168 5187 89
f 5189 5187 5168
f 1316 5203 5201
f 5203 1313 5189
f 5201 5189 1307
f 5203 5189 5201
f 319 5190 5170
f 5190 1314 5193
f 5170 5193 1308
f 5190 5193 5170
f 1314 5191 5204
f 5191 337 5200
f 5204 5200 1316
f 5191 5200 5204
f 1308 5202 5171
f 5202 1316 5199
f 5171 5199 335
f 5202 5199 5171
f 1314 5204 5193
f 5204 1316 5202
f 5193 5202 1308
f 5204 5202 5193
f 85 4884 5078
f 4884 1237 5080
f 5078 5080 1285
f 4884 5080 5078
f 1237 4885 5086
f 4885 318 5084
f 5086 5084 1287
f 4885 5084 5086
f 1285 5088 5079
f 5088 1287 5085
f 5079 5085 330
f 5088 5085 5079
f 1237 5086 5080
f 5086 1287 5088
f 5080 5088 1285
f 5086 5088 5080
f 318 4882 5053
f 4882 1236 5055
f 5053 5055 1278
f 4882 5055 5053
f 1236 4881 5046
f 4881 20 5043
f 5046 5043 1275
f 4881 5043 5046
f 1278 5056 5054
f 5056 1275 5044
f 5054 5044 327
f 5056 5044 5054
f 1236 5046 5055
f 5046 1275 5056
f 5055 5056 1278
f 5046 5056 5055
f 330 5090 5082
f 5090 1288 5093
f 5082 5093 1286
f 5090 5093 5082
f 1288 5089 5091
f 5089 327 5048
f 5091 5048 1276
f 5089 5048 5091
f 1286 5083 5081
f 5083 1276 5047
f 5081 5047 87
f 5083 5047 5081
f 1288 5091 5093
f 5091 1276 5083
f 5093 5083 1286
f 5091 5083 5093
f 318 5053 5084
f 5053 1278 5087
f 5084 5087 1287
f 5053 5087 5084
f 1278 5054 5092
f 5054 327 5089
f 5092 5089 1288
f 5054 5089 5092
f 1287 5094 5085
f 5094 1288 5090
f 5085 5090 330
f 5094 5090 5085
f 1278 5092 5087
f 5092 1288 5094
f 5087 5094 1287
f 5092 5094 5087
f 89 5209 5177
f 5209 1318 5211
f 5177 5211 1310
f 5209 5211 5177
f 1318 5210 5227
f 5210 338 5224
f 5227 5224 1321
f 5210 5224 5227
f 1310 5225 5178
f 5225 1321 5223
f 5178 5223 336
f 5225 5223 5178
f 1318 5227 5211
f 5227 1321 5225
f 5211 5225 1310
f 5227 5225 5211
f 338 5206 5214
f 5206 1317 5217
f 5214 5217 1319
f 5206 5217 5214
f 1317 5205 5207
f 5205 87 5059
f 5207 5059 1280
f 5205 5059 5207
f 1319 5215 5213
f 5215 1280 5060
f 5213 5060 328
f 5215 5060 5213
f 1317 5207 5217
f 5207 1280 5215
f 5217 5215 1319
f 5207 5215 5217
f 336 5180 5175
f 5180 1311 5182
f 5175 5182 1309
f 5180 5182 5175
f 1311 5179 5181
f 5179 328 5058
f 5181 5058 1279
f 5179 5058 5181
f 1309 5176 5174
f 5176 1279 5057
f 5174 5057 24
f 5176 5057 5174
f 1311 5181 5182
f 5181 1279 5176
f 5182 5176 1309
f 5181 5176 5182
f 338 5214 5224
f 5214 1319 5228
f 5224 5228 1321
f 5214 5228 5224
f 1319 5213 5216
f 5213 328 5179
f 5216 5179 1311
f 5213 5179 5216
f 1321 5226 5223
f 5226 1311 5180
f 5223 5180 336
f 5226 5180 5223
f 1319 5216 5228
f 5216 1311 5226
f 5228 5226 1321
f 5216 5226 5228
f 85 5078 5183
f 5078 1285 5186
f 5183 5186 1312
f 5078 5186 5183
f 1285 5079 5197
f 5079 330 5195
f 5197 5195 1315
f 5079 5195 5197
f 1312 5198 5184
f 5198 1315 5196
f 5184 5196 337
f 5198 5196 5184
f 1285 5197 5186
f 5197 1315 5198
f 5186 5198 1312
f 5197 5198 5186
f 330 5082 5218
f 5082 1286 5220
f 5218 5220 1320
f 5082 5220 5218
f 1286 5081 5208
f 5081 87 5205
f 5208 5205 1317
f 5081 5205 5208
f 1320 5222 5219
f 5222 1317 5206
f 5219 5206 338
f 5222 5206 5219
f 1286 5208 5220
f 5208 1317 5222
f 5220 5222 1320
f 5208 5222 5220
f 337 5229 5188
f 5229 1322 5231
f 5188 5231 1313
f 5229 5231 5188
f 1322 5230 5233
f 5230 338 5210
f 5233 5210 1318
f 5230 5210 5233
f 1313 5212 5187
f 5212 1318 5209
f 5187 5209 89
f 5212 5209 5187
f 1322 5233 5231
f 5233 1318 5212
f 5231 5212 1313
f 5233 5212 5231
f 330 5218 5195
f 5218 1320 5221
f 5195 5221 1315
f 5218 5221 5195
f 1320 5219 5234
f 5219 338 5230
f 5234 5230 1322
f 5219 5230 5234
f 1315 5232 5196
f 5232 1322 5229
f 5196 5229 337
f 5232 5229 5196
f 1320 5234 5221
f 5234 1322 5232
f 5221 5232 1315
f 5234 5232 5221
f 23 5165 6379
f 5165 1306 6381
f 6379 6381 1607
f 5165 6381 6379
f 1306 5166 6387
f 5166 335 6385
f 6387 6385 1609
f 5166 6385 6387
f 1607 6388 6380
f 6388 1609 6386
f 6380 6386 409
f 6388 6386 6380
f 1306 6387 6381
f 6387 1609 6388
f 6381 6388 1607
f 6387 6388 6381
f 335 5169 6403
f 5169 1307 6405
f 6403 6405 1615
f 5169 6405 6403
f 1307 5168 6399
f 5168 89 6397
f 6399 6397 1613
f 5168 6397 6399
f 1615 6407 6404
f 6407 1613 6398
f 6404 6398 411
f 6407 6398 6404
f 1307 6399 6405
f 6399 1613 6407
f 6405 6407 1615
f 6399 6407 6405
f 409 6408 6384
f 6408 1616 6410
f 6384 6410 1608
f 6408 6410 6384
f 1616 6409 6412
f 6409 411 6401
f 6412 6401 1614
f 6409 6401 6412
f 1608 6402 6383
f 6402 1614 6400
f 6383 6400 107
f 6402 6400 6383
f 1616 6412 6410
f 6412 1614 6402
f 6410 6402 1608
f 6412 6402 6410
f 335 6403 6385
f 6403 1615 6406
f 6385 6406 1609
f 6403 6406 6385
f 1615 6404 6413
f 6404 411 6409
f 6413 6409 1616
f 6404 6409 6413
f 1609 6411 6386
f 6411 1616 6408
f 6386 6408 409
f 6411 6408 6386
f 1615 6413 6406
f 6413 1616 6411
f 6406 6411 1609
f 6413 6411 6406
f 89 5177 6449
f 5177 1310 6451
f 6449 6451 1627
f 5177 6451 6449
f 1310 5178 6458
f 5178 336 6456
f 6458 6456 1629
f 5178 6456 6458
f 1627 6460 6450
f 6460 1629 6457
f 6450 6457 415
f 6460 6457 6450
f 1310 6458 6451
f 6458 1629 6460
f 6451 6460 1627
f 6458 6460 6451
f 336 5175 6436
f 5175 1309 6438
f 6436 6438 1623
f 5175 6438 6436
f 1309 5174 6433
f 5174 24 6431
f 6433 6431 1621
f 5174 6431 6433
f 1623 6439 6437
f 6439 1621 6432
f 6437 6432 413
f 6439 6432 6437
f 1309 6433 6438
f 6433 1621 6439
f 6438 6439 1623
f 6433 6439 6438
f 415 6466 6454
f 6466 1631 6469
f 6454 6469 1628
f 6466 6469 6454
f 1631 6465 6467
f 6465 413 6435
f 6467 6435 1622
f 6465 6435 6467
f 1628 6455 6453
f 6455 1622 6434
f 6453 6434 108
f 6455 6434 6453
f 1631 6467 6469
f 6467 1622 6455
f 6469 6455 1628
f 6467 6455 6469
f 336 6436 6456
f 6436 1623 6459
f 6456 6459 1629
f 6436 6459 6456
f 1623 6437 6468
f 6437 413 6465
f 6468 6465 1631
f 6437 6465 6468
f 1629 6470 6457
f 6470 1631 6466
f 6457 6466 415
f 6470 6466 6457
f 1623 6468 6459
f 6468 1631 6470
f 6459 6470 1629
f 6468 6470 6459
f 107 6471 6395
f 6471 1632 6473
f 6395 6473 1612
f 6471 6473 6395
f 1632 6472 6483
f 6472 416 6480
f 6483 6480 1634
f 6472 6480 6483
f 1612 6481 6396
f 6481 1634 6479
f 6396 6479 410
f 6481 6479 6396
f 1632 6483 6473
f 6483 1634 6481
f 6473 6481 1612
f 6483 6481 6473
f 416 6476 6490
f 6476 1633 6493
f 6490 6493 1636
f 6476 6493 6490
f 1633 6475 6477
f 6475 108 6443
f 6477 6443 1625
f 6475 6443 6477
f 1636 6491 6489
f 6491 1625 6444
f 6489 6444 414
f 6491 6444 6489
f 1633 6477 6493
f 6477 1625 6491
f 6493 6491 1636
f 6477 6491 6493
f 410 6445 6394
f 6445 1626 6447
f 6394 6447 1611
f 6445 6447 6394
f 1626 6446 6448
f 6446 414 6441
f 6448 6441 1624
f 6446 6441 6448
f 1611 6442 6393
f 6442 1624 6440
f 6393 6440 30
f 6442 6440 6393
f 1626 6448 6447
f 6448 1624 6442
f 6447 6442 1611
f 6448 6442 6447
f 416 6490 6480
f 6490 1636 6494
f 6480 6494 1634
f 6490 6494 6480
f 1636 6489 6492
f 6489 414 6446
f 6492 6446 1626
f 6489 6446 6492
f 1634 6482 6479
f 6482 1626 6445
f 6479 6445 410
f 6482 6445 6479
f 1636 6492 6494
f 6492 1626 6482
f 6494 6482 1634
f 6492 6482 6494
f 89 6449 6397
f 6449 1627 6452
f 6397 6452 1613
f 6449 6452 6397
f 1627 6450 6464
f 6450 415 6462
f 6464 6462 1630
f 6450 6462 6464
f 1613 6463 6398
f 6463 1630 6461
f 6398 6461 411
f 6463 6461 6398
f 1627 6464 6452
f 6464 1630 6463
f 6452 6463 1613
f 6464 6463 6452
f 415 6454 6495
f 6454 1628 6497
f 6495 6497 1637
f 6454 6497 6495
f 1628 6453 6478
f 6453 108 6475
f 6478 6475 1633
f 6453 6475 6478
f 1637 6499 6496
f 6499 1633 6476
f 6496 6476 416
f 6499 6476 6496
f 1628 6478 6497
f 6478 1633 6499
f 6497 6499 1637
f 6478 6499 6497
f 411 6484 6401
f 6484 1635 6486
f 6401 6486 1614
f 6484 6486 6401
f 1635 6485 6488
f 6485 416 6472
f 6488 6472 1632
f 6485 6472 6488
f 1614 6474 6400
f 6474 1632 6471
f 6400 6471 107
f 6474 6471 6400
f 1635 6488 6486
f 6488 1632 6474
f 6486 6474 1614
f 6488 6474 6486
f 415 6495 6462
f 6495 1637 6498
f 6462 6498 1630
f 6495 6498 6462
f 1637 6496 6500
f 6496 416 6485
f 6500 6485 1635
f 6496 6485 6500
f 1630 6487 6461
f 6487 1635 6484
f 6461 6484 411
f 6487 6484 6461
f 1637 6500 6498
f 6500 1635 6487
f 6498 6487 1630
f 6500 6487 6498
f 21 6147 6025
f 6147 1551 6150
f 6025 6150 1520
f 6147 6150 6025
f 1551 6148 6160
f 6148 396 6158
f 6160 6158 1554
f 6148 6158 6160
f 1520 6159 6026
f 6159 1554 6157
f 6026 6157 388
f 6159 6157 6026
f 1551 6160 6150
f 6160 1554 6159
f 6150 6159 1520
f 6160 6159 6150
f 396 6152 6203
f 6152 1552 6205
f 6203 6205 1566
f 6152 6205 6203
f 1552 6151 6197
f 6151 104 6195
f 6197 6195 1564
f 6151 6195 6197
f 1566 6207 6204
f 6207 1564 6196
f 6204 6196 399
f 6207 6196 6204
f 1552 6197 6205
f 6197 1564 6207
f 6205 6207 1566
f 6197 6207 6205
f 388 6198 6029
f 6198 1565 6200
f 6029 6200 1521
f 6198 6200 6029
f 1565 6199 6202
f 6199 399 6193
f 6202 6193 1563
f 6199 6193 6202
f 1521 6194 6028
f 6194 1563 6192
f 6028 6192 102
f 6194 6192 6028
f 1565 6202 6200
f 6202 1563 6194
f 6200 6194 1521
f 6202 6194 6200
f 396 6203 6158
f 6203 1566 6206
f 6158 6206 1554
f 6203 6206 6158
f 1566 6204 6208
f 6204 399 6199
f 6208 6199 1565
f 6204 6199 6208
f 1554 6201 6157
f 6201 1565 6198
f 6157 6198 388
f 6201 6198 6157
f 1566 6208 6206
f 6208 1565 6201
f 6206 6201 1554
f 6208 6201 6206
f 104 6164 6349
f 6164 1556 6351
f 6349 6351 1601
f 6164 6351 6349
f 1556 6165 6359
f 6165 397 6357
f 6359 6357 1603
f 6165 6357 6359
f 1601 6361 6350
f 6361 1603 6358
f 6350 6358 408
f 6361 6358 6350
f 1556 6359 6351
f 6359 1603 6361
f 6351 6361 1601
f 6359 6361 6351
f 397 6162 6323
f 6162 1555 6325
f 6323 6325 1595
f 6162 6325 6323
f 1555 6161 6320
f 6161 29 6318
f 6320 6318 1593
f 6161 6318 6320
f 1595 6326 6324
f 6326 1593 6319
f 6324 6319 406
f 6326 6319 6324
f 1555 6320 6325
f 6320 1593 6326
f 6325 6326 1595
f 6320 6326 6325
f 408 6368 6354
f 6368 1605 6371
f 6354 6371 1602
f 6368 6371 6354
f 1605 6367 6369
f 6367 406 6322
f 6369 6322 1594
f 6367 6322 6369
f 1602 6355 6353
f 6355 1594 6321
f 6353 6321 106
f 6355 6321 6353
f 1605 6369 6371
f 6369 1594 6355
f 6371 6355 1602
f 6369 6355 6371
f 397 6323 6357
f 6323 1595 6360
f 6357 6360 1603
f 6323 6360 6357
f 1595 6324 6370
f 6324 406 6367
f 6370 6367 1605
f 6324 6367 6370
f 1603 6372 6358
f 6372 1605 6368
f 6358 6368 408
f 6372 6368 6358
f 1595 6370 6360
f 6370 1605 6372
f 6360 6372 1603
f 6370 6372 6360
f 102 6327 6037
f 6327 1596 6329
f 6037 6329 1524
f 6327 6329 6037
f 1596 6328 6338
f 6328 407 6335
f 6338 6335 1598
f 6328 6335 6338
f 1524 6336 6038
f 6336 1598 6334
f 6038 6334 389
f 6336 6334 6038
f 1596 6338 6329
f 6338 1598 6336
f 6329 6336 1524
f 6338 6336 6329
f 407 6332 6344
f 6332 1597 6347
f 6344 6347 1600
f 6332 6347 6344
f 1597 6331 6333
f 6331 106 6312
f 6333 6312 1591
f 6331 6312 6333
f 1600 6345 6343
f 6345 1591 6313
f 6343 6313 405
f 6345 6313 6343
f 1597 6333 6347
f 6333 1591 6345
f 6347 6345 1600
f 6333 6345 6347
f 389 6314 6035
f 6314 1592 6316
f 6035 6316 1523
f 6314 6316 6035
f 1592 6315 6317
f 6315 405 6310
f 6317 6310 1590
f 6315 6310 6317
f 1523 6311 6034
f 6311 1590 6309
f 6034 6309 28
f 6311 6309 6034
f 1592 6317 6316
f 6317 1590 6311
f 6316 6311 1523
f 6317 6311 6316
f 407 6344 6335
f 6344 1600 6348
f 6335 6348 1598
f 6344 6348 6335
f 1600 6343 6346
f 6343 405 6315
f 6346 6315 1592
f 6343 6315 6346
f 1598 6337 6334
f 6337 1592 6314
f 6334 6314 389
f 6337 6314 6334
f 1600 6346 6348
f 6346 1592 6337
f 6348 6337 1598
f 6346 6337 6348
f 104 6349 6195
f 6349 1601 6352
f 6195 6352 1564
f 6349 6352 6195
f 1601 6350 6366
f 6350 408 6363
f 6366 6363 1604
f 6350 6363 6366
f 1564 6364 6196
f 6364 1604 6362
f 6196 6362 399
f 6364 6362 6196
f 1601 6366 6352
f 6366 1604 6364
f 6352 6364 1564
f 6366 6364 6352
f 408 6354 6374
f 6354 1602 6377
f 6374 6377 1606
f 6354 6377 6374
f 1602 6353 6356
f 6353 106 6331
f 6356 6331 1597
f 6353 6331 6356
f 1606 6375 6373
f 6375 1597 6332
f 6373 6332 407
f 6375 6332 6373
f 1602 6356 6377
f 6356 1597 6375
f 6377 6375 1606
f 6356 6375 6377
f 399 6339 6193
f 6339 1599 6341
f 6193 6341 1563
f 6339 6341 6193
f 1599 6340 6342
f 6340 407 6328
f 6342 6328 1596
f 6340 6328 6342
f 1563 6330 6192
f 6330 1596 6327
f 6192 6327 102
f 6330 6327 6192
f 1599 6342 6341
f 6342 1596 6330
f 6341 6330 1563
f 6342 6330 6341
f 408 6374 6363
f 6374 1606 6378
f 6363 6378 1604
f 6374 6378 6363
f 1606 6373 6376
f 6373 407 6340
f 6376 6340 1599
f 6373 6340 6376
f 1604 6365 6362
f 6365 1599 6339
f 6362 6339 399
f 6365 6339 6362
f 1606 6376 6378
f 6376 1599 6365
f 6378 6365 1604
f 6376 6365 6378
f 29 6815 6318
f 6815 1717 6817
f 6318 6817 1593
f 6815 6817 6318
f 1717 6816 6824
f 6816 437 6822
f 6824 6822 1719
f 6816 6822 6824
f 1593 6823 6319
f 6823 1719 6821
f 6319 6821 406
f 6823 6821 6319
f 1717 6824 6817
f 6824 1719 6823
f 6817 6823 1593
f 6824 6823 6817
f 437 6820 6854
f 6820 1718 6856
f 6854 6856 1728
f 6820 6856 6854
f 1718 6819 6844
f 6819 114 6842
f 6844 6842 1725
f 6819 6842 6844
f 1728 6858 6855
f 6858 1725 6843
f 6855 6843 439
f 6858 6843 6855
f 1718 6844 6856
f 6844 1725 6858
f 6856 6858 1728
f 6844 6858 6856
f 406 6845 6322
f 6845 1726 6847
f 6322 6847 1594
f 6845 6847 6322
f 1726 6846 6849
f 6846 439 6839
f 6849 6839 1724
f 6846 6839 6849
f 1594 6840 6321
f 6840 1724 6838
f 6321 6838 106
f 6840 6838 6321
f 1726 6849 6847
f 6849 1724 6840
f 6847 6840 1594
f 6849 6840 6847
f 437 6854 6822
f 6854 1728 6857
f 6822 6857 1719
f 6854 6857 6822
f 1728 6855 6859
f 6855 439 6846
f 6859 6846 1726
f 6855 6846 6859
f 1719 6848 6821
f 6848 1726 6845
f 6821 6845 406
f 6848 6845 6821
f 1728 6859 6857
f 6859 1726 6848
f 6857 6848 1719
f 6859 6848 6857
f 114 6832 6881
f 6832 1722 6883
f 6881 6883 1734
f 6832 6883 6881
f 1722 6833 6897
f 6833 438 6895
f 6897 6895 1737
f 6833 6895 6897
f 1734 6899 6882
f 6899 1737 6896
f 6882 6896 441
f 6899 6896 6882
f 1722 6897 6883
f 6897 1737 6899
f 6883 6899 1734
f 6897 6899 6883
f 438 6830 6835
f 6830 1721 6837
f 6835 6837 1723
f 6830 6837 6835
f 1721 6829 6831
f 6829 31 6794
f 6831 6794 1711
f 6829 6794 6831
f 1723 6836 6834
f 6836 1711 6795
f 6834 6795 435
f 6836 6795 6834
f 1721 6831 6837
f 6831 1711 6836
f 6837 6836 1723
f 6831 6836 6837
f 441 6886 6878
f 6886 1735 6889
f 6878 6889 1733
f 6886 6889 6878
f 1735 6885 6887
f 6885 435 6797
f 6887 6797 1712
f 6885 6797 6887
f 1733 6879 6877
f 6879 1712 6796
f 6877 6796 113
f 6879 6796 6877
f 1735 6887 6889
f 6887 1712 6879
f 6889 6879 1733
f 6887 6879 6889
f 438 6835 6895
f 6835 1723 6898
f 6895 6898 1737
f 6835 6898 6895
f 1723 6834 6888
f 6834 435 6885
f 6888 6885 1735
f 6834 6885 6888
f 1737 6900 6896
f 6900 1735 6886
f 6896 6886 441
f 6900 6886 6896
f 1723 6888 6898
f 6888 1735 6900
f 6898 6900 1737
f 6888 6900 6898
f 106 6798 6312
f 6798 1713 6800
f 6312 6800 1591
f 6798 6800 6312
f 1713 6799 6808
f 6799 436 6805
f 6808 6805 1715
f 6799 6805 6808
f 1591 6806 6313
f 6806 1715 6804
f 6313 6804 405
f 6806 6804 6313
f 1713 6808 6800
f 6808 1715 6806
f 6800 6806 1591
f 6808 6806 6800
f 436 6802 6810
f 6802 1714 6813
f 6810 6813 1716
f 6802 6813 6810
f 1714 6801 6803
f 6801 113 6788
f 6803 6788 1709
f 6801 6788 6803
f 1716 6811 6809
f 6811 1709 6789
f 6809 6789 434
f 6811 6789 6809
f 1714 6803 6813
f 6803 1709 6811
f 6813 6811 1716
f 6803 6811 6813
f 405 6790 6310
f 6790 1710 6792
f 6310 6792 1590
f 6790 6792 6310
f 1710 6791 6793
f 6791 434 6786
f 6793 6786 1708
f 6791 6786 6793
f 1590 6787 6309
f 6787 1708 6785
f 6309 6785 28
f 6787 6785 6309
f 1710 6793 6792
f 6793 1708 6787
f 6792 6787 1590
f 6793 6787 6792
f 436 6810 6805
f 6810 1716 6814
f 6805 6814 1715
f 6810 6814 6805
f 1716 6809 6812
f 6809 434 6791
f 6812 6791 1710
f 6809 6791 6812
f 1715 6807 6804
f 6807 1710 6790
f 6804 6790 405
f 6807 6790 6804
f 1716 6812 6814
f 6812 1710 6807
f 6814 6807 1715
f 6812 6807 6814
f 114 6881 6842
f 6881 1734 6884
f 6842 6884 1725
f 6881 6884 6842
f 1734 6882 6905
f 6882 441 6902
f 6905 6902 1738
f 6882 6902 6905
f 1725 6903 6843
f 6903 1738 6901
f 6843 6901 439
f 6903 6901 6843
f 1734 6905 6884
f 6905 1738 6903
f 6884 6903 1725
f 6905 6903 6884
f 441 6878 6891
f 6878 1733 6894
f 6891 6894 1736
f 6878 6894 6891
f 1733 6877 6880
f 6877 113 6801
f 6880 6801 1714
f 6877 6801 6880
f 1736 6892 6890
f 6892 1714 6802
f 6890 6802 436
f 6892 6802 6890
f 1733 6880 6894
f 6880 1714 6892
f 6894 6892 1736
f 6880 6892 6894
f 439 6851 6839
f 6851 1727 6853
f 6839 6853 1724
f 6851 6853 6839
f 1727 6850 6852
f 6850 436 6799
f 6852 6799 1713
f 6850 6799 6852
f 1724 6841 6838
f 6841 1713 6798
f 6838 6798 106
f 6841 6798 6838
f 1727 6852 6853
f 6852 1713 6841
f 6853 6841 1724
f 6852 6841 6853
f 441 6891 6902
f 6891 1736 6906
f 6902 6906 1738
f 6891 6906 6902
f 1736 6890 6893
f 6890 436 6850
f 6893 6850 1727
f 6890 6850 6893
f 1738 6904 6901
f 6904 1727 6851
f 6901 6851 439
f 6904 6851 6901
f 1736 6893 6906
f 6893 1727 6904
f 6906 6904 1738
f 6893 6904 6906
f 29 6685 6815
f 6685 1682 6818
f 6815 6818 1717
f 6685 6818 6815
f 1682 6686 6827
f 6686 427 6825
f 6827 6825 1720
f 6686 6825 6827
f 1717 6828 6816
f 6828 1720 6826
f 6816 6826 437
f 6828 6826 6816
f 1682 6827 6818
f 6827 1720 6828
f 6818 6828 1717
f 6827 6828 6818
f 427 6689 6866
f 6689 1683 6868
f 6866 6868 1731
f 6689 6868 6866
f 1683 6688 6862
f 6688 111 6860
f 6862 6860 1729
f 6688 6860 6862
f 1731 6870 6867
f 6870 1729 6861
f 6867 6861 440
f 6870 6861 6867
f 1683 6862 6868
f 6862 1729 6870
f 6868 6870 1731
f 6862 6870 6868
f 437 6871 6820
f 6871 1732 6873
f 6820 6873 1718
f 6871 6873 6820
f 1732 6872 6875
f 6872 440 6864
f 6875 6864 1730
f 6872 6864 6875
f 1718 6865 6819
f 6865 1730 6863
f 6819 6863 114
f 6865 6863 6819
f 1732 6875 6873
f 6875 1730 6865
f 6873 6865 1718
f 6875 6865 6873
f 427 6866 6825
f 6866 1731 6869
f 6825 6869 1720
f 6866 6869 6825
f 1731 6867 6876
f 6867 440 6872
f 6876 6872 1732
f 6867 6872 6876
f 1720 6874 6826
f 6874 1732 6871
f 6826 6871 437
f 6874 6871 6826
f 1731 6876 6869
f 6876 1732 6874
f 6869 6874 1720
f 6876 6874 6869
f 111 6697 6957
f 6697 1686 6959
f 6957 6959 1752
f 6697 6959 6957
f 1686 6698 6966
f 6698 428 6964
f 6966 6964 1754
f 6698 6964 6966
f 1752 6968 6958
f 6968 1754 6965
f 6958 6965 445
f 6968 6965 6958
f 1686 6966 6959
f 6966 1754 6968
f 6959 6968 1752
f 6966 6968 6959
f 428 6695 6917
f 6695 1685 6919
f 6917 6919 1742
f 6695 6919 6917
f 1685 6694 6910
f 6694 30 6907
f 6910 6907 1739
f 6694 6907 6910
f 1742 6920 6918
f 6920 1739 6908
f 6918 6908 442
f 6920 6908 6918
f 1685 6910 6919
f 6910 1739 6920
f 6919 6920 1742
f 6910 6920 6919
f 445 6974 6962
f 6974 1756 6977
f 6962 6977 1753
f 6974 6977 6962
f 1756 6973 6975
f 6973 442 6912
f 6975 6912 1740
f 6973 6912 6975
f 1753 6963 6961
f 6963 1740 6911
f 6961 6911 115
f 6963 6911 6961
f 1756 6975 6977
f 6975 1740 6963
f 6977 6963 1753
f 6975 6963 6977
f 428 6917 6964
f 6917 1742 6967
f 6964 6967 1754
f 6917 6967 6964
f 1742 6918 6976
f 6918 442 6973
f 6976 6973 1756
f 6918 6973 6976
f 1754 6978 6965
f 6978 1756 6974
f 6965 6974 445
f 6978 6974 6965
f 1742 6976 6967
f 6976 1756 6978
f 6967 6978 1754
f 6976 6978 6967
f 114 7009 6832
f 7009 1763 7011
f 6832 7011 1722
f 7009 7011 6832
f 1763 7010 7021
f 7010 447 7018
f 7021 7018 1765
f 7010 7018 7021
f 1722 7019 6833
f 7019 1765 7017
f 6833 7017 438
f 7019 7017 6833
f 1763 7021 7011
f 7021 1765 7019
f 7011 7019 1722
f 7021 7019 7011
f 447 7014 7028
f 7014 1764 7031
f 7028 7031 1767
f 7014 7031 7028
f 1764 7013 7015
f 7013 115 6925
f 7015 6925 1744
f 7013 6925 7015
f 1767 7029 7027
f 7029 1744 6926
f 7027 6926 443
f 7029 6926 7027
f 1764 7015 7031
f 7015 1744 7029
f 7031 7029 1767
f 7015 7029 7031
f 438 6931 6830
f 6931 1746 6933
f 6830 6933 1721
f 6931 6933 6830
f 1746 6932 6934
f 6932 443 6922
f 6934 6922 1743
f 6932 6922 6934
f 1721 6924 6829
f 6924 1743 6921
f 6829 6921 31
f 6924 6921 6829
f 1746 6934 6933
f 6934 1743 6924
f 6933 6924 1721
f 6934 6924 6933
f 447 7028 7018
f 7028 1767 7032
f 7018 7032 1765
f 7028 7032 7018
f 1767 7027 7030
f 7027 443 6932
f 7030 6932 1746
f 7027 6932 7030
f 1765 7020 7017
f 7020 1746 6931
f 7017 6931 438
f 7020 6931 7017
f 1767 7030 7032
f 7030 1746 7020
f 7032 7020 1765
f 7030 7020 7032
f 111 6957 6860
f 6957 1752 6960
f 6860 6960 1729
f 6957 6960 6860
f 1752 6958 6972
f 6958 445 6970
f 6972 6970 1755
f 6958 6970 6972
f 1729 6971 6861
f 6971 1755 6969
f 6861 6969 440
f 6971 6969 6861
f 1752 6972 6960
f 6972 1755 6971
f 6960 6971 1729
f 6972 6971 6960
f 445 6962 7033
f 6962 1753 7035
f 7033 7035 1768
f 6962 7035 7033
f 1753 6961 7016
f 6961 115 7013
f 7016 7013 1764
f 6961 7013 7016
f 1768 7037 7034
f 7037 1764 7014
f 7034 7014 447
f 7037 7014 7034
f 1753 7016 7035
f 7016 1764 7037
f 7035 7037 1768
f 7016 7037 7035
f 440 7022 6864
f 7022 1766 7024
f 6864 7024 1730
f 7022 7024 6864
f 1766 7023 7026
f 7023 447 7010
f 7026 7010 1763
f 7023 7010 7026
f 1730 7012 6863
f 7012 1763 7009
f 6863 7009 114
f 7012 7009 6863
f 1766 7026 7024
f 7026 1763 7012
f 7024 7012 1730
f 7026 7012 7024
f 445 7033 6970
f 7033 1768 7036
f 6970 7036 1755
f 7033 7036 6970
f 1768 7034 7038
f 7034 447 7023
f 7038 7023 1766
f 7034 7023 7038
f 1755 7025 6969
f 7025 1766 7022
f 6969 7022 440
f 7025 7022 6969
f 1768 7038 7036
f 7038 1766 7025
f 7036 7025 1755
f 7038 7025 7036
f 30 6440 6907
f 6440 1624 6909
f 6907 6909 1739
f 6440 6909 6907
f 1624 6441 6915
f 6441 414 6913
f 6915 6913 1741
f 6441 6913 6915
f 1739 6916 6908
f 6916 1741 6914
f 6908 6914 442
f 6916 6914 6908
f 1624 6915 6909
f 6915 1741 6916
f 6909 6916 1739
f 6915 6916 6909
f 414 6444 6942
f 6444 1625 6944
f 6942 6944 1749
f 6444 6944 6942
f 1625 6443 6937
f 6443 108 6935
f 6937 6935 1747
f 6443 6935 6937
f 1749 6946 6943
f 6946 1747 6936
f 6943 6936 444
f 6946 6936 6943
f 1625 6937 6944
f 6937 1747 6946
f 6944 6946 1749
f 6937 6946 6944
f 442 6951 6912
f 6951 1751 6953
f 6912 6953 1740
f 6951 6953 6912
f 1751 6952 6955
f 6952 444 6940
f 6955 6940 1748
f 6952 6940 6955
f 1740 6941 6911
f 6941 1748 6939
f 6911 6939 115
f 6941 6939 6911
f 1751 6955 6953
f 6955 1748 6941
f 6953 6941 1740
f 6955 6941 6953
f 414 6942 6913
f 6942 1749 6945
f 6913 6945 1741
f 6942 6945 6913
f 1749 6943 6956
f 6943 444 6952
f 6956 6952 1751
f 6943 6952 6956
f 1741 6954 6914
f 6954 1751 6951
f 6914 6951 442
f 6954 6951 6914
f 1749 6956 6945
f 6956 1751 6954
f 6945 6954 1741
f 6956 6954 6945
f 108 6434 6768
f 6434 1622 6770
f 6768 6770 1704
f 6434 6770 6768
f 1622 6435 6776
f 6435 413 6774
f 6776 6774 1706
f 6435 6774 6776
f 1704 6778 6769
f 6778 1706 6775
f 6769 6775 433
f 6778 6775 6769
f 1622 6776 6770
f 6776 1706 6778
f 6770 6778 1704
f 6776 6778 6770
f 413 6432 6760
f 6432 1621 6762
f 6760 6762 1701
f 6432 6762 6760
f 1621 6431 6757
f 6431 24 6755
f 6757 6755 1699
f 6431 6755 6757
f 1701 6763 6761
f 6763 1699 6756
f 6761 6756 431
f 6763 6756 6761
f 1621 6757 6762
f 6757 1699 6763
f 6762 6763 1701
f 6757 6763 6762
f 433 6780 6772
f 6780 1707 6783
f 6772 6783 1705
f 6780 6783 6772
f 1707 6779 6781
f 6779 431 6759
f 6781 6759 1700
f 6779 6759 6781
f 1705 6773 6771
f 6773 1700 6758
f 6771 6758 112
f 6773 6758 6771
f 1707 6781 6783
f 6781 1700 6773
f 6783 6773 1705
f 6781 6773 6783
f 413 6760 6774
f 6760 1701 6777
f 6774 6777 1706
f 6760 6777 6774
f 1701 6761 6782
f 6761 431 6779
f 6782 6779 1707
f 6761 6779 6782
f 1706 6784 6775
f 6784 1707 6780
f 6775 6780 433
f 6784 6780 6775
f 1701 6782 6777
f 6782 1707 6784
f 6777 6784 1706
f 6782 6784 6777
f 115 6983 6925
f 6983 1758 6985
f 6925 6985 1744
f 6983 6985 6925
f 1758 6984 7001
f 6984 446 6998
f 7001 6998 1761
f 6984 6998 7001
f 1744 6999 6926
f 6999 1761 6997
f 6926 6997 443
f 6999 6997 6926
f 1758 7001 6985
f 7001 1761 6999
f 6985 6999 1744
f 7001 6999 6985
f 446 6980 6988
f 6980 1757 6991
f 6988 6991 1759
f 6980 6991 6988
f 1757 6979 6981
f 6979 112 6766
f 6981 6766 1703
f 6979 6766 6981
f 1759 6989 6987
f 6989 1703 6767
f 6987 6767 432
f 6989 6767 6987
f 1757 6981 6991
f 6981 1703 6989
f 6991 6989 1759
f 6981 6989 6991
f 443 6928 6922
f 6928 1745 6930
f 6922 6930 1743
f 6928 6930 6922
f 1745 6927 6929
f 6927 432 6765
f 6929 6765 1702
f 6927 6765 6929
f 1743 6923 6921
f 6923 1702 6764
f 6921 6764 31
f 6923 6764 6921
f 1745 6929 6930
f 6929 1702 6923
f 6930 6923 1743
f 6929 6923 6930
f 446 6988 6998
f 6988 1759 7002
f 6998 7002 1761
f 6988 7002 6998
f 1759 6987 6990
f 6987 432 6927
f 6990 6927 1745
f 6987 6927 6990
f 1761 7000 6997
f 7000 1745 6928
f 6997 6928 443
f 7000 6928 6997
f 1759 6990 7002
f 6990 1745 7000
f 7002 7000 1761
f 6990 7000 7002
f 108 6768 6935
f 6768 1704 6938
f 6935 6938 1747
f 6768 6938 6935
f 1704 6769 6949
f 6769 433 6947
f 6949 6947 1750
f 6769 6947 6949
f 1747 6950 6936
f 6950 1750 6948
f 6936 6948 444
f 6950 6948 6936
f 1704 6949 6938
f 6949 1750 6950
f 6938 6950 1747
f 6949 6950 6938
f 433 6772 6992
f 6772 1705 6994
f 6992 6994 1760
f 6772 6994 6992
f 1705 6771 6982
f 6771 112 6979
f 6982 6979 1757
f 6771 6979 6982
f 1760 6996 6993
f 6996 1757 6980
f 6993 6980 446
f 6996 6980 6993
f 1705 6982 6994
f 6982 1757 6996
f 6994 6996 1760
f 6982 6996 6994
f 444 7003 6940
f 7003 1762 7005
f 6940 7005 1748
f 7003 7005 6940
f 1762 7004 7007
f 7004 446 6984
f 7007 6984 1758
f 7004 6984 7007
f 1748 6986 6939
f 6986 1758 6983
f 6939 6983 115
f 6986 6983 6939
f 1762 7007 7005
f 7007 1758 6986
f 7005 6986 1748
f 7007 6986 7005
f 433 6992 6947
f 6992 1760 6995
f 6947 6995 1750
f 6992 6995 6947
f 1760 6993 7008
f 6993 446 7004
f 7008 7004 1762
f 6993 7004 7008
f 1750 7006 6948
f 7006 1762 7003
f 6948 7003 444
f 7006 7003 6948
f 1760 7008 6995
f 7008 1762 7006
f 6995 7006 1750
f 7008 7006 6995

