# https://github.com/mikedh/trimesh
v -0.01400000 -0.00900000 0.02200000
v -0.00711200 -0.00317500 0.00750000
v -0.00710869 -0.00317169 0.00750000
v -0.00711200 -0.00317500 0.02200000
v -0.00661200 -0.00267500 0.00600000
v -0.00559131 -0.00317169 0.00750000
v -0.00558800 -0.00317500 0.00750000
v -0.00558800 -0.00317500 0.00751000
v -0.00608800 -0.00267500 0.00600000
v -0.00558800 -0.00317500 0.02200000
v -0.01400000 -0.00900000 0.04400000
v -0.01100000 -0.00600000 0.04800000
v -0.00711200 0.00317500 0.00750000
v -0.00710869 0.00317169 0.00750000
v -0.00711200 0.00317500 0.02200000
v -0.01400000 0.00900000 0.02200000
v -0.00661200 0.00267500 0.00600000
v -0.00608800 0.00267500 0.00600000
v -0.00559131 0.00317169 0.00750000
v -0.00558800 0.00317500 0.00750000
v -0.00558800 0.00317500 0.02200000
v -0.01100000 0.00600000 0.04800000
v -0.01400000 0.00900000 0.04400000
v 0.00558800 -0.00317500 0.00750000
v 0.00559131 -0.00317169 0.00750000
v 0.00608800 -0.00267500 0.00600000
v 0.00661200 -0.00267500 0.00600000
v 0.00558800 -0.00317500 0.02200000
v 0.01400000 -0.00900000 0.02200000
v 0.00710869 -0.00317169 0.00750000
v 0.00711200 -0.00317500 0.00750000
v 0.00711200 -0.00317500 0.00751000
v 0.00711200 -0.00317500 0.02200000
v 0.01400000 -0.00900000 0.04400000
v 0.01100000 -0.00600000 0.04800000
v 0.00608800 0.00267500 0.00600000
v 0.00558800 0.00317500 0.00750000
v 0.00559131 0.00317169 0.00750000
v 0.00661200 0.00267500 0.00600000
v 0.00558800 0.00317500 0.02200000
v 0.00710869 0.00317169 0.00750000
v 0.00711200 0.00317500 0.00750000
v 0.00711200 0.00317500 0.02200000
v 0.01400000 0.00900000 0.02200000
v 0.01100000 0.00600000 0.04800000
v 0.01400000 0.00900000 0.04400000
v -0.00711034 -0.00317334 0.00750000
v -0.01055600 -0.00608750 0.02200000
v -0.00711200 -0.00317500 0.01475000
v -0.00686034 -0.00292334 0.00675000
v -0.00635166 -0.00317334 0.00750000
v -0.00635000 -0.00317169 0.00750000
v -0.00610166 -0.00292334 0.00675000
v -0.00635000 -0.00317500 0.00750000
v -0.00558966 -0.00317334 0.00750000
v -0.00635000 -0.00317500 0.00750500
v -0.00635000 -0.00317500 0.01475500
v -0.00558800 -0.00317500 0.00750500
v -0.00635000 -0.00267500 0.00600000
v -0.00583966 -0.00292334 0.00675000
v -0.00635000 -0.00317500 0.02200000
v -0.00558800 -0.00317500 0.01475500
v -0.01400000 -0.00900000 0.03300000
v -0.01250000 -0.00750000 0.04600000
v -0.00711200 0.00000000 0.00750000
v -0.00711034 0.00000166 0.00750000
v -0.00710869 0.00000000 0.00750000
v -0.00711034 0.00317334 0.00750000
v -0.00711200 0.00000000 0.01475000
v -0.00711200 0.00000000 0.02200000
v -0.00711200 0.00317500 0.01475000
v -0.01400000 0.00000000 0.02200000
v -0.01055600 0.00291250 0.02200000
v -0.01055600 0.00608750 0.02200000
v -0.00686034 -0.00024834 0.00675000
v -0.00661200 0.00000000 0.00600000
v -0.00635000 0.00000000 0.00600000
v -0.00686034 0.00292334 0.00675000
v -0.00608800 0.00000000 0.00600000
v -0.00659834 0.00292334 0.00675000
v -0.00635000 0.00267500 0.00600000
v -0.00559131 0.00000000 0.00750000
v -0.00558966 -0.00000166 0.00750000
v -0.00583966 0.00024834 0.00675000
v -0.00635000 0.00317169 0.00750000
v -0.00583966 0.00292334 0.00675000
v -0.00558800 0.00000000 0.00750000
v -0.00558800 0.00000000 0.00750500
v -0.00558800 0.00000000 0.01475000
v -0.00635000 0.00317500 0.00750000
v -0.00634834 0.00317334 0.00750000
v -0.00558966 0.00317334 0.00750000
v -0.00558800 0.00000000 0.02200000
v -0.00635000 0.00317500 0.01475000
v -0.00635000 0.00317500 0.02200000
v -0.00979400 0.00608750 0.02200000
v -0.00558800 0.00317500 0.01475000
v -0.01250000 -0.00150000 0.04600000
v -0.01100000 0.00000000 0.04800000
v -0.01400000 0.00000000 0.03300000
v -0.01400000 0.00000000 0.04400000
v -0.01400000 0.00900000 0.03300000
v -0.01250000 0.00750000 0.04600000
v 0.00558966 -0.00317334 0.00750000
v 0.00583966 -0.00292334 0.00675000
v 0.00635000 -0.00267500 0.00600000
v -0.00420600 0.00291250 0.02200000
v 0.00558800 -0.00317500 0.01475000
v 0.00000000 -0.00900000 0.02200000
v 0.00344400 -0.00608750 0.02200000
v 0.00420600 -0.00608750 0.02200000
v 0.00000000 -0.00900000 0.03300000
v 0.00000000 0.00000000 0.02200000
v 0.00420600 -0.00291250 0.02200000
v 0.00979400 -0.00608750 0.02200000
v 0.00634834 -0.00317334 0.00750000
v 0.00635000 -0.00317169 0.00750000
v 0.00659834 -0.00292334 0.00675000
v 0.00686034 -0.00292334 0.00675000
v 0.00635000 -0.00317500 0.00750000
v 0.00711034 -0.00317334 0.00750000
v 0.00635000 -0.00317500 0.00750500
v 0.00635000 -0.00317500 0.01475500
v 0.00711200 -0.00317500 0.00750500
v 0.00635000 -0.00317500 0.02200000
v 0.01055600 -0.00608750 0.02200000
v 0.00711200 -0.00317500 0.01475500
v 0.00000000 -0.00900000 0.04400000
v 0.01400000 -0.00900000 0.03300000
v -0.00150000 -0.00750000 0.04600000
v 0.00000000 -0.00600000 0.04800000
v 0.00000000 0.00000000 0.04800000
v 0.01250000 -0.00750000 0.04600000
v 0.00583966 -0.00024834 0.00675000
v 0.00608800 0.00000000 0.00600000
v 0.00635000 0.00000000 0.00600000
v 0.00558800 0.00000000 0.00750000
v 0.00558966 0.00000166 0.00750000
v 0.00559131 0.00000000 0.00750000
v 0.00583966 0.00292334 0.00675000
v 0.00558966 0.00317334 0.00750000
v 0.00661200 0.00000000 0.00600000
v 0.00635000 0.00267500 0.00600000
v 0.00610166 0.00292334 0.00675000
v -0.00420600 0.00608750 0.02200000
v 0.00558800 0.00000000 0.01475000
v 0.00558800 0.00000000 0.02200000
v 0.00558800 0.00317500 0.01475000
v 0.00686034 0.00024834 0.00675000
v 0.00710869 0.00000000 0.00750000
v 0.00711034 -0.00000166 0.00750000
v 0.00635000 0.00317169 0.00750000
v 0.00686034 0.00292334 0.00675000
v 0.00711200 0.00000000 0.00750000
v 0.00711200 0.00000000 0.00750500
v 0.00711200 0.00000000 0.01475000
v 0.00635000 0.00317500 0.00750000
v 0.00635166 0.00317334 0.00750000
v 0.00711034 0.00317334 0.00750000
v 0.00711200 0.00000000 0.02200000
v 0.00635000 0.00317500 0.01475000
v 0.00635000 0.00317500 0.02200000
v 0.00711200 0.00317500 0.01475000
v 0.00000000 0.00900000 0.02200000
v 0.01400000 0.00000000 0.02200000
v 0.01055600 0.00291250 0.02200000
v 0.01400000 0.00000000 0.03300000
v 0.00979400 0.00608750 0.02200000
v 0.01055600 0.00608750 0.02200000
v 0.00000000 0.00600000 0.04800000
v 0.01100000 0.00000000 0.04800000
v 0.00000000 0.00900000 0.03300000
v 0.00150000 0.00750000 0.04600000
v 0.00000000 0.00900000 0.04400000
v 0.01400000 0.00000000 0.04400000
v 0.01250000 0.00150000 0.04600000
v 0.01400000 0.00900000 0.03300000
v 0.01250000 0.00750000 0.04600000
v -0.00711117 -0.00317417 0.00750000
v -0.00710952 -0.00317252 0.00750000
v -0.01227800 -0.00754375 0.02200000
v -0.00883400 -0.00463125 0.02200000
v -0.00711200 -0.00317500 0.01112500
v -0.00711200 -0.00317500 0.01837500
v -0.00698452 -0.00304752 0.00712500
v -0.00673617 -0.00279917 0.00637500
v -0.00673183 -0.00317417 0.00750000
v -0.00597148 -0.00317252 0.00750000
v -0.00673100 -0.00317334 0.00750000
v -0.00672934 -0.00317169 0.00750000
v -0.00597066 -0.00317169 0.00750000
v -0.00673017 -0.00317252 0.00750000
v -0.00660517 -0.00304752 0.00712500
v -0.00635083 -0.00317252 0.00750000
v -0.00635683 -0.00279917 0.00637500
v -0.00584648 -0.00304752 0.00712500
v -0.00648100 -0.00292334 0.00675000
v -0.00622583 -0.00304752 0.00712500
v -0.00673100 -0.00317500 0.00750000
v -0.00596900 -0.00317500 0.00750000
v -0.00635083 -0.00317417 0.00750000
v -0.00559048 -0.00317252 0.00750000
v -0.00558883 -0.00317417 0.00750000
v -0.00597066 -0.00317334 0.00750000
v -0.00596983 -0.00317417 0.00750000
v -0.00673100 -0.00317500 0.00750250
v -0.00596900 -0.00317500 0.00750750
v -0.00673100 -0.00317500 0.01112750
v -0.00635000 -0.00317500 0.00750250
v -0.00673100 -0.00317500 0.01837750
v -0.00596900 -0.00317500 0.01113250
v -0.00673100 -0.00317500 0.01475250
v -0.00635000 -0.00317500 0.01113000
v -0.00558800 -0.00317500 0.00750250
v -0.00558800 -0.00317500 0.00750750
v -0.00596900 -0.00317500 0.00750250
v -0.00596900 -0.00317500 0.00750500
v -0.00648100 -0.00267500 0.00600000
v -0.00621900 -0.00267500 0.00600000
v -0.00622583 -0.00279917 0.00637500
v -0.00571548 -0.00304752 0.00712500
v -0.00596383 -0.00279917 0.00637500
v -0.00597066 -0.00292334 0.00675000
v -0.00609483 -0.00279917 0.00637500
v -0.00673100 -0.00317500 0.02200000
v -0.00596900 -0.00317500 0.02200000
v -0.00635000 -0.00317500 0.01837750
v -0.00558800 -0.00317500 0.01113250
v -0.00558800 -0.00317500 0.01837750
v -0.00596900 -0.00317500 0.01475500
v -0.00596900 -0.00317500 0.01837750
v -0.01400000 -0.00900000 0.02750000
v -0.01400000 -0.00900000 0.03850000
v -0.01325000 -0.00825000 0.04500000
v -0.01175000 -0.00675000 0.04700000
v -0.00711200 -0.00158750 0.00750000
v -0.00711200 0.00158750 0.00750000
v -0.00711117 -0.00158667 0.00750000
v -0.00710952 -0.00158502 0.00750000
v -0.00711117 0.00158833 0.00750000
v -0.00711034 -0.00158584 0.00750000
v -0.00711117 0.00000083 0.00750000
v -0.00710869 -0.00158584 0.00750000
v -0.00710869 0.00158584 0.00750000
v -0.00710952 0.00000083 0.00750000
v -0.00711117 0.00317417 0.00750000
v -0.00710952 0.00317252 0.00750000
v -0.00711034 0.00158750 0.00750000
v -0.00710952 0.00158667 0.00750000
v -0.00711200 -0.00158750 0.01112500
v -0.00711200 0.00158750 0.01837500
v -0.00711200 -0.00158750 0.01475000
v -0.00711200 0.00000000 0.01112500
v -0.00711200 -0.00158750 0.02200000
v -0.00711200 0.00158750 0.02200000
v -0.00711200 -0.00158750 0.01837500
v -0.00711200 0.00000000 0.01837500
v -0.00711200 0.00317500 0.01112500
v -0.00711200 0.00317500 0.01837500
v -0.00711200 0.00158750 0.01112500
v -0.00711200 0.00158750 0.01475000
v -0.01400000 -0.00450000 0.02200000
v -0.01400000 0.00450000 0.02200000
v -0.01227800 -0.00304375 0.02200000
v -0.00883400 -0.00013125 0.02200000
v -0.01227800 0.00595625 0.02200000
v -0.01055600 -0.00158750 0.02200000
v -0.00883400 0.00145625 0.02200000
v -0.01227800 0.00145625 0.02200000
v -0.00883400 0.00463125 0.02200000
v -0.01227800 0.00754375 0.02200000
v -0.00883400 0.00304375 0.02200000
v -0.01055600 0.00450000 0.02200000
v -0.00698452 -0.00171002 0.00712500
v -0.00673617 0.00121333 0.00637500
v -0.00686034 -0.00158584 0.00675000
v -0.00698452 -0.00012417 0.00712500
v -0.00661200 -0.00133750 0.00600000
v -0.00661200 0.00133750 0.00600000
v -0.00673617 -0.00146167 0.00637500
v -0.00648100 -0.00133750 0.00600000
v -0.00673617 -0.00012417 0.00637500
v -0.00621900 -0.00133750 0.00600000
v -0.00648100 0.00133750 0.00600000
v -0.00635000 -0.00133750 0.00600000
v -0.00648100 0.00000000 0.00600000
v -0.00698452 0.00304752 0.00712500
v -0.00673617 0.00279917 0.00637500
v -0.00698452 0.00146167 0.00712500
v -0.00686034 0.00133750 0.00675000
v -0.00608800 -0.00133750 0.00600000
v -0.00608800 0.00133750 0.00600000
v -0.00621900 0.00000000 0.00600000
v -0.00685352 0.00304752 0.00712500
v -0.00634317 0.00279917 0.00637500
v -0.00672934 0.00292334 0.00675000
v -0.00648100 0.00267500 0.00600000
v -0.00621900 0.00267500 0.00600000
v -0.00635000 0.00133750 0.00600000
v -0.00660517 0.00279917 0.00637500
v -0.00621900 0.00133750 0.00600000
v -0.00647417 0.00279917 0.00637500
v -0.00559131 -0.00158584 0.00750000
v -0.00559131 0.00158584 0.00750000
v -0.00559048 -0.00158667 0.00750000
v -0.00571548 -0.00146167 0.00712500
v -0.00558883 -0.00158833 0.00750000
v -0.00559048 0.00158502 0.00750000
v -0.00558966 -0.00158750 0.00750000
v -0.00559048 -0.00000083 0.00750000
v -0.00596383 -0.00121333 0.00637500
v -0.00571548 0.00171002 0.00712500
v -0.00583966 -0.00133750 0.00675000
v -0.00596383 0.00012417 0.00637500
v -0.00571548 0.00012417 0.00712500
v -0.00672934 0.00317169 0.00750000
v -0.00597066 0.00317169 0.00750000
v -0.00647417 0.00304752 0.00712500
v -0.00596383 0.00279917 0.00637500
v -0.00571548 0.00304752 0.00712500
v -0.00596383 0.00146167 0.00637500
v -0.00621900 0.00292334 0.00675000
v -0.00583966 0.00158584 0.00675000
v -0.00609483 0.00304752 0.00712500
v -0.00558800 -0.00158750 0.00750000
v -0.00558800 0.00158750 0.00750000
v -0.00558800 -0.00158750 0.00750250
v -0.00558883 -0.00000083 0.00750000
v -0.00558800 -0.00158750 0.00750750
v -0.00558800 0.00158750 0.00750250
v -0.00558800 -0.00158750 0.00750500
v -0.00558800 -0.00158750 0.01113000
v -0.00558800 0.00000000 0.00750250
v -0.00558800 -0.00158750 0.01837500
v -0.00558800 0.00158750 0.01112500
v -0.00558800 -0.00158750 0.01475250
v -0.00558800 0.00000000 0.01112750
v -0.00673100 0.00317500 0.00750000
v -0.00596900 0.00317500 0.00750000
v -0.00673017 0.00317417 0.00750000
v -0.00672852 0.00317252 0.00750000
v -0.00596817 0.00317417 0.00750000
v -0.00672934 0.00317334 0.00750000
v -0.00634917 0.00317252 0.00750000
v -0.00634917 0.00317417 0.00750000
v -0.00559048 0.00317252 0.00750000
v -0.00558883 0.00317417 0.00750000
v -0.00558966 0.00158584 0.00750000
v -0.00596983 0.00317252 0.00750000
v -0.00558883 0.00158667 0.00750000
v -0.00596900 0.00317334 0.00750000
v -0.00558800 -0.00158750 0.02200000
v -0.00558800 0.00158750 0.02200000
v -0.00558800 0.00000000 0.01837500
v -0.00673100 0.00317500 0.01112500
v -0.00596900 0.00317500 0.01837500
v -0.00673100 0.00317500 0.01475000
v -0.00635000 0.00317500 0.01112500
v -0.00673100 0.00317500 0.02200000
v -0.00596900 0.00317500 0.02200000
v -0.00673100 0.00317500 0.01837500
v -0.00845300 0.00463125 0.02200000
v -0.00635000 0.00317500 0.01837500
v -0.01189700 0.00754375 0.02200000
v -0.00769100 0.00463125 0.02200000
v -0.01017500 0.00608750 0.02200000
v -0.00807200 0.00463125 0.02200000
v -0.00558800 0.00317500 0.01112500
v -0.00558800 0.00317500 0.01837500
v -0.00558800 0.00158750 0.01475000
v -0.00596900 0.00317500 0.01112500
v -0.00558800 0.00158750 0.01837500
v -0.00596900 0.00317500 0.01475000
v -0.01325000 -0.00525000 0.04500000
v -0.01175000 0.00225000 0.04700000
v -0.01250000 -0.00450000 0.04600000
v -0.01100000 -0.00300000 0.04800000
v -0.01100000 0.00300000 0.04800000
v -0.01175000 -0.00375000 0.04700000
v -0.01175000 -0.00075000 0.04700000
v -0.01400000 -0.00450000 0.02750000
v -0.01400000 0.00450000 0.03850000
v -0.01400000 -0.00450000 0.03300000
v -0.01400000 0.00000000 0.02750000
v -0.01400000 -0.00450000 0.04400000
v -0.01400000 0.00450000 0.04400000
v -0.01400000 -0.00450000 0.03850000
v -0.01325000 -0.00075000 0.04500000
v -0.01400000 0.00000000 0.03850000
v -0.01400000 0.00900000 0.02750000
v -0.01400000 0.00900000 0.03850000
v -0.01400000 0.00450000 0.02750000
v -0.01400000 0.00450000 0.03300000
v -0.01175000 0.00675000 0.04700000
v -0.01325000 0.00825000 0.04500000
v -0.01250000 0.00300000 0.04600000
v -0.01325000 0.00375000 0.04500000
v 0.00558883 -0.00317417 0.00750000
v 0.00559048 -0.00317252 0.00750000
v 0.00571548 -0.00304752 0.00712500
v 0.00596383 -0.00279917 0.00637500
v 0.00621900 -0.00267500 0.00600000
v 0.00648100 -0.00267500 0.00600000
v -0.00910300 0.00595625 0.02200000
v 0.00069100 -0.00013125 0.02200000
v 0.00558800 -0.00317500 0.01112500
v 0.00558800 -0.00317500 0.01837500
v -0.00700000 -0.00900000 0.02200000
v 0.00700000 -0.00900000 0.02200000
v -0.00527800 -0.00754375 0.02200000
v -0.00700000 -0.00900000 0.02750000
v -0.00183400 -0.00463125 0.02200000
v 0.00872200 -0.00754375 0.02200000
v -0.00355600 -0.00608750 0.02200000
v -0.00145300 -0.00463125 0.02200000
v 0.00172200 -0.00754375 0.02200000
v -0.00069100 -0.00463125 0.02200000
v 0.00910300 -0.00754375 0.02200000
v -0.00107200 -0.00463125 0.02200000
v -0.00069100 -0.00304375 0.02200000
v 0.00382500 -0.00608750 0.02200000
v -0.00700000 -0.00900000 0.03850000
v 0.00700000 -0.00900000 0.02750000
v -0.00700000 -0.00900000 0.03300000
v 0.00000000 -0.00900000 0.02750000
v -0.00700000 0.00450000 0.02200000
v 0.00700000 -0.00450000 0.02200000
v -0.00489700 0.00304375 0.02200000
v -0.00210300 0.00145625 0.02200000
v -0.00069100 0.00013125 0.02200000
v 0.00910300 -0.00595625 0.02200000
v -0.00069100 -0.00145625 0.02200000
v -0.00279400 0.00158750 0.02200000
v 0.00420600 -0.00450000 0.02200000
v 0.00210300 -0.00145625 0.02200000
v 0.00769100 -0.00463125 0.02200000
v 0.01189700 -0.00754375 0.02200000
v 0.00279400 -0.00158750 0.02200000
v 0.00489700 -0.00304375 0.02200000
v 0.00596817 -0.00317417 0.00750000
v 0.00672852 -0.00317252 0.00750000
v 0.00596900 -0.00317334 0.00750000
v 0.00597066 -0.00317169 0.00750000
v 0.00672934 -0.00317169 0.00750000
v 0.00596983 -0.00317252 0.00750000
v 0.00609483 -0.00304752 0.00712500
v 0.00634917 -0.00317252 0.00750000
v 0.00634317 -0.00279917 0.00637500
v 0.00685352 -0.00304752 0.00712500
v 0.00621900 -0.00292334 0.00675000
v 0.00647417 -0.00279917 0.00637500
v 0.00647417 -0.00304752 0.00712500
v 0.00673617 -0.00279917 0.00637500
v 0.00698452 -0.00304752 0.00712500
v 0.00660517 -0.00279917 0.00637500
v 0.00672934 -0.00292334 0.00675000
v 0.00596900 -0.00317500 0.00750000
v 0.00673100 -0.00317500 0.00750000
v 0.00634917 -0.00317417 0.00750000
v 0.00710952 -0.00317252 0.00750000
v 0.00711117 -0.00317417 0.00750000
v 0.00672934 -0.00317334 0.00750000
v 0.00673017 -0.00317417 0.00750000
v 0.00596900 -0.00317500 0.00750250
v 0.00673100 -0.00317500 0.00750750
v 0.00596900 -0.00317500 0.01112750
v 0.00635000 -0.00317500 0.00750250
v 0.00596900 -0.00317500 0.01837750
v 0.00673100 -0.00317500 0.01113250
v 0.00596900 -0.00317500 0.01475250
v 0.00635000 -0.00317500 0.01113000
v 0.00711200 -0.00317500 0.00750250
v 0.00711200 -0.00317500 0.00750750
v 0.00673100 -0.00317500 0.00750250
v 0.00673100 -0.00317500 0.00750500
v 0.00596900 -0.00317500 0.02200000
v 0.00673100 -0.00317500 0.02200000
v 0.00807200 -0.00463125 0.02200000
v 0.00635000 -0.00317500 0.01837750
v 0.01227800 -0.00754375 0.02200000
v 0.00883400 -0.00463125 0.02200000
v 0.01017500 -0.00608750 0.02200000
v 0.00845300 -0.00463125 0.02200000
v 0.00711200 -0.00317500 0.01113250
v 0.00711200 -0.00317500 0.01837750
v 0.00673100 -0.00317500 0.01475500
v 0.00673100 -0.00317500 0.01837750
v -0.00700000 -0.00900000 0.04400000
v 0.00700000 -0.00900000 0.04400000
v 0.00000000 -0.00900000 0.03850000
v 0.01400000 -0.00900000 0.02750000
v 0.01400000 -0.00900000 0.03850000
v 0.00700000 -0.00900000 0.03300000
v 0.00700000 -0.00900000 0.03850000
v -0.00775000 -0.00825000 0.04500000
v 0.00475000 -0.00675000 0.04700000
v -0.00700000 -0.00750000 0.04600000
v -0.00075000 -0.00825000 0.04500000
v -0.00550000 -0.00600000 0.04800000
v 0.00550000 -0.00600000 0.04800000
v -0.00625000 -0.00675000 0.04700000
v -0.00550000 -0.00300000 0.04800000
v -0.00075000 -0.00675000 0.04700000
v -0.00550000 0.00300000 0.04800000
v 0.00550000 -0.00300000 0.04800000
v -0.00550000 0.00000000 0.04800000
v 0.00000000 -0.00300000 0.04800000
v 0.01325000 -0.00825000 0.04500000
v 0.01175000 -0.00675000 0.04700000
v 0.00625000 -0.00825000 0.04500000
v 0.00550000 -0.00750000 0.04600000
v 0.00571548 -0.00171002 0.00712500
v 0.00596383 0.00121333 0.00637500
v 0.00583966 -0.00158584 0.00675000
v 0.00608800 -0.00133750 0.00600000
v 0.00608800 0.00133750 0.00600000
v 0.00596383 -0.00146167 0.00637500
v 0.00621900 -0.00133750 0.00600000
v 0.00596383 -0.00012417 0.00637500
v 0.00648100 -0.00133750 0.00600000
v 0.00621900 0.00133750 0.00600000
v 0.00635000 -0.00133750 0.00600000
v 0.00621900 0.00000000 0.00600000
v 0.00558800 -0.00158750 0.00750000
v 0.00558800 0.00158750 0.00750000
v 0.00558883 -0.00158667 0.00750000
v 0.00559048 -0.00158502 0.00750000
v 0.00558883 0.00158833 0.00750000
v 0.00558966 -0.00158584 0.00750000
v 0.00558883 0.00000083 0.00750000
v 0.00559131 -0.00158584 0.00750000
v 0.00559131 0.00158584 0.00750000
v 0.00571548 -0.00012417 0.00712500
v 0.00559048 0.00000083 0.00750000
v 0.00596383 0.00279917 0.00637500
v 0.00571548 0.00304752 0.00712500
v 0.00583966 0.00133750 0.00675000
v 0.00571548 0.00146167 0.00712500
v 0.00558883 0.00317417 0.00750000
v 0.00559048 0.00317252 0.00750000
v 0.00558966 0.00158750 0.00750000
v 0.00559048 0.00158667 0.00750000
v 0.00661200 -0.00133750 0.00600000
v 0.00661200 0.00133750 0.00600000
v 0.00648100 0.00000000 0.00600000
v 0.00621900 0.00267500 0.00600000
v 0.00648100 0.00267500 0.00600000
v 0.00635000 0.00133750 0.00600000
v 0.00609483 0.00279917 0.00637500
v 0.00648100 0.00133750 0.00600000
v 0.00584648 0.00304752 0.00712500
v 0.00635683 0.00279917 0.00637500
v 0.00597066 0.00292334 0.00675000
v 0.00622583 0.00279917 0.00637500
v -0.00910300 0.00754375 0.02200000
v 0.00069100 0.00463125 0.02200000
v -0.00420600 0.00450000 0.02200000
v 0.00558800 -0.00158750 0.01112500
v 0.00558800 0.00158750 0.01837500
v 0.00558800 -0.00158750 0.01475000
v 0.00558800 0.00000000 0.01112500
v 0.00558800 -0.00158750 0.02200000
v 0.00558800 0.00158750 0.02200000
v 0.00069100 0.00145625 0.02200000
v 0.00558800 -0.00158750 0.01837500
v 0.00069100 0.00304375 0.02200000
v 0.00558800 0.00000000 0.01837500
v 0.00558800 0.00317500 0.01112500
v 0.00558800 0.00317500 0.01837500
v 0.00558800 0.00158750 0.01112500
v 0.00558800 0.00158750 0.01475000
v 0.00673617 -0.00121333 0.00637500
v 0.00698452 0.00171002 0.00712500
v 0.00686034 -0.00133750 0.00675000
v 0.00673617 0.00012417 0.00637500
v 0.00710869 -0.00158584 0.00750000
v 0.00710869 0.00158584 0.00750000
v 0.00698452 -0.00146167 0.00712500
v 0.00710952 -0.00158667 0.00750000
v 0.00698452 0.00012417 0.00712500
v 0.00711117 -0.00158833 0.00750000
v 0.00710952 0.00158502 0.00750000
v 0.00711034 -0.00158750 0.00750000
v 0.00710952 -0.00000083 0.00750000
v 0.00597066 0.00317169 0.00750000
v 0.00672934 0.00317169 0.00750000
v 0.00622583 0.00304752 0.00712500
v 0.00673617 0.00279917 0.00637500
v 0.00698452 0.00304752 0.00712500
v 0.00673617 0.00146167 0.00637500
v 0.00648100 0.00292334 0.00675000
v 0.00686034 0.00158584 0.00675000
v 0.00660517 0.00304752 0.00712500
v 0.00711200 -0.00158750 0.00750000
v 0.00711200 0.00158750 0.00750000
v 0.00711200 -0.00158750 0.00750250
v 0.00711117 -0.00000083 0.00750000
v 0.00711200 -0.00158750 0.00750750
v 0.00711200 0.00158750 0.00750250
v 0.00711200 -0.00158750 0.00750500
v 0.00711200 -0.00158750 0.01113000
v 0.00711200 0.00000000 0.00750250
v 0.00711200 -0.00158750 0.01837500
v 0.00711200 0.00158750 0.01112500
v 0.00711200 -0.00158750 0.01475250
v 0.00711200 0.00000000 0.01112750
v 0.00596900 0.00317500 0.00750000
v 0.00673100 0.00317500 0.00750000
v 0.00596983 0.00317417 0.00750000
v 0.00597148 0.00317252 0.00750000
v 0.00673183 0.00317417 0.00750000
v 0.00597066 0.00317334 0.00750000
v 0.00635083 0.00317252 0.00750000
v 0.00635083 0.00317417 0.00750000
v 0.00710952 0.00317252 0.00750000
v 0.00711117 0.00317417 0.00750000
v 0.00711034 0.00158584 0.00750000
v 0.00673017 0.00317252 0.00750000
v 0.00711117 0.00158667 0.00750000
v 0.00673100 0.00317334 0.00750000
v 0.00711200 -0.00158750 0.02200000
v 0.00711200 0.00158750 0.02200000
v 0.00711200 0.00000000 0.01837500
v 0.00596900 0.00317500 0.01112500
v 0.00673100 0.00317500 0.01837500
v 0.00596900 0.00317500 0.01475000
v 0.00635000 0.00317500 0.01112500
v 0.00596900 0.00317500 0.02200000
v 0.00673100 0.00317500 0.02200000
v 0.00596900 0.00317500 0.01837500
v 0.00635000 0.00317500 0.01837500
v 0.00711200 0.00317500 0.01112500
v 0.00711200 0.00317500 0.01837500
v 0.00711200 0.00158750 0.01475000
v 0.00673100 0.00317500 0.01112500
v 0.00711200 0.00158750 0.01837500
v 0.00673100 0.00317500 0.01475000
v -0.00700000 0.00900000 0.02200000
v 0.00700000 0.00900000 0.02200000
v -0.00210300 0.00754375 0.02200000
v 0.01400000 -0.00450000 0.02200000
v 0.01400000 0.00450000 0.02200000
v 0.01227800 -0.00304375 0.02200000
v 0.01400000 -0.00450000 0.02750000
v 0.00883400 -0.00013125 0.02200000
v 0.01227800 0.00595625 0.02200000
v 0.01055600 -0.00158750 0.02200000
v 0.00883400 0.00145625 0.02200000
v 0.01227800 0.00145625 0.02200000
v 0.01400000 -0.00450000 0.03850000
v 0.01400000 0.00450000 0.02750000
v 0.01400000 -0.00450000 0.03300000
v 0.01400000 0.00000000 0.02750000
v 0.00769100 0.00463125 0.02200000
v 0.01189700 0.00754375 0.02200000
v 0.00279400 0.00608750 0.02200000
v 0.00807200 0.00463125 0.02200000
v 0.00489700 0.00754375 0.02200000
v 0.00883400 0.00463125 0.02200000
v 0.01227800 0.00754375 0.02200000
v 0.00883400 0.00304375 0.02200000
v 0.00845300 0.00463125 0.02200000
v 0.01055600 0.00450000 0.02200000
v 0.01017500 0.00608750 0.02200000
v -0.00550000 0.00600000 0.04800000
v 0.00550000 0.00600000 0.04800000
v 0.00000000 0.00300000 0.04800000
v 0.01100000 -0.00300000 0.04800000
v 0.01100000 0.00300000 0.04800000
v 0.00550000 0.00000000 0.04800000
v 0.00550000 0.00300000 0.04800000
v -0.00700000 0.00900000 0.02750000
v 0.00700000 0.00900000 0.03850000
v -0.00700000 0.00900000 0.03300000
v 0.00000000 0.00900000 0.02750000
v -0.00475000 0.00675000 0.04700000
v 0.00775000 0.00825000 0.04500000
v -0.00550000 0.00750000 0.04600000
v 0.00075000 0.00675000 0.04700000
v -0.00700000 0.00900000 0.04400000
v 0.00700000 0.00900000 0.04400000
v -0.00700000 0.00900000 0.03850000
v -0.00625000 0.00825000 0.04500000
v 0.00000000 0.00900000 0.03850000
v 0.00075000 0.00825000 0.04500000
v 0.01400000 -0.00450000 0.04400000
v 0.01400000 0.00450000 0.04400000
v 0.01325000 -0.00375000 0.04500000
v 0.01400000 0.00000000 0.03850000
v 0.01175000 -0.00225000 0.04700000
v 0.01325000 0.00525000 0.04500000
v 0.01250000 -0.00300000 0.04600000
v 0.01175000 0.00075000 0.04700000
v 0.01325000 0.00075000 0.04500000
v 0.01400000 0.00900000 0.02750000
v 0.01400000 0.00900000 0.03850000
v 0.00700000 0.00900000 0.02750000
v 0.01400000 0.00450000 0.03300000
v 0.00700000 0.00900000 0.03300000
v 0.01400000 0.00450000 0.03850000
v 0.01175000 0.00675000 0.04700000
v 0.01325000 0.00825000 0.04500000
v 0.00625000 0.00675000 0.04700000
v 0.01175000 0.00375000 0.04700000
v 0.00700000 0.00750000 0.04600000
v 0.01250000 0.00450000 0.04600000
v -0.00711159 -0.00317459 0.00750000
v -0.00711076 -0.00317376 0.00750000
v -0.00710910 -0.00317210 0.00750000
v -0.00710993 -0.00317293 0.00750000
v -0.01313900 -0.00827187 0.02200000
v -0.01141700 -0.00681562 0.02200000
v -0.00797300 -0.00390312 0.02200000
v -0.00969500 -0.00535937 0.02200000
v -0.00711200 -0.00317500 0.00931250
v -0.00711200 -0.00317500 0.01293750
v -0.00711200 -0.00317500 0.02018750
v -0.00711200 -0.00317500 0.01656250
v -0.00704660 -0.00310960 0.00731250
v -0.00692243 -0.00298543 0.00693750
v -0.00667409 -0.00273709 0.00618750
v -0.00679826 -0.00286126 0.00656250
v -0.00692191 -0.00317459 0.00750000
v -0.00654174 -0.00317376 0.00750000
v -0.00692150 -0.00317417 0.00750000
v -0.00578140 -0.00317210 0.00750000
v -0.00616157 -0.00317293 0.00750000
v -0.00692067 -0.00317334 0.00750000
v -0.00654133 -0.00317334 0.00750000
v -0.00692109 -0.00317376 0.00750000
v -0.00673141 -0.00317376 0.00750000
v -0.00691902 -0.00317169 0.00750000
v -0.00653967 -0.00317169 0.00750000
v -0.00691943 -0.00317210 0.00750000
v -0.00685693 -0.00310960 0.00731250
v -0.00578098 -0.00317169 0.00750000
v -0.00616033 -0.00317169 0.00750000
v -0.00597107 -0.00317210 0.00750000
v -0.00692026 -0.00317293 0.00750000
v -0.00654009 -0.00317210 0.00750000
v -0.00691984 -0.00317252 0.00750000
v -0.00673059 -0.00317293 0.00750000
v -0.00672976 -0.00317210 0.00750000
v -0.00673276 -0.00298543 0.00693750
v -0.00647759 -0.00310960 0.00731250
v -0.00679484 -0.00304752 0.00712500
v -0.00666726 -0.00310960 0.00731250
v -0.00635124 -0.00317293 0.00750000
v -0.00635041 -0.00317210 0.00750000
v -0.00616116 -0.00317252 0.00750000
v -0.00654091 -0.00317293 0.00750000
v -0.00616074 -0.00317210 0.00750000
v -0.00654050 -0.00317252 0.00750000
v -0.00648441 -0.00273709 0.00618750
v -0.00622924 -0.00286126 0.00656250
v -0.00654650 -0.00279917 0.00637500
v -0.00571890 -0.00310960 0.00731250
v -0.00597407 -0.00298543 0.00693750
v -0.00590857 -0.00310960 0.00731250
v -0.00667067 -0.00292334 0.00675000
v -0.00629133 -0.00292334 0.00675000
v -0.00660859 -0.00286126 0.00656250
v -0.00654309 -0.00298543 0.00693750
v -0.00641891 -0.00286126 0.00656250
v -0.00628791 -0.00310960 0.00731250
v -0.00616374 -0.00298543 0.00693750
v -0.00609824 -0.00310960 0.00731250
v -0.00641550 -0.00304752 0.00712500
v -0.00603616 -0.00304752 0.00712500
v -0.00635341 -0.00298543 0.00693750
v -0.00692150 -0.00317500 0.00750000
v -0.00654050 -0.00317500 0.00750000
v -0.00673141 -0.00317459 0.00750000
v -0.00577850 -0.00317500 0.00750000
v -0.00615950 -0.00317500 0.00750000
v -0.00635124 -0.00317376 0.00750000
v -0.00635041 -0.00317459 0.00750000
v -0.00654133 -0.00317417 0.00750000
v -0.00654091 -0.00317459 0.00750000
v -0.00559090 -0.00317210 0.00750000
v -0.00559007 -0.00317293 0.00750000
v -0.00578098 -0.00317252 0.00750000
v -0.00558841 -0.00317459 0.00750000
v -0.00558924 -0.00317376 0.00750000
v -0.00577891 -0.00317459 0.00750000
v -0.00616116 -0.00317334 0.00750000
v -0.00578016 -0.00317334 0.00750000
v -0.00597107 -0.00317293 0.00750000
v -0.00616074 -0.00317376 0.00750000
v -0.00578057 -0.00317293 0.00750000
v -0.00615991 -0.00317459 0.00750000
v -0.00577974 -0.00317376 0.00750000
v -0.00596941 -0.00317459 0.00750000
v -0.00616033 -0.00317417 0.00750000
v -0.00577933 -0.00317417 0.00750000
v -0.00597024 -0.00317376 0.00750000
v -0.00692150 -0.00317500 0.00750125
v -0.00654050 -0.00317500 0.00750375
v -0.00692150 -0.00317500 0.00931375
v -0.00673100 -0.00317500 0.00750125
v -0.00577850 -0.00317500 0.00750875
v -0.00615950 -0.00317500 0.00750625
v -0.00692150 -0.00317500 0.01293875
v -0.00654050 -0.00317500 0.00931625
v -0.00692150 -0.00317500 0.01112625
v -0.00673100 -0.00317500 0.00931500
v -0.00635000 -0.00317500 0.00750125
v -0.00635000 -0.00317500 0.00750375
v -0.00654050 -0.00317500 0.00750125
v -0.00654050 -0.00317500 0.00750250
v -0.00692150 -0.00317500 0.02018875
v -0.00654050 -0.00317500 0.01656625
v -0.00692150 -0.00317500 0.01837625
v -0.00577850 -0.00317500 0.00932125
v -0.00615950 -0.00317500 0.01294375
v -0.00596900 -0.00317500 0.00932000
v -0.00692150 -0.00317500 0.01475125
v -0.00654050 -0.00317500 0.01475375
v -0.00692150 -0.00317500 0.01656375
v -0.00673100 -0.00317500 0.01294000
v -0.00673100 -0.00317500 0.01656500
v -0.00635000 -0.00317500 0.00931750
v -0.00635000 -0.00317500 0.01294250
v -0.00615950 -0.00317500 0.00931875
v -0.00654050 -0.00317500 0.01112875
v -0.00615950 -0.00317500 0.01113125
v -0.00654050 -0.00317500 0.01294125
v -0.00558800 -0.00317500 0.00750125
v -0.00558800 -0.00317500 0.00750375
v -0.00577850 -0.00317500 0.00750125
v -0.00558800 -0.00317500 0.00750875
v -0.00558800 -0.00317500 0.00750625
v -0.00577850 -0.00317500 0.00750750
v -0.00615950 -0.00317500 0.00750125
v -0.00577850 -0.00317500 0.00750375
v -0.00596900 -0.00317500 0.00750125
v -0.00615950 -0.00317500 0.00750250
v -0.00577850 -0.00317500 0.00750250
v -0.00615950 -0.00317500 0.00750500
v -0.00577850 -0.00317500 0.00750500
v -0.00596900 -0.00317500 0.00750625
v -0.00615950 -0.00317500 0.00750375
v -0.00577850 -0.00317500 0.00750625
v -0.00596900 -0.00317500 0.00750375
v -0.00654650 -0.00267500 0.00600000
v -0.00641550 -0.00267500 0.00600000
v -0.00641891 -0.00273709 0.00618750
v -0.00615350 -0.00267500 0.00600000
v -0.00628450 -0.00267500 0.00600000
v -0.00616374 -0.00286126 0.00656250
v -0.00628791 -0.00273709 0.00618750
v -0.00629133 -0.00279917 0.00637500
v -0.00635341 -0.00273709 0.00618750
v -0.00565340 -0.00310960 0.00731250
v -0.00577757 -0.00298543 0.00693750
v -0.00578098 -0.00304752 0.00712500
v -0.00602591 -0.00273709 0.00618750
v -0.00590174 -0.00286126 0.00656250
v -0.00609141 -0.00273709 0.00618750
v -0.00603616 -0.00292334 0.00675000
v -0.00590516 -0.00292334 0.00675000
v -0.00590857 -0.00298543 0.00693750
v -0.00609824 -0.00286126 0.00656250
v -0.00584307 -0.00298543 0.00693750
v -0.00622241 -0.00273709 0.00618750
v -0.00596724 -0.00286126 0.00656250
v -0.00615691 -0.00273709 0.00618750
v -0.00616033 -0.00279917 0.00637500
v -0.00602933 -0.00279917 0.00637500
v -0.00603274 -0.00286126 0.00656250
v -0.00692150 -0.00317500 0.02200000
v -0.00654050 -0.00317500 0.02200000
v -0.00673100 -0.00317500 0.02018875
v -0.00577850 -0.00317500 0.02200000
v -0.00615950 -0.00317500 0.02200000
v -0.00635000 -0.00317500 0.01656625
v -0.00635000 -0.00317500 0.02018875
v -0.00654050 -0.00317500 0.01837750
v -0.00654050 -0.00317500 0.02018875
v -0.00558800 -0.00317500 0.00932125
v -0.00558800 -0.00317500 0.01294375
v -0.00577850 -0.00317500 0.01113250
v -0.00558800 -0.00317500 0.02018875
v -0.00558800 -0.00317500 0.01656625
v -0.00577850 -0.00317500 0.02018875
v -0.00615950 -0.00317500 0.01475500
v -0.00577850 -0.00317500 0.01475500
v -0.00596900 -0.00317500 0.01294375
v -0.00615950 -0.00317500 0.01656625
v -0.00577850 -0.00317500 0.01294375
v -0.00615950 -0.00317500 0.02018875
v -0.00577850 -0.00317500 0.01656625
v -0.00596900 -0.00317500 0.02018875
v -0.00615950 -0.00317500 0.01837750
v -0.00577850 -0.00317500 0.01837750
v -0.00596900 -0.00317500 0.01656625
v -0.01400000 -0.00900000 0.02475000
v -0.01400000 -0.00900000 0.03025000
v -0.01400000 -0.00900000 0.04125000
v -0.01400000 -0.00900000 0.03575000
v -0.01362500 -0.00862500 0.04450000
v -0.01287500 -0.00787500 0.04550000
v -0.01137500 -0.00637500 0.04750000
v -0.01212500 -0.00712500 0.04650000
v -0.00711200 -0.00238125 0.00750000
v -0.00711200 -0.00079375 0.00750000
v -0.00711159 -0.00238084 0.00750000
v -0.00711200 0.00238125 0.00750000
v -0.00711200 0.00079375 0.00750000
v -0.00711076 -0.00238001 0.00750000
v -0.00711159 -0.00079334 0.00750000
v -0.00711117 -0.00238042 0.00750000
v -0.00711159 -0.00158709 0.00750000
v -0.00710910 -0.00237835 0.00750000
v -0.00710993 -0.00079168 0.00750000
v -0.00710952 -0.00237877 0.00750000
v -0.00711159 0.00238166 0.00750000
v -0.00711076 0.00079499 0.00750000
v -0.00711159 0.00158791 0.00750000
v -0.00711034 -0.00237959 0.00750000
v -0.00711034 -0.00079209 0.00750000
v -0.00710993 -0.00237918 0.00750000
v -0.00711076 -0.00158626 0.00750000
v -0.00710993 -0.00158543 0.00750000
v -0.00711159 0.00000041 0.00750000
v -0.00711076 0.00000124 0.00750000
v -0.00711159 0.00079416 0.00750000
v -0.00711117 -0.00079292 0.00750000
v -0.00711117 0.00079458 0.00750000
v -0.00711076 -0.00079251 0.00750000
v -0.00710869 -0.00237877 0.00750000
v -0.00710869 -0.00079292 0.00750000
v -0.00710910 -0.00158543 0.00750000
v -0.00710869 0.00237877 0.00750000
v -0.00710869 0.00079292 0.00750000
v -0.00710993 0.00000124 0.00750000
v -0.00710910 0.00000041 0.00750000
v -0.00710952 -0.00079209 0.00750000
v -0.00710910 -0.00079251 0.00750000
v -0.00711159 0.00317459 0.00750000
v -0.00711076 0.00317376 0.00750000
v -0.00711117 0.00238125 0.00750000
v -0.00710910 0.00317210 0.00750000
v -0.00710993 0.00317293 0.00750000
v -0.00710910 0.00237918 0.00750000
v -0.00711034 0.00079458 0.00750000
v -0.00711034 0.00238042 0.00750000
v -0.00711076 0.00158791 0.00750000
v -0.00710993 0.00079416 0.00750000
v -0.00711076 0.00238084 0.00750000
v -0.00710910 0.00079334 0.00750000
v -0.00710993 0.00238001 0.00750000
v -0.00710910 0.00158626 0.00750000
v -0.00710952 0.00079375 0.00750000
v -0.00710952 0.00237959 0.00750000
v -0.00710993 0.00158709 0.00750000
v -0.00711200 -0.00238125 0.00931250
v -0.00711200 -0.00079375 0.01293750
v -0.00711200 -0.00238125 0.01112500
v -0.00711200 -0.00158750 0.00931250
v -0.00711200 0.00238125 0.02018750
v -0.00711200 0.00079375 0.01656250
v -0.00711200 -0.00238125 0.01475000
v -0.00711200 -0.00079375 0.01475000
v -0.00711200 -0.00238125 0.01293750
v -0.00711200 -0.00158750 0.01293750
v -0.00711200 0.00000000 0.00931250
v -0.00711200 0.00000000 0.01293750
v -0.00711200 -0.00079375 0.00931250
v -0.00711200 -0.00079375 0.01112500
v -0.00711200 -0.00238125 0.02200000
v -0.00711200 -0.00079375 0.02200000
v -0.00711200 -0.00238125 0.02018750
v -0.00711200 0.00238125 0.02200000
v -0.00711200 0.00079375 0.02200000
v -0.00711200 0.00158750 0.02018750
v -0.00711200 -0.00238125 0.01656250
v -0.00711200 -0.00079375 0.02018750
v -0.00711200 -0.00238125 0.01837500
v -0.00711200 -0.00158750 0.01656250
v -0.00711200 -0.00158750 0.02018750
v -0.00711200 0.00000000 0.01656250
v -0.00711200 0.00000000 0.02018750
v -0.00711200 0.00079375 0.01837500
v -0.00711200 -0.00079375 0.01656250
v -0.00711200 0.00079375 0.02018750
v -0.00711200 -0.00079375 0.01837500
v -0.00711200 0.00317500 0.00931250
v -0.00711200 0.00317500 0.01293750
v -0.00711200 0.00238125 0.00931250
v -0.00711200 0.00317500 0.02018750
v -0.00711200 0.00317500 0.01656250
v -0.00711200 0.00238125 0.01837500
v -0.00711200 0.00079375 0.00931250
v -0.00711200 0.00238125 0.01293750
v -0.00711200 0.00158750 0.00931250
v -0.00711200 0.00079375 0.01112500
v -0.00711200 0.00238125 0.01112500
v -0.00711200 0.00079375 0.01475000
v -0.00711200 0.00238125 0.01475000
v -0.00711200 0.00158750 0.01656250
v -0.00711200 0.00079375 0.01293750
v -0.00711200 0.00238125 0.01656250
v -0.00711200 0.00158750 0.01293750
v -0.01400000 -0.00675000 0.02200000
v -0.01400000 -0.00225000 0.02200000
v -0.01313900 -0.00602187 0.02200000
v -0.01400000 0.00675000 0.02200000
v -0.01400000 0.00225000 0.02200000
v -0.01141700 -0.00456562 0.02200000
v -0.01313900 -0.00152187 0.02200000
v -0.01227800 -0.00529375 0.02200000
v -0.01313900 -0.00377187 0.02200000
v -0.00797300 -0.00165312 0.02200000
v -0.00969500 0.00139063 0.02200000
v -0.00883400 -0.00238125 0.02200000
v -0.00797300 -0.00085937 0.02200000
v -0.01313900 0.00747813 0.02200000
v -0.01141700 0.00443438 0.02200000
v -0.01313900 0.00522813 0.02200000
v -0.01055600 -0.00383750 0.02200000
v -0.01055600 0.00066250 0.02200000
v -0.00969500 -0.00310937 0.02200000
v -0.01141700 -0.00231562 0.02200000
v -0.00969500 -0.00085937 0.02200000
v -0.00797300 0.00072813 0.02200000
v -0.00969500 0.00218438 0.02200000
v -0.00797300 -0.00006562 0.02200000
v -0.00883400 0.00066250 0.02200000
v -0.01313900 0.00072813 0.02200000
v -0.01141700 0.00218438 0.02200000
v -0.01313900 0.00297813 0.02200000
v -0.01227800 -0.00079375 0.02200000
v -0.01227800 0.00370625 0.02200000
v -0.01141700 -0.00006562 0.02200000
v -0.00797300 0.00390312 0.02200000
v -0.00969500 0.00535937 0.02200000
v -0.00797300 0.00310937 0.02200000
v -0.01313900 0.00827187 0.02200000
v -0.01141700 0.00681562 0.02200000
v -0.01227800 0.00675000 0.02200000
v -0.00797300 0.00152187 0.02200000
v -0.00969500 0.00456562 0.02200000
v -0.00797300 0.00231562 0.02200000
v -0.00883400 0.00225000 0.02200000
v -0.00883400 0.00383750 0.02200000
v -0.01055600 0.00370625 0.02200000
v -0.01055600 0.00529375 0.02200000
v -0.01141700 0.00522813 0.02200000
v -0.00969500 0.00297813 0.02200000
v -0.01141700 0.00602187 0.02200000
v -0.00969500 0.00377187 0.02200000
v -0.00704660 -0.00244085 0.00731250
v -0.00692243 -0.00097918 0.00693750
v -0.00698452 -0.00237877 0.00712500
v -0.00704660 -0.00164793 0.00731250
v -0.00667409 0.00194416 0.00618750
v -0.00679826 0.00048249 0.00656250
v -0.00686034 -0.00225459 0.00675000
v -0.00686034 -0.00091709 0.00675000
v -0.00692243 -0.00231668 0.00693750
v -0.00692243 -0.00164793 0.00693750
v -0.00704660 -0.00006209 0.00731250
v -0.00692243 -0.00018626 0.00693750
v -0.00704660 -0.00085501 0.00731250
v -0.00698452 -0.00091709 0.00712500
v -0.00661200 -0.00200625 0.00600000
v -0.00661200 -0.00066875 0.00600000
v -0.00667409 -0.00206834 0.00618750
v -0.00654650 -0.00200625 0.00600000
v -0.00661200 0.00200625 0.00600000
v -0.00661200 0.00066875 0.00600000
v -0.00667409 0.00127541 0.00618750
v -0.00679826 -0.00219251 0.00656250
v -0.00667409 -0.00073084 0.00618750
v -0.00673617 -0.00213042 0.00637500
v -0.00679826 -0.00152376 0.00656250
v -0.00667409 -0.00139959 0.00618750
v -0.00641550 -0.00200625 0.00600000
v -0.00654650 -0.00066875 0.00600000
v -0.00648100 -0.00200625 0.00600000
v -0.00654650 -0.00133750 0.00600000
v -0.00679826 -0.00018626 0.00656250
v -0.00667409 -0.00006209 0.00618750
v -0.00673617 0.00054458 0.00637500
v -0.00679826 -0.00085501 0.00656250
v -0.00667409 0.00060666 0.00618750
v -0.00673617 -0.00079292 0.00637500
v -0.00615350 -0.00200625 0.00600000
v -0.00628450 -0.00066875 0.00600000
v -0.00621900 -0.00200625 0.00600000
v -0.00654650 0.00200625 0.00600000
v -0.00641550 0.00066875 0.00600000
v -0.00654650 0.00133750 0.00600000
v -0.00635000 -0.00200625 0.00600000
v -0.00635000 -0.00066875 0.00600000
v -0.00628450 -0.00200625 0.00600000
v -0.00641550 -0.00133750 0.00600000
v -0.00628450 -0.00133750 0.00600000
v -0.00654650 0.00000000 0.00600000
v -0.00641550 0.00000000 0.00600000
v -0.00654650 0.00066875 0.00600000
v -0.00648100 -0.00066875 0.00600000
v -0.00648100 0.00066875 0.00600000
v -0.00641550 -0.00066875 0.00600000
v -0.00704660 0.00310960 0.00731250
v -0.00692243 0.00298543 0.00693750
v -0.00704660 0.00231668 0.00731250
v -0.00667409 0.00273709 0.00618750
v -0.00679826 0.00286126 0.00656250
v -0.00673617 0.00200625 0.00637500
v -0.00704660 0.00073084 0.00731250
v -0.00692243 0.00219251 0.00693750
v -0.00704660 0.00152376 0.00731250
v -0.00698452 0.00066875 0.00712500
v -0.00698452 0.00225459 0.00712500
v -0.00686034 0.00054458 0.00675000
v -0.00686034 0.00213042 0.00675000
v -0.00679826 0.00127541 0.00656250
v -0.00692243 0.00060666 0.00693750
v -0.00679826 0.00206834 0.00656250
v -0.00692243 0.00139959 0.00693750
v -0.00608800 -0.00200625 0.00600000
v -0.00608800 -0.00066875 0.00600000
v -0.00615350 -0.00133750 0.00600000
v -0.00608800 0.00200625 0.00600000
v -0.00608800 0.00066875 0.00600000
v -0.00628450 0.00000000 0.00600000
v -0.00615350 0.00000000 0.00600000
v -0.00621900 -0.00066875 0.00600000
v -0.00615350 -0.00066875 0.00600000
v -0.00698110 0.00310960 0.00731250
v -0.00672593 0.00298543 0.00693750
v -0.00691902 0.00304752 0.00712500
v -0.00621559 0.00273709 0.00618750
v -0.00647076 0.00286126 0.00656250
v -0.00679484 0.00292334 0.00675000
v -0.00666384 0.00292334 0.00675000
v -0.00685693 0.00298543 0.00693750
v -0.00679143 0.00298543 0.00693750
v -0.00654650 0.00267500 0.00600000
v -0.00641550 0.00267500 0.00600000
v -0.00648100 0.00200625 0.00600000
v -0.00660859 0.00273709 0.00618750
v -0.00615350 0.00267500 0.00600000
v -0.00628450 0.00267500 0.00600000
v -0.00615350 0.00200625 0.00600000
v -0.00628109 0.00273709 0.00618750
v -0.00635000 0.00066875 0.00600000
v -0.00635000 0.00200625 0.00600000
v -0.00641550 0.00133750 0.00600000
v -0.00628450 0.00066875 0.00600000
v -0.00641550 0.00200625 0.00600000
v -0.00673276 0.00286126 0.00656250
v -0.00647759 0.00273709 0.00618750
v -0.00667067 0.00279917 0.00637500
v -0.00666726 0.00286126 0.00656250
v -0.00654309 0.00273709 0.00618750
v -0.00615350 0.00066875 0.00600000
v -0.00628450 0.00200625 0.00600000
v -0.00615350 0.00133750 0.00600000
v -0.00621900 0.00066875 0.00600000
v -0.00621900 0.00200625 0.00600000
v -0.00628450 0.00133750 0.00600000
v -0.00653626 0.00286126 0.00656250
v -0.00641209 0.00273709 0.00618750
v -0.00640867 0.00279917 0.00637500
v -0.00660176 0.00286126 0.00656250
v -0.00634659 0.00273709 0.00618750
v -0.00653967 0.00279917 0.00637500
v -0.00559131 -0.00237877 0.00750000
v -0.00559131 -0.00079292 0.00750000
v -0.00559090 -0.00237918 0.00750000
v -0.00565340 -0.00231668 0.00731250
v -0.00559131 0.00237877 0.00750000
v -0.00559131 0.00079292 0.00750000
v -0.00559007 -0.00238001 0.00750000
v -0.00559090 -0.00079334 0.00750000
v -0.00559048 -0.00237959 0.00750000
v -0.00559090 -0.00158626 0.00750000
v -0.00577757 -0.00219251 0.00693750
v -0.00565340 -0.00073084 0.00731250
v -0.00571548 -0.00225459 0.00712500
v -0.00565340 -0.00152376 0.00731250
v -0.00558841 -0.00238166 0.00750000
v -0.00558924 -0.00079499 0.00750000
v -0.00558883 -0.00238125 0.00750000
v -0.00559090 0.00237835 0.00750000
v -0.00559007 0.00079168 0.00750000
v -0.00559090 0.00158543 0.00750000
v -0.00558966 -0.00238042 0.00750000
v -0.00558966 -0.00079458 0.00750000
v -0.00558924 -0.00238084 0.00750000
v -0.00559007 -0.00158709 0.00750000
v -0.00558924 -0.00158791 0.00750000
v -0.00559090 -0.00000041 0.00750000
v -0.00559007 -0.00000124 0.00750000
v -0.00559090 0.00079251 0.00750000
v -0.00559048 -0.00079375 0.00750000
v -0.00559048 0.00079209 0.00750000
v -0.00559007 -0.00079416 0.00750000
v -0.00602591 -0.00194416 0.00618750
v -0.00590174 -0.00048249 0.00656250
v -0.00596383 -0.00200625 0.00637500
v -0.00602591 -0.00127541 0.00618750
v -0.00565340 0.00244085 0.00731250
v -0.00577757 0.00097918 0.00693750
v -0.00565340 0.00164793 0.00731250
v -0.00583966 -0.00213042 0.00675000
v -0.00583966 -0.00054458 0.00675000
v -0.00590174 -0.00206834 0.00656250
v -0.00577757 -0.00139959 0.00693750
v -0.00590174 -0.00127541 0.00656250
v -0.00602591 0.00006209 0.00618750
v -0.00590174 0.00018626 0.00656250
v -0.00602591 -0.00060666 0.00618750
v -0.00596383 -0.00054458 0.00637500
v -0.00565340 0.00006209 0.00731250
v -0.00577757 0.00018626 0.00693750
v -0.00565340 0.00085501 0.00731250
v -0.00571548 -0.00066875 0.00712500
v -0.00571548 0.00091709 0.00712500
v -0.00577757 -0.00060666 0.00693750
v -0.00691902 0.00317169 0.00750000
v -0.00653967 0.00317169 0.00750000
v -0.00679143 0.00310960 0.00731250
v -0.00578098 0.00317169 0.00750000
v -0.00616033 0.00317169 0.00750000
v -0.00653626 0.00298543 0.00693750
v -0.00641209 0.00310960 0.00731250
v -0.00666384 0.00304752 0.00712500
v -0.00660176 0.00310960 0.00731250
v -0.00602591 0.00273709 0.00618750
v -0.00590174 0.00286126 0.00656250
v -0.00602591 0.00206834 0.00618750
v -0.00615350 0.00279917 0.00637500
v -0.00565340 0.00310960 0.00731250
v -0.00577757 0.00298543 0.00693750
v -0.00571548 0.00237877 0.00712500
v -0.00584307 0.00310960 0.00731250
v -0.00602591 0.00073084 0.00618750
v -0.00590174 0.00219251 0.00656250
v -0.00602591 0.00139959 0.00618750
v -0.00596383 0.00079292 0.00637500
v -0.00596383 0.00213042 0.00637500
v -0.00640867 0.00292334 0.00675000
v -0.00602933 0.00292334 0.00675000
v -0.00628109 0.00286126 0.00656250
v -0.00634659 0.00298543 0.00693750
v -0.00609141 0.00286126 0.00656250
v -0.00583966 0.00091709 0.00675000
v -0.00583966 0.00225459 0.00675000
v -0.00577757 0.00164793 0.00693750
v -0.00590174 0.00085501 0.00656250
v -0.00577757 0.00231668 0.00693750
v -0.00590174 0.00152376 0.00656250
v -0.00622241 0.00310960 0.00731250
v -0.00596724 0.00298543 0.00693750
v -0.00603274 0.00310960 0.00731250
v -0.00628450 0.00304752 0.00712500
v -0.00590516 0.00304752 0.00712500
v -0.00615691 0.00298543 0.00693750
v -0.00558800 -0.00238125 0.00750000
v -0.00558800 -0.00079375 0.00750000
v -0.00558800 -0.00238125 0.00750125
v -0.00558841 -0.00158791 0.00750000
v -0.00558800 0.00238125 0.00750000
v -0.00558800 0.00079375 0.00750000
v -0.00558800 -0.00238125 0.00750375
v -0.00558800 -0.00079375 0.00750125
v -0.00558800 -0.00238125 0.00750250
v -0.00558800 -0.00158750 0.00750125
v -0.00558924 -0.00000124 0.00750000
v -0.00558841 -0.00000041 0.00750000
v -0.00558883 -0.00079458 0.00750000
v -0.00558841 -0.00079416 0.00750000
v -0.00558800 -0.00238125 0.00750875
v -0.00558800 -0.00079375 0.00750625
v -0.00558800 -0.00238125 0.00750750
v -0.00558800 -0.00238125 0.00932000
v -0.00558800 0.00238125 0.00750125
v -0.00558800 0.00079375 0.00750375
v -0.00558800 0.00158750 0.00750125
v -0.00558800 -0.00238125 0.00750500
v -0.00558800 -0.00079375 0.00750500
v -0.00558800 -0.00238125 0.00750625
v -0.00558800 -0.00158750 0.00750375
v -0.00558800 -0.00158750 0.00750625
v -0.00558800 -0.00238125 0.01294250
v -0.00558800 -0.00079375 0.00931750
v -0.00558800 -0.00238125 0.01113125
v -0.00558800 -0.00158750 0.00931875
v -0.00558800 0.00000000 0.00750125
v -0.00558800 0.00000000 0.00750375
v -0.00558800 0.00079375 0.00750125
v -0.00558800 -0.00079375 0.00750250
v -0.00558800 0.00079375 0.00750250
v -0.00558800 -0.00079375 0.00750375
v -0.00558800 -0.00238125 0.02018750
v -0.00558800 -0.00079375 0.01656250
v -0.00558800 -0.00238125 0.01837625
v -0.00558800 0.00238125 0.00931250
v -0.00558800 0.00079375 0.01293750
v -0.00558800 0.00158750 0.00931375
v -0.00558800 -0.00238125 0.01475375
v -0.00558800 -0.00079375 0.01475125
v -0.00558800 -0.00238125 0.01656500
v -0.00558800 -0.00158750 0.01294125
v -0.00558800 -0.00158750 0.01656375
v -0.00558800 0.00000000 0.00931625
v -0.00558800 0.00000000 0.01293875
v -0.00558800 0.00079375 0.00931500
v -0.00558800 -0.00079375 0.01112875
v -0.00558800 0.00079375 0.01112625
v -0.00558800 -0.00079375 0.01294000
v -0.00692150 0.00317500 0.00750000
v -0.00654050 0.00317500 0.00750000
v -0.00692109 0.00317459 0.00750000
v -0.00577850 0.00317500 0.00750000
v -0.00615950 0.00317500 0.00750000
v -0.00692026 0.00317376 0.00750000
v -0.00654009 0.00317459 0.00750000
v -0.00692067 0.00317417 0.00750000
v -0.00673059 0.00317459 0.00750000
v -0.00691860 0.00317210 0.00750000
v -0.00653843 0.00317293 0.00750000
v -0.00691902 0.00317252 0.00750000
v -0.00672893 0.00317210 0.00750000
v -0.00577809 0.00317459 0.00750000
v -0.00615826 0.00317376 0.00750000
v -0.00596859 0.00317459 0.00750000
v -0.00691984 0.00317334 0.00750000
v -0.00653884 0.00317334 0.00750000
v -0.00691943 0.00317293 0.00750000
v -0.00672976 0.00317376 0.00750000
v -0.00672893 0.00317293 0.00750000
v -0.00634959 0.00317210 0.00750000
v -0.00634876 0.00317293 0.00750000
v -0.00653926 0.00317210 0.00750000
v -0.00653884 0.00317252 0.00750000
v -0.00634959 0.00317459 0.00750000
v -0.00634876 0.00317376 0.00750000
v -0.00615909 0.00317459 0.00750000
v -0.00653967 0.00317417 0.00750000
v -0.00615867 0.00317417 0.00750000
v -0.00653926 0.00317376 0.00750000
v -0.00559090 0.00317210 0.00750000
v -0.00559007 0.00317293 0.00750000
v -0.00559048 0.00237877 0.00750000
v -0.00578057 0.00317210 0.00750000
v -0.00558841 0.00317459 0.00750000
v -0.00558924 0.00317376 0.00750000
v -0.00558841 0.00238084 0.00750000
v -0.00577850 0.00317417 0.00750000
v -0.00558966 0.00079209 0.00750000
v -0.00558966 0.00237959 0.00750000
v -0.00559007 0.00158543 0.00750000
v -0.00558924 0.00079251 0.00750000
v -0.00559007 0.00237918 0.00750000
v -0.00615991 0.00317210 0.00750000
v -0.00577974 0.00317293 0.00750000
v -0.00597024 0.00317210 0.00750000
v -0.00615950 0.00317252 0.00750000
v -0.00578016 0.00317252 0.00750000
v -0.00558841 0.00079334 0.00750000
v -0.00558924 0.00238001 0.00750000
v -0.00558841 0.00158709 0.00750000
v -0.00558883 0.00079292 0.00750000
v -0.00558883 0.00238042 0.00750000
v -0.00558924 0.00158626 0.00750000
v -0.00615867 0.00317334 0.00750000
v -0.00577933 0.00317334 0.00750000
v -0.00596859 0.00317376 0.00750000
v -0.00615909 0.00317293 0.00750000
v -0.00577891 0.00317376 0.00750000
v -0.00596941 0.00317293 0.00750000
v -0.00558800 -0.00238125 0.02200000
v -0.00558800 -0.00079375 0.02200000
v -0.00558800 -0.00158750 0.02018750
v -0.00558800 0.00238125 0.02200000
v -0.00558800 0.00079375 0.02200000
v -0.00558800 0.00000000 0.01656250
v -0.00558800 0.00000000 0.02018750
v -0.00558800 -0.00079375 0.01837500
v -0.00558800 -0.00079375 0.02018750
v -0.00692150 0.00317500 0.00931250
v -0.00654050 0.00317500 0.01293750
v -0.00692150 0.00317500 0.01112500
v -0.00673100 0.00317500 0.00931250
v -0.00577850 0.00317500 0.02018750
v -0.00615950 0.00317500 0.01656250
v -0.00692150 0.00317500 0.01475000
v -0.00654050 0.00317500 0.01475000
v -0.00692150 0.00317500 0.01293750
v -0.00673100 0.00317500 0.01293750
v -0.00635000 0.00317500 0.00931250
v -0.00635000 0.00317500 0.01293750
v -0.00654050 0.00317500 0.00931250
v -0.00654050 0.00317500 0.01112500
v -0.00692150 0.00317500 0.02200000
v -0.00654050 0.00317500 0.02200000
v -0.00692150 0.00317500 0.02018750
v -0.00778250 0.00390312 0.02200000
v -0.00577850 0.00317500 0.02200000
v -0.00615950 0.00317500 0.02200000
v -0.00596900 0.00317500 0.02018750
v -0.00692150 0.00317500 0.01656250
v -0.00654050 0.00317500 0.02018750
v -0.00692150 0.00317500 0.01837500
v -0.00673100 0.00317500 0.01656250
v -0.00673100 0.00317500 0.02018750
v -0.00950450 0.00535937 0.02200000
v -0.00740150 0.00390312 0.02200000
v -0.00864350 0.00463125 0.02200000
v -0.00759200 0.00390312 0.02200000
v -0.00635000 0.00317500 0.01656250
v -0.00635000 0.00317500 0.02018750
v -0.00615950 0.00317500 0.01837500
v -0.00654050 0.00317500 0.01656250
v -0.00615950 0.00317500 0.02018750
v -0.00654050 0.00317500 0.01837500
v -0.01294850 0.00827187 0.02200000
v -0.01084550 0.00681562 0.02200000
v -0.01208750 0.00754375 0.02200000
v -0.00663950 0.00390312 0.02200000
v -0.00874250 0.00535937 0.02200000
v -0.00683000 0.00390312 0.02200000
v -0.01036550 0.00608750 0.02200000
v -0.00998450 0.00608750 0.02200000
v -0.01122650 0.00681562 0.02200000
v -0.00931400 0.00535937 0.02200000
v -0.01103600 0.00681562 0.02200000
v -0.00721100 0.00390312 0.02200000
v -0.00893300 0.00535937 0.02200000
v -0.00702050 0.00390312 0.02200000
v -0.00826250 0.00463125 0.02200000
v -0.00788150 0.00463125 0.02200000
v -0.00912350 0.00535937 0.02200000
v -0.00558800 0.00317500 0.00931250
v -0.00558800 0.00317500 0.01293750
v -0.00558800 0.00238125 0.01112500
v -0.00577850 0.00317500 0.00931250
v -0.00558800 0.00317500 0.02018750
v -0.00558800 0.00317500 0.01656250
v -0.00558800 0.00238125 0.02018750
v -0.00577850 0.00317500 0.01837500
v -0.00558800 0.00079375 0.01475000
v -0.00558800 0.00238125 0.01475000
v -0.00558800 0.00158750 0.01293750
v -0.00558800 0.00079375 0.01656250
v -0.00558800 0.00238125 0.01293750
v -0.00615950 0.00317500 0.00931250
v -0.00577850 0.00317500 0.01293750
v -0.00596900 0.00317500 0.00931250
v -0.00615950 0.00317500 0.01112500
v -0.00577850 0.00317500 0.01112500
v -0.00558800 0.00079375 0.02018750
v -0.00558800 0.00238125 0.01656250
v -0.00558800 0.00158750 0.02018750
v -0.00558800 0.00079375 0.01837500
v -0.00558800 0.00238125 0.01837500
v -0.00558800 0.00158750 0.01656250
v -0.00615950 0.00317500 0.01475000
v -0.00577850 0.00317500 0.01475000
v -0.00596900 0.00317500 0.01656250
v -0.00615950 0.00317500 0.01293750
v -0.00577850 0.00317500 0.01656250
v -0.00596900 0.00317500 0.01293750
v -0.01362500 -0.00712500 0.04450000
v -0.01287500 -0.00337500 0.04550000
v -0.01325000 -0.00675000 0.04500000
v -0.01137500 0.00412500 0.04750000
v -0.01212500 0.00037500 0.04650000
v -0.01250000 -0.00600000 0.04600000
v -0.01250000 -0.00300000 0.04600000
v -0.01287500 -0.00637500 0.04550000
v -0.01287500 -0.00487500 0.04550000
v -0.01100000 -0.00450000 0.04800000
v -0.01100000 -0.00150000 0.04800000
v -0.01137500 -0.00487500 0.04750000
v -0.01100000 0.00450000 0.04800000
v -0.01100000 0.00150000 0.04800000
v -0.01137500 0.00262500 0.04750000
v -0.01212500 -0.00562500 0.04650000
v -0.01137500 -0.00187500 0.04750000
v -0.01175000 -0.00525000 0.04700000
v -0.01212500 -0.00412500 0.04650000
v -0.01137500 -0.00337500 0.04750000
v -0.01212500 -0.00112500 0.04650000
v -0.01137500 -0.00037500 0.04750000
v -0.01175000 0.00075000 0.04700000
v -0.01212500 -0.00262500 0.04650000
v -0.01137500 0.00112500 0.04750000
v -0.01175000 -0.00225000 0.04700000
v -0.01400000 -0.00675000 0.02475000
v -0.01400000 -0.00225000 0.03025000
v -0.01400000 -0.00675000 0.02750000
v -0.01400000 -0.00450000 0.02475000
v -0.01400000 0.00675000 0.04125000
v -0.01400000 0.00225000 0.03575000
v -0.01400000 -0.00675000 0.03300000
v -0.01400000 -0.00225000 0.03300000
v -0.01400000 -0.00675000 0.03025000
v -0.01400000 -0.00450000 0.03025000
v -0.01400000 0.00000000 0.02475000
v -0.01400000 0.00000000 0.03025000
v -0.01400000 -0.00225000 0.02475000
v -0.01400000 -0.00225000 0.02750000
v -0.01400000 -0.00675000 0.04400000
v -0.01400000 -0.00225000 0.04400000
v -0.01400000 -0.00675000 0.04125000
v -0.01362500 -0.00487500 0.04450000
v -0.01400000 0.00675000 0.04400000
v -0.01400000 0.00225000 0.04400000
v -0.01400000 0.00450000 0.04125000
v -0.01400000 -0.00675000 0.03575000
v -0.01400000 -0.00225000 0.04125000
v -0.01400000 -0.00675000 0.03850000
v -0.01400000 -0.00450000 0.03575000
v -0.01400000 -0.00450000 0.04125000
v -0.01287500 -0.00112500 0.04550000
v -0.01362500 -0.00037500 0.04450000
v -0.01325000 -0.00300000 0.04500000
v -0.01362500 -0.00262500 0.04450000
v -0.01400000 0.00000000 0.03575000
v -0.01400000 0.00000000 0.04125000
v -0.01400000 0.00225000 0.03850000
v -0.01400000 -0.00225000 0.03575000
v -0.01400000 0.00225000 0.04125000
v -0.01400000 -0.00225000 0.03850000
v -0.01400000 0.00900000 0.02475000
v -0.01400000 0.00900000 0.03025000
v -0.01400000 0.00675000 0.02475000
v -0.01400000 0.00900000 0.04125000
v -0.01400000 0.00900000 0.03575000
v -0.01400000 0.00675000 0.03850000
v -0.01400000 0.00225000 0.02475000
v -0.01400000 0.00675000 0.03025000
v -0.01400000 0.00450000 0.02475000
v -0.01400000 0.00225000 0.02750000
v -0.01400000 0.00675000 0.02750000
v -0.01400000 0.00225000 0.03300000
v -0.01400000 0.00675000 0.03300000
v -0.01400000 0.00450000 0.03575000
v -0.01400000 0.00225000 0.03025000
v -0.01400000 0.00675000 0.03575000
v -0.01400000 0.00450000 0.03025000
v -0.01137500 0.00637500 0.04750000
v -0.01212500 0.00712500 0.04650000
v -0.01175000 0.00450000 0.04700000
v -0.01362500 0.00862500 0.04450000
v -0.01287500 0.00787500 0.04550000
v -0.01362500 0.00637500 0.04450000
v -0.01250000 0.00075000 0.04600000
v -0.01250000 0.00525000 0.04600000
v -0.01212500 0.00262500 0.04650000
v -0.01287500 0.00112500 0.04550000
v -0.01212500 0.00487500 0.04650000
v -0.01362500 0.00187500 0.04450000
v -0.01287500 0.00562500 0.04550000
v -0.01362500 0.00412500 0.04450000
v -0.01325000 0.00150000 0.04500000
v -0.01325000 0.00600000 0.04500000
v -0.01287500 0.00337500 0.04550000
v 0.00558841 -0.00317459 0.00750000
v 0.00558924 -0.00317376 0.00750000
v 0.00559090 -0.00317210 0.00750000
v 0.00559007 -0.00317293 0.00750000
v 0.00565340 -0.00310960 0.00731250
v 0.00577757 -0.00298543 0.00693750
v 0.00602591 -0.00273709 0.00618750
v 0.00590174 -0.00286126 0.00656250
v 0.00615350 -0.00267500 0.00600000
v 0.00628450 -0.00267500 0.00600000
v 0.00654650 -0.00267500 0.00600000
v 0.00641550 -0.00267500 0.00600000
v -0.01155150 0.00747813 0.02200000
v -0.00665450 0.00443438 0.02200000
v 0.00313950 -0.00165312 0.02200000
v -0.00175750 0.00139063 0.02200000
v 0.00558800 -0.00317500 0.00931250
v 0.00558800 -0.00317500 0.01293750
v 0.00558800 -0.00317500 0.02018750
v 0.00558800 -0.00317500 0.01656250
v -0.01050000 -0.00900000 0.02200000
v -0.00350000 -0.00900000 0.02200000
v -0.00963900 -0.00827187 0.02200000
v -0.01050000 -0.00900000 0.02475000
v 0.01050000 -0.00900000 0.02200000
v 0.00350000 -0.00900000 0.02200000
v -0.00791700 -0.00681562 0.02200000
v -0.00263900 -0.00827187 0.02200000
v -0.00877800 -0.00754375 0.02200000
v -0.00613900 -0.00827187 0.02200000
v -0.01050000 -0.00900000 0.03025000
v -0.00350000 -0.00900000 0.02475000
v -0.01050000 -0.00900000 0.02750000
v -0.00700000 -0.00900000 0.02475000
v -0.00447300 -0.00390312 0.02200000
v 0.00080500 -0.00535937 0.02200000
v -0.00533400 -0.00463125 0.02200000
v -0.00428250 -0.00390312 0.02200000
v 0.01136100 -0.00827187 0.02200000
v 0.00608300 -0.00681562 0.02200000
v 0.00786100 -0.00827187 0.02200000
v -0.00705600 -0.00608750 0.02200000
v -0.00005600 -0.00608750 0.02200000
v -0.00619500 -0.00535937 0.02200000
v -0.00441700 -0.00681562 0.02200000
v -0.00269500 -0.00535937 0.02200000
v -0.00390150 -0.00390312 0.02200000
v 0.00099550 -0.00535937 0.02200000
v -0.00409200 -0.00390312 0.02200000
v -0.00164350 -0.00463125 0.02200000
v 0.00086100 -0.00827187 0.02200000
v 0.00258300 -0.00681562 0.02200000
v 0.00436100 -0.00827187 0.02200000
v -0.00177800 -0.00754375 0.02200000
v 0.00522200 -0.00754375 0.02200000
v -0.00091700 -0.00681562 0.02200000
v -0.00313950 -0.00390312 0.02200000
v 0.00175750 -0.00535937 0.02200000
v -0.00333000 -0.00390312 0.02200000
v -0.00313950 -0.00310937 0.02200000
v 0.01155150 -0.00827187 0.02200000
v 0.00665450 -0.00681562 0.02200000
v 0.00891250 -0.00754375 0.02200000
v -0.00371100 -0.00390312 0.02200000
v 0.00156700 -0.00535937 0.02200000
v -0.00352050 -0.00390312 0.02200000
v -0.00126250 -0.00463125 0.02200000
v -0.00088150 -0.00463125 0.02200000
v -0.00313950 -0.00152187 0.02200000
v 0.00175750 -0.00456562 0.02200000
v -0.00313950 -0.00231562 0.02200000
v -0.00069100 -0.00383750 0.02200000
v 0.00363450 -0.00608750 0.02200000
v 0.00401550 -0.00608750 0.02200000
v 0.00627350 -0.00681562 0.02200000
v 0.00118600 -0.00535937 0.02200000
v 0.00646400 -0.00681562 0.02200000
v 0.00137650 -0.00535937 0.02200000
v -0.01050000 -0.00900000 0.04125000
v -0.00350000 -0.00900000 0.03575000
v -0.01050000 -0.00900000 0.03850000
v 0.01050000 -0.00900000 0.02475000
v 0.00350000 -0.00900000 0.03025000
v 0.00700000 -0.00900000 0.02475000
v -0.01050000 -0.00900000 0.03300000
v -0.00350000 -0.00900000 0.03300000
v -0.01050000 -0.00900000 0.03575000
v -0.00700000 -0.00900000 0.03025000
v -0.00700000 -0.00900000 0.03575000
v 0.00000000 -0.00900000 0.02475000
v 0.00000000 -0.00900000 0.03025000
v 0.00350000 -0.00900000 0.02475000
v -0.00350000 -0.00900000 0.02750000
v 0.00350000 -0.00900000 0.02750000
v -0.00350000 -0.00900000 0.03025000
v -0.01050000 0.00675000 0.02200000
v -0.00350000 0.00225000 0.02200000
v -0.00944850 0.00602187 0.02200000
v -0.00805150 0.00522813 0.02200000
v 0.01050000 -0.00675000 0.02200000
v 0.00350000 -0.00225000 0.02200000
v -0.00734550 0.00456562 0.02200000
v -0.00244850 0.00152187 0.02200000
v -0.00839700 0.00529375 0.02200000
v -0.00594850 0.00377187 0.02200000
v -0.00315450 0.00218438 0.02200000
v -0.00105150 0.00072813 0.02200000
v -0.00560300 0.00370625 0.02200000
v -0.00455150 0.00297813 0.02200000
v -0.00313950 0.00165312 0.02200000
v 0.00175750 -0.00139063 0.02200000
v -0.00313950 0.00085937 0.02200000
v -0.00419100 0.00238125 0.02200000
v 0.01155150 -0.00747813 0.02200000
v 0.00665450 -0.00443438 0.02200000
v 0.00910300 -0.00675000 0.02200000
v 0.00805150 -0.00522813 0.02200000
v -0.00313950 -0.00072813 0.02200000
v 0.00175750 -0.00218438 0.02200000
v -0.00313950 0.00006562 0.02200000
v -0.00069100 -0.00225000 0.02200000
v -0.00069100 -0.00066250 0.02200000
v -0.00629400 0.00383750 0.02200000
v 0.00070600 -0.00066250 0.02200000
v -0.00524250 0.00310937 0.02200000
v -0.00384550 0.00231562 0.02200000
v -0.00174250 0.00085937 0.02200000
v 0.00420600 -0.00529375 0.02200000
v 0.00420600 -0.00370625 0.02200000
v 0.00665450 -0.00602187 0.02200000
v 0.00175750 -0.00377187 0.02200000
v 0.00665450 -0.00522813 0.02200000
v 0.00175750 -0.00297813 0.02200000
v 0.00105150 -0.00072813 0.02200000
v 0.00315450 -0.00218438 0.02200000
v 0.00455150 -0.00297813 0.02200000
v -0.00139700 0.00079375 0.02200000
v 0.00560300 -0.00370625 0.02200000
v -0.00034550 0.00006562 0.02200000
v 0.00663950 -0.00390312 0.02200000
v 0.00874250 -0.00535937 0.02200000
v 0.00419100 -0.00238125 0.02200000
v 0.01294850 -0.00827187 0.02200000
v 0.01084550 -0.00681562 0.02200000
v 0.00944850 -0.00602187 0.02200000
v -0.00070600 0.00066250 0.02200000
v 0.00629400 -0.00383750 0.02200000
v 0.00174250 -0.00085937 0.02200000
v 0.00034550 -0.00006562 0.02200000
v 0.00524250 -0.00310937 0.02200000
v 0.00244850 -0.00152187 0.02200000
v 0.00734550 -0.00456562 0.02200000
v 0.00594850 -0.00377187 0.02200000
v 0.00139700 -0.00079375 0.02200000
v 0.00839700 -0.00529375 0.02200000
v 0.00384550 -0.00231562 0.02200000
v 0.00577809 -0.00317459 0.00750000
v 0.00615826 -0.00317376 0.00750000
v 0.00577850 -0.00317417 0.00750000
v 0.00691860 -0.00317210 0.00750000
v 0.00653843 -0.00317293 0.00750000
v 0.00577933 -0.00317334 0.00750000
v 0.00615867 -0.00317334 0.00750000
v 0.00577891 -0.00317376 0.00750000
v 0.00596859 -0.00317376 0.00750000
v 0.00578098 -0.00317169 0.00750000
v 0.00616033 -0.00317169 0.00750000
v 0.00578057 -0.00317210 0.00750000
v 0.00584307 -0.00310960 0.00731250
v 0.00691902 -0.00317169 0.00750000
v 0.00653967 -0.00317169 0.00750000
v 0.00672893 -0.00317210 0.00750000
v 0.00577974 -0.00317293 0.00750000
v 0.00615991 -0.00317210 0.00750000
v 0.00578016 -0.00317252 0.00750000
v 0.00596941 -0.00317293 0.00750000
v 0.00597024 -0.00317210 0.00750000
v 0.00596724 -0.00298543 0.00693750
v 0.00622241 -0.00310960 0.00731250
v 0.00590516 -0.00304752 0.00712500
v 0.00603274 -0.00310960 0.00731250
v 0.00634876 -0.00317293 0.00750000
v 0.00634959 -0.00317210 0.00750000
v 0.00653884 -0.00317252 0.00750000
v 0.00615909 -0.00317293 0.00750000
v 0.00653926 -0.00317210 0.00750000
v 0.00615950 -0.00317252 0.00750000
v 0.00621559 -0.00273709 0.00618750
v 0.00647076 -0.00286126 0.00656250
v 0.00615350 -0.00279917 0.00637500
v 0.00628109 -0.00273709 0.00618750
v 0.00698110 -0.00310960 0.00731250
v 0.00672593 -0.00298543 0.00693750
v 0.00679143 -0.00310960 0.00731250
v 0.00602933 -0.00292334 0.00675000
v 0.00640867 -0.00292334 0.00675000
v 0.00609141 -0.00286126 0.00656250
v 0.00615691 -0.00298543 0.00693750
v 0.00628109 -0.00286126 0.00656250
v 0.00641209 -0.00273709 0.00618750
v 0.00653626 -0.00286126 0.00656250
v 0.00634659 -0.00273709 0.00618750
v 0.00640867 -0.00279917 0.00637500
v 0.00641209 -0.00310960 0.00731250
v 0.00653626 -0.00298543 0.00693750
v 0.00660176 -0.00310960 0.00731250
v 0.00628450 -0.00304752 0.00712500
v 0.00666384 -0.00304752 0.00712500
v 0.00634659 -0.00298543 0.00693750
v 0.00667409 -0.00273709 0.00618750
v 0.00679826 -0.00286126 0.00656250
v 0.00660859 -0.00273709 0.00618750
v 0.00704660 -0.00310960 0.00731250
v 0.00692243 -0.00298543 0.00693750
v 0.00691902 -0.00304752 0.00712500
v 0.00647759 -0.00273709 0.00618750
v 0.00673276 -0.00286126 0.00656250
v 0.00654309 -0.00273709 0.00618750
v 0.00653967 -0.00279917 0.00637500
v 0.00667067 -0.00279917 0.00637500
v 0.00666384 -0.00292334 0.00675000
v 0.00679484 -0.00292334 0.00675000
v 0.00679143 -0.00298543 0.00693750
v 0.00660176 -0.00286126 0.00656250
v 0.00685693 -0.00298543 0.00693750
v 0.00666726 -0.00286126 0.00656250
v 0.00577850 -0.00317500 0.00750000
v 0.00615950 -0.00317500 0.00750000
v 0.00596859 -0.00317459 0.00750000
v 0.00692150 -0.00317500 0.00750000
v 0.00654050 -0.00317500 0.00750000
v 0.00634876 -0.00317376 0.00750000
v 0.00634959 -0.00317459 0.00750000
v 0.00615867 -0.00317417 0.00750000
v 0.00615909 -0.00317459 0.00750000
v 0.00710910 -0.00317210 0.00750000
v 0.00710993 -0.00317293 0.00750000
v 0.00691902 -0.00317252 0.00750000
v 0.00711159 -0.00317459 0.00750000
v 0.00711076 -0.00317376 0.00750000
v 0.00692109 -0.00317459 0.00750000
v 0.00653884 -0.00317334 0.00750000
v 0.00691984 -0.00317334 0.00750000
v 0.00672893 -0.00317293 0.00750000
v 0.00653926 -0.00317376 0.00750000
v 0.00691943 -0.00317293 0.00750000
v 0.00654009 -0.00317459 0.00750000
v 0.00692026 -0.00317376 0.00750000
v 0.00673059 -0.00317459 0.00750000
v 0.00653967 -0.00317417 0.00750000
v 0.00692067 -0.00317417 0.00750000
v 0.00672976 -0.00317376 0.00750000
v 0.00577850 -0.00317500 0.00750125
v 0.00615950 -0.00317500 0.00750375
v 0.00577850 -0.00317500 0.00931375
v 0.00596900 -0.00317500 0.00750125
v 0.00692150 -0.00317500 0.00750875
v 0.00654050 -0.00317500 0.00750625
v 0.00577850 -0.00317500 0.01293875
v 0.00615950 -0.00317500 0.00931625
v 0.00577850 -0.00317500 0.01112625
v 0.00596900 -0.00317500 0.00931500
v 0.00635000 -0.00317500 0.00750125
v 0.00635000 -0.00317500 0.00750375
v 0.00615950 -0.00317500 0.00750125
v 0.00615950 -0.00317500 0.00750250
v 0.00577850 -0.00317500 0.02018875
v 0.00615950 -0.00317500 0.01656625
v 0.00577850 -0.00317500 0.01837625
v 0.00692150 -0.00317500 0.00932125
v 0.00654050 -0.00317500 0.01294375
v 0.00673100 -0.00317500 0.00932000
v 0.00577850 -0.00317500 0.01475125
v 0.00615950 -0.00317500 0.01475375
v 0.00577850 -0.00317500 0.01656375
v 0.00596900 -0.00317500 0.01294000
v 0.00596900 -0.00317500 0.01656500
v 0.00635000 -0.00317500 0.00931750
v 0.00635000 -0.00317500 0.01294250
v 0.00654050 -0.00317500 0.00931875
v 0.00615950 -0.00317500 0.01112875
v 0.00654050 -0.00317500 0.01113125
v 0.00615950 -0.00317500 0.01294125
v 0.00711200 -0.00317500 0.00750125
v 0.00711200 -0.00317500 0.00750375
v 0.00692150 -0.00317500 0.00750125
v 0.00711200 -0.00317500 0.00750875
v 0.00711200 -0.00317500 0.00750625
v 0.00692150 -0.00317500 0.00750750
v 0.00654050 -0.00317500 0.00750125
v 0.00692150 -0.00317500 0.00750375
v 0.00673100 -0.00317500 0.00750125
v 0.00654050 -0.00317500 0.00750250
v 0.00692150 -0.00317500 0.00750250
v 0.00654050 -0.00317500 0.00750500
v 0.00692150 -0.00317500 0.00750500
v 0.00673100 -0.00317500 0.00750625
v 0.00654050 -0.00317500 0.00750375
v 0.00692150 -0.00317500 0.00750625
v 0.00673100 -0.00317500 0.00750375
v 0.00577850 -0.00317500 0.02200000
v 0.00615950 -0.00317500 0.02200000
v 0.00683000 -0.00390312 0.02200000
v 0.00596900 -0.00317500 0.02018875
v 0.00692150 -0.00317500 0.02200000
v 0.00654050 -0.00317500 0.02200000
v 0.00893300 -0.00535937 0.02200000
v 0.00721100 -0.00390312 0.02200000
v 0.00788150 -0.00463125 0.02200000
v 0.00702050 -0.00390312 0.02200000
v 0.00635000 -0.00317500 0.01656625
v 0.00635000 -0.00317500 0.02018875
v 0.00615950 -0.00317500 0.01837750
v 0.00615950 -0.00317500 0.02018875
v 0.01313900 -0.00827187 0.02200000
v 0.01141700 -0.00681562 0.02200000
v 0.01208750 -0.00754375 0.02200000
v 0.00797300 -0.00390312 0.02200000
v 0.00969500 -0.00535937 0.02200000
v 0.00778250 -0.00390312 0.02200000
v 0.00998450 -0.00608750 0.02200000
v 0.01036550 -0.00608750 0.02200000
v 0.01103600 -0.00681562 0.02200000
v 0.00912350 -0.00535937 0.02200000
v 0.01122650 -0.00681562 0.02200000
v 0.00740150 -0.00390312 0.02200000
v 0.00950450 -0.00535937 0.02200000
v 0.00759200 -0.00390312 0.02200000
v 0.00826250 -0.00463125 0.02200000
v 0.00864350 -0.00463125 0.02200000
v 0.00931400 -0.00535937 0.02200000
v 0.00711200 -0.00317500 0.00932125
v 0.00711200 -0.00317500 0.01294375
v 0.00692150 -0.00317500 0.01113250
v 0.00711200 -0.00317500 0.02018875
v 0.00711200 -0.00317500 0.01656625
v 0.00692150 -0.00317500 0.02018875
v 0.00654050 -0.00317500 0.01475500
v 0.00692150 -0.00317500 0.01475500
v 0.00673100 -0.00317500 0.01294375
v 0.00654050 -0.00317500 0.01656625
v 0.00692150 -0.00317500 0.01294375
v 0.00654050 -0.00317500 0.02018875
v 0.00692150 -0.00317500 0.01656625
v 0.00673100 -0.00317500 0.02018875
v 0.00654050 -0.00317500 0.01837750
v 0.00692150 -0.00317500 0.01837750
v 0.00673100 -0.00317500 0.01656625
v -0.01050000 -0.00900000 0.04400000
v -0.00350000 -0.00900000 0.04400000
v -0.00700000 -0.00900000 0.04125000
v 0.01050000 -0.00900000 0.04400000
v 0.00350000 -0.00900000 0.04400000
v 0.00000000 -0.00900000 0.03575000
v 0.00000000 -0.00900000 0.04125000
v -0.00350000 -0.00900000 0.03850000
v -0.00350000 -0.00900000 0.04125000
v 0.01400000 -0.00900000 0.02475000
v 0.01400000 -0.00900000 0.03025000
v 0.01050000 -0.00900000 0.02750000
v 0.01400000 -0.00900000 0.04125000
v 0.01400000 -0.00900000 0.03575000
v 0.01050000 -0.00900000 0.04125000
v 0.00350000 -0.00900000 0.03300000
v 0.01050000 -0.00900000 0.03300000
v 0.00700000 -0.00900000 0.03025000
v 0.00350000 -0.00900000 0.03575000
v 0.01050000 -0.00900000 0.03025000
v 0.00350000 -0.00900000 0.04125000
v 0.01050000 -0.00900000 0.03575000
v 0.00700000 -0.00900000 0.04125000
v 0.00350000 -0.00900000 0.03850000
v 0.01050000 -0.00900000 0.03850000
v 0.00700000 -0.00900000 0.03575000
v -0.01087500 -0.00862500 0.04450000
v -0.00462500 -0.00787500 0.04550000
v -0.01050000 -0.00825000 0.04500000
v -0.00737500 -0.00862500 0.04450000
v 0.00787500 -0.00637500 0.04750000
v 0.00162500 -0.00712500 0.04650000
v -0.00975000 -0.00750000 0.04600000
v -0.00425000 -0.00750000 0.04600000
v -0.01012500 -0.00787500 0.04550000
v -0.00737500 -0.00787500 0.04550000
v -0.00037500 -0.00862500 0.04450000
v -0.00112500 -0.00787500 0.04550000
v -0.00387500 -0.00862500 0.04450000
v -0.00425000 -0.00825000 0.04500000
v -0.00825000 -0.00600000 0.04800000
v -0.00275000 -0.00600000 0.04800000
v -0.00862500 -0.00637500 0.04750000
v -0.00825000 -0.00450000 0.04800000
v 0.00825000 -0.00600000 0.04800000
v 0.00275000 -0.00600000 0.04800000
v 0.00512500 -0.00637500 0.04750000
v -0.00937500 -0.00712500 0.04650000
v -0.00312500 -0.00637500 0.04750000
v -0.00900000 -0.00675000 0.04700000
v -0.00662500 -0.00712500 0.04650000
v -0.00587500 -0.00637500 0.04750000
v -0.00825000 -0.00150000 0.04800000
v -0.00275000 -0.00450000 0.04800000
v -0.00825000 -0.00300000 0.04800000
v -0.00550000 -0.00450000 0.04800000
v -0.00112500 -0.00712500 0.04650000
v -0.00037500 -0.00637500 0.04750000
v 0.00200000 -0.00675000 0.04700000
v -0.00387500 -0.00712500 0.04650000
v 0.00237500 -0.00637500 0.04750000
v -0.00350000 -0.00675000 0.04700000
v -0.00825000 0.00450000 0.04800000
v -0.00275000 0.00150000 0.04800000
v -0.00825000 0.00300000 0.04800000
v 0.00825000 -0.00450000 0.04800000
v 0.00275000 -0.00150000 0.04800000
v 0.00550000 -0.00450000 0.04800000
v -0.00825000 0.00000000 0.04800000
v -0.00275000 0.00000000 0.04800000
v -0.00825000 0.00150000 0.04800000
v -0.00550000 -0.00150000 0.04800000
v -0.00550000 0.00150000 0.04800000
v 0.00000000 -0.00450000 0.04800000
v 0.00000000 -0.00150000 0.04800000
v 0.00275000 -0.00450000 0.04800000
v -0.00275000 -0.00300000 0.04800000
v 0.00275000 -0.00300000 0.04800000
v -0.00275000 -0.00150000 0.04800000
v 0.01362500 -0.00862500 0.04450000
v 0.01287500 -0.00787500 0.04550000
v 0.01012500 -0.00862500 0.04450000
v 0.01137500 -0.00637500 0.04750000
v 0.01212500 -0.00712500 0.04650000
v 0.00825000 -0.00675000 0.04700000
v 0.00312500 -0.00862500 0.04450000
v 0.00937500 -0.00787500 0.04550000
v 0.00662500 -0.00862500 0.04450000
v 0.00275000 -0.00825000 0.04500000
v 0.00975000 -0.00825000 0.04500000
v 0.00200000 -0.00750000 0.04600000
v 0.00900000 -0.00750000 0.04600000
v 0.00512500 -0.00712500 0.04650000
v 0.00237500 -0.00787500 0.04550000
v 0.00862500 -0.00712500 0.04650000
v 0.00587500 -0.00787500 0.04550000
v 0.00565340 -0.00244085 0.00731250
v 0.00577757 -0.00097918 0.00693750
v 0.00571548 -0.00237877 0.00712500
v 0.00602591 0.00194416 0.00618750
v 0.00590174 0.00048249 0.00656250
v 0.00583966 -0.00225459 0.00675000
v 0.00583966 -0.00091709 0.00675000
v 0.00577757 -0.00231668 0.00693750
v 0.00577757 -0.00164793 0.00693750
v 0.00608800 -0.00200625 0.00600000
v 0.00608800 -0.00066875 0.00600000
v 0.00602591 -0.00206834 0.00618750
v 0.00615350 -0.00200625 0.00600000
v 0.00608800 0.00200625 0.00600000
v 0.00608800 0.00066875 0.00600000
v 0.00602591 0.00127541 0.00618750
v 0.00590174 -0.00219251 0.00656250
v 0.00602591 -0.00073084 0.00618750
v 0.00596383 -0.00213042 0.00637500
v 0.00590174 -0.00152376 0.00656250
v 0.00602591 -0.00139959 0.00618750
v 0.00628450 -0.00200625 0.00600000
v 0.00615350 -0.00066875 0.00600000
v 0.00621900 -0.00200625 0.00600000
v 0.00615350 -0.00133750 0.00600000
v 0.00590174 -0.00018626 0.00656250
v 0.00602591 -0.00006209 0.00618750
v 0.00596383 0.00054458 0.00637500
v 0.00590174 -0.00085501 0.00656250
v 0.00602591 0.00060666 0.00618750
v 0.00596383 -0.00079292 0.00637500
v 0.00654650 -0.00200625 0.00600000
v 0.00641550 -0.00066875 0.00600000
v 0.00648100 -0.00200625 0.00600000
v 0.00615350 0.00200625 0.00600000
v 0.00628450 0.00066875 0.00600000
v 0.00615350 0.00133750 0.00600000
v 0.00635000 -0.00200625 0.00600000
v 0.00635000 -0.00066875 0.00600000
v 0.00641550 -0.00200625 0.00600000
v 0.00628450 -0.00133750 0.00600000
v 0.00641550 -0.00133750 0.00600000
v 0.00615350 0.00000000 0.00600000
v 0.00628450 0.00000000 0.00600000
v 0.00615350 0.00066875 0.00600000
v 0.00621900 -0.00066875 0.00600000
v 0.00621900 0.00066875 0.00600000
v 0.00628450 -0.00066875 0.00600000
v 0.00558800 -0.00238125 0.00750000
v 0.00558800 -0.00079375 0.00750000
v 0.00558841 -0.00238084 0.00750000
v 0.00558800 0.00238125 0.00750000
v 0.00558800 0.00079375 0.00750000
v 0.00558924 -0.00238001 0.00750000
v 0.00558841 -0.00079334 0.00750000
v 0.00558883 -0.00238042 0.00750000
v 0.00558841 -0.00158709 0.00750000
v 0.00559090 -0.00237835 0.00750000
v 0.00559007 -0.00079168 0.00750000
v 0.00559048 -0.00237877 0.00750000
v 0.00558841 0.00238166 0.00750000
v 0.00558924 0.00079499 0.00750000
v 0.00558841 0.00158791 0.00750000
v 0.00558966 -0.00237959 0.00750000
v 0.00558966 -0.00079209 0.00750000
v 0.00559007 -0.00237918 0.00750000
v 0.00558924 -0.00158626 0.00750000
v 0.00559007 -0.00158543 0.00750000
v 0.00558841 0.00000041 0.00750000
v 0.00558924 0.00000124 0.00750000
v 0.00558841 0.00079416 0.00750000
v 0.00558883 -0.00079292 0.00750000
v 0.00558883 0.00079458 0.00750000
v 0.00558924 -0.00079251 0.00750000
v 0.00559131 -0.00237877 0.00750000
v 0.00559131 -0.00079292 0.00750000
v 0.00565340 -0.00164793 0.00731250
v 0.00559090 -0.00158543 0.00750000
v 0.00559131 0.00237877 0.00750000
v 0.00559131 0.00079292 0.00750000
v 0.00577757 -0.00018626 0.00693750
v 0.00565340 -0.00006209 0.00731250
v 0.00571548 -0.00091709 0.00712500
v 0.00565340 -0.00085501 0.00731250
v 0.00559007 0.00000124 0.00750000
v 0.00559090 0.00000041 0.00750000
v 0.00559048 -0.00079209 0.00750000
v 0.00559090 -0.00079251 0.00750000
v 0.00602591 0.00273709 0.00618750
v 0.00590174 0.00286126 0.00656250
v 0.00596383 0.00200625 0.00637500
v 0.00565340 0.00310960 0.00731250
v 0.00577757 0.00298543 0.00693750
v 0.00565340 0.00231668 0.00731250
v 0.00583966 0.00054458 0.00675000
v 0.00583966 0.00213042 0.00675000
v 0.00590174 0.00127541 0.00656250
v 0.00577757 0.00060666 0.00693750
v 0.00590174 0.00206834 0.00656250
v 0.00565340 0.00073084 0.00731250
v 0.00577757 0.00219251 0.00693750
v 0.00565340 0.00152376 0.00731250
v 0.00571548 0.00066875 0.00712500
v 0.00571548 0.00225459 0.00712500
v 0.00577757 0.00139959 0.00693750
v 0.00558841 0.00317459 0.00750000
v 0.00558924 0.00317376 0.00750000
v 0.00558883 0.00238125 0.00750000
v 0.00559090 0.00317210 0.00750000
v 0.00559007 0.00317293 0.00750000
v 0.00559090 0.00237918 0.00750000
v 0.00558966 0.00079458 0.00750000
v 0.00558966 0.00238042 0.00750000
v 0.00558924 0.00158791 0.00750000
v 0.00559007 0.00079416 0.00750000
v 0.00558924 0.00238084 0.00750000
v 0.00559090 0.00079334 0.00750000
v 0.00559007 0.00238001 0.00750000
v 0.00559090 0.00158626 0.00750000
v 0.00559048 0.00079375 0.00750000
v 0.00559048 0.00237959 0.00750000
v 0.00559007 0.00158709 0.00750000
v 0.00661200 -0.00200625 0.00600000
v 0.00661200 -0.00066875 0.00600000
v 0.00654650 -0.00133750 0.00600000
v 0.00661200 0.00200625 0.00600000
v 0.00661200 0.00066875 0.00600000
v 0.00641550 0.00000000 0.00600000
v 0.00654650 0.00000000 0.00600000
v 0.00648100 -0.00066875 0.00600000
v 0.00654650 -0.00066875 0.00600000
v 0.00615350 0.00267500 0.00600000
v 0.00628450 0.00267500 0.00600000
v 0.00621900 0.00200625 0.00600000
v 0.00609141 0.00273709 0.00618750
v 0.00654650 0.00267500 0.00600000
v 0.00641550 0.00267500 0.00600000
v 0.00654650 0.00200625 0.00600000
v 0.00635000 0.00066875 0.00600000
v 0.00635000 0.00200625 0.00600000
v 0.00628450 0.00133750 0.00600000
v 0.00641550 0.00066875 0.00600000
v 0.00628450 0.00200625 0.00600000
v 0.00596724 0.00286126 0.00656250
v 0.00622241 0.00273709 0.00618750
v 0.00602933 0.00279917 0.00637500
v 0.00615691 0.00273709 0.00618750
v 0.00654650 0.00066875 0.00600000
v 0.00641550 0.00200625 0.00600000
v 0.00654650 0.00133750 0.00600000
v 0.00648100 0.00066875 0.00600000
v 0.00648100 0.00200625 0.00600000
v 0.00641550 0.00133750 0.00600000
v 0.00571890 0.00310960 0.00731250
v 0.00597407 0.00298543 0.00693750
v 0.00578098 0.00304752 0.00712500
v 0.00648441 0.00273709 0.00618750
v 0.00622924 0.00286126 0.00656250
v 0.00641891 0.00273709 0.00618750
v 0.00590516 0.00292334 0.00675000
v 0.00603616 0.00292334 0.00675000
v 0.00584307 0.00298543 0.00693750
v 0.00603274 0.00286126 0.00656250
v 0.00590857 0.00298543 0.00693750
v 0.00628791 0.00273709 0.00618750
v 0.00616374 0.00286126 0.00656250
v 0.00635341 0.00273709 0.00618750
v 0.00616033 0.00279917 0.00637500
v 0.00629133 0.00279917 0.00637500
v 0.00609824 0.00286126 0.00656250
v -0.01155150 0.00827187 0.02200000
v -0.00665450 0.00681562 0.02200000
v -0.00910300 0.00675000 0.02200000
v 0.00313950 0.00390312 0.02200000
v -0.00175750 0.00535937 0.02200000
v -0.00420600 0.00370625 0.02200000
v -0.00420600 0.00529375 0.02200000
v -0.00665450 0.00522813 0.02200000
v -0.00665450 0.00602187 0.02200000
v 0.00558800 -0.00238125 0.00931250
v 0.00558800 -0.00079375 0.01293750
v 0.00558800 -0.00238125 0.01112500
v 0.00558800 -0.00158750 0.00931250
v 0.00558800 0.00238125 0.02018750
v 0.00558800 0.00079375 0.01656250
v 0.00558800 -0.00238125 0.01475000
v 0.00558800 -0.00079375 0.01475000
v 0.00558800 -0.00238125 0.01293750
v 0.00558800 -0.00158750 0.01293750
v 0.00558800 0.00000000 0.00931250
v 0.00558800 0.00000000 0.01293750
v 0.00558800 -0.00079375 0.00931250
v 0.00558800 -0.00079375 0.01112500
v 0.00558800 -0.00238125 0.02200000
v 0.00558800 -0.00079375 0.02200000
v 0.00313950 -0.00085937 0.02200000
v 0.00558800 -0.00238125 0.02018750
v 0.00558800 0.00238125 0.02200000
v 0.00558800 0.00079375 0.02200000
v 0.00313950 0.00310937 0.02200000
v 0.00558800 0.00158750 0.02018750
v -0.00175750 0.00218438 0.02200000
v 0.00313950 0.00072813 0.02200000
v 0.00069100 0.00066250 0.02200000
v -0.00175750 0.00297813 0.02200000
v 0.00313950 -0.00006562 0.02200000
v 0.00558800 -0.00238125 0.01656250
v 0.00558800 -0.00079375 0.02018750
v 0.00558800 -0.00238125 0.01837500
v 0.00558800 -0.00158750 0.01656250
v 0.00558800 -0.00158750 0.02018750
v -0.00175750 0.00456562 0.02200000
v 0.00313950 0.00152187 0.02200000
v 0.00069100 0.00383750 0.02200000
v -0.00175750 0.00377187 0.02200000
v 0.00313950 0.00231562 0.02200000
v 0.00069100 0.00225000 0.02200000
v 0.00558800 0.00000000 0.01656250
v 0.00558800 0.00000000 0.02018750
v 0.00558800 0.00079375 0.01837500
v 0.00558800 -0.00079375 0.01656250
v 0.00558800 0.00079375 0.02018750
v 0.00558800 -0.00079375 0.01837500
v 0.00558800 0.00317500 0.00931250
v 0.00558800 0.00317500 0.01293750
v 0.00558800 0.00238125 0.00931250
v 0.00558800 0.00317500 0.02018750
v 0.00558800 0.00317500 0.01656250
v 0.00558800 0.00238125 0.01837500
v 0.00558800 0.00079375 0.00931250
v 0.00558800 0.00238125 0.01293750
v 0.00558800 0.00158750 0.00931250
v 0.00558800 0.00079375 0.01112500
v 0.00558800 0.00238125 0.01112500
v 0.00558800 0.00079375 0.01475000
v 0.00558800 0.00238125 0.01475000
v 0.00558800 0.00158750 0.01656250
v 0.00558800 0.00079375 0.01293750
v 0.00558800 0.00238125 0.01656250
v 0.00558800 0.00158750 0.01293750
v 0.00667409 -0.00194416 0.00618750
v 0.00679826 -0.00048249 0.00656250
v 0.00673617 -0.00200625 0.00637500
v 0.00667409 -0.00127541 0.00618750
v 0.00704660 0.00244085 0.00731250
v 0.00692243 0.00097918 0.00693750
v 0.00686034 -0.00213042 0.00675000
v 0.00686034 -0.00054458 0.00675000
v 0.00679826 -0.00206834 0.00656250
v 0.00679826 -0.00127541 0.00656250
v 0.00667409 0.00006209 0.00618750
v 0.00679826 0.00018626 0.00656250
v 0.00667409 -0.00060666 0.00618750
v 0.00673617 -0.00054458 0.00637500
v 0.00710869 -0.00237877 0.00750000
v 0.00710869 -0.00079292 0.00750000
v 0.00704660 -0.00231668 0.00731250
v 0.00710910 -0.00237918 0.00750000
v 0.00710869 0.00237877 0.00750000
v 0.00710869 0.00079292 0.00750000
v 0.00704660 0.00164793 0.00731250
v 0.00692243 -0.00219251 0.00693750
v 0.00704660 -0.00073084 0.00731250
v 0.00698452 -0.00225459 0.00712500
v 0.00692243 -0.00139959 0.00693750
v 0.00704660 -0.00152376 0.00731250
v 0.00710993 -0.00238001 0.00750000
v 0.00710910 -0.00079334 0.00750000
v 0.00710952 -0.00237959 0.00750000
v 0.00710910 -0.00158626 0.00750000
v 0.00692243 0.00018626 0.00693750
v 0.00704660 0.00006209 0.00731250
v 0.00698452 0.00091709 0.00712500
v 0.00692243 -0.00060666 0.00693750
v 0.00704660 0.00085501 0.00731250
v 0.00698452 -0.00066875 0.00712500
v 0.00711159 -0.00238166 0.00750000
v 0.00711076 -0.00079499 0.00750000
v 0.00711117 -0.00238125 0.00750000
v 0.00710910 0.00237835 0.00750000
v 0.00710993 0.00079168 0.00750000
v 0.00710910 0.00158543 0.00750000
v 0.00711034 -0.00238042 0.00750000
v 0.00711034 -0.00079458 0.00750000
v 0.00711076 -0.00238084 0.00750000
v 0.00710993 -0.00158709 0.00750000
v 0.00711076 -0.00158791 0.00750000
v 0.00710910 -0.00000041 0.00750000
v 0.00710993 -0.00000124 0.00750000
v 0.00710910 0.00079251 0.00750000
v 0.00710952 -0.00079375 0.00750000
v 0.00710952 0.00079209 0.00750000
v 0.00710993 -0.00079416 0.00750000
v 0.00578098 0.00317169 0.00750000
v 0.00616033 0.00317169 0.00750000
v 0.00590857 0.00310960 0.00731250
v 0.00691902 0.00317169 0.00750000
v 0.00653967 0.00317169 0.00750000
v 0.00616374 0.00298543 0.00693750
v 0.00628791 0.00310960 0.00731250
v 0.00603616 0.00304752 0.00712500
v 0.00609824 0.00310960 0.00731250
v 0.00667409 0.00273709 0.00618750
v 0.00679826 0.00286126 0.00656250
v 0.00667409 0.00206834 0.00618750
v 0.00654650 0.00279917 0.00637500
v 0.00704660 0.00310960 0.00731250
v 0.00692243 0.00298543 0.00693750
v 0.00698452 0.00237877 0.00712500
v 0.00685693 0.00310960 0.00731250
v 0.00667409 0.00073084 0.00618750
v 0.00679826 0.00219251 0.00656250
v 0.00667409 0.00139959 0.00618750
v 0.00673617 0.00079292 0.00637500
v 0.00673617 0.00213042 0.00637500
v 0.00629133 0.00292334 0.00675000
v 0.00667067 0.00292334 0.00675000
v 0.00641891 0.00286126 0.00656250
v 0.00635341 0.00298543 0.00693750
v 0.00660859 0.00286126 0.00656250
v 0.00686034 0.00091709 0.00675000
v 0.00686034 0.00225459 0.00675000
v 0.00692243 0.00164793 0.00693750
v 0.00679826 0.00085501 0.00656250
v 0.00692243 0.00231668 0.00693750
v 0.00679826 0.00152376 0.00656250
v 0.00647759 0.00310960 0.00731250
v 0.00673276 0.00298543 0.00693750
v 0.00666726 0.00310960 0.00731250
v 0.00641550 0.00304752 0.00712500
v 0.00679484 0.00304752 0.00712500
v 0.00654309 0.00298543 0.00693750
v 0.00711200 -0.00238125 0.00750000
v 0.00711200 -0.00079375 0.00750000
v 0.00711200 -0.00238125 0.00750125
v 0.00711159 -0.00158791 0.00750000
v 0.00711200 0.00238125 0.00750000
v 0.00711200 0.00079375 0.00750000
v 0.00711200 -0.00238125 0.00750375
v 0.00711200 -0.00079375 0.00750125
v 0.00711200 -0.00238125 0.00750250
v 0.00711200 -0.00158750 0.00750125
v 0.00711076 -0.00000124 0.00750000
v 0.00711159 -0.00000041 0.00750000
v 0.00711117 -0.00079458 0.00750000
v 0.00711159 -0.00079416 0.00750000
v 0.00711200 -0.00238125 0.00750875
v 0.00711200 -0.00079375 0.00750625
v 0.00711200 -0.00238125 0.00750750
v 0.00711200 -0.00238125 0.00932000
v 0.00711200 0.00238125 0.00750125
v 0.00711200 0.00079375 0.00750375
v 0.00711200 0.00158750 0.00750125
v 0.00711200 -0.00238125 0.00750500
v 0.00711200 -0.00079375 0.00750500
v 0.00711200 -0.00238125 0.00750625
v 0.00711200 -0.00158750 0.00750375
v 0.00711200 -0.00158750 0.00750625
v 0.00711200 -0.00238125 0.01294250
v 0.00711200 -0.00079375 0.00931750
v 0.00711200 -0.00238125 0.01113125
v 0.00711200 -0.00158750 0.00931875
v 0.00711200 0.00000000 0.00750125
v 0.00711200 0.00000000 0.00750375
v 0.00711200 0.00079375 0.00750125
v 0.00711200 -0.00079375 0.00750250
v 0.00711200 0.00079375 0.00750250
v 0.00711200 -0.00079375 0.00750375
v 0.00711200 -0.00238125 0.02018750
v 0.00711200 -0.00079375 0.01656250
v 0.00711200 -0.00238125 0.01837625
v 0.00711200 0.00238125 0.00931250
v 0.00711200 0.00079375 0.01293750
v 0.00711200 0.00158750 0.00931375
v 0.00711200 -0.00238125 0.01475375
v 0.00711200 -0.00079375 0.01475125
v 0.00711200 -0.00238125 0.01656500
v 0.00711200 -0.00158750 0.01294125
v 0.00711200 -0.00158750 0.01656375
v 0.00711200 0.00000000 0.00931625
v 0.00711200 0.00000000 0.01293875
v 0.00711200 0.00079375 0.00931500
v 0.00711200 -0.00079375 0.01112875
v 0.00711200 0.00079375 0.01112625
v 0.00711200 -0.00079375 0.01294000
v 0.00577850 0.00317500 0.00750000
v 0.00615950 0.00317500 0.00750000
v 0.00577891 0.00317459 0.00750000
v 0.00692150 0.00317500 0.00750000
v 0.00654050 0.00317500 0.00750000
v 0.00577974 0.00317376 0.00750000
v 0.00615991 0.00317459 0.00750000
v 0.00577933 0.00317417 0.00750000
v 0.00596941 0.00317459 0.00750000
v 0.00578140 0.00317210 0.00750000
v 0.00616157 0.00317293 0.00750000
v 0.00578098 0.00317252 0.00750000
v 0.00597107 0.00317210 0.00750000
v 0.00692191 0.00317459 0.00750000
v 0.00654174 0.00317376 0.00750000
v 0.00673141 0.00317459 0.00750000
v 0.00578016 0.00317334 0.00750000
v 0.00616116 0.00317334 0.00750000
v 0.00578057 0.00317293 0.00750000
v 0.00597024 0.00317376 0.00750000
v 0.00597107 0.00317293 0.00750000
v 0.00635041 0.00317210 0.00750000
v 0.00635124 0.00317293 0.00750000
v 0.00616074 0.00317210 0.00750000
v 0.00616116 0.00317252 0.00750000
v 0.00635041 0.00317459 0.00750000
v 0.00635124 0.00317376 0.00750000
v 0.00654091 0.00317459 0.00750000
v 0.00616033 0.00317417 0.00750000
v 0.00654133 0.00317417 0.00750000
v 0.00616074 0.00317376 0.00750000
v 0.00710910 0.00317210 0.00750000
v 0.00710993 0.00317293 0.00750000
v 0.00710952 0.00237877 0.00750000
v 0.00691943 0.00317210 0.00750000
v 0.00711159 0.00317459 0.00750000
v 0.00711076 0.00317376 0.00750000
v 0.00711159 0.00238084 0.00750000
v 0.00692150 0.00317417 0.00750000
v 0.00711034 0.00079209 0.00750000
v 0.00711034 0.00237959 0.00750000
v 0.00710993 0.00158543 0.00750000
v 0.00711076 0.00079251 0.00750000
v 0.00710993 0.00237918 0.00750000
v 0.00654009 0.00317210 0.00750000
v 0.00692026 0.00317293 0.00750000
v 0.00672976 0.00317210 0.00750000
v 0.00654050 0.00317252 0.00750000
v 0.00691984 0.00317252 0.00750000
v 0.00711159 0.00079334 0.00750000
v 0.00711076 0.00238001 0.00750000
v 0.00711159 0.00158709 0.00750000
v 0.00711117 0.00079292 0.00750000
v 0.00711117 0.00238042 0.00750000
v 0.00711076 0.00158626 0.00750000
v 0.00654133 0.00317334 0.00750000
v 0.00692067 0.00317334 0.00750000
v 0.00673141 0.00317376 0.00750000
v 0.00654091 0.00317293 0.00750000
v 0.00692109 0.00317376 0.00750000
v 0.00673059 0.00317293 0.00750000
v 0.00711200 -0.00238125 0.02200000
v 0.00711200 -0.00079375 0.02200000
v 0.00711200 -0.00158750 0.02018750
v 0.00711200 0.00238125 0.02200000
v 0.00711200 0.00079375 0.02200000
v 0.00711200 0.00000000 0.01656250
v 0.00711200 0.00000000 0.02018750
v 0.00711200 -0.00079375 0.01837500
v 0.00711200 -0.00079375 0.02018750
v 0.00577850 0.00317500 0.00931250
v 0.00615950 0.00317500 0.01293750
v 0.00577850 0.00317500 0.01112500
v 0.00596900 0.00317500 0.00931250
v 0.00692150 0.00317500 0.02018750
v 0.00654050 0.00317500 0.01656250
v 0.00577850 0.00317500 0.01475000
v 0.00615950 0.00317500 0.01475000
v 0.00577850 0.00317500 0.01293750
v 0.00596900 0.00317500 0.01293750
v 0.00635000 0.00317500 0.00931250
v 0.00635000 0.00317500 0.01293750
v 0.00615950 0.00317500 0.00931250
v 0.00615950 0.00317500 0.01112500
v 0.00577850 0.00317500 0.02200000
v 0.00615950 0.00317500 0.02200000
v 0.00577850 0.00317500 0.02018750
v 0.00692150 0.00317500 0.02200000
v 0.00654050 0.00317500 0.02200000
v 0.00673100 0.00317500 0.02018750
v 0.00577850 0.00317500 0.01656250
v 0.00615950 0.00317500 0.02018750
v 0.00577850 0.00317500 0.01837500
v 0.00596900 0.00317500 0.01656250
v 0.00596900 0.00317500 0.02018750
v 0.00635000 0.00317500 0.01656250
v 0.00635000 0.00317500 0.02018750
v 0.00654050 0.00317500 0.01837500
v 0.00615950 0.00317500 0.01656250
v 0.00654050 0.00317500 0.02018750
v 0.00615950 0.00317500 0.01837500
v 0.00711200 0.00317500 0.00931250
v 0.00711200 0.00317500 0.01293750
v 0.00711200 0.00238125 0.01112500
v 0.00692150 0.00317500 0.00931250
v 0.00711200 0.00317500 0.02018750
v 0.00711200 0.00317500 0.01656250
v 0.00711200 0.00238125 0.02018750
v 0.00692150 0.00317500 0.01837500
v 0.00711200 0.00079375 0.01475000
v 0.00711200 0.00238125 0.01475000
v 0.00711200 0.00158750 0.01293750
v 0.00711200 0.00079375 0.01656250
v 0.00711200 0.00238125 0.01293750
v 0.00654050 0.00317500 0.00931250
v 0.00692150 0.00317500 0.01293750
v 0.00673100 0.00317500 0.00931250
v 0.00654050 0.00317500 0.01112500
v 0.00692150 0.00317500 0.01112500
v 0.00711200 0.00079375 0.02018750
v 0.00711200 0.00238125 0.01656250
v 0.00711200 0.00158750 0.02018750
v 0.00711200 0.00079375 0.01837500
v 0.00711200 0.00238125 0.01837500
v 0.00711200 0.00158750 0.01656250
v 0.00654050 0.00317500 0.01475000
v 0.00692150 0.00317500 0.01475000
v 0.00673100 0.00317500 0.01656250
v 0.00654050 0.00317500 0.01293750
v 0.00692150 0.00317500 0.01656250
v 0.00673100 0.00317500 0.01293750
v -0.01050000 0.00900000 0.02200000
v -0.00350000 0.00900000 0.02200000
v -0.00805150 0.00827187 0.02200000
v 0.01050000 0.00900000 0.02200000
v 0.00350000 0.00900000 0.02200000
v -0.00315450 0.00681562 0.02200000
v -0.00105150 0.00827187 0.02200000
v -0.00560300 0.00754375 0.02200000
v -0.00455150 0.00827187 0.02200000
v 0.01400000 -0.00675000 0.02200000
v 0.01400000 -0.00225000 0.02200000
v 0.01313900 -0.00602187 0.02200000
v 0.01400000 -0.00675000 0.02475000
v 0.01400000 0.00675000 0.02200000
v 0.01400000 0.00225000 0.02200000
v 0.01141700 -0.00456562 0.02200000
v 0.01313900 -0.00152187 0.02200000
v 0.01227800 -0.00529375 0.02200000
v 0.01313900 -0.00377187 0.02200000
v 0.01400000 -0.00675000 0.03025000
v 0.01400000 -0.00225000 0.02475000
v 0.01400000 -0.00675000 0.02750000
v 0.01400000 -0.00450000 0.02475000
v 0.00797300 -0.00165312 0.02200000
v 0.00969500 0.00139063 0.02200000
v 0.00883400 -0.00238125 0.02200000
v 0.00797300 -0.00085937 0.02200000
v 0.01313900 0.00747813 0.02200000
v 0.01141700 0.00443438 0.02200000
v 0.01313900 0.00522813 0.02200000
v 0.01055600 -0.00383750 0.02200000
v 0.01055600 0.00066250 0.02200000
v 0.00969500 -0.00310937 0.02200000
v 0.01141700 -0.00231562 0.02200000
v 0.00969500 -0.00085937 0.02200000
v 0.00797300 0.00072813 0.02200000
v 0.00969500 0.00218438 0.02200000
v 0.00797300 -0.00006562 0.02200000
v 0.00883400 0.00066250 0.02200000
v 0.01313900 0.00072813 0.02200000
v 0.01141700 0.00218438 0.02200000
v 0.01313900 0.00297813 0.02200000
v 0.01227800 -0.00079375 0.02200000
v 0.01227800 0.00370625 0.02200000
v 0.01141700 -0.00006562 0.02200000
v 0.01400000 -0.00675000 0.04125000
v 0.01400000 -0.00225000 0.03575000
v 0.01400000 -0.00675000 0.03850000
v 0.01400000 0.00675000 0.02475000
v 0.01400000 0.00225000 0.03025000
v 0.01400000 0.00450000 0.02475000
v 0.01400000 -0.00675000 0.03300000
v 0.01400000 -0.00225000 0.03300000
v 0.01400000 -0.00675000 0.03575000
v 0.01400000 -0.00450000 0.03025000
v 0.01400000 -0.00450000 0.03575000
v 0.01400000 0.00000000 0.02475000
v 0.01400000 0.00000000 0.03025000
v 0.01400000 0.00225000 0.02475000
v 0.01400000 -0.00225000 0.02750000
v 0.01400000 0.00225000 0.02750000
v 0.01400000 -0.00225000 0.03025000
v 0.00663950 0.00390312 0.02200000
v 0.00874250 0.00535937 0.02200000
v 0.00419100 0.00463125 0.02200000
v 0.00683000 0.00390312 0.02200000
v 0.01294850 0.00827187 0.02200000
v 0.01084550 0.00681562 0.02200000
v 0.00944850 0.00827187 0.02200000
v -0.00070600 0.00608750 0.02200000
v 0.00629400 0.00608750 0.02200000
v 0.00174250 0.00535937 0.02200000
v 0.00034550 0.00681562 0.02200000
v 0.00524250 0.00535937 0.02200000
v 0.00721100 0.00390312 0.02200000
v 0.00893300 0.00535937 0.02200000
v 0.00702050 0.00390312 0.02200000
v 0.00788150 0.00463125 0.02200000
v 0.00244850 0.00827187 0.02200000
v 0.00734550 0.00681562 0.02200000
v 0.00594850 0.00827187 0.02200000
v 0.00139700 0.00754375 0.02200000
v 0.00839700 0.00754375 0.02200000
v 0.00384550 0.00681562 0.02200000
v 0.00797300 0.00390312 0.02200000
v 0.00969500 0.00535937 0.02200000
v 0.00797300 0.00310937 0.02200000
v 0.00778250 0.00390312 0.02200000
v 0.01313900 0.00827187 0.02200000
v 0.01141700 0.00681562 0.02200000
v 0.01227800 0.00675000 0.02200000
v 0.01208750 0.00754375 0.02200000
v 0.00797300 0.00152187 0.02200000
v 0.00969500 0.00456562 0.02200000
v 0.00797300 0.00231562 0.02200000
v 0.00883400 0.00225000 0.02200000
v 0.00883400 0.00383750 0.02200000
v 0.00740150 0.00390312 0.02200000
v 0.00950450 0.00535937 0.02200000
v 0.00759200 0.00390312 0.02200000
v 0.00826250 0.00463125 0.02200000
v 0.00864350 0.00463125 0.02200000
v 0.01055600 0.00370625 0.02200000
v 0.01055600 0.00529375 0.02200000
v 0.01141700 0.00522813 0.02200000
v 0.00969500 0.00297813 0.02200000
v 0.01141700 0.00602187 0.02200000
v 0.00969500 0.00377187 0.02200000
v 0.00998450 0.00608750 0.02200000
v 0.01036550 0.00608750 0.02200000
v 0.01103600 0.00681562 0.02200000
v 0.00912350 0.00535937 0.02200000
v 0.01122650 0.00681562 0.02200000
v 0.00931400 0.00535937 0.02200000
v -0.00825000 0.00600000 0.04800000
v -0.00275000 0.00600000 0.04800000
v -0.00550000 0.00450000 0.04800000
v 0.00825000 0.00600000 0.04800000
v 0.00275000 0.00600000 0.04800000
v 0.00000000 0.00150000 0.04800000
v 0.00000000 0.00450000 0.04800000
v -0.00275000 0.00300000 0.04800000
v -0.00275000 0.00450000 0.04800000
v 0.01100000 -0.00450000 0.04800000
v 0.01100000 -0.00150000 0.04800000
v 0.00825000 -0.00300000 0.04800000
v 0.01100000 0.00450000 0.04800000
v 0.01100000 0.00150000 0.04800000
v 0.00825000 0.00450000 0.04800000
v 0.00275000 0.00000000 0.04800000
v 0.00825000 0.00000000 0.04800000
v 0.00550000 -0.00150000 0.04800000
v 0.00275000 0.00150000 0.04800000
v 0.00825000 -0.00150000 0.04800000
v 0.00275000 0.00450000 0.04800000
v 0.00825000 0.00150000 0.04800000
v 0.00550000 0.00450000 0.04800000
v 0.00275000 0.00300000 0.04800000
v 0.00825000 0.00300000 0.04800000
v 0.00550000 0.00150000 0.04800000
v -0.01050000 0.00900000 0.02475000
v -0.00350000 0.00900000 0.03025000
v -0.01050000 0.00900000 0.02750000
v -0.00700000 0.00900000 0.02475000
v 0.01050000 0.00900000 0.04125000
v 0.00350000 0.00900000 0.03575000
v -0.01050000 0.00900000 0.03300000
v -0.00350000 0.00900000 0.03300000
v -0.01050000 0.00900000 0.03025000
v -0.00700000 0.00900000 0.03025000
v 0.00000000 0.00900000 0.02475000
v 0.00000000 0.00900000 0.03025000
v -0.00350000 0.00900000 0.02475000
v -0.00350000 0.00900000 0.02750000
v -0.00787500 0.00637500 0.04750000
v -0.00162500 0.00712500 0.04650000
v -0.00825000 0.00675000 0.04700000
v -0.00512500 0.00637500 0.04750000
v 0.01087500 0.00862500 0.04450000
v 0.00462500 0.00787500 0.04550000
v -0.00900000 0.00750000 0.04600000
v -0.00200000 0.00750000 0.04600000
v -0.00862500 0.00712500 0.04650000
v -0.00512500 0.00712500 0.04650000
v 0.00037500 0.00637500 0.04750000
v 0.00112500 0.00712500 0.04650000
v -0.00237500 0.00637500 0.04750000
v -0.00200000 0.00675000 0.04700000
v -0.01050000 0.00900000 0.04400000
v -0.00350000 0.00900000 0.04400000
v -0.01050000 0.00900000 0.04125000
v -0.01012500 0.00862500 0.04450000
v 0.01050000 0.00900000 0.04400000
v 0.00350000 0.00900000 0.04400000
v 0.00700000 0.00900000 0.04125000
v 0.00737500 0.00862500 0.04450000
v -0.01050000 0.00900000 0.03575000
v -0.00350000 0.00900000 0.04125000
v -0.01050000 0.00900000 0.03850000
v -0.00700000 0.00900000 0.03575000
v -0.00700000 0.00900000 0.04125000
v -0.00937500 0.00787500 0.04550000
v -0.00312500 0.00862500 0.04450000
v -0.00975000 0.00825000 0.04500000
v -0.00587500 0.00787500 0.04550000
v -0.00662500 0.00862500 0.04450000
v 0.00000000 0.00900000 0.03575000
v 0.00000000 0.00900000 0.04125000
v 0.00350000 0.00900000 0.03850000
v -0.00350000 0.00900000 0.03575000
v 0.00350000 0.00900000 0.04125000
v -0.00350000 0.00900000 0.03850000
v 0.00112500 0.00787500 0.04550000
v 0.00037500 0.00862500 0.04450000
v 0.00425000 0.00825000 0.04500000
v -0.00237500 0.00787500 0.04550000
v 0.00387500 0.00862500 0.04450000
v -0.00275000 0.00825000 0.04500000
v 0.01400000 -0.00675000 0.04400000
v 0.01400000 -0.00225000 0.04400000
v 0.01362500 -0.00637500 0.04450000
v 0.01400000 -0.00450000 0.04125000
v 0.01400000 0.00675000 0.04400000
v 0.01400000 0.00225000 0.04400000
v 0.01287500 -0.00562500 0.04550000
v 0.01362500 -0.00187500 0.04450000
v 0.01325000 -0.00600000 0.04500000
v 0.01362500 -0.00412500 0.04450000
v 0.01400000 0.00000000 0.03575000
v 0.01400000 0.00000000 0.04125000
v 0.01400000 -0.00225000 0.03850000
v 0.01400000 -0.00225000 0.04125000
v 0.01137500 -0.00412500 0.04750000
v 0.01212500 -0.00037500 0.04650000
v 0.01175000 -0.00450000 0.04700000
v 0.01137500 -0.00262500 0.04750000
v 0.01362500 0.00712500 0.04450000
v 0.01287500 0.00337500 0.04550000
v 0.01362500 0.00487500 0.04450000
v 0.01250000 -0.00525000 0.04600000
v 0.01250000 -0.00075000 0.04600000
v 0.01212500 -0.00487500 0.04650000
v 0.01287500 -0.00337500 0.04550000
v 0.01212500 -0.00262500 0.04650000
v 0.01137500 0.00037500 0.04750000
v 0.01212500 0.00112500 0.04650000
v 0.01137500 -0.00112500 0.04750000
v 0.01175000 -0.00075000 0.04700000
v 0.01362500 0.00037500 0.04450000
v 0.01287500 0.00112500 0.04550000
v 0.01362500 0.00262500 0.04450000
v 0.01325000 -0.00150000 0.04500000
v 0.01325000 0.00300000 0.04500000
v 0.01287500 -0.00112500 0.04550000
v 0.01400000 0.00900000 0.02475000
v 0.01400000 0.00900000 0.03025000
v 0.01050000 0.00900000 0.02475000
v 0.01400000 0.00675000 0.02750000
v 0.01400000 0.00900000 0.04125000
v 0.01400000 0.00900000 0.03575000
v 0.01050000 0.00900000 0.03850000
v 0.01400000 0.00675000 0.04125000
v 0.00350000 0.00900000 0.02475000
v 0.01050000 0.00900000 0.03025000
v 0.00700000 0.00900000 0.02475000
v 0.00350000 0.00900000 0.02750000
v 0.01050000 0.00900000 0.02750000
v 0.01400000 0.00225000 0.03300000
v 0.01400000 0.00675000 0.03300000
v 0.01400000 0.00450000 0.03025000
v 0.01400000 0.00225000 0.03575000
v 0.01400000 0.00675000 0.03025000
v 0.00350000 0.00900000 0.03300000
v 0.01050000 0.00900000 0.03300000
v 0.00700000 0.00900000 0.03575000
v 0.00350000 0.00900000 0.03025000
v 0.01050000 0.00900000 0.03575000
v 0.00700000 0.00900000 0.03025000
v 0.01400000 0.00225000 0.04125000
v 0.01400000 0.00675000 0.03575000
v 0.01400000 0.00450000 0.04125000
v 0.01400000 0.00225000 0.03850000
v 0.01400000 0.00675000 0.03850000
v 0.01400000 0.00450000 0.03575000
v 0.01137500 0.00637500 0.04750000
v 0.01212500 0.00712500 0.04650000
v 0.00862500 0.00637500 0.04750000
v 0.01137500 0.00487500 0.04750000
v 0.01362500 0.00862500 0.04450000
v 0.01287500 0.00787500 0.04550000
v 0.01050000 0.00825000 0.04500000
v 0.01325000 0.00675000 0.04500000
v 0.00312500 0.00637500 0.04750000
v 0.00937500 0.00712500 0.04650000
v 0.00587500 0.00637500 0.04750000
v 0.00350000 0.00675000 0.04700000
v 0.00900000 0.00675000 0.04700000
v 0.01137500 0.00187500 0.04750000
v 0.01212500 0.00562500 0.04650000
v 0.01137500 0.00337500 0.04750000
v 0.01175000 0.00225000 0.04700000
v 0.01175000 0.00525000 0.04700000
v 0.00425000 0.00750000 0.04600000
v 0.00975000 0.00750000 0.04600000
v 0.00737500 0.00787500 0.04550000
v 0.00387500 0.00712500 0.04650000
v 0.01012500 0.00787500 0.04550000
v 0.00662500 0.00712500 0.04650000
v 0.01250000 0.00300000 0.04600000
v 0.01250000 0.00600000 0.04600000
v 0.01287500 0.00487500 0.04550000
v 0.01212500 0.00262500 0.04650000
v 0.01287500 0.00637500 0.04550000
v 0.01212500 0.00412500 0.04650000
f 1 1005 711
f 1005 262 1007
f 711 1007 181
f 1005 1007 711
f 262 1006 1013
f 1006 72 1011
f 1013 1011 264
f 1006 1011 1013
f 181 1012 712
f 1012 264 1010
f 712 1010 48
f 1012 1010 712
f 262 1013 1007
f 1013 264 1012
f 1007 1012 181
f 1013 1012 1007
f 72 1009 1030
f 1009 263 1032
f 1030 1032 269
f 1009 1032 1030
f 263 1008 1020
f 1008 16 1018
f 1020 1018 266
f 1008 1018 1020
f 269 1034 1031
f 1034 266 1019
f 1031 1019 73
f 1034 1019 1031
f 263 1020 1032
f 1020 266 1034
f 1032 1034 269
f 1020 1034 1032
f 48 1021 714
f 1021 267 1023
f 714 1023 182
f 1021 1023 714
f 267 1022 1025
f 1022 73 1015
f 1025 1015 265
f 1022 1015 1025
f 182 1016 713
f 1016 265 1014
f 713 1014 4
f 1016 1014 713
f 267 1025 1023
f 1025 265 1016
f 1023 1016 182
f 1025 1016 1023
f 72 1030 1011
f 1030 269 1033
f 1011 1033 264
f 1030 1033 1011
f 269 1031 1035
f 1031 73 1022
f 1035 1022 267
f 1031 1022 1035
f 264 1024 1010
f 1024 267 1021
f 1010 1021 48
f 1024 1021 1010
f 269 1035 1033
f 1035 267 1024
f 1033 1024 264
f 1035 1024 1033
f 1 711 1585
f 711 181 1587
f 1585 1587 408
f 711 1587 1585
f 181 712 1593
f 712 48 1591
f 1593 1591 410
f 712 1591 1593
f 408 1594 1586
f 1594 410 1592
f 1586 1592 109
f 1594 1592 1586
f 181 1593 1587
f 1593 410 1594
f 1587 1594 408
f 1593 1594 1587
f 48 714 1606
f 714 182 1608
f 1606 1608 414
f 714 1608 1606
f 182 713 1601
f 713 4 1599
f 1601 1599 412
f 713 1599 1601
f 414 1610 1607
f 1610 412 1600
f 1607 1600 110
f 1610 1600 1607
f 182 1601 1608
f 1601 412 1610
f 1608 1610 414
f 1601 1610 1608
f 109 1615 1590
f 1615 416 1617
f 1590 1617 409
f 1615 1617 1590
f 416 1616 1619
f 1616 110 1604
f 1619 1604 413
f 1616 1604 1619
f 409 1605 1589
f 1605 413 1603
f 1589 1603 29
f 1605 1603 1589
f 416 1619 1617
f 1619 413 1605
f 1617 1605 409
f 1619 1605 1617
f 48 1606 1591
f 1606 414 1609
f 1591 1609 410
f 1606 1609 1591
f 414 1607 1620
f 1607 110 1616
f 1620 1616 416
f 1607 1616 1620
f 410 1618 1592
f 1618 416 1615
f 1592 1615 109
f 1618 1615 1592
f 414 1620 1609
f 1620 416 1618
f 1609 1618 410
f 1620 1618 1609
f 1 897 1495
f 897 232 1497
f 1495 1497 381
f 897 1497 1495
f 232 898 1503
f 898 63 1501
f 1503 1501 383
f 898 1501 1503
f 381 1504 1496
f 1504 383 1502
f 1496 1502 100
f 1504 1502 1496
f 232 1503 1497
f 1503 383 1504
f 1497 1504 381
f 1503 1504 1497
f 63 900 1516
f 900 233 1518
f 1516 1518 387
f 900 1518 1516
f 233 899 1511
f 899 11 1509
f 1511 1509 385
f 899 1509 1511
f 387 1520 1517
f 1520 385 1510
f 1517 1510 101
f 1520 1510 1517
f 233 1511 1518
f 1511 385 1520
f 1518 1520 387
f 1511 1520 1518
f 100 1525 1500
f 1525 389 1527
f 1500 1527 382
f 1525 1527 1500
f 389 1526 1529
f 1526 101 1514
f 1529 1514 386
f 1526 1514 1529
f 382 1515 1499
f 1515 386 1513
f 1499 1513 23
f 1515 1513 1499
f 389 1529 1527
f 1529 386 1515
f 1527 1515 382
f 1529 1515 1527
f 63 1516 1501
f 1516 387 1519
f 1501 1519 383
f 1516 1519 1501
f 387 1517 1530
f 1517 101 1526
f 1530 1526 389
f 1517 1526 1530
f 383 1528 1502
f 1528 389 1525
f 1502 1525 100
f 1528 1525 1502
f 387 1530 1519
f 1530 389 1528
f 1519 1528 383
f 1530 1528 1519
f 1 1585 897
f 1585 408 1588
f 897 1588 232
f 1585 1588 897
f 408 1586 1598
f 1586 109 1596
f 1598 1596 411
f 1586 1596 1598
f 232 1597 898
f 1597 411 1595
f 898 1595 63
f 1597 1595 898
f 408 1598 1588
f 1598 411 1597
f 1588 1597 232
f 1598 1597 1588
f 109 1590 1654
f 1590 409 1656
f 1654 1656 425
f 1590 1656 1654
f 409 1589 1648
f 1589 29 1646
f 1648 1646 423
f 1589 1646 1648
f 425 1658 1655
f 1658 423 1647
f 1655 1647 112
f 1658 1647 1655
f 409 1648 1656
f 1648 423 1658
f 1656 1658 425
f 1648 1658 1656
f 63 1649 900
f 1649 424 1651
f 900 1651 233
f 1649 1651 900
f 424 1650 1653
f 1650 112 1644
f 1653 1644 422
f 1650 1644 1653
f 233 1645 899
f 1645 422 1643
f 899 1643 11
f 1645 1643 899
f 424 1653 1651
f 1653 422 1645
f 1651 1645 233
f 1653 1645 1651
f 109 1654 1596
f 1654 425 1657
f 1596 1657 411
f 1654 1657 1596
f 425 1655 1659
f 1655 112 1650
f 1659 1650 424
f 1655 1650 1659
f 411 1652 1595
f 1652 424 1649
f 1595 1649 63
f 1652 1649 1595
f 425 1659 1657
f 1659 424 1652
f 1657 1652 411
f 1659 1652 1657
f 16 1039 1018
f 1039 271 1041
f 1018 1041 266
f 1039 1041 1018
f 271 1040 1051
f 1040 74 1048
f 1051 1048 273
f 1040 1048 1051
f 266 1049 1019
f 1049 273 1047
f 1019 1047 73
f 1049 1047 1019
f 271 1051 1041
f 1051 273 1049
f 1041 1049 266
f 1051 1049 1041
f 74 1037 1043
f 1037 270 1046
f 1043 1046 272
f 1037 1046 1043
f 270 1036 1038
f 1036 15 974
f 1038 974 255
f 1036 974 1038
f 272 1044 1042
f 1044 255 975
f 1042 975 70
f 1044 975 1042
f 270 1038 1046
f 1038 255 1044
f 1046 1044 272
f 1038 1044 1046
f 73 1027 1015
f 1027 268 1029
f 1015 1029 265
f 1027 1029 1015
f 268 1026 1028
f 1026 70 972
f 1028 972 254
f 1026 972 1028
f 265 1017 1014
f 1017 254 971
f 1014 971 4
f 1017 971 1014
f 268 1028 1029
f 1028 254 1017
f 1029 1017 265
f 1028 1017 1029
f 74 1043 1048
f 1043 272 1052
f 1048 1052 273
f 1043 1052 1048
f 272 1042 1045
f 1042 70 1026
f 1045 1026 268
f 1042 1026 1045
f 273 1050 1047
f 1050 268 1027
f 1047 1027 73
f 1050 1027 1047
f 272 1045 1052
f 1045 268 1050
f 1052 1050 273
f 1045 1050 1052
f 16 1422 1039
f 1422 364 1424
f 1039 1424 271
f 1422 1424 1039
f 364 1423 1432
f 1423 96 1429
f 1432 1429 366
f 1423 1429 1432
f 271 1430 1040
f 1430 366 1428
f 1040 1428 74
f 1430 1428 1040
f 364 1432 1424
f 1432 366 1430
f 1424 1430 271
f 1432 1430 1424
f 96 1426 1434
f 1426 365 1437
f 1434 1437 367
f 1426 1437 1434
f 365 1425 1427
f 1425 21 1404
f 1427 1404 360
f 1425 1404 1427
f 367 1435 1433
f 1435 360 1405
f 1433 1405 95
f 1435 1405 1433
f 365 1427 1437
f 1427 360 1435
f 1437 1435 367
f 1427 1435 1437
f 74 1412 1037
f 1412 362 1414
f 1037 1414 270
f 1412 1414 1037
f 362 1413 1415
f 1413 95 1401
f 1415 1401 359
f 1413 1401 1415
f 270 1403 1036
f 1403 359 1400
f 1036 1400 15
f 1403 1400 1036
f 362 1415 1414
f 1415 359 1403
f 1414 1403 270
f 1415 1403 1414
f 96 1434 1429
f 1434 367 1438
f 1429 1438 366
f 1434 1438 1429
f 367 1433 1436
f 1433 95 1413
f 1436 1413 362
f 1433 1413 1436
f 366 1431 1428
f 1431 362 1412
f 1428 1412 74
f 1431 1412 1428
f 367 1436 1438
f 1436 362 1431
f 1438 1431 366
f 1436 1431 1438
f 16 1660 1422
f 1660 426 1662
f 1422 1662 364
f 1660 1662 1422
f 426 1661 1669
f 1661 113 1667
f 1669 1667 428
f 1661 1667 1669
f 364 1668 1423
f 1668 428 1666
f 1423 1666 96
f 1668 1666 1423
f 426 1669 1662
f 1669 428 1668
f 1662 1668 364
f 1669 1668 1662
f 113 1665 1698
f 1665 427 1700
f 1698 1700 435
f 1665 1700 1698
f 427 1664 1681
f 1664 29 1678
f 1681 1678 431
f 1664 1678 1681
f 435 1702 1699
f 1702 431 1679
f 1699 1679 114
f 1702 1679 1699
f 427 1681 1700
f 1681 431 1702
f 1700 1702 435
f 1681 1702 1700
f 96 1687 1426
f 1687 433 1689
f 1426 1689 365
f 1687 1689 1426
f 433 1688 1691
f 1688 114 1675
f 1691 1675 430
f 1688 1675 1691
f 365 1677 1425
f 1677 430 1674
f 1425 1674 21
f 1677 1674 1425
f 433 1691 1689
f 1691 430 1677
f 1689 1677 365
f 1691 1677 1689
f 113 1698 1667
f 1698 435 1701
f 1667 1701 428
f 1698 1701 1667
f 435 1699 1703
f 1699 114 1688
f 1703 1688 433
f 1699 1688 1703
f 428 1690 1666
f 1690 433 1687
f 1666 1687 96
f 1690 1687 1666
f 435 1703 1701
f 1703 433 1690
f 1701 1690 428
f 1703 1690 1701
f 16 2179 1577
f 2179 555 2181
f 1577 2181 404
f 2179 2181 1577
f 555 2180 2187
f 2180 145 2185
f 2187 2185 557
f 2180 2185 2187
f 404 2186 1578
f 2186 557 2184
f 1578 2184 107
f 2186 2184 1578
f 555 2187 2181
f 2187 557 2186
f 2181 2186 404
f 2187 2186 2181
f 145 2183 2220
f 2183 556 2222
f 2220 2222 566
f 2183 2222 2220
f 556 2182 2208
f 2182 40 2206
f 2208 2206 563
f 2182 2206 2208
f 566 2224 2221
f 2224 563 2207
f 2221 2207 147
f 2224 2207 2221
f 556 2208 2222
f 2208 563 2224
f 2222 2224 566
f 2208 2224 2222
f 107 2210 1580
f 2210 564 2212
f 1580 2212 405
f 2210 2212 1580
f 564 2211 2214
f 2211 147 2203
f 2214 2203 562
f 2211 2203 2214
f 405 2204 1579
f 2204 562 2202
f 1579 2202 28
f 2204 2202 1579
f 564 2214 2212
f 2214 562 2204
f 2212 2204 405
f 2214 2204 2212
f 145 2220 2185
f 2220 566 2223
f 2185 2223 557
f 2220 2223 2185
f 566 2221 2225
f 2221 147 2211
f 2225 2211 564
f 2221 2211 2225
f 557 2213 2184
f 2213 564 2210
f 2184 2210 107
f 2213 2210 2184
f 566 2225 2223
f 2225 564 2213
f 2223 2213 557
f 2225 2213 2223
f 1 1495 1005
f 1495 381 1498
f 1005 1498 262
f 1495 1498 1005
f 381 1496 1508
f 1496 100 1506
f 1508 1506 384
f 1496 1506 1508
f 262 1507 1006
f 1507 384 1505
f 1006 1505 72
f 1507 1505 1006
f 381 1508 1498
f 1508 384 1507
f 1498 1507 262
f 1508 1507 1498
f 100 1500 1542
f 1500 382 1544
f 1542 1544 393
f 1500 1544 1542
f 382 1499 1536
f 1499 23 1534
f 1536 1534 391
f 1499 1534 1536
f 393 1546 1543
f 1546 391 1535
f 1543 1535 102
f 1546 1535 1543
f 382 1536 1544
f 1536 391 1546
f 1544 1546 393
f 1536 1546 1544
f 72 1537 1009
f 1537 392 1539
f 1009 1539 263
f 1537 1539 1009
f 392 1538 1541
f 1538 102 1532
f 1541 1532 390
f 1538 1532 1541
f 263 1533 1008
f 1533 390 1531
f 1008 1531 16
f 1533 1531 1008
f 392 1541 1539
f 1541 390 1533
f 1539 1533 263
f 1541 1533 1539
f 100 1542 1506
f 1542 393 1545
f 1506 1545 384
f 1542 1545 1506
f 393 1543 1547
f 1543 102 1538
f 1547 1538 392
f 1543 1538 1547
f 384 1540 1505
f 1540 392 1537
f 1505 1537 72
f 1540 1537 1505
f 393 1547 1545
f 1547 392 1540
f 1545 1540 384
f 1547 1540 1545
f 16 1531 2665
f 1531 390 2667
f 2665 2667 672
f 1531 2667 2665
f 390 1532 2673
f 1532 102 2671
f 2673 2671 674
f 1532 2671 2673
f 672 2674 2666
f 2674 674 2672
f 2666 2672 172
f 2674 2672 2666
f 390 2673 2667
f 2673 674 2674
f 2667 2674 672
f 2673 2674 2667
f 102 1535 2701
f 1535 391 2703
f 2701 2703 682
f 1535 2703 2701
f 391 1534 2695
f 1534 23 2693
f 2695 2693 680
f 1534 2693 2695
f 682 2705 2702
f 2705 680 2694
f 2702 2694 174
f 2705 2694 2702
f 391 2695 2703
f 2695 680 2705
f 2703 2705 682
f 2695 2705 2703
f 172 2711 2670
f 2711 684 2713
f 2670 2713 673
f 2711 2713 2670
f 684 2712 2715
f 2712 174 2698
f 2715 2698 681
f 2712 2698 2715
f 673 2699 2669
f 2699 681 2697
f 2669 2697 46
f 2699 2697 2669
f 684 2715 2713
f 2715 681 2699
f 2713 2699 673
f 2715 2699 2713
f 102 2701 2671
f 2701 682 2704
f 2671 2704 674
f 2701 2704 2671
f 682 2702 2716
f 2702 174 2712
f 2716 2712 684
f 2702 2712 2716
f 674 2714 2672
f 2714 684 2711
f 2672 2711 172
f 2714 2711 2672
f 682 2716 2704
f 2716 684 2714
f 2704 2714 674
f 2716 2714 2704
f 29 1603 1625
f 1603 413 1627
f 1625 1627 418
f 1603 1627 1625
f 413 1604 1639
f 1604 110 1637
f 1639 1637 421
f 1604 1637 1639
f 418 1641 1626
f 1641 421 1638
f 1626 1638 111
f 1641 1638 1626
f 413 1639 1627
f 1639 421 1641
f 1627 1641 418
f 1639 1641 1627
f 110 1600 1612
f 1600 412 1614
f 1612 1614 415
f 1600 1614 1612
f 412 1599 1602
f 1599 4 871
f 1602 871 225
f 1599 871 1602
f 415 1613 1611
f 1613 225 872
f 1611 872 61
f 1613 872 1611
f 412 1602 1614
f 1602 225 1613
f 1614 1613 415
f 1602 1613 1614
f 111 1629 1622
f 1629 419 1632
f 1622 1632 417
f 1629 1632 1622
f 419 1628 1630
f 1628 61 875
f 1630 875 226
f 1628 875 1630
f 417 1623 1621
f 1623 226 874
f 1621 874 10
f 1623 874 1621
f 419 1630 1632
f 1630 226 1623
f 1632 1623 417
f 1630 1623 1632
f 110 1612 1637
f 1612 415 1640
f 1637 1640 421
f 1612 1640 1637
f 415 1611 1631
f 1611 61 1628
f 1631 1628 419
f 1611 1628 1631
f 421 1642 1638
f 1642 419 1629
f 1638 1629 111
f 1642 1629 1638
f 415 1631 1640
f 1631 419 1642
f 1640 1642 421
f 1631 1642 1640
f 29 1625 1678
f 1625 418 1680
f 1678 1680 431
f 1625 1680 1678
f 418 1626 1694
f 1626 111 1692
f 1694 1692 434
f 1626 1692 1694
f 431 1696 1679
f 1696 434 1693
f 1679 1693 114
f 1696 1693 1679
f 418 1694 1680
f 1694 434 1696
f 1680 1696 431
f 1694 1696 1680
f 111 1622 1634
f 1622 417 1636
f 1634 1636 420
f 1622 1636 1634
f 417 1621 1624
f 1621 10 1377
f 1624 1377 352
f 1621 1377 1624
f 420 1635 1633
f 1635 352 1378
f 1633 1378 93
f 1635 1378 1633
f 417 1624 1636
f 1624 352 1635
f 1636 1635 420
f 1624 1635 1636
f 114 1683 1675
f 1683 432 1686
f 1675 1686 430
f 1683 1686 1675
f 432 1682 1684
f 1682 93 1381
f 1684 1381 353
f 1682 1381 1684
f 430 1676 1674
f 1676 353 1380
f 1674 1380 21
f 1676 1380 1674
f 432 1684 1686
f 1684 353 1676
f 1686 1676 430
f 1684 1676 1686
f 111 1634 1692
f 1634 420 1695
f 1692 1695 434
f 1634 1695 1692
f 420 1633 1685
f 1633 93 1682
f 1685 1682 432
f 1633 1682 1685
f 434 1697 1693
f 1697 432 1683
f 1693 1683 114
f 1697 1683 1693
f 420 1685 1695
f 1685 432 1697
f 1695 1697 434
f 1685 1697 1695
f 16 1577 1660
f 1577 404 1663
f 1660 1663 426
f 1577 1663 1660
f 404 1578 1672
f 1578 107 1670
f 1672 1670 429
f 1578 1670 1672
f 426 1673 1661
f 1673 429 1671
f 1661 1671 113
f 1673 1671 1661
f 404 1672 1663
f 1672 429 1673
f 1663 1673 426
f 1672 1673 1663
f 107 1580 1710
f 1580 405 1712
f 1710 1712 438
f 1580 1712 1710
f 405 1579 1706
f 1579 28 1704
f 1706 1704 436
f 1579 1704 1706
f 438 1714 1711
f 1714 436 1705
f 1711 1705 115
f 1714 1705 1711
f 405 1706 1712
f 1706 436 1714
f 1712 1714 438
f 1706 1714 1712
f 113 1715 1665
f 1715 439 1717
f 1665 1717 427
f 1715 1717 1665
f 439 1716 1719
f 1716 115 1708
f 1719 1708 437
f 1716 1708 1719
f 427 1709 1664
f 1709 437 1707
f 1664 1707 29
f 1709 1707 1664
f 439 1719 1717
f 1719 437 1709
f 1717 1709 427
f 1719 1709 1717
f 107 1710 1670
f 1710 438 1713
f 1670 1713 429
f 1710 1713 1670
f 438 1711 1720
f 1711 115 1716
f 1720 1716 439
f 1711 1716 1720
f 429 1718 1671
f 1718 439 1715
f 1671 1715 113
f 1718 1715 1671
f 438 1720 1713
f 1720 439 1718
f 1713 1718 429
f 1720 1718 1713
f 29 1707 1879
f 1707 437 1881
f 1879 1881 480
f 1707 1881 1879
f 437 1708 1887
f 1708 115 1885
f 1887 1885 482
f 1708 1885 1887
f 480 1889 1880
f 1889 482 1886
f 1880 1886 126
f 1889 1886 1880
f 437 1887 1881
f 1887 482 1889
f 1881 1889 480
f 1887 1889 1881
f 115 1705 1871
f 1705 436 1873
f 1871 1873 478
f 1705 1873 1871
f 436 1704 1867
f 1704 28 1865
f 1867 1865 476
f 1704 1865 1867
f 478 1874 1872
f 1874 476 1866
f 1872 1866 125
f 1874 1866 1872
f 436 1867 1873
f 1867 476 1874
f 1873 1874 478
f 1867 1874 1873
f 126 1891 1883
f 1891 483 1894
f 1883 1894 481
f 1891 1894 1883
f 483 1890 1892
f 1890 125 1870
f 1892 1870 477
f 1890 1870 1892
f 481 1884 1882
f 1884 477 1869
f 1882 1869 33
f 1884 1869 1882
f 483 1892 1894
f 1892 477 1884
f 1894 1884 481
f 1892 1884 1894
f 115 1871 1885
f 1871 478 1888
f 1885 1888 482
f 1871 1888 1885
f 478 1872 1893
f 1872 125 1890
f 1893 1890 483
f 1872 1890 1893
f 482 1895 1886
f 1895 483 1891
f 1886 1891 126
f 1895 1891 1886
f 478 1893 1888
f 1893 483 1895
f 1888 1895 482
f 1893 1895 1888
f 29 1879 2534
f 1879 480 2536
f 2534 2536 641
f 1879 2536 2534
f 480 1880 2542
f 1880 126 2540
f 2542 2540 643
f 1880 2540 2542
f 641 2543 2535
f 2543 643 2541
f 2535 2541 165
f 2543 2541 2535
f 480 2542 2536
f 2542 643 2543
f 2536 2543 641
f 2542 2543 2536
f 126 1883 2555
f 1883 481 2557
f 2555 2557 647
f 1883 2557 2555
f 481 1882 2550
f 1882 33 2548
f 2550 2548 645
f 1882 2548 2550
f 647 2559 2556
f 2559 645 2549
f 2556 2549 166
f 2559 2549 2556
f 481 2550 2557
f 2550 645 2559
f 2557 2559 647
f 2550 2559 2557
f 165 2564 2539
f 2564 649 2566
f 2539 2566 642
f 2564 2566 2539
f 649 2565 2568
f 2565 166 2553
f 2568 2553 646
f 2565 2553 2568
f 642 2554 2538
f 2554 646 2552
f 2538 2552 44
f 2554 2552 2538
f 649 2568 2566
f 2568 646 2554
f 2566 2554 642
f 2568 2554 2566
f 126 2555 2540
f 2555 647 2558
f 2540 2558 643
f 2555 2558 2540
f 647 2556 2569
f 2556 166 2565
f 2569 2565 649
f 2556 2565 2569
f 643 2567 2541
f 2567 649 2564
f 2541 2564 165
f 2567 2564 2541
f 647 2569 2558
f 2569 649 2567
f 2558 2567 643
f 2569 2567 2558
f 29 1922 1646
f 1922 491 1924
f 1646 1924 423
f 1922 1924 1646
f 491 1923 1932
f 1923 129 1929
f 1932 1929 493
f 1923 1929 1932
f 423 1930 1647
f 1930 493 1928
f 1647 1928 112
f 1930 1928 1647
f 491 1932 1924
f 1932 493 1930
f 1924 1930 423
f 1932 1930 1924
f 129 1926 1934
f 1926 492 1937
f 1934 1937 494
f 1926 1937 1934
f 492 1925 1927
f 1925 34 1916
f 1927 1916 489
f 1925 1916 1927
f 494 1935 1933
f 1935 489 1917
f 1933 1917 128
f 1935 1917 1933
f 492 1927 1937
f 1927 489 1935
f 1937 1935 494
f 1927 1935 1937
f 112 1918 1644
f 1918 490 1920
f 1644 1920 422
f 1918 1920 1644
f 490 1919 1921
f 1919 128 1914
f 1921 1914 488
f 1919 1914 1921
f 422 1915 1643
f 1915 488 1913
f 1643 1913 11
f 1915 1913 1643
f 490 1921 1920
f 1921 488 1915
f 1920 1915 422
f 1921 1915 1920
f 129 1934 1929
f 1934 494 1938
f 1929 1938 493
f 1934 1938 1929
f 494 1933 1936
f 1933 128 1919
f 1936 1919 490
f 1933 1919 1936
f 493 1931 1928
f 1931 490 1918
f 1928 1918 112
f 1931 1918 1928
f 494 1936 1938
f 1936 490 1931
f 1938 1931 493
f 1936 1931 1938
f 29 2534 1922
f 2534 641 2537
f 1922 2537 491
f 2534 2537 1922
f 641 2535 2547
f 2535 165 2545
f 2547 2545 644
f 2535 2545 2547
f 491 2546 1923
f 2546 644 2544
f 1923 2544 129
f 2546 2544 1923
f 641 2547 2537
f 2547 644 2546
f 2537 2546 491
f 2547 2546 2537
f 165 2539 2581
f 2539 642 2583
f 2581 2583 653
f 2539 2583 2581
f 642 2538 2575
f 2538 44 2573
f 2575 2573 651
f 2538 2573 2575
f 653 2585 2582
f 2585 651 2574
f 2582 2574 167
f 2585 2574 2582
f 642 2575 2583
f 2575 651 2585
f 2583 2585 653
f 2575 2585 2583
f 129 2576 1926
f 2576 652 2578
f 1926 2578 492
f 2576 2578 1926
f 652 2577 2580
f 2577 167 2571
f 2580 2571 650
f 2577 2571 2580
f 492 2572 1925
f 2572 650 2570
f 1925 2570 34
f 2572 2570 1925
f 652 2580 2578
f 2580 650 2572
f 2578 2572 492
f 2580 2572 2578
f 165 2581 2545
f 2581 653 2584
f 2545 2584 644
f 2581 2584 2545
f 653 2582 2586
f 2582 167 2577
f 2586 2577 652
f 2582 2577 2586
f 644 2579 2544
f 2579 652 2576
f 2544 2576 129
f 2579 2576 2544
f 653 2586 2584
f 2586 652 2579
f 2584 2579 644
f 2586 2579 2584
f 16 2525 2179
f 2525 638 2527
f 2179 2527 555
f 2525 2527 2179
f 638 2526 2533
f 2526 164 2531
f 2533 2531 640
f 2526 2531 2533
f 555 2532 2180
f 2532 640 2530
f 2180 2530 145
f 2532 2530 2180
f 638 2533 2527
f 2533 640 2532
f 2527 2532 555
f 2533 2532 2527
f 164 2529 2603
f 2529 639 2605
f 2603 2605 658
f 2529 2605 2603
f 639 2528 2593
f 2528 44 2591
f 2593 2591 655
f 2528 2591 2593
f 658 2607 2604
f 2607 655 2592
f 2604 2592 168
f 2607 2592 2604
f 639 2593 2605
f 2593 655 2607
f 2605 2607 658
f 2593 2607 2605
f 145 2594 2183
f 2594 656 2596
f 2183 2596 556
f 2594 2596 2183
f 656 2595 2598
f 2595 168 2588
f 2598 2588 654
f 2595 2588 2598
f 556 2589 2182
f 2589 654 2587
f 2182 2587 40
f 2589 2587 2182
f 656 2598 2596
f 2598 654 2589
f 2596 2589 556
f 2598 2589 2596
f 164 2603 2531
f 2603 658 2606
f 2531 2606 640
f 2603 2606 2531
f 658 2604 2608
f 2604 168 2595
f 2608 2595 656
f 2604 2595 2608
f 640 2597 2530
f 2597 656 2594
f 2530 2594 145
f 2597 2594 2530
f 658 2608 2606
f 2608 656 2597
f 2606 2597 640
f 2608 2597 2606
f 44 2552 2613
f 2552 646 2615
f 2613 2615 660
f 2552 2615 2613
f 646 2553 2629
f 2553 166 2627
f 2629 2627 663
f 2553 2627 2629
f 660 2631 2614
f 2631 663 2628
f 2614 2628 169
f 2631 2628 2614
f 646 2629 2615
f 2629 663 2631
f 2615 2631 660
f 2629 2631 2615
f 166 2549 2561
f 2549 645 2563
f 2561 2563 648
f 2549 2563 2561
f 645 2548 2551
f 2548 33 2455
f 2551 2455 621
f 2548 2455 2551
f 648 2562 2560
f 2562 621 2456
f 2560 2456 160
f 2562 2456 2560
f 645 2551 2563
f 2551 621 2562
f 2563 2562 648
f 2551 2562 2563
f 169 2618 2610
f 2618 661 2621
f 2610 2621 659
f 2618 2621 2610
f 661 2617 2619
f 2617 160 2459
f 2619 2459 622
f 2617 2459 2619
f 659 2611 2609
f 2611 622 2458
f 2609 2458 43
f 2611 2458 2609
f 661 2619 2621
f 2619 622 2611
f 2621 2611 659
f 2619 2611 2621
f 166 2561 2627
f 2561 648 2630
f 2627 2630 663
f 2561 2630 2627
f 648 2560 2620
f 2560 160 2617
f 2620 2617 661
f 2560 2617 2620
f 663 2632 2628
f 2632 661 2618
f 2628 2618 169
f 2632 2618 2628
f 648 2620 2630
f 2620 661 2632
f 2630 2632 663
f 2620 2632 2630
f 44 2613 2591
f 2613 660 2616
f 2591 2616 655
f 2613 2616 2591
f 660 2614 2637
f 2614 169 2634
f 2637 2634 664
f 2614 2634 2637
f 655 2635 2592
f 2635 664 2633
f 2592 2633 168
f 2635 2633 2592
f 660 2637 2616
f 2637 664 2635
f 2616 2635 655
f 2637 2635 2616
f 169 2610 2623
f 2610 659 2626
f 2623 2626 662
f 2610 2626 2623
f 659 2609 2612
f 2609 43 2481
f 2612 2481 629
f 2609 2481 2612
f 662 2624 2622
f 2624 629 2482
f 2622 2482 162
f 2624 2482 2622
f 659 2612 2626
f 2612 629 2624
f 2626 2624 662
f 2612 2624 2626
f 168 2600 2588
f 2600 657 2602
f 2588 2602 654
f 2600 2602 2588
f 657 2599 2601
f 2599 162 2479
f 2601 2479 628
f 2599 2479 2601
f 654 2590 2587
f 2590 628 2478
f 2587 2478 40
f 2590 2478 2587
f 657 2601 2602
f 2601 628 2590
f 2602 2590 654
f 2601 2590 2602
f 169 2623 2634
f 2623 662 2638
f 2634 2638 664
f 2623 2638 2634
f 662 2622 2625
f 2622 162 2599
f 2625 2599 657
f 2622 2599 2625
f 664 2636 2633
f 2636 657 2600
f 2633 2600 168
f 2636 2600 2633
f 662 2625 2638
f 2625 657 2636
f 2638 2636 664
f 2625 2636 2638
f 16 2665 2525
f 2665 672 2668
f 2525 2668 638
f 2665 2668 2525
f 672 2666 2678
f 2666 172 2676
f 2678 2676 675
f 2666 2676 2678
f 638 2677 2526
f 2677 675 2675
f 2526 2675 164
f 2677 2675 2526
f 672 2678 2668
f 2678 675 2677
f 2668 2677 638
f 2678 2677 2668
f 172 2670 2777
f 2670 673 2779
f 2777 2779 699
f 2670 2779 2777
f 673 2669 2765
f 2669 46 2763
f 2765 2763 696
f 2669 2763 2765
f 699 2781 2778
f 2781 696 2764
f 2778 2764 177
f 2781 2764 2778
f 673 2765 2779
f 2765 696 2781
f 2779 2781 699
f 2765 2781 2779
f 164 2767 2529
f 2767 697 2769
f 2529 2769 639
f 2767 2769 2529
f 697 2768 2771
f 2768 177 2760
f 2771 2760 695
f 2768 2760 2771
f 639 2761 2528
f 2761 695 2759
f 2528 2759 44
f 2761 2759 2528
f 697 2771 2769
f 2771 695 2761
f 2769 2761 639
f 2771 2761 2769
f 172 2777 2676
f 2777 699 2780
f 2676 2780 675
f 2777 2780 2676
f 699 2778 2782
f 2778 177 2768
f 2782 2768 697
f 2778 2768 2782
f 675 2770 2675
f 2770 697 2767
f 2675 2767 164
f 2770 2767 2675
f 699 2782 2780
f 2782 697 2770
f 2780 2770 675
f 2782 2770 2780
f 44 2759 2573
f 2759 695 2762
f 2573 2762 651
f 2759 2762 2573
f 695 2760 2776
f 2760 177 2773
f 2776 2773 698
f 2760 2773 2776
f 651 2774 2574
f 2774 698 2772
f 2574 2772 167
f 2774 2772 2574
f 695 2776 2762
f 2776 698 2774
f 2762 2774 651
f 2776 2774 2762
f 177 2764 2784
f 2764 696 2787
f 2784 2787 700
f 2764 2787 2784
f 696 2763 2766
f 2763 46 2727
f 2766 2727 687
f 2763 2727 2766
f 700 2785 2783
f 2785 687 2728
f 2783 2728 175
f 2785 2728 2783
f 696 2766 2787
f 2766 687 2785
f 2787 2785 700
f 2766 2785 2787
f 167 2733 2571
f 2733 689 2735
f 2571 2735 650
f 2733 2735 2571
f 689 2734 2736
f 2734 175 2724
f 2736 2724 686
f 2734 2724 2736
f 650 2726 2570
f 2726 686 2723
f 2570 2723 34
f 2726 2723 2570
f 689 2736 2735
f 2736 686 2726
f 2735 2726 650
f 2736 2726 2735
f 177 2784 2773
f 2784 700 2788
f 2773 2788 698
f 2784 2788 2773
f 700 2783 2786
f 2783 175 2734
f 2786 2734 689
f 2783 2734 2786
f 698 2775 2772
f 2775 689 2733
f 2772 2733 167
f 2775 2733 2772
f 700 2786 2788
f 2786 689 2775
f 2788 2775 698
f 2786 2775 2788
f 11 901 1469
f 901 234 1471
f 1469 1471 374
f 901 1471 1469
f 234 902 1476
f 902 64 1474
f 1476 1474 376
f 902 1474 1476
f 374 1477 1470
f 1477 376 1475
f 1470 1475 98
f 1477 1475 1470
f 234 1476 1471
f 1476 376 1477
f 1471 1477 374
f 1476 1477 1471
f 64 904 1484
f 904 235 1486
f 1484 1486 379
f 904 1486 1484
f 235 903 1480
f 903 12 1478
f 1480 1478 377
f 903 1478 1480
f 379 1488 1485
f 1488 377 1479
f 1485 1479 99
f 1488 1479 1485
f 235 1480 1486
f 1480 377 1488
f 1486 1488 379
f 1480 1488 1486
f 98 1489 1473
f 1489 380 1491
f 1473 1491 375
f 1489 1491 1473
f 380 1490 1493
f 1490 99 1482
f 1493 1482 378
f 1490 1482 1493
f 375 1483 1472
f 1483 378 1481
f 1472 1481 22
f 1483 1481 1472
f 380 1493 1491
f 1493 378 1483
f 1491 1483 375
f 1493 1483 1491
f 64 1484 1474
f 1484 379 1487
f 1474 1487 376
f 1484 1487 1474
f 379 1485 1494
f 1485 99 1490
f 1494 1490 380
f 1485 1490 1494
f 376 1492 1475
f 1492 380 1489
f 1475 1489 98
f 1492 1489 1475
f 379 1494 1487
f 1494 380 1492
f 1487 1492 376
f 1494 1492 1487
f 11 1939 901
f 1939 495 1941
f 901 1941 234
f 1939 1941 901
f 495 1940 1948
f 1940 130 1946
f 1948 1946 497
f 1940 1946 1948
f 234 1947 902
f 1947 497 1945
f 902 1945 64
f 1947 1945 902
f 495 1948 1941
f 1948 497 1947
f 1941 1947 234
f 1948 1947 1941
f 130 1944 1969
f 1944 496 1971
f 1969 1971 503
f 1944 1971 1969
f 496 1943 1959
f 1943 35 1957
f 1959 1957 500
f 1943 1957 1959
f 503 1973 1970
f 1973 500 1958
f 1970 1958 131
f 1973 1958 1970
f 496 1959 1971
f 1959 500 1973
f 1971 1973 503
f 1959 1973 1971
f 64 1960 904
f 1960 501 1962
f 904 1962 235
f 1960 1962 904
f 501 1961 1964
f 1961 131 1954
f 1964 1954 499
f 1961 1954 1964
f 235 1955 903
f 1955 499 1953
f 903 1953 12
f 1955 1953 903
f 501 1964 1962
f 1964 499 1955
f 1962 1955 235
f 1964 1955 1962
f 130 1969 1946
f 1969 503 1972
f 1946 1972 497
f 1969 1972 1946
f 503 1970 1974
f 1970 131 1961
f 1974 1961 501
f 1970 1961 1974
f 497 1963 1945
f 1963 501 1960
f 1945 1960 64
f 1963 1960 1945
f 503 1974 1972
f 1974 501 1963
f 1972 1963 497
f 1974 1963 1972
f 12 1953 1478
f 1953 499 1956
f 1478 1956 377
f 1953 1956 1478
f 499 1954 1968
f 1954 131 1966
f 1968 1966 502
f 1954 1966 1968
f 377 1967 1479
f 1967 502 1965
f 1479 1965 99
f 1967 1965 1479
f 499 1968 1956
f 1968 502 1967
f 1956 1967 377
f 1968 1967 1956
f 131 1958 1986
f 1958 500 1988
f 1986 1988 507
f 1958 1988 1986
f 500 1957 1980
f 1957 35 1978
f 1980 1978 505
f 1957 1978 1980
f 507 1990 1987
f 1990 505 1979
f 1987 1979 132
f 1990 1979 1987
f 500 1980 1988
f 1980 505 1990
f 1988 1990 507
f 1980 1990 1988
f 99 1981 1482
f 1981 506 1983
f 1482 1983 378
f 1981 1983 1482
f 506 1982 1985
f 1982 132 1976
f 1985 1976 504
f 1982 1976 1985
f 378 1977 1481
f 1977 504 1975
f 1481 1975 22
f 1977 1975 1481
f 506 1985 1983
f 1985 504 1977
f 1983 1977 378
f 1985 1977 1983
f 131 1986 1966
f 1986 507 1989
f 1966 1989 502
f 1986 1989 1966
f 507 1987 1991
f 1987 132 1982
f 1991 1982 506
f 1987 1982 1991
f 502 1984 1965
f 1984 506 1981
f 1965 1981 99
f 1984 1981 1965
f 507 1991 1989
f 1991 506 1984
f 1989 1984 502
f 1991 1984 1989
f 11 1469 1509
f 1469 374 1512
f 1509 1512 385
f 1469 1512 1509
f 374 1470 1523
f 1470 98 1521
f 1523 1521 388
f 1470 1521 1523
f 385 1524 1510
f 1524 388 1522
f 1510 1522 101
f 1524 1522 1510
f 374 1523 1512
f 1523 388 1524
f 1512 1524 385
f 1523 1524 1512
f 98 1473 1554
f 1473 375 1556
f 1554 1556 396
f 1473 1556 1554
f 375 1472 1550
f 1472 22 1548
f 1550 1548 394
f 1472 1548 1550
f 396 1558 1555
f 1558 394 1549
f 1555 1549 103
f 1558 1549 1555
f 375 1550 1556
f 1550 394 1558
f 1556 1558 396
f 1550 1558 1556
f 101 1559 1514
f 1559 397 1561
f 1514 1561 386
f 1559 1561 1514
f 397 1560 1563
f 1560 103 1552
f 1563 1552 395
f 1560 1552 1563
f 386 1553 1513
f 1553 395 1551
f 1513 1551 23
f 1553 1551 1513
f 397 1563 1561
f 1563 395 1553
f 1561 1553 386
f 1563 1553 1561
f 98 1554 1521
f 1554 396 1557
f 1521 1557 388
f 1554 1557 1521
f 396 1555 1564
f 1555 103 1560
f 1564 1560 397
f 1555 1560 1564
f 388 1562 1522
f 1562 397 1559
f 1522 1559 101
f 1562 1559 1522
f 396 1564 1557
f 1564 397 1562
f 1557 1562 388
f 1564 1562 1557
f 22 2679 1548
f 2679 676 2681
f 1548 2681 394
f 2679 2681 1548
f 676 2680 2688
f 2680 173 2686
f 2688 2686 678
f 2680 2686 2688
f 394 2687 1549
f 2687 678 2685
f 1549 2685 103
f 2687 2685 1549
f 676 2688 2681
f 2688 678 2687
f 2681 2687 394
f 2688 2687 2681
f 173 2684 2717
f 2684 677 2719
f 2717 2719 685
f 2684 2719 2717
f 677 2683 2700
f 2683 46 2697
f 2700 2697 681
f 2683 2697 2700
f 685 2721 2718
f 2721 681 2698
f 2718 2698 174
f 2721 2698 2718
f 677 2700 2719
f 2700 681 2721
f 2719 2721 685
f 2700 2721 2719
f 103 2706 1552
f 2706 683 2708
f 1552 2708 395
f 2706 2708 1552
f 683 2707 2710
f 2707 174 2694
f 2710 2694 680
f 2707 2694 2710
f 395 2696 1551
f 2696 680 2693
f 1551 2693 23
f 2696 2693 1551
f 683 2710 2708
f 2710 680 2696
f 2708 2696 395
f 2710 2696 2708
f 173 2717 2686
f 2717 685 2720
f 2686 2720 678
f 2717 2720 2686
f 685 2718 2722
f 2718 174 2707
f 2722 2707 683
f 2718 2707 2722
f 678 2709 2685
f 2709 683 2706
f 2685 2706 103
f 2709 2706 2685
f 685 2722 2720
f 2722 683 2709
f 2720 2709 678
f 2722 2709 2720
f 11 1913 1939
f 1913 488 1942
f 1939 1942 495
f 1913 1942 1939
f 488 1914 1951
f 1914 128 1949
f 1951 1949 498
f 1914 1949 1951
f 495 1952 1940
f 1952 498 1950
f 1940 1950 130
f 1952 1950 1940
f 488 1951 1942
f 1951 498 1952
f 1942 1952 495
f 1951 1952 1942
f 128 1917 1998
f 1917 489 2000
f 1998 2000 510
f 1917 2000 1998
f 489 1916 1994
f 1916 34 1992
f 1994 1992 508
f 1916 1992 1994
f 510 2002 1999
f 2002 508 1993
f 1999 1993 133
f 2002 1993 1999
f 489 1994 2000
f 1994 508 2002
f 2000 2002 510
f 1994 2002 2000
f 130 2003 1944
f 2003 511 2005
f 1944 2005 496
f 2003 2005 1944
f 511 2004 2007
f 2004 133 1996
f 2007 1996 509
f 2004 1996 2007
f 496 1997 1943
f 1997 509 1995
f 1943 1995 35
f 1997 1995 1943
f 511 2007 2005
f 2007 509 1997
f 2005 1997 496
f 2007 1997 2005
f 128 1998 1949
f 1998 510 2001
f 1949 2001 498
f 1998 2001 1949
f 510 1999 2008
f 1999 133 2004
f 2008 2004 511
f 1999 2004 2008
f 498 2006 1950
f 2006 511 2003
f 1950 2003 130
f 2006 2003 1950
f 510 2008 2001
f 2008 511 2006
f 2001 2006 498
f 2008 2006 2001
f 34 2723 1992
f 2723 686 2725
f 1992 2725 508
f 2723 2725 1992
f 686 2724 2732
f 2724 175 2730
f 2732 2730 688
f 2724 2730 2732
f 508 2731 1993
f 2731 688 2729
f 1993 2729 133
f 2731 2729 1993
f 686 2732 2725
f 2732 688 2731
f 2725 2731 508
f 2732 2731 2725
f 175 2728 2753
f 2728 687 2755
f 2753 2755 694
f 2728 2755 2753
f 687 2727 2743
f 2727 46 2741
f 2743 2741 691
f 2727 2741 2743
f 694 2757 2754
f 2757 691 2742
f 2754 2742 176
f 2757 2742 2754
f 687 2743 2755
f 2743 691 2757
f 2755 2757 694
f 2743 2757 2755
f 133 2744 1996
f 2744 692 2746
f 1996 2746 509
f 2744 2746 1996
f 692 2745 2748
f 2745 176 2738
f 2748 2738 690
f 2745 2738 2748
f 509 2739 1995
f 2739 690 2737
f 1995 2737 35
f 2739 2737 1995
f 692 2748 2746
f 2748 690 2739
f 2746 2739 509
f 2748 2739 2746
f 175 2753 2730
f 2753 694 2756
f 2730 2756 688
f 2753 2756 2730
f 694 2754 2758
f 2754 176 2745
f 2758 2745 692
f 2754 2745 2758
f 688 2747 2729
f 2747 692 2744
f 2729 2744 133
f 2747 2744 2729
f 694 2758 2756
f 2758 692 2747
f 2756 2747 688
f 2758 2747 2756
f 22 1975 2639
f 1975 504 2641
f 2639 2641 665
f 1975 2641 2639
f 504 1976 2646
f 1976 132 2644
f 2646 2644 667
f 1976 2644 2646
f 665 2647 2640
f 2647 667 2645
f 2640 2645 170
f 2647 2645 2640
f 504 2646 2641
f 2646 667 2647
f 2641 2647 665
f 2646 2647 2641
f 132 1979 2654
f 1979 505 2656
f 2654 2656 670
f 1979 2656 2654
f 505 1978 2650
f 1978 35 2648
f 2650 2648 668
f 1978 2648 2650
f 670 2658 2655
f 2658 668 2649
f 2655 2649 171
f 2658 2649 2655
f 505 2650 2656
f 2650 668 2658
f 2656 2658 670
f 2650 2658 2656
f 170 2659 2643
f 2659 671 2661
f 2643 2661 666
f 2659 2661 2643
f 671 2660 2663
f 2660 171 2652
f 2663 2652 669
f 2660 2652 2663
f 666 2653 2642
f 2653 669 2651
f 2642 2651 45
f 2653 2651 2642
f 671 2663 2661
f 2663 669 2653
f 2661 2653 666
f 2663 2653 2661
f 132 2654 2644
f 2654 670 2657
f 2644 2657 667
f 2654 2657 2644
f 670 2655 2664
f 2655 171 2660
f 2664 2660 671
f 2655 2660 2664
f 667 2662 2645
f 2662 671 2659
f 2645 2659 170
f 2662 2659 2645
f 670 2664 2657
f 2664 671 2662
f 2657 2662 667
f 2664 2662 2657
f 22 2639 2679
f 2639 665 2682
f 2679 2682 676
f 2639 2682 2679
f 665 2640 2691
f 2640 170 2689
f 2691 2689 679
f 2640 2689 2691
f 676 2692 2680
f 2692 679 2690
f 2680 2690 173
f 2692 2690 2680
f 665 2691 2682
f 2691 679 2692
f 2682 2692 676
f 2691 2692 2682
f 170 2643 2797
f 2643 666 2799
f 2797 2799 703
f 2643 2799 2797
f 666 2642 2791
f 2642 45 2789
f 2791 2789 701
f 2642 2789 2791
f 703 2801 2798
f 2801 701 2790
f 2798 2790 178
f 2801 2790 2798
f 666 2791 2799
f 2791 701 2801
f 2799 2801 703
f 2791 2801 2799
f 173 2807 2684
f 2807 705 2809
f 2684 2809 677
f 2807 2809 2684
f 705 2808 2811
f 2808 178 2794
f 2811 2794 702
f 2808 2794 2811
f 677 2795 2683
f 2795 702 2793
f 2683 2793 46
f 2795 2793 2683
f 705 2811 2809
f 2811 702 2795
f 2809 2795 677
f 2811 2795 2809
f 170 2797 2689
f 2797 703 2800
f 2689 2800 679
f 2797 2800 2689
f 703 2798 2812
f 2798 178 2808
f 2812 2808 705
f 2798 2808 2812
f 679 2810 2690
f 2810 705 2807
f 2690 2807 173
f 2810 2807 2690
f 703 2812 2800
f 2812 705 2810
f 2800 2810 679
f 2812 2810 2800
f 35 2737 2648
f 2737 690 2740
f 2648 2740 668
f 2737 2740 2648
f 690 2738 2752
f 2738 176 2750
f 2752 2750 693
f 2738 2750 2752
f 668 2751 2649
f 2751 693 2749
f 2649 2749 171
f 2751 2749 2649
f 690 2752 2740
f 2752 693 2751
f 2740 2751 668
f 2752 2751 2740
f 176 2742 2813
f 2742 691 2815
f 2813 2815 706
f 2742 2815 2813
f 691 2741 2796
f 2741 46 2793
f 2796 2793 702
f 2741 2793 2796
f 706 2817 2814
f 2817 702 2794
f 2814 2794 178
f 2817 2794 2814
f 691 2796 2815
f 2796 702 2817
f 2815 2817 706
f 2796 2817 2815
f 171 2802 2652
f 2802 704 2804
f 2652 2804 669
f 2802 2804 2652
f 704 2803 2806
f 2803 178 2790
f 2806 2790 701
f 2803 2790 2806
f 669 2792 2651
f 2792 701 2789
f 2651 2789 45
f 2792 2789 2651
f 704 2806 2804
f 2806 701 2792
f 2804 2792 669
f 2806 2792 2804
f 176 2813 2750
f 2813 706 2816
f 2750 2816 693
f 2813 2816 2750
f 706 2814 2818
f 2814 178 2803
f 2818 2803 704
f 2814 2803 2818
f 693 2805 2749
f 2805 704 2802
f 2749 2802 171
f 2805 2802 2749
f 706 2818 2816
f 2818 704 2805
f 2816 2805 693
f 2818 2805 2816
f 2 905 707
f 905 236 907
f 707 907 179
f 905 907 707
f 236 906 913
f 906 65 911
f 913 911 238
f 906 911 913
f 179 912 708
f 912 238 910
f 708 910 47
f 912 910 708
f 236 913 907
f 913 238 912
f 907 912 179
f 913 912 907
f 65 909 925
f 909 237 927
f 925 927 242
f 909 927 925
f 237 908 919
f 908 13 917
f 919 917 240
f 908 917 919
f 242 929 926
f 929 240 918
f 926 918 66
f 929 918 926
f 237 919 927
f 919 240 929
f 927 929 242
f 919 929 927
f 47 920 710
f 920 241 922
f 710 922 180
f 920 922 710
f 241 921 924
f 921 66 915
f 924 915 239
f 921 915 924
f 180 916 709
f 916 239 914
f 709 914 3
f 916 914 709
f 241 924 922
f 924 239 916
f 922 916 180
f 924 916 922
f 65 925 911
f 925 242 928
f 911 928 238
f 925 928 911
f 242 926 930
f 926 66 921
f 930 921 241
f 926 921 930
f 238 923 910
f 923 241 920
f 910 920 47
f 923 920 910
f 242 930 928
f 930 241 923
f 928 923 238
f 930 923 928
f 2 715 957
f 715 183 959
f 957 959 250
f 715 959 957
f 183 716 965
f 716 49 963
f 965 963 252
f 716 963 965
f 250 966 958
f 966 252 964
f 958 964 69
f 966 964 958
f 183 965 959
f 965 252 966
f 959 966 250
f 965 966 959
f 49 718 977
f 718 184 979
f 977 979 256
f 718 979 977
f 184 717 973
f 717 4 971
f 973 971 254
f 717 971 973
f 256 981 978
f 981 254 972
f 978 972 70
f 981 972 978
f 184 973 979
f 973 254 981
f 979 981 256
f 973 981 979
f 69 982 962
f 982 257 984
f 962 984 251
f 982 984 962
f 257 983 986
f 983 70 975
f 986 975 255
f 983 975 986
f 251 976 961
f 976 255 974
f 961 974 15
f 976 974 961
f 257 986 984
f 986 255 976
f 984 976 251
f 986 976 984
f 49 977 963
f 977 256 980
f 963 980 252
f 977 980 963
f 256 978 987
f 978 70 983
f 987 983 257
f 978 983 987
f 252 985 964
f 985 257 982
f 964 982 69
f 985 982 964
f 256 987 980
f 987 257 985
f 980 985 252
f 987 985 980
f 3 719 732
f 719 185 735
f 732 735 190
f 719 735 732
f 185 720 746
f 720 50 744
f 746 744 193
f 720 744 746
f 190 747 733
f 747 193 745
f 733 745 52
f 747 745 733
f 185 746 735
f 746 193 747
f 735 747 190
f 746 747 735
f 50 722 760
f 722 186 762
f 760 762 197
f 722 762 760
f 186 721 756
f 721 5 754
f 756 754 195
f 721 754 756
f 197 764 761
f 764 195 755
f 761 755 53
f 764 755 761
f 186 756 762
f 756 195 764
f 762 764 197
f 756 764 762
f 52 765 737
f 765 198 767
f 737 767 191
f 765 767 737
f 198 766 769
f 766 53 758
f 769 758 196
f 766 758 769
f 191 759 736
f 759 196 757
f 736 757 6
f 759 757 736
f 198 769 767
f 769 196 759
f 767 759 191
f 769 759 767
f 50 760 744
f 760 197 763
f 744 763 193
f 760 763 744
f 197 761 770
f 761 53 766
f 770 766 198
f 761 766 770
f 193 768 745
f 768 198 765
f 745 765 52
f 768 765 745
f 197 770 763
f 770 198 768
f 763 768 193
f 770 768 763
f 2 707 723
f 707 179 725
f 723 725 187
f 707 725 723
f 179 708 730
f 708 47 728
f 730 728 189
f 708 728 730
f 187 731 724
f 731 189 729
f 724 729 51
f 731 729 724
f 179 730 725
f 730 189 731
f 725 731 187
f 730 731 725
f 47 710 739
f 710 180 741
f 739 741 192
f 710 741 739
f 180 709 734
f 709 3 732
f 734 732 190
f 709 732 734
f 192 743 740
f 743 190 733
f 740 733 52
f 743 733 740
f 180 734 741
f 734 190 743
f 741 743 192
f 734 743 741
f 51 748 727
f 748 194 750
f 727 750 188
f 748 750 727
f 194 749 752
f 749 52 737
f 752 737 191
f 749 737 752
f 188 738 726
f 738 191 736
f 726 736 6
f 738 736 726
f 194 752 750
f 752 191 738
f 750 738 188
f 752 738 750
f 47 739 728
f 739 192 742
f 728 742 189
f 739 742 728
f 192 740 753
f 740 52 749
f 753 749 194
f 740 749 753
f 189 751 729
f 751 194 748
f 729 748 51
f 751 748 729
f 192 753 742
f 753 194 751
f 742 751 189
f 753 751 742
f 5 845 754
f 845 218 847
f 754 847 195
f 845 847 754
f 218 846 853
f 846 59 851
f 853 851 220
f 846 851 853
f 195 852 755
f 852 220 850
f 755 850 53
f 852 850 755
f 218 853 847
f 853 220 852
f 847 852 195
f 853 852 847
f 59 849 865
f 849 219 867
f 865 867 224
f 849 867 865
f 219 848 859
f 848 9 857
f 859 857 222
f 848 857 859
f 224 869 866
f 869 222 858
f 866 858 60
f 869 858 866
f 219 859 867
f 859 222 869
f 867 869 224
f 859 869 867
f 53 860 758
f 860 223 862
f 758 862 196
f 860 862 758
f 223 861 864
f 861 60 855
f 864 855 221
f 861 855 864
f 196 856 757
f 856 221 854
f 757 854 6
f 856 854 757
f 223 864 862
f 864 221 856
f 862 856 196
f 864 856 862
f 59 865 851
f 865 224 868
f 851 868 220
f 865 868 851
f 224 866 870
f 866 60 861
f 870 861 223
f 866 861 870
f 220 863 850
f 863 223 860
f 850 860 53
f 863 860 850
f 224 870 868
f 870 223 863
f 868 863 220
f 870 863 868
f 2 723 771
f 723 187 773
f 771 773 199
f 723 773 771
f 187 724 778
f 724 51 776
f 778 776 201
f 724 776 778
f 199 779 772
f 779 201 777
f 772 777 54
f 779 777 772
f 187 778 773
f 778 201 779
f 773 779 199
f 778 779 773
f 51 727 786
f 727 188 788
f 786 788 204
f 727 788 786
f 188 726 782
f 726 6 780
f 782 780 202
f 726 780 782
f 204 790 787
f 790 202 781
f 787 781 55
f 790 781 787
f 188 782 788
f 782 202 790
f 788 790 204
f 782 790 788
f 54 791 775
f 791 205 793
f 775 793 200
f 791 793 775
f 205 792 795
f 792 55 784
f 795 784 203
f 792 784 795
f 200 785 774
f 785 203 783
f 774 783 7
f 785 783 774
f 205 795 793
f 795 203 785
f 793 785 200
f 795 785 793
f 51 786 776
f 786 204 789
f 776 789 201
f 786 789 776
f 204 787 796
f 787 55 792
f 796 792 205
f 787 792 796
f 201 794 777
f 794 205 791
f 777 791 54
f 794 791 777
f 204 796 789
f 796 205 794
f 789 794 201
f 796 794 789
f 2 771 797
f 771 199 800
f 797 800 206
f 771 800 797
f 199 772 809
f 772 54 807
f 809 807 209
f 772 807 809
f 206 810 798
f 810 209 808
f 798 808 56
f 810 808 798
f 199 809 800
f 809 209 810
f 800 810 206
f 809 810 800
f 54 775 834
f 775 200 836
f 834 836 216
f 775 836 834
f 200 774 830
f 774 7 828
f 830 828 214
f 774 828 830
f 216 838 835
f 838 214 829
f 835 829 58
f 838 829 835
f 200 830 836
f 830 214 838
f 836 838 216
f 830 838 836
f 56 839 802
f 839 217 841
f 802 841 207
f 839 841 802
f 217 840 843
f 840 58 832
f 843 832 215
f 840 832 843
f 207 833 801
f 833 215 831
f 801 831 8
f 833 831 801
f 217 843 841
f 843 215 833
f 841 833 207
f 843 833 841
f 54 834 807
f 834 216 837
f 807 837 209
f 834 837 807
f 216 835 844
f 835 58 840
f 844 840 217
f 835 840 844
f 209 842 808
f 842 217 839
f 808 839 56
f 842 839 808
f 216 844 837
f 844 217 842
f 837 842 209
f 844 842 837
f 2 797 715
f 797 206 799
f 715 799 183
f 797 799 715
f 206 798 806
f 798 56 804
f 806 804 208
f 798 804 806
f 183 805 716
f 805 208 803
f 716 803 49
f 805 803 716
f 206 806 799
f 806 208 805
f 799 805 183
f 806 805 799
f 56 802 822
f 802 207 824
f 822 824 213
f 802 824 822
f 207 801 816
f 801 8 814
f 816 814 211
f 801 814 816
f 213 826 823
f 826 211 815
f 823 815 57
f 826 815 823
f 207 816 824
f 816 211 826
f 824 826 213
f 816 826 824
f 49 817 718
f 817 212 819
f 718 819 184
f 817 819 718
f 212 818 821
f 818 57 812
f 821 812 210
f 818 812 821
f 184 813 717
f 813 210 811
f 717 811 4
f 813 811 717
f 212 821 819
f 821 210 813
f 819 813 184
f 821 813 819
f 56 822 804
f 822 213 825
f 804 825 208
f 822 825 804
f 213 823 827
f 823 57 818
f 827 818 212
f 823 818 827
f 208 820 803
f 820 212 817
f 803 817 49
f 820 817 803
f 213 827 825
f 827 212 820
f 825 820 208
f 827 820 825
f 3 1053 719
f 1053 274 1055
f 719 1055 185
f 1053 1055 719
f 274 1054 1062
f 1054 75 1060
f 1062 1060 276
f 1054 1060 1062
f 185 1061 720
f 1061 276 1059
f 720 1059 50
f 1061 1059 720
f 274 1062 1055
f 1062 276 1061
f 1055 1061 185
f 1062 1061 1055
f 75 1058 1083
f 1058 275 1085
f 1083 1085 282
f 1058 1085 1083
f 275 1057 1073
f 1057 17 1071
f 1073 1071 279
f 1057 1071 1073
f 282 1087 1084
f 1087 279 1072
f 1084 1072 76
f 1087 1072 1084
f 275 1073 1085
f 1073 279 1087
f 1085 1087 282
f 1073 1087 1085
f 50 1074 722
f 1074 280 1076
f 722 1076 186
f 1074 1076 722
f 280 1075 1078
f 1075 76 1068
f 1078 1068 278
f 1075 1068 1078
f 186 1069 721
f 1069 278 1067
f 721 1067 5
f 1069 1067 721
f 280 1078 1076
f 1078 278 1069
f 1076 1069 186
f 1078 1069 1076
f 75 1083 1060
f 1083 282 1086
f 1060 1086 276
f 1083 1086 1060
f 282 1084 1088
f 1084 76 1075
f 1088 1075 280
f 1084 1075 1088
f 276 1077 1059
f 1077 280 1074
f 1059 1074 50
f 1077 1074 1059
f 282 1088 1086
f 1088 280 1077
f 1086 1077 276
f 1088 1077 1086
f 5 1067 845
f 1067 278 1070
f 845 1070 218
f 1067 1070 845
f 278 1068 1082
f 1068 76 1080
f 1082 1080 281
f 1068 1080 1082
f 218 1081 846
f 1081 281 1079
f 846 1079 59
f 1081 1079 846
f 278 1082 1070
f 1082 281 1081
f 1070 1081 218
f 1082 1081 1070
f 76 1072 1100
f 1072 279 1102
f 1100 1102 286
f 1072 1102 1100
f 279 1071 1094
f 1071 17 1092
f 1094 1092 284
f 1071 1092 1094
f 286 1104 1101
f 1104 284 1093
f 1101 1093 77
f 1104 1093 1101
f 279 1094 1102
f 1094 284 1104
f 1102 1104 286
f 1094 1104 1102
f 59 1095 849
f 1095 285 1097
f 849 1097 219
f 1095 1097 849
f 285 1096 1099
f 1096 77 1090
f 1099 1090 283
f 1096 1090 1099
f 219 1091 848
f 1091 283 1089
f 848 1089 9
f 1091 1089 848
f 285 1099 1097
f 1099 283 1091
f 1097 1091 219
f 1099 1091 1097
f 76 1100 1080
f 1100 286 1103
f 1080 1103 281
f 1100 1103 1080
f 286 1101 1105
f 1101 77 1096
f 1105 1096 285
f 1101 1096 1105
f 281 1098 1079
f 1098 285 1095
f 1079 1095 59
f 1098 1095 1079
f 286 1105 1103
f 1105 285 1098
f 1103 1098 281
f 1105 1098 1103
f 6 854 1171
f 854 221 1174
f 1171 1174 303
f 854 1174 1171
f 221 855 1183
f 855 60 1181
f 1183 1181 306
f 855 1181 1183
f 303 1184 1172
f 1184 306 1182
f 1172 1182 82
f 1184 1182 1172
f 221 1183 1174
f 1183 306 1184
f 1174 1184 303
f 1183 1184 1174
f 60 858 1209
f 858 222 1211
f 1209 1211 313
f 858 1211 1209
f 222 857 1204
f 857 9 1202
f 1204 1202 311
f 857 1202 1204
f 313 1213 1210
f 1213 311 1203
f 1210 1203 84
f 1213 1203 1210
f 222 1204 1211
f 1204 311 1213
f 1211 1213 313
f 1204 1213 1211
f 82 1218 1176
f 1218 315 1220
f 1176 1220 304
f 1218 1220 1176
f 315 1219 1222
f 1219 84 1207
f 1222 1207 312
f 1219 1207 1222
f 304 1208 1175
f 1208 312 1206
f 1175 1206 19
f 1208 1206 1175
f 315 1222 1220
f 1222 312 1208
f 1220 1208 304
f 1222 1208 1220
f 60 1209 1181
f 1209 313 1212
f 1181 1212 306
f 1209 1212 1181
f 313 1210 1223
f 1210 84 1219
f 1223 1219 315
f 1210 1219 1223
f 306 1221 1182
f 1221 315 1218
f 1182 1218 82
f 1221 1218 1182
f 313 1223 1212
f 1223 315 1221
f 1212 1221 306
f 1223 1221 1212
f 6 1171 780
f 1171 303 1173
f 780 1173 202
f 1171 1173 780
f 303 1172 1180
f 1172 82 1178
f 1180 1178 305
f 1172 1178 1180
f 202 1179 781
f 1179 305 1177
f 781 1177 55
f 1179 1177 781
f 303 1180 1173
f 1180 305 1179
f 1173 1179 202
f 1180 1179 1173
f 82 1176 1196
f 1176 304 1198
f 1196 1198 310
f 1176 1198 1196
f 304 1175 1190
f 1175 19 1188
f 1190 1188 308
f 1175 1188 1190
f 310 1200 1197
f 1200 308 1189
f 1197 1189 83
f 1200 1189 1197
f 304 1190 1198
f 1190 308 1200
f 1198 1200 310
f 1190 1200 1198
f 55 1191 784
f 1191 309 1193
f 784 1193 203
f 1191 1193 784
f 309 1192 1195
f 1192 83 1186
f 1195 1186 307
f 1192 1186 1195
f 203 1187 783
f 1187 307 1185
f 783 1185 7
f 1187 1185 783
f 309 1195 1193
f 1195 307 1187
f 1193 1187 203
f 1195 1187 1193
f 82 1196 1178
f 1196 310 1199
f 1178 1199 305
f 1196 1199 1178
f 310 1197 1201
f 1197 83 1192
f 1201 1192 309
f 1197 1192 1201
f 305 1194 1177
f 1194 309 1191
f 1177 1191 55
f 1194 1191 1177
f 310 1201 1199
f 1201 309 1194
f 1199 1194 305
f 1201 1194 1199
f 7 1263 828
f 1263 325 1265
f 828 1265 214
f 1263 1265 828
f 325 1264 1272
f 1264 87 1270
f 1272 1270 327
f 1264 1270 1272
f 214 1271 829
f 1271 327 1269
f 829 1269 58
f 1271 1269 829
f 325 1272 1265
f 1272 327 1271
f 1265 1271 214
f 1272 1271 1265
f 87 1268 1293
f 1268 326 1295
f 1293 1295 333
f 1268 1295 1293
f 326 1267 1283
f 1267 20 1281
f 1283 1281 330
f 1267 1281 1283
f 333 1297 1294
f 1297 330 1282
f 1294 1282 88
f 1297 1282 1294
f 326 1283 1295
f 1283 330 1297
f 1295 1297 333
f 1283 1297 1295
f 58 1284 832
f 1284 331 1286
f 832 1286 215
f 1284 1286 832
f 331 1285 1288
f 1285 88 1278
f 1288 1278 329
f 1285 1278 1288
f 215 1279 831
f 1279 329 1277
f 831 1277 8
f 1279 1277 831
f 331 1288 1286
f 1288 329 1279
f 1286 1279 215
f 1288 1279 1286
f 87 1293 1270
f 1293 333 1296
f 1270 1296 327
f 1293 1296 1270
f 333 1294 1298
f 1294 88 1285
f 1298 1285 331
f 1294 1285 1298
f 327 1287 1269
f 1287 331 1284
f 1269 1284 58
f 1287 1284 1269
f 333 1298 1296
f 1298 331 1287
f 1296 1287 327
f 1298 1287 1296
f 8 1277 880
f 1277 329 1280
f 880 1280 228
f 1277 1280 880
f 329 1278 1292
f 1278 88 1290
f 1292 1290 332
f 1278 1290 1292
f 228 1291 881
f 1291 332 1289
f 881 1289 62
f 1291 1289 881
f 329 1292 1280
f 1292 332 1291
f 1280 1291 228
f 1292 1291 1280
f 88 1282 1310
f 1282 330 1312
f 1310 1312 337
f 1282 1312 1310
f 330 1281 1304
f 1281 20 1302
f 1304 1302 335
f 1281 1302 1304
f 337 1314 1311
f 1314 335 1303
f 1311 1303 89
f 1314 1303 1311
f 330 1304 1312
f 1304 335 1314
f 1312 1314 337
f 1304 1314 1312
f 62 1305 884
f 1305 336 1307
f 884 1307 229
f 1305 1307 884
f 336 1306 1309
f 1306 89 1300
f 1309 1300 334
f 1306 1300 1309
f 229 1301 883
f 1301 334 1299
f 883 1299 10
f 1301 1299 883
f 336 1309 1307
f 1309 334 1301
f 1307 1301 229
f 1309 1301 1307
f 88 1310 1290
f 1310 337 1313
f 1290 1313 332
f 1310 1313 1290
f 337 1311 1315
f 1311 89 1306
f 1315 1306 336
f 1311 1306 1315
f 332 1308 1289
f 1308 336 1305
f 1289 1305 62
f 1308 1305 1289
f 337 1315 1313
f 1315 336 1308
f 1313 1308 332
f 1315 1308 1313
f 8 880 814
f 880 228 882
f 814 882 211
f 880 882 814
f 228 881 890
f 881 62 887
f 890 887 230
f 881 887 890
f 211 888 815
f 888 230 886
f 815 886 57
f 888 886 815
f 228 890 882
f 890 230 888
f 882 888 211
f 890 888 882
f 62 884 892
f 884 229 895
f 892 895 231
f 884 895 892
f 229 883 885
f 883 10 874
f 885 874 226
f 883 874 885
f 231 893 891
f 893 226 875
f 891 875 61
f 893 875 891
f 229 885 895
f 885 226 893
f 895 893 231
f 885 893 895
f 57 876 812
f 876 227 878
f 812 878 210
f 876 878 812
f 227 877 879
f 877 61 872
f 879 872 225
f 877 872 879
f 210 873 811
f 873 225 871
f 811 871 4
f 873 871 811
f 227 879 878
f 879 225 873
f 878 873 210
f 879 873 878
f 62 892 887
f 892 231 896
f 887 896 230
f 892 896 887
f 231 891 894
f 891 61 877
f 894 877 227
f 891 877 894
f 230 889 886
f 889 227 876
f 886 876 57
f 889 876 886
f 231 894 896
f 894 227 889
f 896 889 230
f 894 889 896
f 3 914 931
f 914 239 933
f 931 933 243
f 914 933 931
f 239 915 938
f 915 66 936
f 938 936 245
f 915 936 938
f 243 939 932
f 939 245 937
f 932 937 67
f 939 937 932
f 239 938 933
f 938 245 939
f 933 939 243
f 938 939 933
f 66 918 946
f 918 240 948
f 946 948 248
f 918 948 946
f 240 917 942
f 917 13 940
f 942 940 246
f 917 940 942
f 248 950 947
f 950 246 941
f 947 941 68
f 950 941 947
f 240 942 948
f 942 246 950
f 948 950 248
f 942 950 948
f 67 951 935
f 951 249 953
f 935 953 244
f 951 953 935
f 249 952 955
f 952 68 944
f 955 944 247
f 952 944 955
f 244 945 934
f 945 247 943
f 934 943 14
f 945 943 934
f 249 955 953
f 955 247 945
f 953 945 244
f 955 945 953
f 66 946 936
f 946 248 949
f 936 949 245
f 946 949 936
f 248 947 956
f 947 68 952
f 956 952 249
f 947 952 956
f 245 954 937
f 954 249 951
f 937 951 67
f 954 951 937
f 248 956 949
f 956 249 954
f 949 954 245
f 956 954 949
f 2 957 905
f 957 250 960
f 905 960 236
f 957 960 905
f 250 958 970
f 958 69 968
f 970 968 253
f 958 968 970
f 236 969 906
f 969 253 967
f 906 967 65
f 969 967 906
f 250 970 960
f 970 253 969
f 960 969 236
f 970 969 960
f 69 962 999
f 962 251 1001
f 999 1001 261
f 962 1001 999
f 251 961 993
f 961 15 991
f 993 991 259
f 961 991 993
f 261 1003 1000
f 1003 259 992
f 1000 992 71
f 1003 992 1000
f 251 993 1001
f 993 259 1003
f 1001 1003 261
f 993 1003 1001
f 65 994 909
f 994 260 996
f 909 996 237
f 994 996 909
f 260 995 998
f 995 71 989
f 998 989 258
f 995 989 998
f 237 990 908
f 990 258 988
f 908 988 13
f 990 988 908
f 260 998 996
f 998 258 990
f 996 990 237
f 998 990 996
f 69 999 968
f 999 261 1002
f 968 1002 253
f 999 1002 968
f 261 1000 1004
f 1000 71 995
f 1004 995 260
f 1000 995 1004
f 253 997 967
f 997 260 994
f 967 994 65
f 997 994 967
f 261 1004 1002
f 1004 260 997
f 1002 997 253
f 1004 997 1002
f 3 931 1053
f 931 243 1056
f 1053 1056 274
f 931 1056 1053
f 243 932 1065
f 932 67 1063
f 1065 1063 277
f 932 1063 1065
f 274 1066 1054
f 1066 277 1064
f 1054 1064 75
f 1066 1064 1054
f 243 1065 1056
f 1065 277 1066
f 1056 1066 274
f 1065 1066 1056
f 67 935 1112
f 935 244 1114
f 1112 1114 289
f 935 1114 1112
f 244 934 1108
f 934 14 1106
f 1108 1106 287
f 934 1106 1108
f 289 1116 1113
f 1116 287 1107
f 1113 1107 78
f 1116 1107 1113
f 244 1108 1114
f 1108 287 1116
f 1114 1116 289
f 1108 1116 1114
f 75 1117 1058
f 1117 290 1119
f 1058 1119 275
f 1117 1119 1058
f 290 1118 1121
f 1118 78 1110
f 1121 1110 288
f 1118 1110 1121
f 275 1111 1057
f 1111 288 1109
f 1057 1109 17
f 1111 1109 1057
f 290 1121 1119
f 1121 288 1111
f 1119 1111 275
f 1121 1111 1119
f 67 1112 1063
f 1112 289 1115
f 1063 1115 277
f 1112 1115 1063
f 289 1113 1122
f 1113 78 1118
f 1122 1118 290
f 1113 1118 1122
f 277 1120 1064
f 1120 290 1117
f 1064 1117 75
f 1120 1117 1064
f 289 1122 1115
f 1122 290 1120
f 1115 1120 277
f 1122 1120 1115
f 9 1089 1123
f 1089 283 1125
f 1123 1125 291
f 1089 1125 1123
f 283 1090 1130
f 1090 77 1128
f 1130 1128 293
f 1090 1128 1130
f 291 1131 1124
f 1131 293 1129
f 1124 1129 79
f 1131 1129 1124
f 283 1130 1125
f 1130 293 1131
f 1125 1131 291
f 1130 1131 1125
f 77 1093 1149
f 1093 284 1151
f 1149 1151 299
f 1093 1151 1149
f 284 1092 1143
f 1092 17 1141
f 1143 1141 297
f 1092 1141 1143
f 299 1153 1150
f 1153 297 1142
f 1150 1142 81
f 1153 1142 1150
f 284 1143 1151
f 1143 297 1153
f 1151 1153 299
f 1143 1153 1151
f 79 1159 1127
f 1159 301 1161
f 1127 1161 292
f 1159 1161 1127
f 301 1160 1163
f 1160 81 1146
f 1163 1146 298
f 1160 1146 1163
f 292 1147 1126
f 1147 298 1145
f 1126 1145 18
f 1147 1145 1126
f 301 1163 1161
f 1163 298 1147
f 1161 1147 292
f 1163 1147 1161
f 77 1149 1128
f 1149 299 1152
f 1128 1152 293
f 1149 1152 1128
f 299 1150 1164
f 1150 81 1160
f 1164 1160 301
f 1150 1160 1164
f 293 1162 1129
f 1162 301 1159
f 1129 1159 79
f 1162 1159 1129
f 299 1164 1152
f 1164 301 1162
f 1152 1162 293
f 1164 1162 1152
f 9 1123 1202
f 1123 291 1205
f 1202 1205 311
f 1123 1205 1202
f 291 1124 1216
f 1124 79 1214
f 1216 1214 314
f 1124 1214 1216
f 311 1217 1203
f 1217 314 1215
f 1203 1215 84
f 1217 1215 1203
f 291 1216 1205
f 1216 314 1217
f 1205 1217 311
f 1216 1217 1205
f 79 1127 1241
f 1127 292 1243
f 1241 1243 321
f 1127 1243 1241
f 292 1126 1235
f 1126 18 1233
f 1235 1233 319
f 1126 1233 1235
f 321 1245 1242
f 1245 319 1234
f 1242 1234 86
f 1245 1234 1242
f 292 1235 1243
f 1235 319 1245
f 1243 1245 321
f 1235 1245 1243
f 84 1251 1207
f 1251 323 1253
f 1207 1253 312
f 1251 1253 1207
f 323 1252 1255
f 1252 86 1238
f 1255 1238 320
f 1252 1238 1255
f 312 1239 1206
f 1239 320 1237
f 1206 1237 19
f 1239 1237 1206
f 323 1255 1253
f 1255 320 1239
f 1253 1239 312
f 1255 1239 1253
f 79 1241 1214
f 1241 321 1244
f 1214 1244 314
f 1241 1244 1214
f 321 1242 1256
f 1242 86 1252
f 1256 1252 323
f 1242 1252 1256
f 314 1254 1215
f 1254 323 1251
f 1215 1251 84
f 1254 1251 1215
f 321 1256 1244
f 1256 323 1254
f 1244 1254 314
f 1256 1254 1244
f 7 1185 1263
f 1185 307 1266
f 1263 1266 325
f 1185 1266 1263
f 307 1186 1275
f 1186 83 1273
f 1275 1273 328
f 1186 1273 1275
f 325 1276 1264
f 1276 328 1274
f 1264 1274 87
f 1276 1274 1264
f 307 1275 1266
f 1275 328 1276
f 1266 1276 325
f 1275 1276 1266
f 83 1189 1355
f 1189 308 1357
f 1355 1357 348
f 1189 1357 1355
f 308 1188 1349
f 1188 19 1347
f 1349 1347 346
f 1188 1347 1349
f 348 1359 1356
f 1359 346 1348
f 1356 1348 92
f 1359 1348 1356
f 308 1349 1357
f 1349 346 1359
f 1357 1359 348
f 1349 1359 1357
f 87 1365 1268
f 1365 350 1367
f 1268 1367 326
f 1365 1367 1268
f 350 1366 1369
f 1366 92 1352
f 1369 1352 347
f 1366 1352 1369
f 326 1353 1267
f 1353 347 1351
f 1267 1351 20
f 1353 1351 1267
f 350 1369 1367
f 1369 347 1353
f 1367 1353 326
f 1369 1353 1367
f 83 1355 1273
f 1355 348 1358
f 1273 1358 328
f 1355 1358 1273
f 348 1356 1370
f 1356 92 1366
f 1370 1366 350
f 1356 1366 1370
f 328 1368 1274
f 1368 350 1365
f 1274 1365 87
f 1368 1365 1274
f 348 1370 1358
f 1370 350 1368
f 1358 1368 328
f 1370 1368 1358
f 14 1132 1106
f 1132 294 1134
f 1106 1134 287
f 1132 1134 1106
f 294 1133 1140
f 1133 80 1138
f 1140 1138 296
f 1133 1138 1140
f 287 1139 1107
f 1139 296 1137
f 1107 1137 78
f 1139 1137 1107
f 294 1140 1134
f 1140 296 1139
f 1134 1139 287
f 1140 1139 1134
f 80 1136 1165
f 1136 295 1167
f 1165 1167 302
f 1136 1167 1165
f 295 1135 1148
f 1135 18 1145
f 1148 1145 298
f 1135 1145 1148
f 302 1169 1166
f 1169 298 1146
f 1166 1146 81
f 1169 1146 1166
f 295 1148 1167
f 1148 298 1169
f 1167 1169 302
f 1148 1169 1167
f 78 1154 1110
f 1154 300 1156
f 1110 1156 288
f 1154 1156 1110
f 300 1155 1158
f 1155 81 1142
f 1158 1142 297
f 1155 1142 1158
f 288 1144 1109
f 1144 297 1141
f 1109 1141 17
f 1144 1141 1109
f 300 1158 1156
f 1158 297 1144
f 1156 1144 288
f 1158 1144 1156
f 80 1165 1138
f 1165 302 1168
f 1138 1168 296
f 1165 1168 1138
f 302 1166 1170
f 1166 81 1155
f 1170 1155 300
f 1166 1155 1170
f 296 1157 1137
f 1157 300 1154
f 1137 1154 78
f 1157 1154 1137
f 302 1170 1168
f 1170 300 1157
f 1168 1157 296
f 1170 1157 1168
f 14 1224 1132
f 1224 316 1226
f 1132 1226 294
f 1224 1226 1132
f 316 1225 1232
f 1225 85 1230
f 1232 1230 318
f 1225 1230 1232
f 294 1231 1133
f 1231 318 1229
f 1133 1229 80
f 1231 1229 1133
f 316 1232 1226
f 1232 318 1231
f 1226 1231 294
f 1232 1231 1226
f 85 1228 1257
f 1228 317 1259
f 1257 1259 324
f 1228 1259 1257
f 317 1227 1240
f 1227 19 1237
f 1240 1237 320
f 1227 1237 1240
f 324 1261 1258
f 1261 320 1238
f 1258 1238 86
f 1261 1238 1258
f 317 1240 1259
f 1240 320 1261
f 1259 1261 324
f 1240 1261 1259
f 80 1246 1136
f 1246 322 1248
f 1136 1248 295
f 1246 1248 1136
f 322 1247 1250
f 1247 86 1234
f 1250 1234 319
f 1247 1234 1250
f 295 1236 1135
f 1236 319 1233
f 1135 1233 18
f 1236 1233 1135
f 322 1250 1248
f 1250 319 1236
f 1248 1236 295
f 1250 1236 1248
f 85 1257 1230
f 1257 324 1260
f 1230 1260 318
f 1257 1260 1230
f 324 1258 1262
f 1258 86 1247
f 1262 1247 322
f 1258 1247 1262
f 318 1249 1229
f 1249 322 1246
f 1229 1246 80
f 1249 1246 1229
f 324 1262 1260
f 1262 322 1249
f 1260 1249 318
f 1262 1249 1260
f 13 1316 940
f 1316 338 1318
f 940 1318 246
f 1316 1318 940
f 338 1317 1324
f 1317 90 1322
f 1324 1322 340
f 1317 1322 1324
f 246 1323 941
f 1323 340 1321
f 941 1321 68
f 1323 1321 941
f 338 1324 1318
f 1324 340 1323
f 1318 1323 246
f 1324 1323 1318
f 90 1320 1341
f 1320 339 1343
f 1341 1343 345
f 1320 1343 1341
f 339 1319 1331
f 1319 20 1329
f 1331 1329 342
f 1319 1329 1331
f 345 1345 1342
f 1345 342 1330
f 1342 1330 91
f 1345 1330 1342
f 339 1331 1343
f 1331 342 1345
f 1343 1345 345
f 1331 1345 1343
f 68 1332 944
f 1332 343 1334
f 944 1334 247
f 1332 1334 944
f 343 1333 1336
f 1333 91 1326
f 1336 1326 341
f 1333 1326 1336
f 247 1327 943
f 1327 341 1325
f 943 1325 14
f 1327 1325 943
f 343 1336 1334
f 1336 341 1327
f 1334 1327 247
f 1336 1327 1334
f 90 1341 1322
f 1341 345 1344
f 1322 1344 340
f 1341 1344 1322
f 345 1342 1346
f 1342 91 1333
f 1346 1333 343
f 1342 1333 1346
f 340 1335 1321
f 1335 343 1332
f 1321 1332 68
f 1335 1332 1321
f 345 1346 1344
f 1346 343 1335
f 1344 1335 340
f 1346 1335 1344
f 14 1325 1224
f 1325 341 1328
f 1224 1328 316
f 1325 1328 1224
f 341 1326 1340
f 1326 91 1338
f 1340 1338 344
f 1326 1338 1340
f 316 1339 1225
f 1339 344 1337
f 1225 1337 85
f 1339 1337 1225
f 341 1340 1328
f 1340 344 1339
f 1328 1339 316
f 1340 1339 1328
f 91 1330 1371
f 1330 342 1373
f 1371 1373 351
f 1330 1373 1371
f 342 1329 1354
f 1329 20 1351
f 1354 1351 347
f 1329 1351 1354
f 351 1375 1372
f 1375 347 1352
f 1372 1352 92
f 1375 1352 1372
f 342 1354 1373
f 1354 347 1375
f 1373 1375 351
f 1354 1375 1373
f 85 1360 1228
f 1360 349 1362
f 1228 1362 317
f 1360 1362 1228
f 349 1361 1364
f 1361 92 1348
f 1364 1348 346
f 1361 1348 1364
f 317 1350 1227
f 1350 346 1347
f 1227 1347 19
f 1350 1347 1227
f 349 1364 1362
f 1364 346 1350
f 1362 1350 317
f 1364 1350 1362
f 91 1371 1338
f 1371 351 1374
f 1338 1374 344
f 1371 1374 1338
f 351 1372 1376
f 1372 92 1361
f 1376 1361 349
f 1372 1361 1376
f 344 1363 1337
f 1363 349 1360
f 1337 1360 85
f 1363 1360 1337
f 351 1376 1374
f 1376 349 1363
f 1374 1363 344
f 1376 1363 1374
f 13 1386 1316
f 1386 355 1389
f 1316 1389 338
f 1386 1389 1316
f 355 1387 1399
f 1387 94 1397
f 1399 1397 358
f 1387 1397 1399
f 338 1398 1317
f 1398 358 1396
f 1317 1396 90
f 1398 1396 1317
f 355 1399 1389
f 1399 358 1398
f 1389 1398 338
f 1399 1398 1389
f 94 1391 1463
f 1391 356 1465
f 1463 1465 373
f 1391 1465 1463
f 356 1390 1446
f 1390 21 1443
f 1446 1443 369
f 1390 1443 1446
f 373 1467 1464
f 1467 369 1444
f 1464 1444 97
f 1467 1444 1464
f 356 1446 1465
f 1446 369 1467
f 1465 1467 373
f 1446 1467 1465
f 90 1452 1320
f 1452 371 1454
f 1320 1454 339
f 1452 1454 1320
f 371 1453 1456
f 1453 97 1440
f 1456 1440 368
f 1453 1440 1456
f 339 1442 1319
f 1442 368 1439
f 1319 1439 20
f 1442 1439 1319
f 371 1456 1454
f 1456 368 1442
f 1454 1442 339
f 1456 1442 1454
f 94 1463 1397
f 1463 373 1466
f 1397 1466 358
f 1463 1466 1397
f 373 1464 1468
f 1464 97 1453
f 1468 1453 371
f 1464 1453 1468
f 358 1455 1396
f 1455 371 1452
f 1396 1452 90
f 1455 1452 1396
f 373 1468 1466
f 1468 371 1455
f 1466 1455 358
f 1468 1455 1466
f 20 1439 1302
f 1439 368 1441
f 1302 1441 335
f 1439 1441 1302
f 368 1440 1451
f 1440 97 1448
f 1451 1448 370
f 1440 1448 1451
f 335 1449 1303
f 1449 370 1447
f 1303 1447 89
f 1449 1447 1303
f 368 1451 1441
f 1451 370 1449
f 1441 1449 335
f 1451 1449 1441
f 97 1444 1458
f 1444 369 1461
f 1458 1461 372
f 1444 1461 1458
f 369 1443 1445
f 1443 21 1380
f 1445 1380 353
f 1443 1380 1445
f 372 1459 1457
f 1459 353 1381
f 1457 1381 93
f 1459 1381 1457
f 369 1445 1461
f 1445 353 1459
f 1461 1459 372
f 1445 1459 1461
f 89 1382 1300
f 1382 354 1384
f 1300 1384 334
f 1382 1384 1300
f 354 1383 1385
f 1383 93 1378
f 1385 1378 352
f 1383 1378 1385
f 334 1379 1299
f 1379 352 1377
f 1299 1377 10
f 1379 1377 1299
f 354 1385 1384
f 1385 352 1379
f 1384 1379 334
f 1385 1379 1384
f 97 1458 1448
f 1458 372 1462
f 1448 1462 370
f 1458 1462 1448
f 372 1457 1460
f 1457 93 1383
f 1460 1383 354
f 1457 1383 1460
f 370 1450 1447
f 1450 354 1382
f 1447 1382 89
f 1450 1382 1447
f 372 1460 1462
f 1460 354 1450
f 1462 1450 370
f 1460 1450 1462
f 13 988 1386
f 988 258 1388
f 1386 1388 355
f 988 1388 1386
f 258 989 1394
f 989 71 1392
f 1394 1392 357
f 989 1392 1394
f 355 1395 1387
f 1395 357 1393
f 1387 1393 94
f 1395 1393 1387
f 258 1394 1388
f 1394 357 1395
f 1388 1395 355
f 1394 1395 1388
f 71 992 1407
f 992 259 1409
f 1407 1409 361
f 992 1409 1407
f 259 991 1402
f 991 15 1400
f 1402 1400 359
f 991 1400 1402
f 361 1411 1408
f 1411 359 1401
f 1408 1401 95
f 1411 1401 1408
f 259 1402 1409
f 1402 359 1411
f 1409 1411 361
f 1402 1411 1409
f 94 1416 1391
f 1416 363 1418
f 1391 1418 356
f 1416 1418 1391
f 363 1417 1420
f 1417 95 1405
f 1420 1405 360
f 1417 1405 1420
f 356 1406 1390
f 1406 360 1404
f 1390 1404 21
f 1406 1404 1390
f 363 1420 1418
f 1420 360 1406
f 1418 1406 356
f 1420 1406 1418
f 71 1407 1392
f 1407 361 1410
f 1392 1410 357
f 1407 1410 1392
f 361 1408 1421
f 1408 95 1417
f 1421 1417 363
f 1408 1417 1421
f 357 1419 1393
f 1419 363 1416
f 1393 1416 94
f 1419 1416 1393
f 361 1421 1410
f 1421 363 1419
f 1410 1419 357
f 1421 1419 1410
f 24 1565 1721
f 1565 398 1723
f 1721 1723 440
f 1565 1723 1721
f 398 1566 1728
f 1566 104 1726
f 1728 1726 442
f 1566 1726 1728
f 440 1729 1722
f 1729 442 1727
f 1722 1727 116
f 1729 1727 1722
f 398 1728 1723
f 1728 442 1729
f 1723 1729 440
f 1728 1729 1723
f 104 1568 1737
f 1568 399 1739
f 1737 1739 445
f 1568 1739 1737
f 399 1567 1732
f 1567 25 1730
f 1732 1730 443
f 1567 1730 1732
f 445 1741 1738
f 1741 443 1731
f 1738 1731 117
f 1741 1731 1738
f 399 1732 1739
f 1732 443 1741
f 1739 1741 445
f 1732 1741 1739
f 116 1746 1725
f 1746 447 1748
f 1725 1748 441
f 1746 1748 1725
f 447 1747 1750
f 1747 117 1735
f 1750 1735 444
f 1747 1735 1750
f 441 1736 1724
f 1736 444 1734
f 1724 1734 30
f 1736 1734 1724
f 447 1750 1748
f 1750 444 1736
f 1748 1736 441
f 1750 1736 1748
f 104 1737 1726
f 1737 445 1740
f 1726 1740 442
f 1737 1740 1726
f 445 1738 1751
f 1738 117 1747
f 1751 1747 447
f 1738 1747 1751
f 442 1749 1727
f 1749 447 1746
f 1727 1746 116
f 1749 1746 1727
f 445 1751 1740
f 1751 447 1749
f 1740 1749 442
f 1751 1749 1740
f 25 1569 1730
f 1569 400 1733
f 1730 1733 443
f 1569 1733 1730
f 400 1570 1744
f 1570 105 1742
f 1744 1742 446
f 1570 1742 1744
f 443 1745 1731
f 1745 446 1743
f 1731 1743 117
f 1745 1743 1731
f 400 1744 1733
f 1744 446 1745
f 1733 1745 443
f 1744 1745 1733
f 105 1572 1759
f 1572 401 1761
f 1759 1761 450
f 1572 1761 1759
f 401 1571 1754
f 1571 26 1752
f 1754 1752 448
f 1571 1752 1754
f 450 1763 1760
f 1763 448 1753
f 1760 1753 118
f 1763 1753 1760
f 401 1754 1761
f 1754 448 1763
f 1761 1763 450
f 1754 1763 1761
f 117 1768 1735
f 1768 452 1770
f 1735 1770 444
f 1768 1770 1735
f 452 1769 1772
f 1769 118 1757
f 1772 1757 449
f 1769 1757 1772
f 444 1758 1734
f 1758 449 1756
f 1734 1756 30
f 1758 1756 1734
f 452 1772 1770
f 1772 449 1758
f 1770 1758 444
f 1772 1758 1770
f 105 1759 1742
f 1759 450 1762
f 1742 1762 446
f 1759 1762 1742
f 450 1760 1773
f 1760 118 1769
f 1773 1769 452
f 1760 1769 1773
f 446 1771 1743
f 1771 452 1768
f 1743 1768 117
f 1771 1768 1743
f 450 1773 1762
f 1773 452 1771
f 1762 1771 446
f 1773 1771 1762
f 26 1573 1752
f 1573 402 1755
f 1752 1755 448
f 1573 1755 1752
f 402 1574 1766
f 1574 106 1764
f 1766 1764 451
f 1574 1764 1766
f 448 1767 1753
f 1767 451 1765
f 1753 1765 118
f 1767 1765 1753
f 402 1766 1755
f 1766 451 1767
f 1755 1767 448
f 1766 1767 1755
f 106 1576 1780
f 1576 403 1782
f 1780 1782 455
f 1576 1782 1780
f 403 1575 1776
f 1575 27 1774
f 1776 1774 453
f 1575 1774 1776
f 455 1784 1781
f 1784 453 1775
f 1781 1775 119
f 1784 1775 1781
f 403 1776 1782
f 1776 453 1784
f 1782 1784 455
f 1776 1784 1782
f 118 1785 1757
f 1785 456 1787
f 1757 1787 449
f 1785 1787 1757
f 456 1786 1789
f 1786 119 1778
f 1789 1778 454
f 1786 1778 1789
f 449 1779 1756
f 1779 454 1777
f 1756 1777 30
f 1779 1777 1756
f 456 1789 1787
f 1789 454 1779
f 1787 1779 449
f 1789 1779 1787
f 106 1780 1764
f 1780 455 1783
f 1764 1783 451
f 1780 1783 1764
f 455 1781 1790
f 1781 119 1786
f 1790 1786 456
f 1781 1786 1790
f 451 1788 1765
f 1788 456 1785
f 1765 1785 118
f 1788 1785 1765
f 455 1790 1783
f 1790 456 1788
f 1783 1788 451
f 1790 1788 1783
f 24 1721 1791
f 1721 440 1793
f 1791 1793 457
f 1721 1793 1791
f 440 1722 1798
f 1722 116 1796
f 1798 1796 459
f 1722 1796 1798
f 457 1799 1792
f 1799 459 1797
f 1792 1797 120
f 1799 1797 1792
f 440 1798 1793
f 1798 459 1799
f 1793 1799 457
f 1798 1799 1793
f 116 1725 1806
f 1725 441 1808
f 1806 1808 462
f 1725 1808 1806
f 441 1724 1802
f 1724 30 1800
f 1802 1800 460
f 1724 1800 1802
f 462 1810 1807
f 1810 460 1801
f 1807 1801 121
f 1810 1801 1807
f 441 1802 1808
f 1802 460 1810
f 1808 1810 462
f 1802 1810 1808
f 120 1811 1795
f 1811 463 1813
f 1795 1813 458
f 1811 1813 1795
f 463 1812 1815
f 1812 121 1804
f 1815 1804 461
f 1812 1804 1815
f 458 1805 1794
f 1805 461 1803
f 1794 1803 31
f 1805 1803 1794
f 463 1815 1813
f 1815 461 1805
f 1813 1805 458
f 1815 1805 1813
f 116 1806 1796
f 1806 462 1809
f 1796 1809 459
f 1806 1809 1796
f 462 1807 1816
f 1807 121 1812
f 1816 1812 463
f 1807 1812 1816
f 459 1814 1797
f 1814 463 1811
f 1797 1811 120
f 1814 1811 1797
f 462 1816 1809
f 1816 463 1814
f 1809 1814 459
f 1816 1814 1809
f 24 1791 1817
f 1791 457 1820
f 1817 1820 464
f 1791 1820 1817
f 457 1792 1829
f 1792 120 1827
f 1829 1827 467
f 1792 1827 1829
f 464 1830 1818
f 1830 467 1828
f 1818 1828 122
f 1830 1828 1818
f 457 1829 1820
f 1829 467 1830
f 1820 1830 464
f 1829 1830 1820
f 120 1795 1854
f 1795 458 1856
f 1854 1856 474
f 1795 1856 1854
f 458 1794 1850
f 1794 31 1848
f 1850 1848 472
f 1794 1848 1850
f 474 1858 1855
f 1858 472 1849
f 1855 1849 124
f 1858 1849 1855
f 458 1850 1856
f 1850 472 1858
f 1856 1858 474
f 1850 1858 1856
f 122 1859 1822
f 1859 475 1861
f 1822 1861 465
f 1859 1861 1822
f 475 1860 1863
f 1860 124 1852
f 1863 1852 473
f 1860 1852 1863
f 465 1853 1821
f 1853 473 1851
f 1821 1851 32
f 1853 1851 1821
f 475 1863 1861
f 1863 473 1853
f 1861 1853 465
f 1863 1853 1861
f 120 1854 1827
f 1854 474 1857
f 1827 1857 467
f 1854 1857 1827
f 474 1855 1864
f 1855 124 1860
f 1864 1860 475
f 1855 1860 1864
f 467 1862 1828
f 1862 475 1859
f 1828 1859 122
f 1862 1859 1828
f 474 1864 1857
f 1864 475 1862
f 1857 1862 467
f 1864 1862 1857
f 24 1817 1581
f 1817 464 1819
f 1581 1819 406
f 1817 1819 1581
f 464 1818 1826
f 1818 122 1824
f 1826 1824 466
f 1818 1824 1826
f 406 1825 1582
f 1825 466 1823
f 1582 1823 108
f 1825 1823 1582
f 464 1826 1819
f 1826 466 1825
f 1819 1825 406
f 1826 1825 1819
f 122 1822 1842
f 1822 465 1844
f 1842 1844 471
f 1822 1844 1842
f 465 1821 1836
f 1821 32 1834
f 1836 1834 469
f 1821 1834 1836
f 471 1846 1843
f 1846 469 1835
f 1843 1835 123
f 1846 1835 1843
f 465 1836 1844
f 1836 469 1846
f 1844 1846 471
f 1836 1846 1844
f 108 1837 1584
f 1837 470 1839
f 1584 1839 407
f 1837 1839 1584
f 470 1838 1841
f 1838 123 1832
f 1841 1832 468
f 1838 1832 1841
f 407 1833 1583
f 1833 468 1831
f 1583 1831 28
f 1833 1831 1583
f 470 1841 1839
f 1841 468 1833
f 1839 1833 407
f 1841 1833 1839
f 122 1842 1824
f 1842 471 1845
f 1824 1845 466
f 1842 1845 1824
f 471 1843 1847
f 1843 123 1838
f 1847 1838 470
f 1843 1838 1847
f 466 1840 1823
f 1840 470 1837
f 1823 1837 108
f 1840 1837 1823
f 471 1847 1845
f 1847 470 1840
f 1845 1840 466
f 1847 1840 1845
f 25 2009 1569
f 2009 512 2011
f 1569 2011 400
f 2009 2011 1569
f 512 2010 2017
f 2010 134 2015
f 2017 2015 514
f 2010 2015 2017
f 400 2016 1570
f 2016 514 2014
f 1570 2014 105
f 2016 2014 1570
f 512 2017 2011
f 2017 514 2016
f 2011 2016 400
f 2017 2016 2011
f 134 2013 2034
f 2013 513 2036
f 2034 2036 519
f 2013 2036 2034
f 513 2012 2024
f 2012 36 2022
f 2024 2022 516
f 2012 2022 2024
f 519 2038 2035
f 2038 516 2023
f 2035 2023 135
f 2038 2023 2035
f 513 2024 2036
f 2024 516 2038
f 2036 2038 519
f 2024 2038 2036
f 105 2025 1572
f 2025 517 2027
f 1572 2027 401
f 2025 2027 1572
f 517 2026 2029
f 2026 135 2019
f 2029 2019 515
f 2026 2019 2029
f 401 2020 1571
f 2020 515 2018
f 1571 2018 26
f 2020 2018 1571
f 517 2029 2027
f 2029 515 2020
f 2027 2020 401
f 2029 2020 2027
f 134 2034 2015
f 2034 519 2037
f 2015 2037 514
f 2034 2037 2015
f 519 2035 2039
f 2035 135 2026
f 2039 2026 517
f 2035 2026 2039
f 514 2028 2014
f 2028 517 2025
f 2014 2025 105
f 2028 2025 2014
f 519 2039 2037
f 2039 517 2028
f 2037 2028 514
f 2039 2028 2037
f 24 2057 1565
f 2057 524 2059
f 1565 2059 398
f 2057 2059 1565
f 524 2058 2065
f 2058 137 2063
f 2065 2063 526
f 2058 2063 2065
f 398 2064 1566
f 2064 526 2062
f 1566 2062 104
f 2064 2062 1566
f 524 2065 2059
f 2065 526 2064
f 2059 2064 398
f 2065 2064 2059
f 137 2061 2077
f 2061 525 2079
f 2077 2079 530
f 2061 2079 2077
f 525 2060 2071
f 2060 37 2069
f 2071 2069 528
f 2060 2069 2071
f 530 2081 2078
f 2081 528 2070
f 2078 2070 138
f 2081 2070 2078
f 525 2071 2079
f 2071 528 2081
f 2079 2081 530
f 2071 2081 2079
f 104 2072 1568
f 2072 529 2074
f 1568 2074 399
f 2072 2074 1568
f 529 2073 2076
f 2073 138 2067
f 2076 2067 527
f 2073 2067 2076
f 399 2068 1567
f 2068 527 2066
f 1567 2066 25
f 2068 2066 1567
f 529 2076 2074
f 2076 527 2068
f 2074 2068 399
f 2076 2068 2074
f 137 2077 2063
f 2077 530 2080
f 2063 2080 526
f 2077 2080 2063
f 530 2078 2082
f 2078 138 2073
f 2082 2073 529
f 2078 2073 2082
f 526 2075 2062
f 2075 529 2072
f 2062 2072 104
f 2075 2072 2062
f 530 2082 2080
f 2082 529 2075
f 2080 2075 526
f 2082 2075 2080
f 26 2018 1573
f 2018 515 2021
f 1573 2021 402
f 2018 2021 1573
f 515 2019 2033
f 2019 135 2031
f 2033 2031 518
f 2019 2031 2033
f 402 2032 1574
f 2032 518 2030
f 1574 2030 106
f 2032 2030 1574
f 515 2033 2021
f 2033 518 2032
f 2021 2032 402
f 2033 2032 2021
f 135 2023 2051
f 2023 516 2053
f 2051 2053 523
f 2023 2053 2051
f 516 2022 2045
f 2022 36 2043
f 2045 2043 521
f 2022 2043 2045
f 523 2055 2052
f 2055 521 2044
f 2052 2044 136
f 2055 2044 2052
f 516 2045 2053
f 2045 521 2055
f 2053 2055 523
f 2045 2055 2053
f 106 2046 1576
f 2046 522 2048
f 1576 2048 403
f 2046 2048 1576
f 522 2047 2050
f 2047 136 2041
f 2050 2041 520
f 2047 2041 2050
f 403 2042 1575
f 2042 520 2040
f 1575 2040 27
f 2042 2040 1575
f 522 2050 2048
f 2050 520 2042
f 2048 2042 403
f 2050 2042 2048
f 135 2051 2031
f 2051 523 2054
f 2031 2054 518
f 2051 2054 2031
f 523 2052 2056
f 2052 136 2047
f 2056 2047 522
f 2052 2047 2056
f 518 2049 2030
f 2049 522 2046
f 2030 2046 106
f 2049 2046 2030
f 523 2056 2054
f 2056 522 2049
f 2054 2049 518
f 2056 2049 2054
f 27 2249 1774
f 2249 572 2251
f 1774 2251 453
f 2249 2251 1774
f 572 2250 2258
f 2250 149 2256
f 2258 2256 574
f 2250 2256 2258
f 453 2257 1775
f 2257 574 2255
f 1775 2255 119
f 2257 2255 1775
f 572 2258 2251
f 2258 574 2257
f 2251 2257 453
f 2258 2257 2251
f 149 2254 2279
f 2254 573 2281
f 2279 2281 580
f 2254 2281 2279
f 573 2253 2269
f 2253 41 2267
f 2269 2267 577
f 2253 2267 2269
f 580 2283 2280
f 2283 577 2268
f 2280 2268 150
f 2283 2268 2280
f 573 2269 2281
f 2269 577 2283
f 2281 2283 580
f 2269 2283 2281
f 119 2270 1778
f 2270 578 2272
f 1778 2272 454
f 2270 2272 1778
f 578 2271 2274
f 2271 150 2264
f 2274 2264 576
f 2271 2264 2274
f 454 2265 1777
f 2265 576 2263
f 1777 2263 30
f 2265 2263 1777
f 578 2274 2272
f 2274 576 2265
f 2272 2265 454
f 2274 2265 2272
f 149 2279 2256
f 2279 580 2282
f 2256 2282 574
f 2279 2282 2256
f 580 2280 2284
f 2280 150 2271
f 2284 2271 578
f 2280 2271 2284
f 574 2273 2255
f 2273 578 2270
f 2255 2270 119
f 2273 2270 2255
f 580 2284 2282
f 2284 578 2273
f 2282 2273 574
f 2284 2273 2282
f 32 1896 1834
f 1896 484 1898
f 1834 1898 469
f 1896 1898 1834
f 484 1897 1906
f 1897 127 1903
f 1906 1903 486
f 1897 1903 1906
f 469 1904 1835
f 1904 486 1902
f 1835 1902 123
f 1904 1902 1835
f 484 1906 1898
f 1906 486 1904
f 1898 1904 469
f 1906 1904 1898
f 127 1900 1908
f 1900 485 1911
f 1908 1911 487
f 1900 1911 1908
f 485 1899 1901
f 1899 33 1869
f 1901 1869 477
f 1899 1869 1901
f 487 1909 1907
f 1909 477 1870
f 1907 1870 125
f 1909 1870 1907
f 485 1901 1911
f 1901 477 1909
f 1911 1909 487
f 1901 1909 1911
f 123 1875 1832
f 1875 479 1877
f 1832 1877 468
f 1875 1877 1832
f 479 1876 1878
f 1876 125 1866
f 1878 1866 476
f 1876 1866 1878
f 468 1868 1831
f 1868 476 1865
f 1831 1865 28
f 1868 1865 1831
f 479 1878 1877
f 1878 476 1868
f 1877 1868 468
f 1878 1868 1877
f 127 1908 1903
f 1908 487 1912
f 1903 1912 486
f 1908 1912 1903
f 487 1907 1910
f 1907 125 1876
f 1910 1876 479
f 1907 1876 1910
f 486 1905 1902
f 1905 479 1875
f 1902 1875 123
f 1905 1875 1902
f 487 1910 1912
f 1910 479 1905
f 1912 1905 486
f 1910 1905 1912
f 24 1581 2188
f 1581 406 2190
f 2188 2190 558
f 1581 2190 2188
f 406 1582 2196
f 1582 108 2194
f 2196 2194 560
f 1582 2194 2196
f 558 2197 2189
f 2197 560 2195
f 2189 2195 146
f 2197 2195 2189
f 406 2196 2190
f 2196 560 2197
f 2190 2197 558
f 2196 2197 2190
f 108 1584 2215
f 1584 407 2217
f 2215 2217 565
f 1584 2217 2215
f 407 1583 2205
f 1583 28 2202
f 2205 2202 562
f 1583 2202 2205
f 565 2219 2216
f 2219 562 2203
f 2216 2203 147
f 2219 2203 2216
f 407 2205 2217
f 2205 562 2219
f 2217 2219 565
f 2205 2219 2217
f 146 2226 2193
f 2226 567 2228
f 2193 2228 559
f 2226 2228 2193
f 567 2227 2230
f 2227 147 2207
f 2230 2207 563
f 2227 2207 2230
f 559 2209 2192
f 2209 563 2206
f 2192 2206 40
f 2209 2206 2192
f 567 2230 2228
f 2230 563 2209
f 2228 2209 559
f 2230 2209 2228
f 108 2215 2194
f 2215 565 2218
f 2194 2218 560
f 2215 2218 2194
f 565 2216 2231
f 2216 147 2227
f 2231 2227 567
f 2216 2227 2231
f 560 2229 2195
f 2229 567 2226
f 2195 2226 146
f 2229 2226 2195
f 565 2231 2218
f 2231 567 2229
f 2218 2229 560
f 2231 2229 2218
f 30 2263 1800
f 2263 576 2266
f 1800 2266 460
f 2263 2266 1800
f 576 2264 2278
f 2264 150 2276
f 2278 2276 579
f 2264 2276 2278
f 460 2277 1801
f 2277 579 2275
f 1801 2275 121
f 2277 2275 1801
f 576 2278 2266
f 2278 579 2277
f 2266 2277 460
f 2278 2277 2266
f 150 2268 2296
f 2268 577 2298
f 2296 2298 584
f 2268 2298 2296
f 577 2267 2290
f 2267 41 2288
f 2290 2288 582
f 2267 2288 2290
f 584 2300 2297
f 2300 582 2289
f 2297 2289 151
f 2300 2289 2297
f 577 2290 2298
f 2290 582 2300
f 2298 2300 584
f 2290 2300 2298
f 121 2291 1804
f 2291 583 2293
f 1804 2293 461
f 2291 2293 1804
f 583 2292 2295
f 2292 151 2286
f 2295 2286 581
f 2292 2286 2295
f 461 2287 1803
f 2287 581 2285
f 1803 2285 31
f 2287 2285 1803
f 583 2295 2293
f 2295 581 2287
f 2293 2287 461
f 2295 2287 2293
f 150 2296 2276
f 2296 584 2299
f 2276 2299 579
f 2296 2299 2276
f 584 2297 2301
f 2297 151 2292
f 2301 2292 583
f 2297 2292 2301
f 579 2294 2275
f 2294 583 2291
f 2275 2291 121
f 2294 2291 2275
f 584 2301 2299
f 2301 583 2294
f 2299 2294 579
f 2301 2294 2299
f 31 2341 1848
f 2341 594 2343
f 1848 2343 472
f 2341 2343 1848
f 594 2342 2350
f 2342 154 2348
f 2350 2348 596
f 2342 2348 2350
f 472 2349 1849
f 2349 596 2347
f 1849 2347 124
f 2349 2347 1849
f 594 2350 2343
f 2350 596 2349
f 2343 2349 472
f 2350 2349 2343
f 154 2346 2371
f 2346 595 2373
f 2371 2373 602
f 2346 2373 2371
f 595 2345 2361
f 2345 42 2359
f 2361 2359 599
f 2345 2359 2361
f 602 2375 2372
f 2375 599 2360
f 2372 2360 155
f 2375 2360 2372
f 595 2361 2373
f 2361 599 2375
f 2373 2375 602
f 2361 2375 2373
f 124 2362 1852
f 2362 600 2364
f 1852 2364 473
f 2362 2364 1852
f 600 2363 2366
f 2363 155 2356
f 2366 2356 598
f 2363 2356 2366
f 473 2357 1851
f 2357 598 2355
f 1851 2355 32
f 2357 2355 1851
f 600 2366 2364
f 2366 598 2357
f 2364 2357 473
f 2366 2357 2364
f 154 2371 2348
f 2371 602 2374
f 2348 2374 596
f 2371 2374 2348
f 602 2372 2376
f 2372 155 2363
f 2376 2363 600
f 2372 2363 2376
f 596 2365 2347
f 2365 600 2362
f 2347 2362 124
f 2365 2362 2347
f 602 2376 2374
f 2376 600 2365
f 2374 2365 596
f 2376 2365 2374
f 32 2355 1896
f 2355 598 2358
f 1896 2358 484
f 2355 2358 1896
f 598 2356 2370
f 2356 155 2368
f 2370 2368 601
f 2356 2368 2370
f 484 2369 1897
f 2369 601 2367
f 1897 2367 127
f 2369 2367 1897
f 598 2370 2358
f 2370 601 2369
f 2358 2369 484
f 2370 2369 2358
f 155 2360 2388
f 2360 599 2390
f 2388 2390 606
f 2360 2390 2388
f 599 2359 2382
f 2359 42 2380
f 2382 2380 604
f 2359 2380 2382
f 606 2392 2389
f 2392 604 2381
f 2389 2381 156
f 2392 2381 2389
f 599 2382 2390
f 2382 604 2392
f 2390 2392 606
f 2382 2392 2390
f 127 2383 1900
f 2383 605 2385
f 1900 2385 485
f 2383 2385 1900
f 605 2384 2387
f 2384 156 2378
f 2387 2378 603
f 2384 2378 2387
f 485 2379 1899
f 2379 603 2377
f 1899 2377 33
f 2379 2377 1899
f 605 2387 2385
f 2387 603 2379
f 2385 2379 485
f 2387 2379 2385
f 155 2388 2368
f 2388 606 2391
f 2368 2391 601
f 2388 2391 2368
f 606 2389 2393
f 2389 156 2384
f 2393 2384 605
f 2389 2384 2393
f 601 2386 2367
f 2386 605 2383
f 2367 2383 127
f 2386 2383 2367
f 606 2393 2391
f 2393 605 2386
f 2391 2386 601
f 2393 2386 2391
f 25 2083 2009
f 2083 531 2085
f 2009 2085 512
f 2083 2085 2009
f 531 2084 2092
f 2084 139 2090
f 2092 2090 533
f 2084 2090 2092
f 512 2091 2010
f 2091 533 2089
f 2010 2089 134
f 2091 2089 2010
f 531 2092 2085
f 2092 533 2091
f 2085 2091 512
f 2092 2091 2085
f 139 2088 2108
f 2088 532 2110
f 2108 2110 538
f 2088 2110 2108
f 532 2087 2102
f 2087 38 2100
f 2102 2100 536
f 2087 2100 2102
f 538 2112 2109
f 2112 536 2101
f 2109 2101 140
f 2112 2101 2109
f 532 2102 2110
f 2102 536 2112
f 2110 2112 538
f 2102 2112 2110
f 134 2103 2013
f 2103 537 2105
f 2013 2105 513
f 2103 2105 2013
f 537 2104 2107
f 2104 140 2098
f 2107 2098 535
f 2104 2098 2107
f 513 2099 2012
f 2099 535 2097
f 2012 2097 36
f 2099 2097 2012
f 537 2107 2105
f 2107 535 2099
f 2105 2099 513
f 2107 2099 2105
f 139 2108 2090
f 2108 538 2111
f 2090 2111 533
f 2108 2111 2090
f 538 2109 2113
f 2109 140 2104
f 2113 2104 537
f 2109 2104 2113
f 533 2106 2089
f 2106 537 2103
f 2089 2103 134
f 2106 2103 2089
f 538 2113 2111
f 2113 537 2106
f 2111 2106 533
f 2113 2106 2111
f 25 2066 2083
f 2066 527 2086
f 2083 2086 531
f 2066 2086 2083
f 527 2067 2095
f 2067 138 2093
f 2095 2093 534
f 2067 2093 2095
f 531 2096 2084
f 2096 534 2094
f 2084 2094 139
f 2096 2094 2084
f 527 2095 2086
f 2095 534 2096
f 2086 2096 531
f 2095 2096 2086
f 138 2070 2120
f 2070 528 2122
f 2120 2122 541
f 2070 2122 2120
f 528 2069 2116
f 2069 37 2114
f 2116 2114 539
f 2069 2114 2116
f 541 2124 2121
f 2124 539 2115
f 2121 2115 141
f 2124 2115 2121
f 528 2116 2122
f 2116 539 2124
f 2122 2124 541
f 2116 2124 2122
f 139 2125 2088
f 2125 542 2127
f 2088 2127 532
f 2125 2127 2088
f 542 2126 2129
f 2126 141 2118
f 2129 2118 540
f 2126 2118 2129
f 532 2119 2087
f 2119 540 2117
f 2087 2117 38
f 2119 2117 2087
f 542 2129 2127
f 2129 540 2119
f 2127 2119 532
f 2129 2119 2127
f 138 2120 2093
f 2120 541 2123
f 2093 2123 534
f 2120 2123 2093
f 541 2121 2130
f 2121 141 2126
f 2130 2126 542
f 2121 2126 2130
f 534 2128 2094
f 2128 542 2125
f 2094 2125 139
f 2128 2125 2094
f 541 2130 2123
f 2130 542 2128
f 2123 2128 534
f 2130 2128 2123
f 27 2040 2131
f 2040 520 2133
f 2131 2133 543
f 2040 2133 2131
f 520 2041 2138
f 2041 136 2136
f 2138 2136 545
f 2041 2136 2138
f 543 2139 2132
f 2139 545 2137
f 2132 2137 142
f 2139 2137 2132
f 520 2138 2133
f 2138 545 2139
f 2133 2139 543
f 2138 2139 2133
f 136 2044 2147
f 2044 521 2149
f 2147 2149 548
f 2044 2149 2147
f 521 2043 2142
f 2043 36 2140
f 2142 2140 546
f 2043 2140 2142
f 548 2151 2148
f 2151 546 2141
f 2148 2141 143
f 2151 2141 2148
f 521 2142 2149
f 2142 546 2151
f 2149 2151 548
f 2142 2151 2149
f 142 2156 2135
f 2156 550 2158
f 2135 2158 544
f 2156 2158 2135
f 550 2157 2160
f 2157 143 2145
f 2160 2145 547
f 2157 2145 2160
f 544 2146 2134
f 2146 547 2144
f 2134 2144 39
f 2146 2144 2134
f 550 2160 2158
f 2160 547 2146
f 2158 2146 544
f 2160 2146 2158
f 136 2147 2136
f 2147 548 2150
f 2136 2150 545
f 2147 2150 2136
f 548 2148 2161
f 2148 143 2157
f 2161 2157 550
f 2148 2157 2161
f 545 2159 2137
f 2159 550 2156
f 2137 2156 142
f 2159 2156 2137
f 548 2161 2150
f 2161 550 2159
f 2150 2159 545
f 2161 2159 2150
f 27 2131 2249
f 2131 543 2252
f 2249 2252 572
f 2131 2252 2249
f 543 2132 2261
f 2132 142 2259
f 2261 2259 575
f 2132 2259 2261
f 572 2262 2250
f 2262 575 2260
f 2250 2260 149
f 2262 2260 2250
f 543 2261 2252
f 2261 575 2262
f 2252 2262 572
f 2261 2262 2252
f 142 2135 2319
f 2135 544 2321
f 2319 2321 590
f 2135 2321 2319
f 544 2134 2313
f 2134 39 2311
f 2313 2311 588
f 2134 2311 2313
f 590 2323 2320
f 2323 588 2312
f 2320 2312 153
f 2323 2312 2320
f 544 2313 2321
f 2313 588 2323
f 2321 2323 590
f 2313 2323 2321
f 149 2329 2254
f 2329 592 2331
f 2254 2331 573
f 2329 2331 2254
f 592 2330 2333
f 2330 153 2316
f 2333 2316 589
f 2330 2316 2333
f 573 2317 2253
f 2317 589 2315
f 2253 2315 41
f 2317 2315 2253
f 592 2333 2331
f 2333 589 2317
f 2331 2317 573
f 2333 2317 2331
f 142 2319 2259
f 2319 590 2322
f 2259 2322 575
f 2319 2322 2259
f 590 2320 2334
f 2320 153 2330
f 2334 2330 592
f 2320 2330 2334
f 575 2332 2260
f 2332 592 2329
f 2260 2329 149
f 2332 2329 2260
f 590 2334 2322
f 2334 592 2332
f 2322 2332 575
f 2334 2332 2322
f 24 2188 2057
f 2188 558 2191
f 2057 2191 524
f 2188 2191 2057
f 558 2189 2201
f 2189 146 2199
f 2201 2199 561
f 2189 2199 2201
f 524 2200 2058
f 2200 561 2198
f 2058 2198 137
f 2200 2198 2058
f 558 2201 2191
f 2201 561 2200
f 2191 2200 524
f 2201 2200 2191
f 146 2193 2243
f 2193 559 2245
f 2243 2245 571
f 2193 2245 2243
f 559 2192 2237
f 2192 40 2235
f 2237 2235 569
f 2192 2235 2237
f 571 2247 2244
f 2247 569 2236
f 2244 2236 148
f 2247 2236 2244
f 559 2237 2245
f 2237 569 2247
f 2245 2247 571
f 2237 2247 2245
f 137 2238 2061
f 2238 570 2240
f 2061 2240 525
f 2238 2240 2061
f 570 2239 2242
f 2239 148 2233
f 2242 2233 568
f 2239 2233 2242
f 525 2234 2060
f 2234 568 2232
f 2060 2232 37
f 2234 2232 2060
f 570 2242 2240
f 2242 568 2234
f 2240 2234 525
f 2242 2234 2240
f 146 2243 2199
f 2243 571 2246
f 2199 2246 561
f 2243 2246 2199
f 571 2244 2248
f 2244 148 2239
f 2248 2239 570
f 2244 2239 2248
f 561 2241 2198
f 2241 570 2238
f 2198 2238 137
f 2241 2238 2198
f 571 2248 2246
f 2248 570 2241
f 2246 2241 561
f 2248 2241 2246
f 36 2097 2140
f 2097 535 2143
f 2140 2143 546
f 2097 2143 2140
f 535 2098 2154
f 2098 140 2152
f 2154 2152 549
f 2098 2152 2154
f 546 2155 2141
f 2155 549 2153
f 2141 2153 143
f 2155 2153 2141
f 535 2154 2143
f 2154 549 2155
f 2143 2155 546
f 2154 2155 2143
f 140 2101 2168
f 2101 536 2170
f 2168 2170 553
f 2101 2170 2168
f 536 2100 2164
f 2100 38 2162
f 2164 2162 551
f 2100 2162 2164
f 553 2172 2169
f 2172 551 2163
f 2169 2163 144
f 2172 2163 2169
f 536 2164 2170
f 2164 551 2172
f 2170 2172 553
f 2164 2172 2170
f 143 2173 2145
f 2173 554 2175
f 2145 2175 547
f 2173 2175 2145
f 554 2174 2177
f 2174 144 2166
f 2177 2166 552
f 2174 2166 2177
f 547 2167 2144
f 2167 552 2165
f 2144 2165 39
f 2167 2165 2144
f 554 2177 2175
f 2177 552 2167
f 2175 2167 547
f 2177 2167 2175
f 140 2168 2152
f 2168 553 2171
f 2152 2171 549
f 2168 2171 2152
f 553 2169 2178
f 2169 144 2174
f 2178 2174 554
f 2169 2174 2178
f 549 2176 2153
f 2176 554 2173
f 2153 2173 143
f 2176 2173 2153
f 553 2178 2171
f 2178 554 2176
f 2171 2176 549
f 2178 2176 2171
f 37 2394 2114
f 2394 607 2396
f 2114 2396 539
f 2394 2396 2114
f 607 2395 2402
f 2395 157 2400
f 2402 2400 609
f 2395 2400 2402
f 539 2401 2115
f 2401 609 2399
f 2115 2399 141
f 2401 2399 2115
f 607 2402 2396
f 2402 609 2401
f 2396 2401 539
f 2402 2401 2396
f 157 2398 2419
f 2398 608 2421
f 2419 2421 614
f 2398 2421 2419
f 608 2397 2409
f 2397 42 2407
f 2409 2407 611
f 2397 2407 2409
f 614 2423 2420
f 2423 611 2408
f 2420 2408 158
f 2423 2408 2420
f 608 2409 2421
f 2409 611 2423
f 2421 2423 614
f 2409 2423 2421
f 141 2410 2118
f 2410 612 2412
f 2118 2412 540
f 2410 2412 2118
f 612 2411 2414
f 2411 158 2404
f 2414 2404 610
f 2411 2404 2414
f 540 2405 2117
f 2405 610 2403
f 2117 2403 38
f 2405 2403 2117
f 612 2414 2412
f 2414 610 2405
f 2412 2405 540
f 2414 2405 2412
f 157 2419 2400
f 2419 614 2422
f 2400 2422 609
f 2419 2422 2400
f 614 2420 2424
f 2420 158 2411
f 2424 2411 612
f 2420 2411 2424
f 609 2413 2399
f 2413 612 2410
f 2399 2410 141
f 2413 2410 2399
f 614 2424 2422
f 2424 612 2413
f 2422 2413 609
f 2424 2413 2422
f 38 2302 2162
f 2302 585 2304
f 2162 2304 551
f 2302 2304 2162
f 585 2303 2310
f 2303 152 2308
f 2310 2308 587
f 2303 2308 2310
f 551 2309 2163
f 2309 587 2307
f 2163 2307 144
f 2309 2307 2163
f 585 2310 2304
f 2310 587 2309
f 2304 2309 551
f 2310 2309 2304
f 152 2306 2335
f 2306 586 2337
f 2335 2337 593
f 2306 2337 2335
f 586 2305 2318
f 2305 41 2315
f 2318 2315 589
f 2305 2315 2318
f 593 2339 2336
f 2339 589 2316
f 2336 2316 153
f 2339 2316 2336
f 586 2318 2337
f 2318 589 2339
f 2337 2339 593
f 2318 2339 2337
f 144 2324 2166
f 2324 591 2326
f 2166 2326 552
f 2324 2326 2166
f 591 2325 2328
f 2325 153 2312
f 2328 2312 588
f 2325 2312 2328
f 552 2314 2165
f 2314 588 2311
f 2165 2311 39
f 2314 2311 2165
f 591 2328 2326
f 2328 588 2314
f 2326 2314 552
f 2328 2314 2326
f 152 2335 2308
f 2335 593 2338
f 2308 2338 587
f 2335 2338 2308
f 593 2336 2340
f 2336 153 2325
f 2340 2325 591
f 2336 2325 2340
f 587 2327 2307
f 2327 591 2324
f 2307 2324 144
f 2327 2324 2307
f 593 2340 2338
f 2340 591 2327
f 2338 2327 587
f 2340 2327 2338
f 38 2403 2302
f 2403 610 2406
f 2302 2406 585
f 2403 2406 2302
f 610 2404 2418
f 2404 158 2416
f 2418 2416 613
f 2404 2416 2418
f 585 2417 2303
f 2417 613 2415
f 2303 2415 152
f 2417 2415 2303
f 610 2418 2406
f 2418 613 2417
f 2406 2417 585
f 2418 2417 2406
f 158 2408 2449
f 2408 611 2451
f 2449 2451 620
f 2408 2451 2449
f 611 2407 2432
f 2407 42 2429
f 2432 2429 616
f 2407 2429 2432
f 620 2453 2450
f 2453 616 2430
f 2450 2430 159
f 2453 2430 2450
f 611 2432 2451
f 2432 616 2453
f 2451 2453 620
f 2432 2453 2451
f 152 2438 2306
f 2438 618 2440
f 2306 2440 586
f 2438 2440 2306
f 618 2439 2442
f 2439 159 2426
f 2442 2426 615
f 2439 2426 2442
f 586 2428 2305
f 2428 615 2425
f 2305 2425 41
f 2428 2425 2305
f 618 2442 2440
f 2442 615 2428
f 2440 2428 586
f 2442 2428 2440
f 158 2449 2416
f 2449 620 2452
f 2416 2452 613
f 2449 2452 2416
f 620 2450 2454
f 2450 159 2439
f 2454 2439 618
f 2450 2439 2454
f 613 2441 2415
f 2441 618 2438
f 2415 2438 152
f 2441 2438 2415
f 620 2454 2452
f 2454 618 2441
f 2452 2441 613
f 2454 2441 2452
f 37 2464 2394
f 2464 624 2467
f 2394 2467 607
f 2464 2467 2394
f 624 2465 2477
f 2465 161 2475
f 2477 2475 627
f 2465 2475 2477
f 607 2476 2395
f 2476 627 2474
f 2395 2474 157
f 2476 2474 2395
f 624 2477 2467
f 2477 627 2476
f 2467 2476 607
f 2477 2476 2467
f 161 2469 2519
f 2469 625 2521
f 2519 2521 637
f 2469 2521 2519
f 625 2468 2502
f 2468 43 2499
f 2502 2499 633
f 2468 2499 2502
f 637 2523 2520
f 2523 633 2500
f 2520 2500 163
f 2523 2500 2520
f 625 2502 2521
f 2502 633 2523
f 2521 2523 637
f 2502 2523 2521
f 157 2508 2398
f 2508 635 2510
f 2398 2510 608
f 2508 2510 2398
f 635 2509 2512
f 2509 163 2496
f 2512 2496 632
f 2509 2496 2512
f 608 2498 2397
f 2498 632 2495
f 2397 2495 42
f 2498 2495 2397
f 635 2512 2510
f 2512 632 2498
f 2510 2498 608
f 2512 2498 2510
f 161 2519 2475
f 2519 637 2522
f 2475 2522 627
f 2519 2522 2475
f 637 2520 2524
f 2520 163 2509
f 2524 2509 635
f 2520 2509 2524
f 627 2511 2474
f 2511 635 2508
f 2474 2508 157
f 2511 2508 2474
f 637 2524 2522
f 2524 635 2511
f 2522 2511 627
f 2524 2511 2522
f 37 2232 2464
f 2232 568 2466
f 2464 2466 624
f 2232 2466 2464
f 568 2233 2472
f 2233 148 2470
f 2472 2470 626
f 2233 2470 2472
f 624 2473 2465
f 2473 626 2471
f 2465 2471 161
f 2473 2471 2465
f 568 2472 2466
f 2472 626 2473
f 2466 2473 624
f 2472 2473 2466
f 148 2236 2484
f 2236 569 2486
f 2484 2486 630
f 2236 2486 2484
f 569 2235 2480
f 2235 40 2478
f 2480 2478 628
f 2235 2478 2480
f 630 2488 2485
f 2488 628 2479
f 2485 2479 162
f 2488 2479 2485
f 569 2480 2486
f 2480 628 2488
f 2486 2488 630
f 2480 2488 2486
f 161 2489 2469
f 2489 631 2491
f 2469 2491 625
f 2489 2491 2469
f 631 2490 2493
f 2490 162 2482
f 2493 2482 629
f 2490 2482 2493
f 625 2483 2468
f 2483 629 2481
f 2468 2481 43
f 2483 2481 2468
f 631 2493 2491
f 2493 629 2483
f 2491 2483 625
f 2493 2483 2491
f 148 2484 2470
f 2484 630 2487
f 2470 2487 626
f 2484 2487 2470
f 630 2485 2494
f 2485 162 2490
f 2494 2490 631
f 2485 2490 2494
f 626 2492 2471
f 2492 631 2489
f 2471 2489 161
f 2492 2489 2471
f 630 2494 2487
f 2494 631 2492
f 2487 2492 626
f 2494 2492 2487
f 31 2285 2341
f 2285 581 2344
f 2341 2344 594
f 2285 2344 2341
f 581 2286 2353
f 2286 151 2351
f 2353 2351 597
f 2286 2351 2353
f 594 2354 2342
f 2354 597 2352
f 2342 2352 154
f 2354 2352 2342
f 581 2353 2344
f 2353 597 2354
f 2344 2354 594
f 2353 2354 2344
f 151 2289 2433
f 2289 582 2435
f 2433 2435 617
f 2289 2435 2433
f 582 2288 2427
f 2288 41 2425
f 2427 2425 615
f 2288 2425 2427
f 617 2437 2434
f 2437 615 2426
f 2434 2426 159
f 2437 2426 2434
f 582 2427 2435
f 2427 615 2437
f 2435 2437 617
f 2427 2437 2435
f 154 2443 2346
f 2443 619 2445
f 2346 2445 595
f 2443 2445 2346
f 619 2444 2447
f 2444 159 2430
f 2447 2430 616
f 2444 2430 2447
f 595 2431 2345
f 2431 616 2429
f 2345 2429 42
f 2431 2429 2345
f 619 2447 2445
f 2447 616 2431
f 2445 2431 595
f 2447 2431 2445
f 151 2433 2351
f 2433 617 2436
f 2351 2436 597
f 2433 2436 2351
f 617 2434 2448
f 2434 159 2444
f 2448 2444 619
f 2434 2444 2448
f 597 2446 2352
f 2446 619 2443
f 2352 2443 154
f 2446 2443 2352
f 617 2448 2436
f 2448 619 2446
f 2436 2446 597
f 2448 2446 2436
f 42 2495 2380
f 2495 632 2497
f 2380 2497 604
f 2495 2497 2380
f 632 2496 2507
f 2496 163 2504
f 2507 2504 634
f 2496 2504 2507
f 604 2505 2381
f 2505 634 2503
f 2381 2503 156
f 2505 2503 2381
f 632 2507 2497
f 2507 634 2505
f 2497 2505 604
f 2507 2505 2497
f 163 2500 2514
f 2500 633 2517
f 2514 2517 636
f 2500 2517 2514
f 633 2499 2501
f 2499 43 2458
f 2501 2458 622
f 2499 2458 2501
f 636 2515 2513
f 2515 622 2459
f 2513 2459 160
f 2515 2459 2513
f 633 2501 2517
f 2501 622 2515
f 2517 2515 636
f 2501 2515 2517
f 156 2460 2378
f 2460 623 2462
f 2378 2462 603
f 2460 2462 2378
f 623 2461 2463
f 2461 160 2456
f 2463 2456 621
f 2461 2456 2463
f 603 2457 2377
f 2457 621 2455
f 2377 2455 33
f 2457 2455 2377
f 623 2463 2462
f 2463 621 2457
f 2462 2457 603
f 2463 2457 2462
f 163 2514 2504
f 2514 636 2518
f 2504 2518 634
f 2514 2518 2504
f 636 2513 2516
f 2513 160 2461
f 2516 2461 623
f 2513 2461 2516
f 634 2506 2503
f 2506 623 2460
f 2503 2460 156
f 2506 2460 2503
f 636 2516 2518
f 2516 623 2506
f 2518 2506 634
f 2516 2506 2518

