# https://github.com/mikedh/trimesh
v -0.01500000 -0.00700000 0.02200000
v -0.00197474 -0.00922948 0.00600000
v -0.00197199 -0.00922764 0.00600000
v -0.00219421 -0.00881887 0.00600000
v -0.00219115 -0.00881761 0.00600000
v -0.00209456 -0.00902957 0.00600000
v -0.00209164 -0.00902801 0.00600000
v -0.00236356 -0.00814279 0.00600000
v -0.00236027 -0.00814247 0.00600000
v -0.00227273 -0.00859943 0.00600000
v -0.00226956 -0.00859846 0.00600000
v -0.00232937 -0.00837334 0.00600000
v -0.00232612 -0.00837269 0.00600000
v -0.00237500 -0.00791000 0.00600000
v -0.00237169 -0.00791000 0.00600000
v -0.00236356 -0.00767721 0.00600000
v -0.00236027 -0.00767753 0.00600000
v -0.00232937 -0.00744666 0.00600000
v -0.00232612 -0.00744731 0.00600000
v -0.00227273 -0.00722057 0.00600000
v -0.00226956 -0.00722154 0.00600000
v -0.00167938 -0.00958938 0.00600000
v -0.00167704 -0.00958704 0.00600000
v -0.00150668 -0.00974590 0.00600000
v -0.00150458 -0.00974334 0.00600000
v -0.00111957 -0.01000456 0.00600000
v -0.00111801 -0.01000164 0.00600000
v -0.00131948 -0.00988474 0.00600000
v -0.00131764 -0.00988199 0.00600000
v -0.00165360 -0.00879387 0.00450000
v -0.00155901 -0.00895169 0.00450000
v -0.00144939 -0.00909949 0.00450000
v -0.00118949 -0.00935940 0.00450000
v -0.00132583 -0.00923583 0.00450000
v -0.00104169 -0.00946901 0.00450000
v -0.00183590 -0.00941668 0.00600000
v -0.00183334 -0.00941458 0.00600000
v -0.00088387 -0.00956360 0.00450000
v -0.00071753 -0.00964227 0.00450000
v -0.00054428 -0.00970426 0.00450000
v -0.00036579 -0.00974897 0.00450000
v -0.00018378 -0.00977597 0.00450000
v -0.00090887 -0.01010421 0.00600000
v -0.00090761 -0.01010115 0.00600000
v -0.00068943 -0.01018273 0.00600000
v -0.00068846 -0.01017956 0.00600000
v -0.00046334 -0.01023936 0.00600000
v -0.00046269 -0.01023612 0.00600000
v -0.00023279 -0.01027356 0.00600000
v -0.00023247 -0.01027027 0.00600000
v -0.00173227 -0.00862753 0.00450000
v -0.00179426 -0.00845428 0.00450000
v -0.00183897 -0.00827579 0.00450000
v -0.00186597 -0.00809378 0.00450000
v -0.00187500 -0.00791000 0.00450000
v -0.00186597 -0.00772622 0.00450000
v -0.00183897 -0.00754421 0.00450000
v -0.00179426 -0.00736572 0.00450000
v -0.00173227 -0.00719247 0.00450000
v -0.00219421 -0.00700113 0.00600000
v -0.00219115 -0.00700239 0.00600000
v -0.00209456 -0.00679043 0.00600000
v -0.00209164 -0.00679199 0.00600000
v -0.00197474 -0.00659052 0.00600000
v -0.00197199 -0.00659236 0.00600000
v -0.00165360 -0.00702613 0.00450000
v -0.00155901 -0.00686831 0.00450000
v -0.00144939 -0.00672051 0.00450000
v -0.00132583 -0.00658417 0.00450000
v -0.00118949 -0.00646061 0.00450000
v -0.00104169 -0.00635099 0.00450000
v -0.00183590 -0.00640332 0.00600000
v -0.00183334 -0.00640542 0.00600000
v -0.00167938 -0.00623062 0.00600000
v -0.00167704 -0.00623296 0.00600000
v -0.00150668 -0.00607410 0.00600000
v -0.00150458 -0.00607666 0.00600000
v -0.00131948 -0.00593526 0.00600000
v -0.00131764 -0.00593801 0.00600000
v -0.00111801 -0.00581836 0.00600000
v -0.00111957 -0.00581544 0.00600000
v -0.00088387 -0.00625640 0.00450000
v -0.00071753 -0.00617773 0.00450000
v -0.00054428 -0.00611574 0.00450000
v -0.00036579 -0.00607103 0.00450000
v -0.00018378 -0.00604403 0.00450000
v -0.00090887 -0.00571579 0.00600000
v -0.00090761 -0.00571885 0.00600000
v -0.00068943 -0.00563727 0.00600000
v -0.00068846 -0.00564044 0.00600000
v -0.00046269 -0.00558388 0.00600000
v -0.00046334 -0.00558064 0.00600000
v -0.00023247 -0.00554973 0.00600000
v -0.00023279 -0.00554644 0.00600000
v -0.00197474 -0.00922948 0.02250000
v -0.00219421 -0.00881887 0.02250000
v -0.00209456 -0.00902957 0.02250000
v -0.00236356 -0.00814279 0.02250000
v -0.00227273 -0.00859943 0.02250000
v -0.00232937 -0.00837334 0.02250000
v -0.00237500 -0.00791000 0.02250000
v -0.00236356 -0.00767721 0.02250000
v -0.00232937 -0.00744666 0.02250000
v -0.00227273 -0.00722057 0.02250000
v -0.00167938 -0.00958938 0.02250000
v -0.00150668 -0.00974590 0.02250000
v -0.00111957 -0.01000456 0.02250000
v -0.00131948 -0.00988474 0.02250000
v -0.00183590 -0.00941668 0.02250000
v -0.00090887 -0.01010421 0.02250000
v -0.00068943 -0.01018273 0.02250000
v -0.00046334 -0.01023936 0.02250000
v -0.00023279 -0.01027356 0.02250000
v -0.00219368 -0.00700000 0.02200000
v -0.00209456 -0.00679043 0.02200000
v -0.00219421 -0.00700113 0.02250000
v -0.00219368 -0.00700000 0.02250000
v -0.00197474 -0.00659052 0.02200000
v -0.00183590 -0.00640332 0.02200000
v -0.00167938 -0.00623062 0.02200000
v -0.00150668 -0.00607410 0.02200000
v -0.00131948 -0.00593526 0.02200000
v -0.00111957 -0.00581544 0.02200000
v -0.00090887 -0.00571579 0.02200000
v -0.00068943 -0.00563727 0.02200000
v -0.00046334 -0.00558064 0.02200000
v -0.00023279 -0.00554644 0.02200000
v -0.00661200 0.00132500 0.00600000
v -0.00608800 0.00132500 0.00600000
v -0.00711200 0.00082500 0.00750000
v -0.00710869 0.00082831 0.00750000
v -0.00558800 0.00082500 0.00750000
v -0.00558800 0.00082500 0.00751000
v -0.00559131 0.00082831 0.00750000
v -0.00711200 0.00082500 0.02200000
v -0.00558800 0.00082500 0.02200000
v -0.01500000 -0.00700000 0.04600000
v -0.01200000 -0.00400000 0.05000000
v -0.01500000 0.01500000 0.02200000
v -0.00661200 0.00667500 0.00600000
v -0.00608800 0.00667500 0.00600000
v -0.00710869 0.00717169 0.00750000
v -0.00711200 0.00717500 0.00750000
v -0.00559131 0.00717169 0.00750000
v -0.00558800 0.00717500 0.00750000
v -0.00711200 0.00717500 0.02200000
v -0.00558800 0.00717500 0.02200000
v -0.01500000 0.01500000 0.04600000
v -0.01200000 0.01200000 0.05000000
v -0.00000000 -0.00978500 0.00450000
v 0.00018378 -0.00977597 0.00450000
v 0.00036579 -0.00974897 0.00450000
v 0.00054428 -0.00970426 0.00450000
v 0.00071753 -0.00964227 0.00450000
v 0.00088387 -0.00956360 0.00450000
v -0.00000000 -0.01028500 0.00600000
v -0.00000000 -0.01028169 0.00600000
v 0.00023279 -0.01027356 0.00600000
v 0.00023247 -0.01027027 0.00600000
v 0.00046334 -0.01023936 0.00600000
v 0.00046269 -0.01023612 0.00600000
v 0.00068943 -0.01018273 0.00600000
v 0.00068846 -0.01017956 0.00600000
v 0.00090761 -0.01010115 0.00600000
v 0.00090887 -0.01010421 0.00600000
v 0.00111957 -0.01000456 0.00600000
v 0.00111801 -0.01000164 0.00600000
v 0.00131764 -0.00988199 0.00600000
v 0.00131948 -0.00988474 0.00600000
v 0.00150668 -0.00974590 0.00600000
v 0.00150458 -0.00974334 0.00600000
v 0.00167704 -0.00958704 0.00600000
v 0.00167938 -0.00958938 0.00600000
v 0.00104169 -0.00946901 0.00450000
v 0.00118949 -0.00935940 0.00450000
v 0.00132583 -0.00923583 0.00450000
v 0.00144939 -0.00909949 0.00450000
v 0.00155901 -0.00895169 0.00450000
v 0.00165360 -0.00879387 0.00450000
v 0.00183590 -0.00941668 0.00600000
v 0.00183334 -0.00941458 0.00600000
v 0.00173227 -0.00862753 0.00450000
v 0.00179426 -0.00845428 0.00450000
v 0.00183897 -0.00827579 0.00450000
v 0.00186597 -0.00809378 0.00450000
v 0.00186597 -0.00772622 0.00450000
v 0.00183897 -0.00754421 0.00450000
v 0.00179426 -0.00736572 0.00450000
v 0.00173227 -0.00719247 0.00450000
v 0.00197474 -0.00922948 0.00600000
v 0.00197199 -0.00922764 0.00600000
v 0.00209164 -0.00902801 0.00600000
v 0.00209456 -0.00902957 0.00600000
v 0.00219115 -0.00881761 0.00600000
v 0.00219421 -0.00881887 0.00600000
v 0.00227273 -0.00859943 0.00600000
v 0.00226956 -0.00859846 0.00600000
v 0.00232612 -0.00837269 0.00600000
v 0.00232937 -0.00837334 0.00600000
v 0.00236027 -0.00814247 0.00600000
v 0.00236356 -0.00814279 0.00600000
v 0.00187500 -0.00791000 0.00450000
v 0.00232612 -0.00744731 0.00600000
v 0.00232937 -0.00744666 0.00600000
v 0.00227273 -0.00722057 0.00600000
v 0.00226956 -0.00722154 0.00600000
v 0.00237169 -0.00791000 0.00600000
v 0.00237500 -0.00791000 0.00600000
v 0.00236027 -0.00767753 0.00600000
v 0.00236356 -0.00767721 0.00600000
v 0.00000000 -0.00603500 0.00450000
v 0.00018378 -0.00604403 0.00450000
v 0.00036579 -0.00607103 0.00450000
v 0.00054428 -0.00611574 0.00450000
v 0.00071753 -0.00617773 0.00450000
v 0.00088387 -0.00625640 0.00450000
v 0.00023247 -0.00554973 0.00600000
v 0.00023279 -0.00554644 0.00600000
v 0.00046269 -0.00558388 0.00600000
v 0.00046334 -0.00558064 0.00600000
v 0.00068943 -0.00563727 0.00600000
v 0.00068846 -0.00564044 0.00600000
v 0.00090761 -0.00571885 0.00600000
v 0.00090887 -0.00571579 0.00600000
v 0.00104169 -0.00635099 0.00450000
v 0.00132583 -0.00658417 0.00450000
v 0.00118949 -0.00646061 0.00450000
v 0.00155901 -0.00686831 0.00450000
v 0.00165360 -0.00702613 0.00450000
v 0.00144939 -0.00672051 0.00450000
v 0.00183590 -0.00640332 0.00600000
v 0.00183334 -0.00640542 0.00600000
v 0.00111801 -0.00581836 0.00600000
v 0.00111957 -0.00581544 0.00600000
v 0.00131764 -0.00593801 0.00600000
v 0.00131948 -0.00593526 0.00600000
v 0.00150668 -0.00607410 0.00600000
v 0.00150458 -0.00607666 0.00600000
v 0.00167704 -0.00623296 0.00600000
v 0.00167938 -0.00623062 0.00600000
v 0.00000000 -0.00553500 0.00600000
v 0.00000000 -0.00553831 0.00600000
v 0.00209164 -0.00679199 0.00600000
v 0.00209456 -0.00679043 0.00600000
v 0.00219115 -0.00700239 0.00600000
v 0.00219421 -0.00700113 0.00600000
v 0.00197474 -0.00659052 0.00600000
v 0.00197199 -0.00659236 0.00600000
v -0.00000000 -0.01028500 0.02250000
v 0.00023279 -0.01027356 0.02250000
v 0.00046334 -0.01023936 0.02250000
v 0.00068943 -0.01018273 0.02250000
v 0.00090887 -0.01010421 0.02250000
v 0.00111957 -0.01000456 0.02250000
v 0.00131948 -0.00988474 0.02250000
v 0.00150668 -0.00974590 0.02250000
v 0.00167938 -0.00958938 0.02250000
v 0.00183590 -0.00941668 0.02250000
v 0.00000000 -0.00791000 0.02250000
v 0.00197474 -0.00922948 0.02250000
v 0.00209456 -0.00902957 0.02250000
v 0.00219421 -0.00881887 0.02250000
v 0.00227273 -0.00859943 0.02250000
v 0.00232937 -0.00837334 0.02250000
v 0.00236356 -0.00814279 0.02250000
v 0.00232937 -0.00744666 0.02250000
v 0.00227273 -0.00722057 0.02250000
v 0.00237500 -0.00791000 0.02250000
v 0.00236356 -0.00767721 0.02250000
v 0.00023279 -0.00554644 0.02200000
v 0.00046334 -0.00558064 0.02200000
v 0.00068943 -0.00563727 0.02200000
v 0.00090887 -0.00571579 0.02200000
v 0.00183590 -0.00640332 0.02200000
v 0.00111957 -0.00581544 0.02200000
v 0.00131948 -0.00593526 0.02200000
v 0.00150668 -0.00607410 0.02200000
v 0.00167938 -0.00623062 0.02200000
v 0.00000000 -0.00553500 0.02200000
v 0.00209456 -0.00679043 0.02200000
v 0.00219368 -0.00700000 0.02200000
v 0.00219421 -0.00700113 0.02250000
v 0.00219368 -0.00700000 0.02250000
v 0.00197474 -0.00659052 0.02200000
v 0.00558800 0.00082500 0.00750000
v 0.00559131 0.00082831 0.00750000
v 0.00608800 0.00132500 0.00600000
v 0.00661200 0.00132500 0.00600000
v 0.00711200 0.00082500 0.00750000
v 0.00711200 0.00082500 0.00751000
v 0.00710869 0.00082831 0.00750000
v 0.00558800 0.00082500 0.02200000
v 0.00711200 0.00082500 0.02200000
v 0.01500000 -0.00700000 0.02200000
v 0.01200000 -0.00400000 0.05000000
v 0.01500000 -0.00700000 0.04600000
v 0.00559131 0.00717169 0.00750000
v 0.00558800 0.00717500 0.00750000
v 0.00608800 0.00667500 0.00600000
v 0.00661200 0.00667500 0.00600000
v 0.00710869 0.00717169 0.00750000
v 0.00711200 0.00717500 0.00750000
v 0.00558800 0.00717500 0.02200000
v 0.00711200 0.00717500 0.02200000
v 0.01500000 0.01500000 0.02200000
v 0.01200000 0.01200000 0.05000000
v 0.01500000 0.01500000 0.04600000
v -0.00197336 -0.00922856 0.00600000
v -0.00219268 -0.00881824 0.00600000
v -0.00203465 -0.00912952 0.00600000
v -0.00203328 -0.00912860 0.00600000
v -0.00214439 -0.00892422 0.00600000
v -0.00214286 -0.00892359 0.00600000
v -0.00203181 -0.00912782 0.00600000
v -0.00214140 -0.00892281 0.00600000
v -0.00209310 -0.00902879 0.00600000
v -0.00236192 -0.00814263 0.00600000
v -0.00223347 -0.00870915 0.00600000
v -0.00223194 -0.00870852 0.00600000
v -0.00223036 -0.00870804 0.00600000
v -0.00227115 -0.00859895 0.00600000
v -0.00234646 -0.00825807 0.00600000
v -0.00230105 -0.00848638 0.00600000
v -0.00234484 -0.00825774 0.00600000
v -0.00234319 -0.00825758 0.00600000
v -0.00229943 -0.00848606 0.00600000
v -0.00229784 -0.00848558 0.00600000
v -0.00232774 -0.00837302 0.00600000
v -0.00236928 -0.00802640 0.00600000
v -0.00236763 -0.00802640 0.00600000
v -0.00236598 -0.00802623 0.00600000
v -0.00237334 -0.00791000 0.00600000
v -0.00236928 -0.00779360 0.00600000
v -0.00236763 -0.00779360 0.00600000
v -0.00236598 -0.00779377 0.00600000
v -0.00236192 -0.00767737 0.00600000
v -0.00234646 -0.00756193 0.00600000
v -0.00234484 -0.00756226 0.00600000
v -0.00234319 -0.00756242 0.00600000
v -0.00232774 -0.00744698 0.00600000
v -0.00230105 -0.00733362 0.00600000
v -0.00229943 -0.00733394 0.00600000
v -0.00229784 -0.00733442 0.00600000
v -0.00227115 -0.00722105 0.00600000
v -0.00167821 -0.00958821 0.00600000
v -0.00159303 -0.00966764 0.00600000
v -0.00159186 -0.00966647 0.00600000
v -0.00159081 -0.00966519 0.00600000
v -0.00150563 -0.00974462 0.00600000
v -0.00111879 -0.01000310 0.00600000
v -0.00141308 -0.00981532 0.00600000
v -0.00121952 -0.00994465 0.00600000
v -0.00121874 -0.00994319 0.00600000
v -0.00141216 -0.00981394 0.00600000
v -0.00141111 -0.00981266 0.00600000
v -0.00121782 -0.00994181 0.00600000
v -0.00131856 -0.00988336 0.00600000
v -0.00192238 -0.00880574 0.00525000
v -0.00187262 -0.00891094 0.00525000
v -0.00176550 -0.00908967 0.00525000
v -0.00182532 -0.00898985 0.00525000
v -0.00160630 -0.00887278 0.00450000
v -0.00171069 -0.00916356 0.00525000
v -0.00150420 -0.00902559 0.00450000
v -0.00143326 -0.00947322 0.00525000
v -0.00134704 -0.00955137 0.00525000
v -0.00125356 -0.00962069 0.00525000
v -0.00150143 -0.00941143 0.00525000
v -0.00138761 -0.00916766 0.00450000
v -0.00125766 -0.00929761 0.00450000
v -0.00107985 -0.00973532 0.00525000
v -0.00117967 -0.00967550 0.00525000
v -0.00111559 -0.00941420 0.00450000
v -0.00190532 -0.00932308 0.00600000
v -0.00190394 -0.00932216 0.00600000
v -0.00175764 -0.00950303 0.00600000
v -0.00175647 -0.00950186 0.00600000
v -0.00190266 -0.00932111 0.00600000
v -0.00175519 -0.00950081 0.00600000
v -0.00164137 -0.00925704 0.00525000
v -0.00157958 -0.00932520 0.00525000
v -0.00183462 -0.00941563 0.00600000
v -0.00100094 -0.00978262 0.00525000
v -0.00096278 -0.00951630 0.00450000
v -0.00091777 -0.00982196 0.00525000
v -0.00080070 -0.00960294 0.00450000
v -0.00063091 -0.00967327 0.00450000
v -0.00045504 -0.00972662 0.00450000
v -0.00027479 -0.00976247 0.00450000
v -0.00101422 -0.01005439 0.00600000
v -0.00101344 -0.01005293 0.00600000
v -0.00101281 -0.01005140 0.00600000
v -0.00081257 -0.00987171 0.00525000
v -0.00090824 -0.01010268 0.00600000
v -0.00079915 -0.01014347 0.00600000
v -0.00070300 -0.00991092 0.00525000
v -0.00061637 -0.00994191 0.00525000
v -0.00079867 -0.01014189 0.00600000
v -0.00079804 -0.01014036 0.00600000
v -0.00068895 -0.01018115 0.00600000
v -0.00057638 -0.01021105 0.00600000
v -0.00050349 -0.00997019 0.00525000
v -0.00041424 -0.00999254 0.00525000
v -0.00032324 -0.01000604 0.00525000
v -0.00057606 -0.01020943 0.00600000
v -0.00057558 -0.01020784 0.00600000
v -0.00046302 -0.01023774 0.00600000
v -0.00034807 -0.01025646 0.00600000
v -0.00034774 -0.01025484 0.00600000
v -0.00020812 -0.01002312 0.00525000
v -0.00034758 -0.01025319 0.00600000
v -0.00023263 -0.01027192 0.00600000
v -0.00196171 -0.00872257 0.00525000
v -0.00200092 -0.00861300 0.00525000
v -0.00169294 -0.00871070 0.00450000
v -0.00203191 -0.00852637 0.00525000
v -0.00206019 -0.00841349 0.00525000
v -0.00176327 -0.00854091 0.00450000
v -0.00209962 -0.00820913 0.00525000
v -0.00208254 -0.00832424 0.00525000
v -0.00181662 -0.00836504 0.00450000
v -0.00211312 -0.00811812 0.00525000
v -0.00211883 -0.00800189 0.00525000
v -0.00185247 -0.00818479 0.00450000
v -0.00212334 -0.00791000 0.00525000
v -0.00211763 -0.00779377 0.00525000
v -0.00187049 -0.00800189 0.00450000
v -0.00211312 -0.00770188 0.00525000
v -0.00209604 -0.00758676 0.00525000
v -0.00187049 -0.00781811 0.00450000
v -0.00208254 -0.00749576 0.00525000
v -0.00185247 -0.00763521 0.00450000
v -0.00206019 -0.00740651 0.00525000
v -0.00203191 -0.00729363 0.00525000
v -0.00181662 -0.00745496 0.00450000
v -0.00176327 -0.00727909 0.00450000
v -0.00223347 -0.00711085 0.00600000
v -0.00223194 -0.00711148 0.00600000
v -0.00223036 -0.00711196 0.00600000
v -0.00199271 -0.00718406 0.00525000
v -0.00196171 -0.00709743 0.00525000
v -0.00219268 -0.00700176 0.00600000
v -0.00214439 -0.00689578 0.00600000
v -0.00214286 -0.00689641 0.00600000
v -0.00214140 -0.00689719 0.00600000
v -0.00209310 -0.00679121 0.00600000
v -0.00203465 -0.00669048 0.00600000
v -0.00203328 -0.00669140 0.00600000
v -0.00203181 -0.00669218 0.00600000
v -0.00197336 -0.00659144 0.00600000
v -0.00165360 -0.00791000 0.00450000
v -0.00160630 -0.00798891 0.00450000
v -0.00155150 -0.00806281 0.00450000
v -0.00142154 -0.00819276 0.00450000
v -0.00148971 -0.00813098 0.00450000
v -0.00134765 -0.00824757 0.00450000
v -0.00126874 -0.00829487 0.00450000
v -0.00118557 -0.00833420 0.00450000
v -0.00109894 -0.00836520 0.00450000
v -0.00100970 -0.00838755 0.00450000
v -0.00091869 -0.00840105 0.00450000
v -0.00169294 -0.00782683 0.00450000
v -0.00172393 -0.00774021 0.00450000
v -0.00174629 -0.00765096 0.00450000
v -0.00175979 -0.00755996 0.00450000
v -0.00176430 -0.00746807 0.00450000
v -0.00175979 -0.00737617 0.00450000
v -0.00174629 -0.00728517 0.00450000
v -0.00172393 -0.00719592 0.00450000
v -0.00169294 -0.00710930 0.00450000
v -0.00192238 -0.00701426 0.00525000
v -0.00187262 -0.00690906 0.00525000
v -0.00181279 -0.00680925 0.00525000
v -0.00176550 -0.00673033 0.00525000
v -0.00160630 -0.00694722 0.00450000
v -0.00171069 -0.00665644 0.00525000
v -0.00155150 -0.00687332 0.00450000
v -0.00150420 -0.00679441 0.00450000
v -0.00148971 -0.00680515 0.00450000
v -0.00138761 -0.00665234 0.00450000
v -0.00142154 -0.00674337 0.00450000
v -0.00125766 -0.00652239 0.00450000
v -0.00134765 -0.00668856 0.00450000
v -0.00111559 -0.00640580 0.00450000
v -0.00190532 -0.00649692 0.00600000
v -0.00190394 -0.00649784 0.00600000
v -0.00190266 -0.00649889 0.00600000
v -0.00164137 -0.00656296 0.00525000
v -0.00183462 -0.00640437 0.00600000
v -0.00175764 -0.00631697 0.00600000
v -0.00156322 -0.00647674 0.00525000
v -0.00150143 -0.00640857 0.00525000
v -0.00175647 -0.00631814 0.00600000
v -0.00175519 -0.00631919 0.00600000
v -0.00167821 -0.00623179 0.00600000
v -0.00159303 -0.00615236 0.00600000
v -0.00159186 -0.00615353 0.00600000
v -0.00141520 -0.00633042 0.00525000
v -0.00134704 -0.00626863 0.00525000
v -0.00159081 -0.00615481 0.00600000
v -0.00150563 -0.00607538 0.00600000
v -0.00141308 -0.00600468 0.00600000
v -0.00125356 -0.00619931 0.00525000
v -0.00117967 -0.00614450 0.00525000
v -0.00141216 -0.00600606 0.00600000
v -0.00141111 -0.00600734 0.00600000
v -0.00131856 -0.00593664 0.00600000
v -0.00107985 -0.00608468 0.00525000
v -0.00121874 -0.00587681 0.00600000
v -0.00121782 -0.00587819 0.00600000
v -0.00121952 -0.00587535 0.00600000
v -0.00111879 -0.00581690 0.00600000
v -0.00126874 -0.00664126 0.00450000
v -0.00096278 -0.00630370 0.00450000
v -0.00100094 -0.00603738 0.00525000
v -0.00118557 -0.00660193 0.00450000
v -0.00080070 -0.00621706 0.00450000
v -0.00109894 -0.00657093 0.00450000
v -0.00063091 -0.00614673 0.00450000
v -0.00100970 -0.00654858 0.00450000
v -0.00045504 -0.00609338 0.00450000
v -0.00091869 -0.00653508 0.00450000
v -0.00027479 -0.00605753 0.00450000
v -0.00101344 -0.00576707 0.00600000
v -0.00101422 -0.00576561 0.00600000
v -0.00101281 -0.00576860 0.00600000
v -0.00089574 -0.00598762 0.00525000
v -0.00081257 -0.00594829 0.00525000
v -0.00090824 -0.00571732 0.00600000
v -0.00079915 -0.00567653 0.00600000
v -0.00070300 -0.00590908 0.00525000
v -0.00061637 -0.00587809 0.00525000
v -0.00079867 -0.00567811 0.00600000
v -0.00079804 -0.00567964 0.00600000
v -0.00068895 -0.00563885 0.00600000
v -0.00050349 -0.00584981 0.00525000
v -0.00041424 -0.00582746 0.00525000
v -0.00057606 -0.00561057 0.00600000
v -0.00057558 -0.00561216 0.00600000
v -0.00057638 -0.00560895 0.00600000
v -0.00046302 -0.00558226 0.00600000
v -0.00029913 -0.00581038 0.00525000
v -0.00020812 -0.00579688 0.00525000
v -0.00034758 -0.00556681 0.00600000
v -0.00034774 -0.00556516 0.00600000
v -0.00034807 -0.00556354 0.00600000
v -0.00023263 -0.00554808 0.00600000
v -0.00197474 -0.00922948 0.01425000
v -0.00203465 -0.00912952 0.01425000
v -0.00219421 -0.00881887 0.01425000
v -0.00223347 -0.00870915 0.01425000
v -0.00214439 -0.00892422 0.01425000
v -0.00209456 -0.00902957 0.01425000
v -0.00203465 -0.00912952 0.02250000
v -0.00214439 -0.00892422 0.02250000
v -0.00236356 -0.00814279 0.01425000
v -0.00236928 -0.00802640 0.01425000
v -0.00227273 -0.00859943 0.01425000
v -0.00230105 -0.00848638 0.01425000
v -0.00223347 -0.00870915 0.02250000
v -0.00234646 -0.00825807 0.01425000
v -0.00232937 -0.00837334 0.01425000
v -0.00234646 -0.00825807 0.02250000
v -0.00230105 -0.00848638 0.02250000
v -0.00237500 -0.00791000 0.01425000
v -0.00236928 -0.00802640 0.02250000
v -0.00236928 -0.00779360 0.01425000
v -0.00236356 -0.00767721 0.01425000
v -0.00236928 -0.00779360 0.02250000
v -0.00234646 -0.00756193 0.01425000
v -0.00232937 -0.00744666 0.01425000
v -0.00230105 -0.00733362 0.01425000
v -0.00234646 -0.00756193 0.02250000
v -0.00227273 -0.00722057 0.01425000
v -0.00230105 -0.00733362 0.02250000
v -0.00167938 -0.00958938 0.01425000
v -0.00159303 -0.00966764 0.01425000
v -0.00175764 -0.00950303 0.01425000
v -0.00150668 -0.00974590 0.01425000
v -0.00141308 -0.00981532 0.01425000
v -0.00159303 -0.00966764 0.02250000
v -0.00111957 -0.01000456 0.01425000
v -0.00101422 -0.01005439 0.01425000
v -0.00121952 -0.00994465 0.01425000
v -0.00131948 -0.00988474 0.01425000
v -0.00141308 -0.00981532 0.02250000
v -0.00121952 -0.00994465 0.02250000
v -0.00190532 -0.00932308 0.01425000
v -0.00183590 -0.00941668 0.01425000
v -0.00190532 -0.00932308 0.02250000
v -0.00175764 -0.00950303 0.02250000
v -0.00090887 -0.01010421 0.01425000
v -0.00101422 -0.01005439 0.02250000
v -0.00079915 -0.01014347 0.01425000
v -0.00068943 -0.01018273 0.01425000
v -0.00079915 -0.01014347 0.02250000
v -0.00057638 -0.01021105 0.01425000
v -0.00046334 -0.01023936 0.01425000
v -0.00034807 -0.01025646 0.01425000
v -0.00057638 -0.01021105 0.02250000
v -0.00023279 -0.01027356 0.01425000
v -0.00034807 -0.01025646 0.02250000
v -0.00859684 -0.00700000 0.02200000
v -0.00219395 -0.00700056 0.01400000
v -0.00854728 -0.00689522 0.02200000
v -0.00214439 -0.00689578 0.01400000
v -0.00209456 -0.00679043 0.01400000
v -0.00214412 -0.00689522 0.02200000
v -0.00223347 -0.00711085 0.01425000
v -0.00219421 -0.00700113 0.01425000
v -0.00223347 -0.00711085 0.02250000
v -0.00219395 -0.00700056 0.02225000
v -0.00859684 -0.00700000 0.02225000
v -0.00219368 -0.00700000 0.02225000
v -0.00219395 -0.00700056 0.02250000
v -0.00848737 -0.00679526 0.02200000
v -0.00203465 -0.00669048 0.01400000
v -0.00197474 -0.00659052 0.01400000
v -0.00203465 -0.00669048 0.02200000
v -0.00841795 -0.00670166 0.02200000
v -0.00190532 -0.00649692 0.01400000
v -0.00183590 -0.00640332 0.01400000
v -0.00190532 -0.00649692 0.02200000
v -0.00833969 -0.00661531 0.02200000
v -0.00175764 -0.00631697 0.01400000
v -0.00167938 -0.00623062 0.01400000
v -0.00175764 -0.00631697 0.02200000
v -0.00159303 -0.00615236 0.01400000
v -0.00150668 -0.00607410 0.01400000
v -0.00159303 -0.00615236 0.02200000
v -0.00141308 -0.00600468 0.01400000
v -0.00131948 -0.00593526 0.01400000
v -0.00141308 -0.00600468 0.02200000
v -0.00121952 -0.00587535 0.01400000
v -0.00111957 -0.00581544 0.01400000
v -0.00121952 -0.00587535 0.02200000
v -0.00101422 -0.00576561 0.01400000
v -0.00090887 -0.00571579 0.01400000
v -0.00101422 -0.00576561 0.02200000
v -0.00079915 -0.00567653 0.01400000
v -0.00068943 -0.00563727 0.01400000
v -0.00079915 -0.00567653 0.02200000
v -0.00057638 -0.00560895 0.01400000
v -0.00046334 -0.00558064 0.01400000
v -0.00057638 -0.00560895 0.02200000
v -0.00034807 -0.00556354 0.01400000
v -0.00023279 -0.00554644 0.01400000
v -0.00034807 -0.00556354 0.02200000
v -0.00635000 0.00132500 0.00600000
v -0.00686034 0.00107666 0.00675000
v -0.00711034 0.00082666 0.00750000
v -0.00635000 0.00082500 0.00750000
v -0.00635000 0.00082500 0.00750500
v -0.00558800 0.00082500 0.00750500
v -0.00610166 0.00107666 0.00675000
v -0.00583966 0.00107666 0.00675000
v -0.00635166 0.00082666 0.00750000
v -0.00635000 0.00082831 0.00750000
v -0.00558966 0.00082666 0.00750000
v -0.01105600 -0.00308750 0.02200000
v -0.00439569 -0.00270281 0.02200000
v -0.00711200 0.00082500 0.01475000
v -0.00635000 0.00082500 0.01475500
v -0.00363369 -0.00270281 0.02200000
v -0.00354734 -0.00262455 0.02200000
v -0.00345374 -0.00255513 0.02200000
v -0.00335378 -0.00249522 0.02200000
v -0.00324844 -0.00244539 0.02200000
v -0.00313871 -0.00240613 0.02200000
v -0.00302567 -0.00237782 0.02200000
v -0.00291040 -0.00236072 0.02200000
v -0.00558800 0.00082500 0.01475500
v -0.00635000 0.00082500 0.02200000
v -0.01500000 -0.00700000 0.03400000
v -0.00859684 -0.00700000 0.03425000
v -0.01350000 -0.00550000 0.04800000
v -0.01500000 0.00400000 0.02200000
v -0.00661200 0.00400000 0.00600000
v -0.00635000 0.00400000 0.00600000
v -0.00686034 0.00375166 0.00675000
v -0.00608800 0.00400000 0.00600000
v -0.00635000 0.00667500 0.00600000
v -0.00710869 0.00400000 0.00750000
v -0.00686034 0.00692334 0.00675000
v -0.00659834 0.00692334 0.00675000
v -0.00711200 0.00400000 0.00750000
v -0.00711034 0.00400166 0.00750000
v -0.00711034 0.00717334 0.00750000
v -0.00583966 0.00424834 0.00675000
v -0.00558966 0.00399834 0.00750000
v -0.00559131 0.00400000 0.00750000
v -0.00583966 0.00692334 0.00675000
v -0.00635000 0.00717169 0.00750000
v -0.00558800 0.00400000 0.00750000
v -0.00558800 0.00400000 0.00750500
v -0.00558800 0.00400000 0.01475000
v -0.00634834 0.00717334 0.00750000
v -0.00635000 0.00717500 0.00750000
v -0.00558966 0.00717334 0.00750000
v -0.01105600 0.00008750 0.02200000
v -0.00711200 0.00400000 0.01475000
v -0.00711200 0.00400000 0.02200000
v -0.01105600 0.01108750 0.02200000
v -0.00711200 0.00717500 0.01475000
v -0.00558800 0.00400000 0.02200000
v -0.01029400 0.01108750 0.02200000
v -0.00635000 0.00717500 0.01475000
v -0.00558800 0.00717500 0.01475000
v -0.00635000 0.00717500 0.02200000
v -0.01500000 0.00400000 0.03400000
v -0.01500000 0.00400000 0.04600000
v -0.01500000 0.01500000 0.03400000
v -0.01350000 0.00250000 0.04800000
v -0.01200000 0.00400000 0.05000000
v -0.01350000 0.01350000 0.04800000
v -0.00009189 -0.00978049 0.00450000
v -0.00011623 -0.01002763 0.00525000
v -0.00082680 -0.00840557 0.00450000
v -0.00073491 -0.00840105 0.00450000
v 0.00009189 -0.00978049 0.00450000
v -0.00064390 -0.00838755 0.00450000
v 0.00027479 -0.00976247 0.00450000
v -0.00055466 -0.00836520 0.00450000
v 0.00045504 -0.00972662 0.00450000
v -0.00046804 -0.00833420 0.00450000
v 0.00063091 -0.00967327 0.00450000
v -0.00038487 -0.00829487 0.00450000
v 0.00080070 -0.00960294 0.00450000
v -0.00011640 -0.01027928 0.00600000
v -0.00011640 -0.01027763 0.00600000
v -0.00011623 -0.01027598 0.00600000
v -0.00000000 -0.01003334 0.00525000
v 0.00009189 -0.01002883 0.00525000
v -0.00000000 -0.01028334 0.00600000
v 0.00011640 -0.01027928 0.00600000
v 0.00020812 -0.01002312 0.00525000
v 0.00029913 -0.01000962 0.00525000
v 0.00011623 -0.01027763 0.00600000
v 0.00011623 -0.01027598 0.00600000
v 0.00023263 -0.01027192 0.00600000
v 0.00034807 -0.01025646 0.00600000
v 0.00034790 -0.01025482 0.00600000
v 0.00041424 -0.00999254 0.00525000
v 0.00050349 -0.00997019 0.00525000
v 0.00034758 -0.01025319 0.00600000
v 0.00046302 -0.01023774 0.00600000
v 0.00057638 -0.01021105 0.00600000
v 0.00057606 -0.01020943 0.00600000
v 0.00061637 -0.00994191 0.00525000
v 0.00070300 -0.00991092 0.00525000
v 0.00057558 -0.01020784 0.00600000
v 0.00068895 -0.01018115 0.00600000
v 0.00081257 -0.00987171 0.00525000
v 0.00089574 -0.00983238 0.00525000
v 0.00079852 -0.01014194 0.00600000
v 0.00079804 -0.01014036 0.00600000
v 0.00079915 -0.01014347 0.00600000
v 0.00090824 -0.01010268 0.00600000
v 0.00101359 -0.01005286 0.00600000
v 0.00101422 -0.01005439 0.00600000
v 0.00100094 -0.00978262 0.00525000
v 0.00101281 -0.01005140 0.00600000
v 0.00111879 -0.01000310 0.00600000
v 0.00121782 -0.00994181 0.00600000
v 0.00121952 -0.00994465 0.00600000
v 0.00121874 -0.00994319 0.00600000
v 0.00131856 -0.00988336 0.00600000
v 0.00141308 -0.00981532 0.00600000
v 0.00141111 -0.00981266 0.00600000
v 0.00141203 -0.00981404 0.00600000
v 0.00150563 -0.00974462 0.00600000
v 0.00159081 -0.00966519 0.00600000
v 0.00159303 -0.00966764 0.00600000
v 0.00159198 -0.00966636 0.00600000
v 0.00167821 -0.00958821 0.00600000
v -0.00030595 -0.00824757 0.00450000
v 0.00096278 -0.00951630 0.00450000
v 0.00107985 -0.00973532 0.00525000
v 0.00117967 -0.00967550 0.00525000
v -0.00023206 -0.00819276 0.00450000
v 0.00125356 -0.00962069 0.00525000
v 0.00134704 -0.00955137 0.00525000
v 0.00111559 -0.00941420 0.00450000
v -0.00016389 -0.00813098 0.00450000
v 0.00141520 -0.00948958 0.00525000
v 0.00150143 -0.00941143 0.00525000
v 0.00125766 -0.00929761 0.00450000
v -0.00010210 -0.00806281 0.00450000
v 0.00138761 -0.00916766 0.00450000
v -0.00004730 -0.00798891 0.00450000
v 0.00150420 -0.00902559 0.00450000
v 0.00000000 -0.00791000 0.00450000
v 0.00160630 -0.00887278 0.00450000
v 0.00175764 -0.00950303 0.00600000
v 0.00175519 -0.00950081 0.00600000
v 0.00175636 -0.00950198 0.00600000
v 0.00157958 -0.00932520 0.00525000
v 0.00164137 -0.00925704 0.00525000
v 0.00183462 -0.00941563 0.00600000
v 0.00003934 -0.00782683 0.00450000
v 0.00169294 -0.00871070 0.00450000
v 0.00007033 -0.00774021 0.00450000
v 0.00176327 -0.00854091 0.00450000
v 0.00009269 -0.00765096 0.00450000
v 0.00181662 -0.00836504 0.00450000
v 0.00010618 -0.00755996 0.00450000
v 0.00185247 -0.00818479 0.00450000
v 0.00010618 -0.00737617 0.00450000
v 0.00009269 -0.00728517 0.00450000
v 0.00185247 -0.00763521 0.00450000
v 0.00007033 -0.00719592 0.00450000
v 0.00181662 -0.00745496 0.00450000
v 0.00003934 -0.00710930 0.00450000
v 0.00176327 -0.00727909 0.00450000
v 0.00190532 -0.00932308 0.00600000
v 0.00171069 -0.00916356 0.00525000
v 0.00176550 -0.00908967 0.00525000
v 0.00181279 -0.00901075 0.00525000
v 0.00190394 -0.00932216 0.00600000
v 0.00190266 -0.00932111 0.00600000
v 0.00197336 -0.00922856 0.00600000
v 0.00187262 -0.00891094 0.00525000
v 0.00191196 -0.00882777 0.00525000
v 0.00203181 -0.00912782 0.00600000
v 0.00203465 -0.00912952 0.00600000
v 0.00203328 -0.00912860 0.00600000
v 0.00209310 -0.00902879 0.00600000
v 0.00196171 -0.00872257 0.00525000
v 0.00214140 -0.00892281 0.00600000
v 0.00214293 -0.00892344 0.00600000
v 0.00214439 -0.00892422 0.00600000
v 0.00219268 -0.00881824 0.00600000
v 0.00223347 -0.00870915 0.00600000
v 0.00200092 -0.00861300 0.00525000
v 0.00203191 -0.00852637 0.00525000
v 0.00205427 -0.00843713 0.00525000
v 0.00223036 -0.00870804 0.00600000
v 0.00223189 -0.00870867 0.00600000
v 0.00227115 -0.00859895 0.00600000
v 0.00208254 -0.00832424 0.00525000
v 0.00209604 -0.00823324 0.00525000
v 0.00229784 -0.00848558 0.00600000
v 0.00230105 -0.00848638 0.00600000
v 0.00229946 -0.00848590 0.00600000
v 0.00232774 -0.00837302 0.00600000
v 0.00211312 -0.00811812 0.00525000
v 0.00234319 -0.00825758 0.00600000
v 0.00234482 -0.00825790 0.00600000
v 0.00234646 -0.00825807 0.00600000
v 0.00236192 -0.00814263 0.00600000
v 0.00011070 -0.00746807 0.00450000
v 0.00187049 -0.00800189 0.00450000
v 0.00187049 -0.00781811 0.00450000
v 0.00211763 -0.00802623 0.00525000
v 0.00208254 -0.00749576 0.00525000
v 0.00206019 -0.00740651 0.00525000
v 0.00232774 -0.00744698 0.00600000
v 0.00230105 -0.00733362 0.00600000
v 0.00203191 -0.00729363 0.00525000
v 0.00200092 -0.00720700 0.00525000
v 0.00229784 -0.00733442 0.00600000
v 0.00229946 -0.00733410 0.00600000
v 0.00227115 -0.00722105 0.00600000
v 0.00211883 -0.00781811 0.00525000
v 0.00236598 -0.00802623 0.00600000
v 0.00236763 -0.00802640 0.00600000
v 0.00212334 -0.00791000 0.00525000
v 0.00236928 -0.00802640 0.00600000
v 0.00237334 -0.00791000 0.00600000
v 0.00211312 -0.00770188 0.00525000
v 0.00209962 -0.00761087 0.00525000
v 0.00234319 -0.00756242 0.00600000
v 0.00236598 -0.00779377 0.00600000
v 0.00234484 -0.00756226 0.00600000
v 0.00234646 -0.00756193 0.00600000
v 0.00236763 -0.00779360 0.00600000
v 0.00236928 -0.00779360 0.00600000
v 0.00236192 -0.00767737 0.00600000
v -0.00082680 -0.00653057 0.00450000
v -0.00009189 -0.00603951 0.00450000
v -0.00073491 -0.00653508 0.00450000
v 0.00009189 -0.00603951 0.00450000
v -0.00064390 -0.00654858 0.00450000
v 0.00027479 -0.00605753 0.00450000
v -0.00055466 -0.00657093 0.00450000
v 0.00045504 -0.00609338 0.00450000
v -0.00046804 -0.00660193 0.00450000
v 0.00063091 -0.00614673 0.00450000
v -0.00038487 -0.00664126 0.00450000
v 0.00080070 -0.00621706 0.00450000
v 0.00011623 -0.00579237 0.00525000
v 0.00020812 -0.00579688 0.00525000
v 0.00023263 -0.00554808 0.00600000
v 0.00032324 -0.00581396 0.00525000
v 0.00041424 -0.00582746 0.00525000
v 0.00034758 -0.00556681 0.00600000
v 0.00034790 -0.00556518 0.00600000
v 0.00034807 -0.00556354 0.00600000
v 0.00046302 -0.00558226 0.00600000
v 0.00057638 -0.00560895 0.00600000
v 0.00052713 -0.00585573 0.00525000
v 0.00061637 -0.00587809 0.00525000
v 0.00057558 -0.00561216 0.00600000
v 0.00057590 -0.00561054 0.00600000
v 0.00068895 -0.00563885 0.00600000
v 0.00072594 -0.00591729 0.00525000
v 0.00081257 -0.00594829 0.00525000
v 0.00089574 -0.00598762 0.00525000
v 0.00079852 -0.00567806 0.00600000
v 0.00079804 -0.00567964 0.00600000
v 0.00079915 -0.00567653 0.00600000
v 0.00090824 -0.00571732 0.00600000
v -0.00030595 -0.00668856 0.00450000
v 0.00096278 -0.00630370 0.00450000
v -0.00016389 -0.00680515 0.00450000
v -0.00023206 -0.00674337 0.00450000
v 0.00111559 -0.00640580 0.00450000
v 0.00125766 -0.00652239 0.00450000
v -0.00004730 -0.00694722 0.00450000
v 0.00000000 -0.00702613 0.00450000
v 0.00169294 -0.00710930 0.00450000
v 0.00160630 -0.00694722 0.00450000
v -0.00010210 -0.00687332 0.00450000
v 0.00138761 -0.00665234 0.00450000
v 0.00150420 -0.00679441 0.00450000
v 0.00157958 -0.00649480 0.00525000
v 0.00164137 -0.00656296 0.00525000
v 0.00183462 -0.00640437 0.00600000
v 0.00100094 -0.00603738 0.00525000
v 0.00101281 -0.00576860 0.00600000
v 0.00101359 -0.00576714 0.00600000
v 0.00101422 -0.00576561 0.00600000
v 0.00111879 -0.00581690 0.00600000
v 0.00110075 -0.00609721 0.00525000
v 0.00117967 -0.00614450 0.00525000
v 0.00121782 -0.00587819 0.00600000
v 0.00121860 -0.00587672 0.00600000
v 0.00121952 -0.00587535 0.00600000
v 0.00131856 -0.00593664 0.00600000
v 0.00141308 -0.00600468 0.00600000
v 0.00127314 -0.00621383 0.00525000
v 0.00141520 -0.00633042 0.00525000
v 0.00134704 -0.00626863 0.00525000
v 0.00141111 -0.00600734 0.00600000
v 0.00141203 -0.00600596 0.00600000
v 0.00150563 -0.00607538 0.00600000
v 0.00150143 -0.00640857 0.00525000
v 0.00175647 -0.00631814 0.00600000
v 0.00175519 -0.00631919 0.00600000
v 0.00159081 -0.00615481 0.00600000
v 0.00175764 -0.00631697 0.00600000
v 0.00159303 -0.00615236 0.00600000
v 0.00159198 -0.00615364 0.00600000
v 0.00167821 -0.00623179 0.00600000
v -0.00011623 -0.00554237 0.00600000
v -0.00011640 -0.00554072 0.00600000
v 0.00011623 -0.00554237 0.00600000
v 0.00011640 -0.00554072 0.00600000
v -0.00009189 -0.00579117 0.00525000
v -0.00011623 -0.00554402 0.00600000
v 0.00000000 -0.00578666 0.00525000
v 0.00011623 -0.00554402 0.00600000
v 0.00000000 -0.00553666 0.00600000
v 0.00182532 -0.00683015 0.00525000
v 0.00187262 -0.00690906 0.00525000
v 0.00209310 -0.00679121 0.00600000
v 0.00196171 -0.00709743 0.00525000
v 0.00223036 -0.00711196 0.00600000
v 0.00192238 -0.00701426 0.00525000
v 0.00214140 -0.00689719 0.00600000
v 0.00214286 -0.00689641 0.00600000
v 0.00223347 -0.00711085 0.00600000
v 0.00223189 -0.00711133 0.00600000
v 0.00214439 -0.00689578 0.00600000
v 0.00219268 -0.00700176 0.00600000
v 0.00190532 -0.00649692 0.00600000
v 0.00203465 -0.00669048 0.00600000
v 0.00176550 -0.00673033 0.00525000
v 0.00171069 -0.00665644 0.00525000
v 0.00190394 -0.00649784 0.00600000
v 0.00190266 -0.00649889 0.00600000
v 0.00203181 -0.00669218 0.00600000
v 0.00203328 -0.00669140 0.00600000
v 0.00197336 -0.00659144 0.00600000
v -0.00011640 -0.01027928 0.01425000
v -0.00011640 -0.01027928 0.02250000
v -0.00000000 -0.01028500 0.01425000
v 0.00011640 -0.01027928 0.01425000
v 0.00023279 -0.01027356 0.01425000
v 0.00034807 -0.01025646 0.01425000
v 0.00011640 -0.01027928 0.02250000
v 0.00046334 -0.01023936 0.01425000
v 0.00057638 -0.01021105 0.01425000
v 0.00034807 -0.01025646 0.02250000
v 0.00068943 -0.01018273 0.01425000
v 0.00079915 -0.01014347 0.01425000
v 0.00057638 -0.01021105 0.02250000
v 0.00090887 -0.01010421 0.01425000
v 0.00101422 -0.01005439 0.01425000
v 0.00079915 -0.01014347 0.02250000
v 0.00111957 -0.01000456 0.01425000
v 0.00121952 -0.00994465 0.01425000
v 0.00101422 -0.01005439 0.02250000
v 0.00131948 -0.00988474 0.01425000
v 0.00141308 -0.00981532 0.01425000
v 0.00121952 -0.00994465 0.02250000
v 0.00150668 -0.00974590 0.01425000
v 0.00159303 -0.00966764 0.01425000
v 0.00141308 -0.00981532 0.02250000
v 0.00167938 -0.00958938 0.01425000
v 0.00175764 -0.00950303 0.01425000
v 0.00159303 -0.00966764 0.02250000
v 0.00183590 -0.00941668 0.01425000
v 0.00190532 -0.00932308 0.01425000
v 0.00175764 -0.00950303 0.02250000
v -0.00098737 -0.00856974 0.02250000
v -0.00109711 -0.00836444 0.02250000
v -0.00104728 -0.00846978 0.02250000
v -0.00118178 -0.00802640 0.02250000
v -0.00113637 -0.00825471 0.02250000
v -0.00116468 -0.00814167 0.02250000
v -0.00118750 -0.00791000 0.02250000
v -0.00118178 -0.00779360 0.02250000
v -0.00116468 -0.00767833 0.02250000
v -0.00113637 -0.00756529 0.02250000
v -0.00083969 -0.00874969 0.02250000
v -0.00075334 -0.00882795 0.02250000
v -0.00055978 -0.00895728 0.02250000
v -0.00065974 -0.00889737 0.02250000
v -0.00091795 -0.00866334 0.02250000
v -0.00045444 -0.00900711 0.02250000
v -0.00034471 -0.00904637 0.02250000
v -0.00023167 -0.00907468 0.02250000
v -0.00011640 -0.00909178 0.02250000
v -0.00109711 -0.00745556 0.02250000
v -0.00109684 -0.00745500 0.02250000
v -0.00000000 -0.00909750 0.02250000
v 0.00011640 -0.00909178 0.02250000
v 0.00023167 -0.00907468 0.02250000
v 0.00034471 -0.00904637 0.02250000
v 0.00045444 -0.00900711 0.02250000
v 0.00055978 -0.00895728 0.02250000
v 0.00065974 -0.00889737 0.02250000
v 0.00075334 -0.00882795 0.02250000
v 0.00083969 -0.00874969 0.02250000
v 0.00091795 -0.00866334 0.02250000
v 0.00197474 -0.00922948 0.01425000
v 0.00203465 -0.00912952 0.01425000
v 0.00190532 -0.00932308 0.02250000
v 0.00098737 -0.00856974 0.02250000
v 0.00209456 -0.00902957 0.01425000
v 0.00214439 -0.00892422 0.01425000
v 0.00104728 -0.00846978 0.02250000
v 0.00203465 -0.00912952 0.02250000
v 0.00219421 -0.00881887 0.01425000
v 0.00223347 -0.00870915 0.01425000
v 0.00109711 -0.00836444 0.02250000
v 0.00214439 -0.00892422 0.02250000
v 0.00227273 -0.00859943 0.01425000
v 0.00230105 -0.00848638 0.01425000
v 0.00113637 -0.00825471 0.02250000
v 0.00223347 -0.00870915 0.02250000
v 0.00232937 -0.00837334 0.01425000
v 0.00234646 -0.00825807 0.01425000
v 0.00116468 -0.00814167 0.02250000
v 0.00230105 -0.00848638 0.02250000
v 0.00236356 -0.00814279 0.01425000
v 0.00236928 -0.00802640 0.01425000
v 0.00118178 -0.00802640 0.02250000
v 0.00234646 -0.00825807 0.02250000
v 0.00232937 -0.00744666 0.01425000
v 0.00116468 -0.00767833 0.02250000
v 0.00230105 -0.00733362 0.01425000
v 0.00227273 -0.00722057 0.01425000
v 0.00223347 -0.00711085 0.01425000
v 0.00113637 -0.00756529 0.02250000
v 0.00230105 -0.00733362 0.02250000
v 0.00237500 -0.00791000 0.01425000
v 0.00236928 -0.00779360 0.01425000
v 0.00118750 -0.00791000 0.02250000
v 0.00236928 -0.00802640 0.02250000
v 0.00234646 -0.00756193 0.01425000
v 0.00236356 -0.00767721 0.01425000
v 0.00118178 -0.00779360 0.02250000
v 0.00234646 -0.00756193 0.02250000
v 0.00236928 -0.00779360 0.02250000
v -0.00267760 -0.00236072 0.02200000
v 0.00023279 -0.00554644 0.01400000
v 0.00011640 -0.00554072 0.01400000
v -0.00256233 -0.00237782 0.02200000
v 0.00034807 -0.00556354 0.01400000
v 0.00046334 -0.00558064 0.01400000
v 0.00034807 -0.00556354 0.02200000
v -0.00244929 -0.00240613 0.02200000
v 0.00057638 -0.00560895 0.01400000
v 0.00068943 -0.00563727 0.01400000
v 0.00057638 -0.00560895 0.02200000
v -0.00233956 -0.00244539 0.02200000
v 0.00079915 -0.00567653 0.01400000
v 0.00090887 -0.00571579 0.01400000
v 0.00079915 -0.00567653 0.02200000
v 0.00183590 -0.00640332 0.01400000
v 0.00175764 -0.00631697 0.01400000
v -0.00223422 -0.00249522 0.02200000
v -0.00223422 0.00067978 0.02200000
v 0.00101422 -0.00576561 0.01400000
v 0.00111957 -0.00581544 0.01400000
v 0.00101422 -0.00576561 0.02200000
v -0.00213426 0.00061987 0.02200000
v 0.00121952 -0.00587535 0.01400000
v 0.00131948 -0.00593526 0.01400000
v 0.00121952 -0.00587535 0.02200000
v -0.00204066 0.00055045 0.02200000
v 0.00141308 -0.00600468 0.01400000
v 0.00150668 -0.00607410 0.01400000
v 0.00141308 -0.00600468 0.02200000
v -0.00195431 0.00047219 0.02200000
v 0.00159303 -0.00615236 0.01400000
v 0.00167938 -0.00623062 0.01400000
v 0.00175764 -0.00631697 0.02200000
v 0.00159303 -0.00615236 0.02200000
v -0.00011640 -0.00554072 0.01400000
v -0.00011640 -0.00554072 0.02200000
v -0.00279400 -0.00235500 0.02200000
v 0.00000000 -0.00553500 0.01400000
v 0.00011640 -0.00554072 0.02200000
v 0.00209456 -0.00679043 0.01400000
v 0.00203465 -0.00669048 0.01400000
v 0.00214412 -0.00689522 0.01400000
v 0.00219395 -0.00700056 0.01400000
v 0.00214412 -0.00689522 0.02200000
v 0.00000027 -0.00700056 0.02250000
v 0.00219421 -0.00700113 0.01425000
v 0.00109711 -0.00745556 0.02250000
v 0.00223347 -0.00711085 0.02250000
v 0.00000000 -0.00700000 0.02250000
v -0.00640316 -0.00700000 0.03425000
v 0.00219395 -0.00700056 0.01425000
v 0.00219368 -0.00700000 0.02225000
v 0.00219395 -0.00700056 0.02250000
v 0.00190532 -0.00649692 0.01400000
v 0.00197474 -0.00659052 0.01400000
v 0.00190532 -0.00649692 0.02200000
v 0.00203465 -0.00669048 0.02200000
v 0.00558966 0.00082666 0.00750000
v 0.00583966 0.00107666 0.00675000
v 0.00635000 0.00132500 0.00600000
v 0.00635000 0.00082500 0.00750000
v 0.00635000 0.00082500 0.00750500
v 0.00711200 0.00082500 0.00750500
v 0.00634834 0.00082666 0.00750000
v 0.00635000 0.00082831 0.00750000
v 0.00659834 0.00107666 0.00675000
v 0.00686034 0.00107666 0.00675000
v 0.00711034 0.00082666 0.00750000
v -0.00470600 0.00791250 0.02200000
v 0.00558800 0.00082500 0.01475000
v 0.00635000 0.00082500 0.01475500
v 0.00711200 0.00082500 0.01475500
v 0.00635000 0.00082500 0.02200000
v 0.00000000 -0.00700000 0.03400000
v 0.00000000 0.00400000 0.02200000
v 0.00470600 0.00008750 0.02200000
v 0.00841795 -0.00670166 0.02200000
v 0.00833969 -0.00661531 0.02200000
v 0.00854728 -0.00689522 0.02200000
v 0.00859684 -0.00700000 0.02200000
v 0.00859684 -0.00700000 0.02225000
v 0.00848737 -0.00679526 0.02200000
v 0.01029400 -0.00308750 0.02200000
v 0.01105600 -0.00308750 0.02200000
v -0.00150000 -0.00550000 0.04800000
v 0.00000000 -0.00400000 0.05000000
v 0.00000000 0.00400000 0.05000000
v 0.00000000 -0.00700000 0.04600000
v 0.01500000 -0.00700000 0.03400000
v 0.01350000 -0.00550000 0.04800000
v 0.00559131 0.00400000 0.00750000
v 0.00558800 0.00400000 0.00750000
v 0.00558966 0.00400166 0.00750000
v 0.00558966 0.00717334 0.00750000
v 0.00583966 0.00375166 0.00675000
v 0.00608800 0.00400000 0.00600000
v 0.00635000 0.00400000 0.00600000
v 0.00583966 0.00692334 0.00675000
v 0.00661200 0.00400000 0.00600000
v 0.00610166 0.00692334 0.00675000
v 0.00635000 0.00667500 0.00600000
v 0.00686034 0.00424834 0.00675000
v 0.00711034 0.00399834 0.00750000
v 0.00710869 0.00400000 0.00750000
v 0.00635000 0.00717169 0.00750000
v 0.00686034 0.00692334 0.00675000
v 0.00711200 0.00400000 0.00750000
v 0.00711200 0.00400000 0.00750500
v 0.00711200 0.00400000 0.01475000
v 0.00635166 0.00717334 0.00750000
v 0.00635000 0.00717500 0.00750000
v 0.00711034 0.00717334 0.00750000
v -0.00470600 0.01108750 0.02200000
v 0.00558800 0.00400000 0.01475000
v 0.00558800 0.00400000 0.02200000
v 0.00558800 0.00717500 0.01475000
v 0.00711200 0.00400000 0.02200000
v 0.00635000 0.00717500 0.01475000
v 0.00711200 0.00717500 0.01475000
v 0.00635000 0.00717500 0.02200000
v 0.00000000 0.01500000 0.02200000
v 0.01105600 0.00791250 0.02200000
v 0.01500000 0.00400000 0.02200000
v 0.01500000 0.00400000 0.03400000
v 0.01029400 0.01108750 0.02200000
v 0.01105600 0.01108750 0.02200000
v 0.00000000 0.01200000 0.05000000
v 0.01200000 0.00400000 0.05000000
v 0.00000000 0.01500000 0.03400000
v 0.00000000 0.01500000 0.04600000
v 0.00150000 0.01350000 0.04800000
v 0.01350000 0.00550000 0.04800000
v 0.01500000 0.00400000 0.04600000
v 0.01500000 0.01500000 0.03400000
v 0.01350000 0.01350000 0.04800000
v -0.00197405 -0.00922902 0.00600000
v -0.00197268 -0.00922810 0.00600000
v -0.00219345 -0.00881856 0.00600000
v -0.00219192 -0.00881792 0.00600000
v -0.00200470 -0.00917950 0.00600000
v -0.00206461 -0.00907955 0.00600000
v -0.00200401 -0.00917904 0.00600000
v -0.00200263 -0.00917812 0.00600000
v -0.00206392 -0.00907909 0.00600000
v -0.00200332 -0.00917858 0.00600000
v -0.00203396 -0.00912906 0.00600000
v -0.00216930 -0.00887155 0.00600000
v -0.00211948 -0.00897689 0.00600000
v -0.00216854 -0.00887123 0.00600000
v -0.00216701 -0.00887060 0.00600000
v -0.00211871 -0.00897658 0.00600000
v -0.00216777 -0.00887091 0.00600000
v -0.00214362 -0.00892390 0.00600000
v -0.00200190 -0.00917773 0.00600000
v -0.00206173 -0.00907791 0.00600000
v -0.00203254 -0.00912821 0.00600000
v -0.00216628 -0.00887021 0.00600000
v -0.00211652 -0.00897541 0.00600000
v -0.00214213 -0.00892320 0.00600000
v -0.00209383 -0.00902918 0.00600000
v -0.00209237 -0.00902840 0.00600000
v -0.00206319 -0.00907870 0.00600000
v -0.00211798 -0.00897619 0.00600000
v -0.00206246 -0.00907831 0.00600000
v -0.00211725 -0.00897580 0.00600000
v -0.00236274 -0.00814271 0.00600000
v -0.00236109 -0.00814255 0.00600000
v -0.00221384 -0.00876401 0.00600000
v -0.00225310 -0.00865429 0.00600000
v -0.00221308 -0.00876369 0.00600000
v -0.00221155 -0.00876306 0.00600000
v -0.00225234 -0.00865397 0.00600000
v -0.00221231 -0.00876338 0.00600000
v -0.00223271 -0.00870883 0.00600000
v -0.00221076 -0.00876282 0.00600000
v -0.00224996 -0.00865325 0.00600000
v -0.00223115 -0.00870828 0.00600000
v -0.00227194 -0.00859919 0.00600000
v -0.00227036 -0.00859871 0.00600000
v -0.00225155 -0.00865373 0.00600000
v -0.00225075 -0.00865349 0.00600000
v -0.00235501 -0.00820043 0.00600000
v -0.00233791 -0.00831570 0.00600000
v -0.00228689 -0.00854290 0.00600000
v -0.00231521 -0.00842986 0.00600000
v -0.00235420 -0.00820027 0.00600000
v -0.00233548 -0.00831522 0.00600000
v -0.00235338 -0.00820019 0.00600000
v -0.00234565 -0.00825790 0.00600000
v -0.00235173 -0.00820002 0.00600000
v -0.00233466 -0.00831514 0.00600000
v -0.00235255 -0.00820010 0.00600000
v -0.00234402 -0.00825766 0.00600000
v -0.00228608 -0.00854274 0.00600000
v -0.00231277 -0.00842938 0.00600000
v -0.00228529 -0.00854250 0.00600000
v -0.00230024 -0.00848622 0.00600000
v -0.00228370 -0.00854202 0.00600000
v -0.00231198 -0.00842914 0.00600000
v -0.00228449 -0.00854226 0.00600000
v -0.00229863 -0.00848582 0.00600000
v -0.00232855 -0.00837318 0.00600000
v -0.00232693 -0.00837286 0.00600000
v -0.00233710 -0.00831554 0.00600000
v -0.00231440 -0.00842970 0.00600000
v -0.00233629 -0.00831538 0.00600000
v -0.00231358 -0.00842954 0.00600000
v -0.00236642 -0.00808459 0.00600000
v -0.00237214 -0.00796820 0.00600000
v -0.00236559 -0.00808459 0.00600000
v -0.00236966 -0.00796820 0.00600000
v -0.00236477 -0.00808451 0.00600000
v -0.00236845 -0.00802640 0.00600000
v -0.00236312 -0.00808435 0.00600000
v -0.00236883 -0.00796812 0.00600000
v -0.00236395 -0.00808443 0.00600000
v -0.00236680 -0.00802631 0.00600000
v -0.00237417 -0.00791000 0.00600000
v -0.00237252 -0.00791000 0.00600000
v -0.00237131 -0.00796820 0.00600000
v -0.00237049 -0.00796820 0.00600000
v -0.00237214 -0.00785180 0.00600000
v -0.00236642 -0.00773541 0.00600000
v -0.00237131 -0.00785180 0.00600000
v -0.00236966 -0.00785180 0.00600000
v -0.00236559 -0.00773541 0.00600000
v -0.00237049 -0.00785180 0.00600000
v -0.00236845 -0.00779360 0.00600000
v -0.00236883 -0.00785188 0.00600000
v -0.00236312 -0.00773565 0.00600000
v -0.00236680 -0.00779369 0.00600000
v -0.00236274 -0.00767729 0.00600000
v -0.00236109 -0.00767745 0.00600000
v -0.00236477 -0.00773549 0.00600000
v -0.00236395 -0.00773557 0.00600000
v -0.00235501 -0.00761957 0.00600000
v -0.00233791 -0.00750430 0.00600000
v -0.00235420 -0.00761973 0.00600000
v -0.00233548 -0.00750478 0.00600000
v -0.00235338 -0.00761981 0.00600000
v -0.00234565 -0.00756210 0.00600000
v -0.00235173 -0.00761998 0.00600000
v -0.00233466 -0.00750486 0.00600000
v -0.00235255 -0.00761990 0.00600000
v -0.00234402 -0.00756234 0.00600000
v -0.00232855 -0.00744682 0.00600000
v -0.00232693 -0.00744715 0.00600000
v -0.00233710 -0.00750446 0.00600000
v -0.00233629 -0.00750462 0.00600000
v -0.00231521 -0.00739014 0.00600000
v -0.00228689 -0.00727710 0.00600000
v -0.00231440 -0.00739030 0.00600000
v -0.00231277 -0.00739062 0.00600000
v -0.00228608 -0.00727726 0.00600000
v -0.00231358 -0.00739046 0.00600000
v -0.00230024 -0.00733378 0.00600000
v -0.00231198 -0.00739086 0.00600000
v -0.00228370 -0.00727798 0.00600000
v -0.00229863 -0.00733418 0.00600000
v -0.00227194 -0.00722081 0.00600000
v -0.00227036 -0.00722129 0.00600000
v -0.00228529 -0.00727750 0.00600000
v -0.00228449 -0.00727774 0.00600000
v -0.00167879 -0.00958879 0.00600000
v -0.00167762 -0.00958762 0.00600000
v -0.00163620 -0.00962851 0.00600000
v -0.00154986 -0.00970677 0.00600000
v -0.00163562 -0.00962792 0.00600000
v -0.00163445 -0.00962675 0.00600000
v -0.00154927 -0.00970618 0.00600000
v -0.00163503 -0.00962734 0.00600000
v -0.00159245 -0.00966705 0.00600000
v -0.00163392 -0.00962611 0.00600000
v -0.00154770 -0.00970426 0.00600000
v -0.00159134 -0.00966583 0.00600000
v -0.00150616 -0.00974526 0.00600000
v -0.00150511 -0.00974398 0.00600000
v -0.00154875 -0.00970554 0.00600000
v -0.00154822 -0.00970490 0.00600000
v -0.00111918 -0.01000383 0.00600000
v -0.00111840 -0.01000237 0.00600000
v -0.00145988 -0.00978061 0.00600000
v -0.00136628 -0.00985003 0.00600000
v -0.00116955 -0.00997461 0.00600000
v -0.00126950 -0.00991470 0.00600000
v -0.00116916 -0.00997388 0.00600000
v -0.00116837 -0.00997242 0.00600000
v -0.00126911 -0.00991397 0.00600000
v -0.00116876 -0.00997315 0.00600000
v -0.00121913 -0.00994392 0.00600000
v -0.00145942 -0.00977992 0.00600000
v -0.00136490 -0.00984797 0.00600000
v -0.00145890 -0.00977928 0.00600000
v -0.00141262 -0.00981463 0.00600000
v -0.00145785 -0.00977800 0.00600000
v -0.00136438 -0.00984733 0.00600000
v -0.00145837 -0.00977864 0.00600000
v -0.00141164 -0.00981330 0.00600000
v -0.00116791 -0.00997173 0.00600000
v -0.00126773 -0.00991190 0.00600000
v -0.00121828 -0.00994250 0.00600000
v -0.00131902 -0.00988405 0.00600000
v -0.00131810 -0.00988267 0.00600000
v -0.00136582 -0.00984934 0.00600000
v -0.00126865 -0.00991328 0.00600000
v -0.00136536 -0.00984865 0.00600000
v -0.00126819 -0.00991259 0.00600000
v -0.00205677 -0.00881167 0.00562500
v -0.00178799 -0.00879980 0.00487500
v -0.00203189 -0.00886427 0.00562500
v -0.00198213 -0.00896947 0.00562500
v -0.00176311 -0.00885240 0.00487500
v -0.00200701 -0.00891687 0.00562500
v -0.00189750 -0.00885834 0.00525000
v -0.00186874 -0.00915865 0.00562500
v -0.00166225 -0.00902068 0.00487500
v -0.00189866 -0.00910874 0.00562500
v -0.00195848 -0.00900893 0.00562500
v -0.00169216 -0.00897077 0.00487500
v -0.00192857 -0.00905884 0.00562500
v -0.00184897 -0.00895039 0.00525000
v -0.00179541 -0.00903976 0.00525000
v -0.00162995 -0.00883333 0.00450000
v -0.00158265 -0.00891224 0.00450000
v -0.00173946 -0.00889186 0.00487500
v -0.00171581 -0.00893132 0.00487500
v -0.00184134 -0.00919560 0.00562500
v -0.00158004 -0.00913153 0.00487500
v -0.00173809 -0.00912662 0.00525000
v -0.00153160 -0.00898864 0.00450000
v -0.00147680 -0.00906254 0.00450000
v -0.00163485 -0.00905763 0.00487500
v -0.00160745 -0.00909458 0.00487500
v -0.00155515 -0.00953013 0.00562500
v -0.00131137 -0.00941631 0.00487500
v -0.00151204 -0.00956920 0.00562500
v -0.00142581 -0.00964735 0.00562500
v -0.00126826 -0.00945538 0.00487500
v -0.00146892 -0.00960828 0.00562500
v -0.00137907 -0.00968202 0.00562500
v -0.00139015 -0.00951229 0.00525000
v -0.00128560 -0.00975134 0.00562500
v -0.00122153 -0.00949004 0.00487500
v -0.00133234 -0.00971668 0.00562500
v -0.00130030 -0.00958603 0.00525000
v -0.00158923 -0.00949923 0.00562500
v -0.00141363 -0.00932363 0.00487500
v -0.00146735 -0.00944232 0.00525000
v -0.00141850 -0.00913357 0.00450000
v -0.00135672 -0.00920174 0.00450000
v -0.00122357 -0.00932850 0.00450000
v -0.00129174 -0.00926672 0.00450000
v -0.00134546 -0.00938541 0.00487500
v -0.00137954 -0.00935452 0.00487500
v -0.00109893 -0.00986848 0.00562500
v -0.00106077 -0.00960216 0.00487500
v -0.00114884 -0.00983857 0.00562500
v -0.00124865 -0.00977874 0.00562500
v -0.00111068 -0.00957225 0.00487500
v -0.00119874 -0.00980866 0.00562500
v -0.00121662 -0.00964809 0.00525000
v -0.00112976 -0.00970541 0.00525000
v -0.00115254 -0.00938680 0.00450000
v -0.00107864 -0.00944160 0.00450000
v -0.00118458 -0.00951745 0.00487500
v -0.00114763 -0.00954485 0.00487500
v -0.00194003 -0.00927628 0.00600000
v -0.00187061 -0.00936988 0.00600000
v -0.00193934 -0.00927582 0.00600000
v -0.00193797 -0.00927490 0.00600000
v -0.00186992 -0.00936942 0.00600000
v -0.00193865 -0.00927536 0.00600000
v -0.00190463 -0.00932262 0.00600000
v -0.00171851 -0.00954620 0.00600000
v -0.00179677 -0.00945986 0.00600000
v -0.00171792 -0.00954562 0.00600000
v -0.00171675 -0.00954445 0.00600000
v -0.00179618 -0.00945927 0.00600000
v -0.00171734 -0.00954503 0.00600000
v -0.00175705 -0.00950245 0.00600000
v -0.00193733 -0.00927438 0.00600000
v -0.00186800 -0.00936785 0.00600000
v -0.00180668 -0.00924234 0.00562500
v -0.00190330 -0.00932164 0.00600000
v -0.00171611 -0.00954392 0.00600000
v -0.00179426 -0.00945770 0.00600000
v -0.00162831 -0.00945612 0.00562500
v -0.00175583 -0.00950134 0.00600000
v -0.00154538 -0.00917826 0.00487500
v -0.00173735 -0.00933581 0.00562500
v -0.00167603 -0.00921030 0.00525000
v -0.00151449 -0.00921235 0.00487500
v -0.00177202 -0.00928907 0.00562500
v -0.00145270 -0.00928051 0.00487500
v -0.00170646 -0.00936989 0.00562500
v -0.00154051 -0.00936832 0.00525000
v -0.00148360 -0.00924643 0.00487500
v -0.00166739 -0.00941301 0.00562500
v -0.00161048 -0.00929112 0.00525000
v -0.00183526 -0.00941616 0.00600000
v -0.00183398 -0.00941511 0.00600000
v -0.00186928 -0.00936890 0.00600000
v -0.00179554 -0.00945875 0.00600000
v -0.00186864 -0.00936837 0.00600000
v -0.00179490 -0.00945822 0.00600000
v -0.00105947 -0.00989213 0.00562500
v -0.00094240 -0.00967311 0.00487500
v -0.00104039 -0.00975897 0.00525000
v -0.00100224 -0.00949265 0.00450000
v -0.00092333 -0.00953995 0.00450000
v -0.00102132 -0.00962581 0.00487500
v -0.00098186 -0.00964946 0.00487500
v -0.00101789 -0.00991180 0.00562500
v -0.00081765 -0.00973212 0.00487500
v -0.00095935 -0.00980229 0.00525000
v -0.00084228 -0.00958327 0.00450000
v -0.00075912 -0.00962261 0.00450000
v -0.00090082 -0.00969278 0.00487500
v -0.00085923 -0.00971245 0.00487500
v -0.00067422 -0.00965777 0.00450000
v -0.00058760 -0.00968877 0.00450000
v -0.00049966 -0.00971544 0.00450000
v -0.00041042 -0.00973779 0.00450000
v -0.00032029 -0.00975572 0.00450000
v -0.00022929 -0.00976922 0.00450000
v -0.00106689 -0.01002948 0.00600000
v -0.00096155 -0.01007930 0.00600000
v -0.00106650 -0.01002875 0.00600000
v -0.00106572 -0.01002729 0.00600000
v -0.00096116 -0.01007857 0.00600000
v -0.00106611 -0.01002802 0.00600000
v -0.00101383 -0.01005366 0.00600000
v -0.00106541 -0.01002652 0.00600000
v -0.00096021 -0.01007628 0.00600000
v -0.00096529 -0.00993668 0.00562500
v -0.00101312 -0.01005216 0.00600000
v -0.00076505 -0.00975699 0.00487500
v -0.00086009 -0.00998643 0.00562500
v -0.00086517 -0.00984684 0.00525000
v -0.00091269 -0.00996156 0.00562500
v -0.00090856 -0.01010345 0.00600000
v -0.00090792 -0.01010192 0.00600000
v -0.00096084 -0.01007781 0.00600000
v -0.00096052 -0.01007704 0.00600000
v -0.00085401 -0.01012384 0.00600000
v -0.00074429 -0.01016310 0.00600000
v -0.00071026 -0.00977660 0.00487500
v -0.00069573 -0.01004524 0.00562500
v -0.00066695 -0.00979209 0.00487500
v -0.00075778 -0.00989132 0.00525000
v -0.00058033 -0.00982309 0.00487500
v -0.00065242 -0.01006074 0.00562500
v -0.00062364 -0.00980759 0.00487500
v -0.00065969 -0.00992642 0.00525000
v -0.00085377 -0.01012305 0.00600000
v -0.00074357 -0.01016073 0.00600000
v -0.00085345 -0.01012229 0.00600000
v -0.00079891 -0.01014268 0.00600000
v -0.00085282 -0.01012076 0.00600000
v -0.00074325 -0.01015996 0.00600000
v -0.00080530 -0.01000604 0.00562500
v -0.00085314 -0.01012152 0.00600000
v -0.00075052 -0.01002564 0.00562500
v -0.00079835 -0.01014112 0.00600000
v -0.00068919 -0.01018194 0.00600000
v -0.00068871 -0.01018036 0.00600000
v -0.00074405 -0.01016231 0.00600000
v -0.00074381 -0.01016152 0.00600000
v -0.00063290 -0.01019689 0.00600000
v -0.00051986 -0.01022521 0.00600000
v -0.00052389 -0.00983723 0.00487500
v -0.00048309 -0.01010315 0.00562500
v -0.00047926 -0.00984840 0.00487500
v -0.00055993 -0.00995605 0.00525000
v -0.00039002 -0.00987076 0.00487500
v -0.00043847 -0.01011433 0.00562500
v -0.00043464 -0.00985958 0.00487500
v -0.00034452 -0.00987751 0.00487500
v -0.00045887 -0.00998137 0.00525000
v -0.00025351 -0.00989101 0.00487500
v -0.00039297 -0.01012108 0.00562500
v -0.00029901 -0.00988426 0.00487500
v -0.00036874 -0.00999929 0.00525000
v -0.00063274 -0.01019608 0.00600000
v -0.00051938 -0.01022277 0.00600000
v -0.00063250 -0.01019529 0.00600000
v -0.00057622 -0.01021024 0.00600000
v -0.00063202 -0.01019370 0.00600000
v -0.00051914 -0.01022198 0.00600000
v -0.00059598 -0.01007488 0.00562500
v -0.00063226 -0.01019449 0.00600000
v -0.00053953 -0.01008902 0.00562500
v -0.00057582 -0.01020863 0.00600000
v -0.00046318 -0.01023855 0.00600000
v -0.00046286 -0.01023693 0.00600000
v -0.00051970 -0.01022440 0.00600000
v -0.00051954 -0.01022358 0.00600000
v -0.00040570 -0.01024791 0.00600000
v -0.00029043 -0.01026501 0.00600000
v -0.00040554 -0.01024710 0.00600000
v -0.00040522 -0.01024548 0.00600000
v -0.00029027 -0.01026420 0.00600000
v -0.00040538 -0.01024629 0.00600000
v -0.00034790 -0.01025565 0.00600000
v -0.00019595 -0.00989955 0.00487500
v -0.00022030 -0.01014669 0.00562500
v -0.00026568 -0.01001458 0.00525000
v -0.00040514 -0.01024466 0.00600000
v -0.00029002 -0.01026173 0.00600000
v -0.00033541 -0.01012962 0.00562500
v -0.00034766 -0.01025402 0.00600000
v -0.00027785 -0.01013816 0.00562500
v -0.00023271 -0.01027274 0.00600000
v -0.00023255 -0.01027109 0.00600000
v -0.00029019 -0.01026338 0.00600000
v -0.00029010 -0.01026255 0.00600000
v -0.00207643 -0.00877009 0.00562500
v -0.00184699 -0.00867505 0.00487500
v -0.00209604 -0.00871530 0.00562500
v -0.00194205 -0.00876415 0.00525000
v -0.00213524 -0.00860573 0.00562500
v -0.00186660 -0.00862026 0.00487500
v -0.00211564 -0.00866052 0.00562500
v -0.00198132 -0.00866778 0.00525000
v -0.00167327 -0.00875228 0.00450000
v -0.00171261 -0.00866912 0.00450000
v -0.00180766 -0.00875822 0.00487500
v -0.00182733 -0.00871663 0.00487500
v -0.00215074 -0.00856242 0.00562500
v -0.00191309 -0.00849033 0.00487500
v -0.00216488 -0.00850598 0.00562500
v -0.00201642 -0.00856969 0.00525000
v -0.00219315 -0.00839309 0.00562500
v -0.00192723 -0.00843389 0.00487500
v -0.00217902 -0.00844953 0.00562500
v -0.00204605 -0.00846993 0.00525000
v -0.00174777 -0.00858422 0.00450000
v -0.00177877 -0.00849760 0.00450000
v -0.00188209 -0.00857695 0.00487500
v -0.00189759 -0.00853364 0.00487500
v -0.00222994 -0.00817580 0.00562500
v -0.00196930 -0.00824246 0.00487500
v -0.00222141 -0.00823336 0.00562500
v -0.00220433 -0.00834847 0.00562500
v -0.00196076 -0.00830002 0.00487500
v -0.00221287 -0.00829091 0.00562500
v -0.00207137 -0.00836887 0.00525000
v -0.00209108 -0.00826669 0.00525000
v -0.00180544 -0.00840966 0.00450000
v -0.00182780 -0.00832042 0.00450000
v -0.00193840 -0.00838926 0.00487500
v -0.00194958 -0.00834464 0.00487500
v -0.00223669 -0.00813030 0.00562500
v -0.00198955 -0.00810595 0.00487500
v -0.00223955 -0.00807218 0.00562500
v -0.00210637 -0.00816363 0.00525000
v -0.00224526 -0.00795595 0.00562500
v -0.00199240 -0.00804784 0.00487500
v -0.00224240 -0.00801406 0.00562500
v -0.00211597 -0.00806001 0.00525000
v -0.00184572 -0.00823029 0.00450000
v -0.00185922 -0.00813929 0.00450000
v -0.00197605 -0.00819696 0.00487500
v -0.00198280 -0.00815146 0.00487500
v -0.00224752 -0.00791000 0.00562500
v -0.00199917 -0.00791000 0.00487500
v -0.00224466 -0.00785188 0.00562500
v -0.00212109 -0.00795595 0.00525000
v -0.00223895 -0.00773565 0.00562500
v -0.00199632 -0.00785188 0.00487500
v -0.00224181 -0.00779377 0.00562500
v -0.00212049 -0.00785188 0.00525000
v -0.00186823 -0.00804784 0.00450000
v -0.00187274 -0.00795595 0.00450000
v -0.00199466 -0.00800189 0.00487500
v -0.00199691 -0.00795595 0.00487500
v -0.00223669 -0.00768971 0.00562500
v -0.00198955 -0.00771405 0.00487500
v -0.00222816 -0.00763215 0.00562500
v -0.00211538 -0.00774782 0.00525000
v -0.00221108 -0.00751703 0.00562500
v -0.00198101 -0.00765649 0.00487500
v -0.00221962 -0.00757459 0.00562500
v -0.00210458 -0.00764432 0.00525000
v -0.00187274 -0.00786405 0.00450000
v -0.00186823 -0.00777216 0.00450000
v -0.00199406 -0.00780594 0.00487500
v -0.00199180 -0.00775999 0.00487500
v -0.00220433 -0.00747153 0.00562500
v -0.00196076 -0.00751998 0.00487500
v -0.00208929 -0.00754126 0.00525000
v -0.00185922 -0.00768071 0.00450000
v -0.00184572 -0.00758971 0.00450000
v -0.00197426 -0.00761099 0.00487500
v -0.00196751 -0.00756548 0.00487500
v -0.00219315 -0.00742691 0.00562500
v -0.00192723 -0.00738611 0.00487500
v -0.00217902 -0.00737047 0.00562500
v -0.00207137 -0.00745113 0.00525000
v -0.00215074 -0.00725758 0.00562500
v -0.00191309 -0.00732967 0.00487500
v -0.00216488 -0.00731402 0.00562500
v -0.00204605 -0.00735007 0.00525000
v -0.00182780 -0.00749958 0.00450000
v -0.00180544 -0.00741034 0.00450000
v -0.00194958 -0.00747536 0.00487500
v -0.00193840 -0.00743074 0.00487500
v -0.00177877 -0.00732240 0.00450000
v -0.00174777 -0.00723578 0.00450000
v -0.00225310 -0.00716571 0.00600000
v -0.00221384 -0.00705599 0.00600000
v -0.00225234 -0.00716603 0.00600000
v -0.00221155 -0.00705694 0.00600000
v -0.00225155 -0.00716627 0.00600000
v -0.00223271 -0.00711117 0.00600000
v -0.00224996 -0.00716675 0.00600000
v -0.00221076 -0.00705718 0.00600000
v -0.00225075 -0.00716651 0.00600000
v -0.00213114 -0.00720280 0.00562500
v -0.00223115 -0.00711172 0.00600000
v -0.00189349 -0.00727489 0.00487500
v -0.00209193 -0.00709322 0.00562500
v -0.00201231 -0.00723884 0.00525000
v -0.00187799 -0.00723157 0.00487500
v -0.00211153 -0.00714801 0.00562500
v -0.00184699 -0.00714495 0.00487500
v -0.00207643 -0.00704991 0.00562500
v -0.00186249 -0.00718826 0.00487500
v -0.00197721 -0.00714074 0.00525000
v -0.00219345 -0.00700144 0.00600000
v -0.00219192 -0.00700208 0.00600000
v -0.00221308 -0.00705631 0.00600000
v -0.00221231 -0.00705662 0.00600000
v -0.00216930 -0.00694845 0.00600000
v -0.00211948 -0.00684311 0.00600000
v -0.00216854 -0.00694877 0.00600000
v -0.00216701 -0.00694940 0.00600000
v -0.00211871 -0.00684342 0.00600000
v -0.00216777 -0.00694909 0.00600000
v -0.00214362 -0.00689610 0.00600000
v -0.00216628 -0.00694979 0.00600000
v -0.00211652 -0.00684459 0.00600000
v -0.00214213 -0.00689680 0.00600000
v -0.00209383 -0.00679082 0.00600000
v -0.00209237 -0.00679160 0.00600000
v -0.00211798 -0.00684381 0.00600000
v -0.00211725 -0.00684420 0.00600000
v -0.00206461 -0.00674045 0.00600000
v -0.00200470 -0.00664050 0.00600000
v -0.00206392 -0.00674091 0.00600000
v -0.00200263 -0.00664188 0.00600000
v -0.00206319 -0.00674131 0.00600000
v -0.00203396 -0.00669094 0.00600000
v -0.00206173 -0.00674209 0.00600000
v -0.00200190 -0.00664227 0.00600000
v -0.00206246 -0.00674170 0.00600000
v -0.00203254 -0.00669179 0.00600000
v -0.00197405 -0.00659098 0.00600000
v -0.00197268 -0.00659190 0.00600000
v -0.00200401 -0.00664096 0.00600000
v -0.00200332 -0.00664142 0.00600000
v -0.00165360 -0.00835193 0.00450000
v -0.00165360 -0.00746807 0.00450000
v -0.00162995 -0.00839139 0.00450000
v -0.00167327 -0.00831035 0.00450000
v -0.00158265 -0.00847030 0.00450000
v -0.00162995 -0.00750752 0.00450000
v -0.00160630 -0.00843085 0.00450000
v -0.00155525 -0.00850725 0.00450000
v -0.00162995 -0.00794946 0.00450000
v -0.00150045 -0.00858115 0.00450000
v -0.00160255 -0.00754447 0.00450000
v -0.00152785 -0.00854420 0.00450000
v -0.00146955 -0.00861523 0.00450000
v -0.00157890 -0.00802586 0.00450000
v -0.00130552 -0.00877608 0.00450000
v -0.00153757 -0.00760945 0.00450000
v -0.00133960 -0.00874519 0.00450000
v -0.00126857 -0.00880348 0.00450000
v -0.00140777 -0.00868340 0.00450000
v -0.00157166 -0.00757855 0.00450000
v -0.00143866 -0.00864932 0.00450000
v -0.00137369 -0.00871429 0.00450000
v -0.00152061 -0.00809689 0.00450000
v -0.00145563 -0.00816187 0.00450000
v -0.00119467 -0.00885829 0.00450000
v -0.00150063 -0.00763685 0.00450000
v -0.00123162 -0.00883088 0.00450000
v -0.00115521 -0.00888194 0.00450000
v -0.00138460 -0.00822017 0.00450000
v -0.00107630 -0.00892923 0.00450000
v -0.00146117 -0.00766050 0.00450000
v -0.00111576 -0.00890559 0.00450000
v -0.00103472 -0.00894890 0.00450000
v -0.00130819 -0.00827122 0.00450000
v -0.00095155 -0.00898824 0.00450000
v -0.00141958 -0.00768017 0.00450000
v -0.00099313 -0.00896857 0.00450000
v -0.00090824 -0.00900374 0.00450000
v -0.00122715 -0.00831453 0.00450000
v -0.00082161 -0.00903473 0.00450000
v -0.00137627 -0.00769566 0.00450000
v -0.00086493 -0.00901923 0.00450000
v -0.00077699 -0.00904591 0.00450000
v -0.00114225 -0.00834970 0.00450000
v -0.00068775 -0.00906826 0.00450000
v -0.00133165 -0.00770684 0.00450000
v -0.00073237 -0.00905708 0.00450000
v -0.00064224 -0.00907501 0.00450000
v -0.00105432 -0.00837637 0.00450000
v -0.00055124 -0.00908851 0.00450000
v -0.00128615 -0.00771359 0.00450000
v -0.00059674 -0.00908176 0.00450000
v -0.00096420 -0.00839430 0.00450000
v -0.00171261 -0.00822718 0.00450000
v -0.00167327 -0.00742648 0.00450000
v -0.00169294 -0.00826877 0.00450000
v -0.00172810 -0.00818387 0.00450000
v -0.00167327 -0.00786842 0.00450000
v -0.00175910 -0.00809725 0.00450000
v -0.00168877 -0.00738317 0.00450000
v -0.00174360 -0.00814056 0.00450000
v -0.00177028 -0.00805262 0.00450000
v -0.00170844 -0.00778352 0.00450000
v -0.00179263 -0.00796338 0.00450000
v -0.00169994 -0.00733855 0.00450000
v -0.00178145 -0.00800800 0.00450000
v -0.00179938 -0.00791788 0.00450000
v -0.00173511 -0.00769559 0.00450000
v -0.00181288 -0.00782687 0.00450000
v -0.00170669 -0.00729304 0.00450000
v -0.00180613 -0.00787237 0.00450000
v -0.00181514 -0.00778092 0.00450000
v -0.00175304 -0.00760546 0.00450000
v -0.00181965 -0.00768903 0.00450000
v -0.00170895 -0.00724710 0.00450000
v -0.00181739 -0.00773498 0.00450000
v -0.00181739 -0.00764309 0.00450000
v -0.00176204 -0.00751401 0.00450000
v -0.00181288 -0.00755120 0.00450000
v -0.00170669 -0.00720115 0.00450000
v -0.00181514 -0.00759714 0.00450000
v -0.00180613 -0.00750569 0.00450000
v -0.00176204 -0.00742212 0.00450000
v -0.00179263 -0.00741469 0.00450000
v -0.00169994 -0.00715565 0.00450000
v -0.00179938 -0.00746019 0.00450000
v -0.00178145 -0.00737006 0.00450000
v -0.00175304 -0.00733067 0.00450000
v -0.00175910 -0.00728082 0.00450000
v -0.00168877 -0.00711103 0.00450000
v -0.00177028 -0.00732544 0.00450000
v -0.00174360 -0.00723751 0.00450000
v -0.00173511 -0.00724055 0.00450000
v -0.00171261 -0.00715088 0.00450000
v -0.00167327 -0.00706772 0.00450000
v -0.00172810 -0.00719420 0.00450000
v -0.00182733 -0.00710337 0.00487500
v -0.00170844 -0.00715261 0.00450000
v -0.00205677 -0.00700833 0.00562500
v -0.00178799 -0.00702020 0.00487500
v -0.00194205 -0.00705585 0.00525000
v -0.00203189 -0.00695573 0.00562500
v -0.00180766 -0.00706178 0.00487500
v -0.00198213 -0.00685053 0.00562500
v -0.00176311 -0.00696760 0.00487500
v -0.00200701 -0.00690313 0.00562500
v -0.00195222 -0.00680062 0.00562500
v -0.00189750 -0.00696166 0.00525000
v -0.00189239 -0.00670080 0.00562500
v -0.00173320 -0.00691769 0.00487500
v -0.00192230 -0.00675071 0.00562500
v -0.00184271 -0.00685915 0.00525000
v -0.00186874 -0.00666135 0.00562500
v -0.00166225 -0.00679932 0.00487500
v -0.00178915 -0.00676979 0.00525000
v -0.00162995 -0.00698667 0.00450000
v -0.00158265 -0.00690776 0.00450000
v -0.00170955 -0.00687823 0.00487500
v -0.00168590 -0.00683878 0.00487500
v -0.00184134 -0.00662440 0.00562500
v -0.00158004 -0.00668847 0.00487500
v -0.00173809 -0.00669338 0.00525000
v -0.00160255 -0.00694973 0.00450000
v -0.00150045 -0.00679692 0.00450000
v -0.00157890 -0.00691027 0.00450000
v -0.00153160 -0.00683136 0.00450000
v -0.00147680 -0.00675746 0.00450000
v -0.00163485 -0.00676237 0.00487500
v -0.00155525 -0.00687081 0.00450000
v -0.00160745 -0.00672542 0.00487500
v -0.00152785 -0.00683387 0.00450000
v -0.00157166 -0.00691564 0.00450000
v -0.00140777 -0.00669466 0.00450000
v -0.00152061 -0.00683924 0.00450000
v -0.00141850 -0.00668643 0.00450000
v -0.00135672 -0.00661826 0.00450000
v -0.00146955 -0.00676283 0.00450000
v -0.00143866 -0.00672875 0.00450000
v -0.00153757 -0.00688475 0.00450000
v -0.00130552 -0.00660199 0.00450000
v -0.00145563 -0.00677426 0.00450000
v -0.00129174 -0.00655328 0.00450000
v -0.00122357 -0.00649150 0.00450000
v -0.00137369 -0.00666377 0.00450000
v -0.00133960 -0.00663288 0.00450000
v -0.00150063 -0.00685735 0.00450000
v -0.00119467 -0.00651978 0.00450000
v -0.00138460 -0.00671597 0.00450000
v -0.00115254 -0.00643320 0.00450000
v -0.00107864 -0.00637840 0.00450000
v -0.00126857 -0.00657458 0.00450000
v -0.00123162 -0.00654718 0.00450000
v -0.00194003 -0.00654372 0.00600000
v -0.00187061 -0.00645012 0.00600000
v -0.00193934 -0.00654418 0.00600000
v -0.00193797 -0.00654510 0.00600000
v -0.00186992 -0.00645058 0.00600000
v -0.00193865 -0.00654464 0.00600000
v -0.00190463 -0.00649738 0.00600000
v -0.00193733 -0.00654562 0.00600000
v -0.00186800 -0.00645215 0.00600000
v -0.00180668 -0.00657766 0.00562500
v -0.00190330 -0.00649836 0.00600000
v -0.00154538 -0.00664174 0.00487500
v -0.00173735 -0.00648419 0.00562500
v -0.00167603 -0.00660970 0.00525000
v -0.00177202 -0.00653093 0.00562500
v -0.00183526 -0.00640384 0.00600000
v -0.00183398 -0.00640489 0.00600000
v -0.00186928 -0.00645110 0.00600000
v -0.00186864 -0.00645163 0.00600000
v -0.00179677 -0.00636014 0.00600000
v -0.00171851 -0.00627380 0.00600000
v -0.00150631 -0.00659862 0.00487500
v -0.00162013 -0.00635485 0.00562500
v -0.00147541 -0.00656454 0.00487500
v -0.00160229 -0.00651985 0.00525000
v -0.00141363 -0.00649637 0.00487500
v -0.00158923 -0.00632077 0.00562500
v -0.00144452 -0.00653046 0.00487500
v -0.00153232 -0.00644265 0.00525000
v -0.00179618 -0.00636073 0.00600000
v -0.00171675 -0.00627555 0.00600000
v -0.00179554 -0.00636125 0.00600000
v -0.00175705 -0.00631755 0.00600000
v -0.00179426 -0.00636230 0.00600000
v -0.00171611 -0.00627608 0.00600000
v -0.00169828 -0.00644108 0.00562500
v -0.00179490 -0.00636178 0.00600000
v -0.00165920 -0.00639796 0.00562500
v -0.00175583 -0.00631866 0.00600000
v -0.00167879 -0.00623121 0.00600000
v -0.00167762 -0.00623238 0.00600000
v -0.00171792 -0.00627438 0.00600000
v -0.00171734 -0.00627497 0.00600000
v -0.00163620 -0.00619149 0.00600000
v -0.00154986 -0.00611323 0.00600000
v -0.00163562 -0.00619208 0.00600000
v -0.00163445 -0.00619325 0.00600000
v -0.00154927 -0.00611382 0.00600000
v -0.00163503 -0.00619266 0.00600000
v -0.00159245 -0.00615295 0.00600000
v -0.00137051 -0.00645730 0.00487500
v -0.00145989 -0.00620354 0.00562500
v -0.00133643 -0.00642640 0.00487500
v -0.00145832 -0.00636949 0.00525000
v -0.00126826 -0.00636462 0.00487500
v -0.00142581 -0.00617265 0.00562500
v -0.00130235 -0.00639551 0.00487500
v -0.00138112 -0.00629952 0.00525000
v -0.00163392 -0.00619389 0.00600000
v -0.00154770 -0.00611574 0.00600000
v -0.00154612 -0.00628169 0.00562500
v -0.00159134 -0.00615417 0.00600000
v -0.00150301 -0.00624261 0.00562500
v -0.00150616 -0.00607474 0.00600000
v -0.00150511 -0.00607602 0.00600000
v -0.00154875 -0.00611446 0.00600000
v -0.00154822 -0.00611510 0.00600000
v -0.00145988 -0.00603939 0.00600000
v -0.00136628 -0.00596997 0.00600000
v -0.00122153 -0.00632996 0.00487500
v -0.00128560 -0.00606866 0.00562500
v -0.00118458 -0.00630255 0.00487500
v -0.00130030 -0.00623397 0.00525000
v -0.00111068 -0.00624775 0.00487500
v -0.00124865 -0.00604126 0.00562500
v -0.00114763 -0.00627515 0.00487500
v -0.00121662 -0.00617191 0.00525000
v -0.00145942 -0.00604008 0.00600000
v -0.00136490 -0.00597203 0.00600000
v -0.00145890 -0.00604072 0.00600000
v -0.00141262 -0.00600537 0.00600000
v -0.00145785 -0.00604200 0.00600000
v -0.00136438 -0.00597267 0.00600000
v -0.00137907 -0.00613798 0.00562500
v -0.00145837 -0.00604136 0.00600000
v -0.00133234 -0.00610332 0.00562500
v -0.00141164 -0.00600670 0.00600000
v -0.00131902 -0.00593595 0.00600000
v -0.00131810 -0.00593732 0.00600000
v -0.00136582 -0.00597066 0.00600000
v -0.00136536 -0.00597135 0.00600000
v -0.00106077 -0.00621784 0.00487500
v -0.00109893 -0.00595152 0.00562500
v -0.00112976 -0.00611459 0.00525000
v -0.00126911 -0.00590603 0.00600000
v -0.00116837 -0.00584758 0.00600000
v -0.00126865 -0.00590672 0.00600000
v -0.00126773 -0.00590810 0.00600000
v -0.00116791 -0.00584827 0.00600000
v -0.00119874 -0.00601134 0.00562500
v -0.00126819 -0.00590741 0.00600000
v -0.00114884 -0.00598143 0.00562500
v -0.00121828 -0.00587750 0.00600000
v -0.00126950 -0.00590530 0.00600000
v -0.00116955 -0.00584539 0.00600000
v -0.00121913 -0.00587608 0.00600000
v -0.00111840 -0.00581763 0.00600000
v -0.00111918 -0.00581617 0.00600000
v -0.00116876 -0.00584685 0.00600000
v -0.00116916 -0.00584612 0.00600000
v -0.00146117 -0.00683370 0.00450000
v -0.00107630 -0.00644883 0.00450000
v -0.00130819 -0.00666491 0.00450000
v -0.00100224 -0.00632735 0.00450000
v -0.00092333 -0.00628005 0.00450000
v -0.00115521 -0.00649613 0.00450000
v -0.00102132 -0.00619419 0.00487500
v -0.00111576 -0.00647248 0.00450000
v -0.00105947 -0.00592787 0.00562500
v -0.00094240 -0.00614689 0.00487500
v -0.00104039 -0.00606103 0.00525000
v -0.00098186 -0.00617054 0.00487500
v -0.00141958 -0.00681403 0.00450000
v -0.00095155 -0.00638983 0.00450000
v -0.00122715 -0.00662160 0.00450000
v -0.00084228 -0.00623673 0.00450000
v -0.00075912 -0.00619739 0.00450000
v -0.00103472 -0.00642916 0.00450000
v -0.00099313 -0.00640950 0.00450000
v -0.00137627 -0.00679853 0.00450000
v -0.00082161 -0.00634334 0.00450000
v -0.00114225 -0.00658643 0.00450000
v -0.00067422 -0.00616223 0.00450000
v -0.00058760 -0.00613123 0.00450000
v -0.00090824 -0.00637433 0.00450000
v -0.00086493 -0.00635883 0.00450000
v -0.00133165 -0.00678736 0.00450000
v -0.00068775 -0.00630980 0.00450000
v -0.00105432 -0.00655976 0.00450000
v -0.00049966 -0.00610456 0.00450000
v -0.00041042 -0.00608221 0.00450000
v -0.00077699 -0.00633216 0.00450000
v -0.00073237 -0.00632098 0.00450000
v -0.00128615 -0.00678061 0.00450000
v -0.00055124 -0.00628955 0.00450000
v -0.00096420 -0.00654183 0.00450000
v -0.00032029 -0.00606428 0.00450000
v -0.00022929 -0.00605078 0.00450000
v -0.00064224 -0.00630305 0.00450000
v -0.00059674 -0.00629630 0.00450000
v -0.00106572 -0.00579271 0.00600000
v -0.00096116 -0.00574143 0.00600000
v -0.00106611 -0.00579198 0.00600000
v -0.00106689 -0.00579052 0.00600000
v -0.00096155 -0.00574070 0.00600000
v -0.00106650 -0.00579125 0.00600000
v -0.00101383 -0.00576634 0.00600000
v -0.00106541 -0.00579348 0.00600000
v -0.00096021 -0.00574372 0.00600000
v -0.00100687 -0.00590299 0.00562500
v -0.00101312 -0.00576784 0.00600000
v -0.00088980 -0.00612201 0.00487500
v -0.00090167 -0.00585323 0.00562500
v -0.00094834 -0.00601250 0.00525000
v -0.00084822 -0.00610234 0.00487500
v -0.00095427 -0.00587811 0.00562500
v -0.00076505 -0.00606301 0.00487500
v -0.00086009 -0.00583357 0.00562500
v -0.00080663 -0.00608267 0.00487500
v -0.00085415 -0.00596795 0.00525000
v -0.00090856 -0.00571655 0.00600000
v -0.00090792 -0.00571808 0.00600000
v -0.00096084 -0.00574219 0.00600000
v -0.00096052 -0.00574296 0.00600000
v -0.00085401 -0.00569616 0.00600000
v -0.00074429 -0.00565690 0.00600000
v -0.00071026 -0.00604340 0.00487500
v -0.00069573 -0.00577476 0.00562500
v -0.00066695 -0.00602791 0.00487500
v -0.00075778 -0.00592868 0.00525000
v -0.00058033 -0.00599691 0.00487500
v -0.00065242 -0.00575926 0.00562500
v -0.00062364 -0.00601241 0.00487500
v -0.00065969 -0.00589358 0.00525000
v -0.00085377 -0.00569695 0.00600000
v -0.00074357 -0.00565927 0.00600000
v -0.00085345 -0.00569771 0.00600000
v -0.00079891 -0.00567732 0.00600000
v -0.00085282 -0.00569924 0.00600000
v -0.00074325 -0.00566004 0.00600000
v -0.00080530 -0.00581396 0.00562500
v -0.00085314 -0.00569848 0.00600000
v -0.00075052 -0.00579436 0.00562500
v -0.00079835 -0.00567888 0.00600000
v -0.00068919 -0.00563806 0.00600000
v -0.00068871 -0.00563964 0.00600000
v -0.00074405 -0.00565769 0.00600000
v -0.00074381 -0.00565848 0.00600000
v -0.00052389 -0.00598277 0.00487500
v -0.00048309 -0.00571685 0.00562500
v -0.00047926 -0.00597160 0.00487500
v -0.00055993 -0.00586395 0.00525000
v -0.00039002 -0.00594924 0.00487500
v -0.00043847 -0.00570567 0.00562500
v -0.00043464 -0.00596042 0.00487500
v -0.00045887 -0.00583863 0.00525000
v -0.00063274 -0.00562392 0.00600000
v -0.00051938 -0.00559723 0.00600000
v -0.00063250 -0.00562471 0.00600000
v -0.00063202 -0.00562630 0.00600000
v -0.00051914 -0.00559802 0.00600000
v -0.00059598 -0.00574512 0.00562500
v -0.00063226 -0.00562550 0.00600000
v -0.00053953 -0.00573098 0.00562500
v -0.00057582 -0.00561137 0.00600000
v -0.00063290 -0.00562311 0.00600000
v -0.00051986 -0.00559479 0.00600000
v -0.00057622 -0.00560976 0.00600000
v -0.00046286 -0.00558307 0.00600000
v -0.00046318 -0.00558145 0.00600000
v -0.00051954 -0.00559642 0.00600000
v -0.00051970 -0.00559560 0.00600000
v -0.00033246 -0.00594070 0.00487500
v -0.00026580 -0.00568006 0.00562500
v -0.00028696 -0.00593395 0.00487500
v -0.00035669 -0.00581892 0.00525000
v -0.00019595 -0.00592045 0.00487500
v -0.00022030 -0.00567331 0.00562500
v -0.00024146 -0.00592720 0.00487500
v -0.00025363 -0.00580363 0.00525000
v -0.00040514 -0.00557535 0.00600000
v -0.00029002 -0.00555827 0.00600000
v -0.00038091 -0.00569713 0.00562500
v -0.00032336 -0.00568859 0.00562500
v -0.00040522 -0.00557452 0.00600000
v -0.00029027 -0.00555580 0.00600000
v -0.00040538 -0.00557371 0.00600000
v -0.00034766 -0.00556598 0.00600000
v -0.00040570 -0.00557209 0.00600000
v -0.00029043 -0.00555499 0.00600000
v -0.00040554 -0.00557290 0.00600000
v -0.00034790 -0.00556435 0.00600000
v -0.00023255 -0.00554891 0.00600000
v -0.00023271 -0.00554726 0.00600000
v -0.00029010 -0.00555745 0.00600000
v -0.00029019 -0.00555662 0.00600000
v -0.00197474 -0.00922948 0.01012500
v -0.00197474 -0.00922948 0.01837500
v -0.00200470 -0.00917950 0.01012500
v -0.00206461 -0.00907955 0.01012500
v -0.00200470 -0.00917950 0.01837500
v -0.00203465 -0.00912952 0.01012500
v -0.00200470 -0.00917950 0.01425000
v -0.00219421 -0.00881887 0.01012500
v -0.00219421 -0.00881887 0.01837500
v -0.00221384 -0.00876401 0.01012500
v -0.00225310 -0.00865429 0.01012500
v -0.00221384 -0.00876401 0.01837500
v -0.00223347 -0.00870915 0.01012500
v -0.00221384 -0.00876401 0.01425000
v -0.00216930 -0.00887155 0.01012500
v -0.00211948 -0.00897689 0.01837500
v -0.00214439 -0.00892422 0.01012500
v -0.00216930 -0.00887155 0.01425000
v -0.00209456 -0.00902957 0.01012500
v -0.00209456 -0.00902957 0.01837500
v -0.00211948 -0.00897689 0.01012500
v -0.00206461 -0.00907955 0.01425000
v -0.00211948 -0.00897689 0.01425000
v -0.00200470 -0.00917950 0.02250000
v -0.00206461 -0.00907955 0.02250000
v -0.00203465 -0.00912952 0.01837500
v -0.00206461 -0.00907955 0.01837500
v -0.00216930 -0.00887155 0.02250000
v -0.00211948 -0.00897689 0.02250000
v -0.00216930 -0.00887155 0.01837500
v -0.00214439 -0.00892422 0.01837500
v -0.00236356 -0.00814279 0.01012500
v -0.00236356 -0.00814279 0.01837500
v -0.00236642 -0.00808459 0.01012500
v -0.00237214 -0.00796820 0.01012500
v -0.00236642 -0.00808459 0.01837500
v -0.00236928 -0.00802640 0.01012500
v -0.00236642 -0.00808459 0.01425000
v -0.00227273 -0.00859943 0.01012500
v -0.00227273 -0.00859943 0.01837500
v -0.00228689 -0.00854290 0.01012500
v -0.00225310 -0.00865429 0.01425000
v -0.00231521 -0.00842986 0.01012500
v -0.00228689 -0.00854290 0.01837500
v -0.00230105 -0.00848638 0.01012500
v -0.00228689 -0.00854290 0.01425000
v -0.00221384 -0.00876401 0.02250000
v -0.00225310 -0.00865429 0.02250000
v -0.00223347 -0.00870915 0.01837500
v -0.00225310 -0.00865429 0.01837500
v -0.00235501 -0.00820043 0.01012500
v -0.00233791 -0.00831570 0.01837500
v -0.00234646 -0.00825807 0.01012500
v -0.00235501 -0.00820043 0.01425000
v -0.00232937 -0.00837334 0.01012500
v -0.00232937 -0.00837334 0.01837500
v -0.00233791 -0.00831570 0.01012500
v -0.00231521 -0.00842986 0.01425000
v -0.00233791 -0.00831570 0.01425000
v -0.00235501 -0.00820043 0.02250000
v -0.00233791 -0.00831570 0.02250000
v -0.00235501 -0.00820043 0.01837500
v -0.00234646 -0.00825807 0.01837500
v -0.00228689 -0.00854290 0.02250000
v -0.00231521 -0.00842986 0.02250000
v -0.00230105 -0.00848638 0.01837500
v -0.00231521 -0.00842986 0.01837500
v -0.00237500 -0.00791000 0.01012500
v -0.00237500 -0.00791000 0.01837500
v -0.00237214 -0.00796820 0.01425000
v -0.00236642 -0.00808459 0.02250000
v -0.00237214 -0.00796820 0.02250000
v -0.00236928 -0.00802640 0.01837500
v -0.00237214 -0.00796820 0.01837500
v -0.00237214 -0.00785180 0.01012500
v -0.00236642 -0.00773541 0.01837500
v -0.00236928 -0.00779360 0.01012500
v -0.00237214 -0.00785180 0.01425000
v -0.00236356 -0.00767721 0.01012500
v -0.00236356 -0.00767721 0.01837500
v -0.00236642 -0.00773541 0.01012500
v -0.00236642 -0.00773541 0.01425000
v -0.00237214 -0.00785180 0.02250000
v -0.00236642 -0.00773541 0.02250000
v -0.00237214 -0.00785180 0.01837500
v -0.00236928 -0.00779360 0.01837500
v -0.00235501 -0.00761957 0.01012500
v -0.00233791 -0.00750430 0.01837500
v -0.00234646 -0.00756193 0.01012500
v -0.00235501 -0.00761957 0.01425000
v -0.00232937 -0.00744666 0.01012500
v -0.00232937 -0.00744666 0.01837500
v -0.00233791 -0.00750430 0.01012500
v -0.00231521 -0.00739014 0.01012500
v -0.00233791 -0.00750430 0.01425000
v -0.00228689 -0.00727710 0.01012500
v -0.00231521 -0.00739014 0.01837500
v -0.00230105 -0.00733362 0.01012500
v -0.00231521 -0.00739014 0.01425000
v -0.00235501 -0.00761957 0.02250000
v -0.00233791 -0.00750430 0.02250000
v -0.00235501 -0.00761957 0.01837500
v -0.00234646 -0.00756193 0.01837500
v -0.00227273 -0.00722057 0.01012500
v -0.00227273 -0.00722057 0.01837500
v -0.00228689 -0.00727710 0.01425000
v -0.00231521 -0.00739014 0.02250000
v -0.00228689 -0.00727710 0.02250000
v -0.00230105 -0.00733362 0.01837500
v -0.00228689 -0.00727710 0.01837500
v -0.00167938 -0.00958938 0.01012500
v -0.00167938 -0.00958938 0.01837500
v -0.00163620 -0.00962851 0.01012500
v -0.00171851 -0.00954620 0.01012500
v -0.00154986 -0.00970677 0.01012500
v -0.00163620 -0.00962851 0.01837500
v -0.00159303 -0.00966764 0.01012500
v -0.00163620 -0.00962851 0.01425000
v -0.00179677 -0.00945986 0.01012500
v -0.00171851 -0.00954620 0.01837500
v -0.00175764 -0.00950303 0.01012500
v -0.00171851 -0.00954620 0.01425000
v -0.00150668 -0.00974590 0.01012500
v -0.00150668 -0.00974590 0.01837500
v -0.00145988 -0.00978061 0.01012500
v -0.00154986 -0.00970677 0.01425000
v -0.00136628 -0.00985003 0.01012500
v -0.00145988 -0.00978061 0.01837500
v -0.00141308 -0.00981532 0.01012500
v -0.00145988 -0.00978061 0.01425000
v -0.00163620 -0.00962851 0.02250000
v -0.00154986 -0.00970677 0.02250000
v -0.00159303 -0.00966764 0.01837500
v -0.00154986 -0.00970677 0.01837500
v -0.00111957 -0.01000456 0.01012500
v -0.00111957 -0.01000456 0.01837500
v -0.00106689 -0.01002948 0.01012500
v -0.00096155 -0.01007930 0.01012500
v -0.00106689 -0.01002948 0.01837500
v -0.00101422 -0.01005439 0.01012500
v -0.00106689 -0.01002948 0.01425000
v -0.00116955 -0.00997461 0.01012500
v -0.00126950 -0.00991470 0.01837500
v -0.00121952 -0.00994465 0.01012500
v -0.00116955 -0.00997461 0.01425000
v -0.00131948 -0.00988474 0.01012500
v -0.00131948 -0.00988474 0.01837500
v -0.00126950 -0.00991470 0.01012500
v -0.00136628 -0.00985003 0.01425000
v -0.00126950 -0.00991470 0.01425000
v -0.00145988 -0.00978061 0.02250000
v -0.00136628 -0.00985003 0.02250000
v -0.00141308 -0.00981532 0.01837500
v -0.00136628 -0.00985003 0.01837500
v -0.00116955 -0.00997461 0.02250000
v -0.00126950 -0.00991470 0.02250000
v -0.00116955 -0.00997461 0.01837500
v -0.00121952 -0.00994465 0.01837500
v -0.00194003 -0.00927628 0.01012500
v -0.00187061 -0.00936988 0.01837500
v -0.00190532 -0.00932308 0.01012500
v -0.00194003 -0.00927628 0.01425000
v -0.00183590 -0.00941668 0.01012500
v -0.00183590 -0.00941668 0.01837500
v -0.00187061 -0.00936988 0.01012500
v -0.00179677 -0.00945986 0.01425000
v -0.00187061 -0.00936988 0.01425000
v -0.00194003 -0.00927628 0.02250000
v -0.00187061 -0.00936988 0.02250000
v -0.00194003 -0.00927628 0.01837500
v -0.00190532 -0.00932308 0.01837500
v -0.00171851 -0.00954620 0.02250000
v -0.00179677 -0.00945986 0.02250000
v -0.00175764 -0.00950303 0.01837500
v -0.00179677 -0.00945986 0.01837500
v -0.00090887 -0.01010421 0.01012500
v -0.00090887 -0.01010421 0.01837500
v -0.00096155 -0.01007930 0.01425000
v -0.00106689 -0.01002948 0.02250000
v -0.00096155 -0.01007930 0.02250000
v -0.00101422 -0.01005439 0.01837500
v -0.00096155 -0.01007930 0.01837500
v -0.00085401 -0.01012384 0.01012500
v -0.00074429 -0.01016310 0.01837500
v -0.00079915 -0.01014347 0.01012500
v -0.00085401 -0.01012384 0.01425000
v -0.00068943 -0.01018273 0.01012500
v -0.00068943 -0.01018273 0.01837500
v -0.00074429 -0.01016310 0.01012500
v -0.00074429 -0.01016310 0.01425000
v -0.00085401 -0.01012384 0.02250000
v -0.00074429 -0.01016310 0.02250000
v -0.00085401 -0.01012384 0.01837500
v -0.00079915 -0.01014347 0.01837500
v -0.00063290 -0.01019689 0.01012500
v -0.00051986 -0.01022521 0.01837500
v -0.00057638 -0.01021105 0.01012500
v -0.00063290 -0.01019689 0.01425000
v -0.00046334 -0.01023936 0.01012500
v -0.00046334 -0.01023936 0.01837500
v -0.00051986 -0.01022521 0.01012500
v -0.00040570 -0.01024791 0.01012500
v -0.00051986 -0.01022521 0.01425000
v -0.00029043 -0.01026501 0.01012500
v -0.00040570 -0.01024791 0.01837500
v -0.00034807 -0.01025646 0.01012500
v -0.00040570 -0.01024791 0.01425000
v -0.00063290 -0.01019689 0.02250000
v -0.00051986 -0.01022521 0.02250000
v -0.00063290 -0.01019689 0.01837500
v -0.00057638 -0.01021105 0.01837500
v -0.00023279 -0.01027356 0.01012500
v -0.00023279 -0.01027356 0.01837500
v -0.00029043 -0.01026501 0.01425000
v -0.00040570 -0.01024791 0.02250000
v -0.00029043 -0.01026501 0.02250000
v -0.00034807 -0.01025646 0.01837500
v -0.00029043 -0.01026501 0.01837500
v -0.01179842 -0.00700000 0.02200000
v -0.00539526 -0.00700000 0.02200000
v -0.00219408 -0.00700085 0.01000000
v -0.00219381 -0.00700028 0.01800000
v -0.01177364 -0.00694761 0.02200000
v -0.00532092 -0.00684282 0.02200000
v -0.00857206 -0.00694761 0.02200000
v -0.00216930 -0.00694845 0.01000000
v -0.00211948 -0.00684311 0.01800000
v -0.00214439 -0.00689578 0.01000000
v -0.00216917 -0.00694817 0.01400000
v -0.00209456 -0.00679043 0.01000000
v -0.00209456 -0.00679043 0.01800000
v -0.00211948 -0.00684311 0.01000000
v -0.00211948 -0.00684311 0.01400000
v -0.00216890 -0.00694761 0.02200000
v -0.00211934 -0.00684282 0.02200000
v -0.00537048 -0.00694761 0.02200000
v -0.00216903 -0.00694789 0.01800000
v -0.00534570 -0.00689522 0.02200000
v -0.00214426 -0.00689550 0.01800000
v -0.00225310 -0.00716571 0.01012500
v -0.00221384 -0.00705599 0.01837500
v -0.00223347 -0.00711085 0.01012500
v -0.00225310 -0.00716571 0.01425000
v -0.00219421 -0.00700113 0.01012500
v -0.00219421 -0.00700113 0.01837500
v -0.00221384 -0.00705599 0.01012500
v -0.00219408 -0.00700085 0.01412500
v -0.00221384 -0.00705599 0.01425000
v -0.00225310 -0.00716571 0.02250000
v -0.00221384 -0.00705599 0.02250000
v -0.00225310 -0.00716571 0.01837500
v -0.00223347 -0.00711085 0.01837500
v -0.00219381 -0.00700028 0.02212500
v -0.00219408 -0.00700085 0.02237500
v -0.00219395 -0.00700056 0.01812500
v -0.00219408 -0.00700085 0.01825000
v -0.01179842 -0.00700000 0.02212500
v -0.00539526 -0.00700000 0.02237500
v -0.00859684 -0.00700000 0.02212500
v -0.00219368 -0.00700000 0.02212500
v -0.00219368 -0.00700000 0.02237500
v -0.00539526 -0.00700000 0.02212500
v -0.00219381 -0.00700028 0.02225000
v -0.00539526 -0.00700000 0.02225000
v -0.00219408 -0.00700085 0.02250000
v -0.00219381 -0.00700028 0.02250000
v -0.00219395 -0.00700056 0.02237500
v -0.00219381 -0.00700028 0.02237500
v -0.01174369 -0.00689763 0.02200000
v -0.00523106 -0.00669289 0.02200000
v -0.00851733 -0.00684524 0.02200000
v -0.00206461 -0.00674045 0.01000000
v -0.00200470 -0.00664050 0.01800000
v -0.00203465 -0.00669048 0.01000000
v -0.00206461 -0.00674045 0.01400000
v -0.00197474 -0.00659052 0.01000000
v -0.00197474 -0.00659052 0.01800000
v -0.00200470 -0.00664050 0.01000000
v -0.00200470 -0.00664050 0.01400000
v -0.00206461 -0.00674045 0.02200000
v -0.00200470 -0.00664050 0.02200000
v -0.00529097 -0.00679285 0.02200000
v -0.00206461 -0.00674045 0.01800000
v -0.00526101 -0.00674287 0.02200000
v -0.00203465 -0.00669048 0.01800000
v -0.01170897 -0.00685083 0.02200000
v -0.00512692 -0.00655249 0.02200000
v -0.00845266 -0.00674846 0.02200000
v -0.00194003 -0.00654372 0.01000000
v -0.00187061 -0.00645012 0.01800000
v -0.00190532 -0.00649692 0.01000000
v -0.00194003 -0.00654372 0.01400000
v -0.00183590 -0.00640332 0.01000000
v -0.00183590 -0.00640332 0.01800000
v -0.00187061 -0.00645012 0.01000000
v -0.00187061 -0.00645012 0.01400000
v -0.00194003 -0.00654372 0.02200000
v -0.00187061 -0.00645012 0.02200000
v -0.00519635 -0.00664609 0.02200000
v -0.00194003 -0.00654372 0.01800000
v -0.00516164 -0.00659929 0.02200000
v -0.00190532 -0.00649692 0.01800000
v -0.01166984 -0.00680766 0.02200000
v -0.00500953 -0.00642297 0.02200000
v -0.00837882 -0.00665848 0.02200000
v -0.00179677 -0.00636014 0.01000000
v -0.00171851 -0.00627380 0.01800000
v -0.00175764 -0.00631697 0.01000000
v -0.00179677 -0.00636014 0.01400000
v -0.00167938 -0.00623062 0.01000000
v -0.00167938 -0.00623062 0.01800000
v -0.00171851 -0.00627380 0.01000000
v -0.00171851 -0.00627380 0.01400000
v -0.00179677 -0.00636014 0.02200000
v -0.00171851 -0.00627380 0.02200000
v -0.00508779 -0.00650931 0.02200000
v -0.00179677 -0.00636014 0.01800000
v -0.00504866 -0.00646614 0.02200000
v -0.00175764 -0.00631697 0.01800000
v -0.00163620 -0.00619149 0.01000000
v -0.00154986 -0.00611323 0.01800000
v -0.00159303 -0.00615236 0.01000000
v -0.00163620 -0.00619149 0.01400000
v -0.00150668 -0.00607410 0.01000000
v -0.00150668 -0.00607410 0.01800000
v -0.00154986 -0.00611323 0.01000000
v -0.00154986 -0.00611323 0.01400000
v -0.00163620 -0.00619149 0.02200000
v -0.00154986 -0.00611323 0.02200000
v -0.00163620 -0.00619149 0.01800000
v -0.00159303 -0.00615236 0.01800000
v -0.00145988 -0.00603939 0.01000000
v -0.00136628 -0.00596997 0.01800000
v -0.00141308 -0.00600468 0.01000000
v -0.00145988 -0.00603939 0.01400000
v -0.00131948 -0.00593526 0.01000000
v -0.00131948 -0.00593526 0.01800000
v -0.00136628 -0.00596997 0.01000000
v -0.00136628 -0.00596997 0.01400000
v -0.00145988 -0.00603939 0.02200000
v -0.00136628 -0.00596997 0.02200000
v -0.00145988 -0.00603939 0.01800000
v -0.00141308 -0.00600468 0.01800000
v -0.00126950 -0.00590530 0.01000000
v -0.00116955 -0.00584539 0.01800000
v -0.00121952 -0.00587535 0.01000000
v -0.00126950 -0.00590530 0.01400000
v -0.00111957 -0.00581544 0.01000000
v -0.00111957 -0.00581544 0.01800000
v -0.00116955 -0.00584539 0.01000000
v -0.00116955 -0.00584539 0.01400000
v -0.00126950 -0.00590530 0.02200000
v -0.00116955 -0.00584539 0.02200000
v -0.00126950 -0.00590530 0.01800000
v -0.00121952 -0.00587535 0.01800000
v -0.00106689 -0.00579052 0.01000000
v -0.00096155 -0.00574070 0.01800000
v -0.00101422 -0.00576561 0.01000000
v -0.00106689 -0.00579052 0.01400000
v -0.00090887 -0.00571579 0.01000000
v -0.00090887 -0.00571579 0.01800000
v -0.00096155 -0.00574070 0.01000000
v -0.00096155 -0.00574070 0.01400000
v -0.00106689 -0.00579052 0.02200000
v -0.00096155 -0.00574070 0.02200000
v -0.00106689 -0.00579052 0.01800000
v -0.00101422 -0.00576561 0.01800000
v -0.00085401 -0.00569616 0.01000000
v -0.00074429 -0.00565690 0.01800000
v -0.00079915 -0.00567653 0.01000000
v -0.00085401 -0.00569616 0.01400000
v -0.00068943 -0.00563727 0.01000000
v -0.00068943 -0.00563727 0.01800000
v -0.00074429 -0.00565690 0.01000000
v -0.00074429 -0.00565690 0.01400000
v -0.00085401 -0.00569616 0.02200000
v -0.00074429 -0.00565690 0.02200000
v -0.00085401 -0.00569616 0.01800000
v -0.00079915 -0.00567653 0.01800000
v -0.00063290 -0.00562311 0.01000000
v -0.00051986 -0.00559479 0.01800000
v -0.00057638 -0.00560895 0.01000000
v -0.00063290 -0.00562311 0.01400000
v -0.00046334 -0.00558064 0.01000000
v -0.00046334 -0.00558064 0.01800000
v -0.00051986 -0.00559479 0.01000000
v -0.00051986 -0.00559479 0.01400000
v -0.00063290 -0.00562311 0.02200000
v -0.00051986 -0.00559479 0.02200000
v -0.00063290 -0.00562311 0.01800000
v -0.00057638 -0.00560895 0.01800000
v -0.00040570 -0.00557209 0.01000000
v -0.00029043 -0.00555499 0.01800000
v -0.00034807 -0.00556354 0.01000000
v -0.00040570 -0.00557209 0.01400000
v -0.00023279 -0.00554644 0.01000000
v -0.00023279 -0.00554644 0.01800000
v -0.00029043 -0.00555499 0.01000000
v -0.00029043 -0.00555499 0.01400000
v -0.00040570 -0.00557209 0.02200000
v -0.00029043 -0.00555499 0.02200000
v -0.00040570 -0.00557209 0.01800000
v -0.00034807 -0.00556354 0.01800000
v -0.00648100 0.00132500 0.00600000
v -0.00621900 0.00132500 0.00600000
v -0.00673617 0.00120083 0.00637500
v -0.00698452 0.00095248 0.00712500
v -0.00711117 0.00082583 0.00750000
v -0.00710952 0.00082748 0.00750000
v -0.00673100 0.00082500 0.00750000
v -0.00596900 0.00082500 0.00750000
v -0.00673100 0.00082500 0.00750250
v -0.00596900 0.00082500 0.00750750
v -0.00635000 0.00082500 0.00750250
v -0.00558800 0.00082500 0.00750250
v -0.00558800 0.00082500 0.00750750
v -0.00596900 0.00082500 0.00750250
v -0.00596900 0.00082500 0.00750500
v -0.00635683 0.00120083 0.00637500
v -0.00584648 0.00095248 0.00712500
v -0.00622583 0.00120083 0.00637500
v -0.00648100 0.00107666 0.00675000
v -0.00596383 0.00120083 0.00637500
v -0.00571548 0.00095248 0.00712500
v -0.00609483 0.00120083 0.00637500
v -0.00597066 0.00107666 0.00675000
v -0.00673183 0.00082583 0.00750000
v -0.00597148 0.00082748 0.00750000
v -0.00673100 0.00082666 0.00750000
v -0.00635083 0.00082583 0.00750000
v -0.00672934 0.00082831 0.00750000
v -0.00597066 0.00082831 0.00750000
v -0.00660517 0.00095248 0.00712500
v -0.00673017 0.00082748 0.00750000
v -0.00622583 0.00095248 0.00712500
v -0.00635083 0.00082748 0.00750000
v -0.00558883 0.00082583 0.00750000
v -0.00559048 0.00082748 0.00750000
v -0.00596983 0.00082583 0.00750000
v -0.00597066 0.00082666 0.00750000
v -0.01302800 -0.00504375 0.02200000
v -0.00908400 -0.00113125 0.02200000
v -0.00969784 -0.00485141 0.02200000
v -0.00303753 -0.00446672 0.02200000
v -0.00575384 -0.00093891 0.02200000
v -0.00636769 -0.00465906 0.02200000
v -0.00772584 -0.00289516 0.02200000
v -0.00711200 0.00082500 0.01112500
v -0.00711200 0.00082500 0.01837500
v -0.00673100 0.00082500 0.01112750
v -0.00596900 0.00082500 0.01113250
v -0.00673100 0.00082500 0.01837750
v -0.00635000 0.00082500 0.01113000
v -0.00673100 0.00082500 0.01475250
v -0.00265653 -0.00446672 0.02200000
v -0.00461084 -0.00093891 0.02200000
v -0.00261336 -0.00442759 0.02200000
v -0.00401469 -0.00270281 0.02200000
v -0.00252701 -0.00434933 0.02200000
v -0.00456767 -0.00089978 0.02200000
v -0.00257019 -0.00438846 0.02200000
v -0.00248021 -0.00431461 0.02200000
v -0.00359052 -0.00266368 0.02200000
v -0.00238661 -0.00424519 0.02200000
v -0.00452087 -0.00086506 0.02200000
v -0.00243341 -0.00427990 0.02200000
v -0.00233663 -0.00421524 0.02200000
v -0.00350054 -0.00258984 0.02200000
v -0.00223668 -0.00415533 0.02200000
v -0.00447089 -0.00083511 0.02200000
v -0.00228665 -0.00418528 0.02200000
v -0.00218400 -0.00413041 0.02200000
v -0.00340376 -0.00252517 0.02200000
v -0.00207865 -0.00408059 0.02200000
v -0.00441822 -0.00081020 0.02200000
v -0.00213133 -0.00410550 0.02200000
v -0.00202379 -0.00406096 0.02200000
v -0.00330111 -0.00247031 0.02200000
v -0.00191407 -0.00402170 0.02200000
v -0.00436336 -0.00079057 0.02200000
v -0.00196893 -0.00404133 0.02200000
v -0.00185755 -0.00400754 0.02200000
v -0.00319357 -0.00242576 0.02200000
v -0.00174450 -0.00397923 0.02200000
v -0.00430683 -0.00077641 0.02200000
v -0.00180103 -0.00399338 0.02200000
v -0.00168687 -0.00397068 0.02200000
v -0.00308219 -0.00239198 0.02200000
v -0.00157159 -0.00395358 0.02200000
v -0.00424920 -0.00076786 0.02200000
v -0.00162923 -0.00396213 0.02200000
v -0.00296803 -0.00236927 0.02200000
v -0.00558800 0.00082500 0.01113250
v -0.00558800 0.00082500 0.01837750
v -0.00596900 0.00082500 0.01475500
v -0.00673100 0.00082500 0.02200000
v -0.00596900 0.00082500 0.02200000
v -0.00537284 -0.00093891 0.02200000
v -0.00635000 0.00082500 0.01837750
v -0.00499184 -0.00093891 0.02200000
v -0.00596900 0.00082500 0.01837750
v -0.01500000 -0.00700000 0.02800000
v -0.01500000 -0.00700000 0.04000000
v -0.01179842 -0.00700000 0.02812500
v -0.00539526 -0.00700000 0.02837500
v -0.01179842 -0.00700000 0.04012500
v -0.00859684 -0.00700000 0.02825000
v -0.01179842 -0.00700000 0.03412500
v -0.01425000 -0.00625000 0.04700000
v -0.01275000 -0.00475000 0.04900000
v -0.01500000 -0.00150000 0.02200000
v -0.01500000 0.00950000 0.02200000
v -0.00661200 0.00266250 0.00600000
v -0.00661200 0.00533750 0.00600000
v -0.00648100 0.00266250 0.00600000
v -0.00673617 0.00253833 0.00637500
v -0.00621900 0.00266250 0.00600000
v -0.00648100 0.00533750 0.00600000
v -0.00635000 0.00266250 0.00600000
v -0.00648100 0.00400000 0.00600000
v -0.00698452 0.00228998 0.00712500
v -0.00673617 0.00521333 0.00637500
v -0.00686034 0.00241416 0.00675000
v -0.00673617 0.00387583 0.00637500
v -0.00608800 0.00266250 0.00600000
v -0.00608800 0.00533750 0.00600000
v -0.00621900 0.00400000 0.00600000
v -0.00648100 0.00667500 0.00600000
v -0.00621900 0.00667500 0.00600000
v -0.00635000 0.00533750 0.00600000
v -0.00621900 0.00533750 0.00600000
v -0.00710869 0.00241416 0.00750000
v -0.00710869 0.00558584 0.00750000
v -0.00698452 0.00387583 0.00712500
v -0.00673617 0.00679917 0.00637500
v -0.00698452 0.00704752 0.00712500
v -0.00686034 0.00533750 0.00675000
v -0.00660517 0.00679917 0.00637500
v -0.00698452 0.00546167 0.00712500
v -0.00634317 0.00679917 0.00637500
v -0.00685352 0.00704752 0.00712500
v -0.00647417 0.00679917 0.00637500
v -0.00672934 0.00692334 0.00675000
v -0.00711200 0.00241250 0.00750000
v -0.00711200 0.00558750 0.00750000
v -0.00711117 0.00241333 0.00750000
v -0.00710952 0.00241498 0.00750000
v -0.00711117 0.00558833 0.00750000
v -0.00711034 0.00241416 0.00750000
v -0.00710952 0.00400083 0.00750000
v -0.00711117 0.00400083 0.00750000
v -0.00710952 0.00717252 0.00750000
v -0.00711117 0.00717417 0.00750000
v -0.00710952 0.00558667 0.00750000
v -0.00711034 0.00558750 0.00750000
v -0.00596383 0.00278667 0.00637500
v -0.00571548 0.00571002 0.00712500
v -0.00583966 0.00266250 0.00675000
v -0.00596383 0.00412417 0.00637500
v -0.00558883 0.00241167 0.00750000
v -0.00559048 0.00558502 0.00750000
v -0.00558966 0.00241250 0.00750000
v -0.00559131 0.00241416 0.00750000
v -0.00559131 0.00558584 0.00750000
v -0.00571548 0.00253833 0.00712500
v -0.00559048 0.00241333 0.00750000
v -0.00571548 0.00412417 0.00712500
v -0.00559048 0.00399917 0.00750000
v -0.00596383 0.00679917 0.00637500
v -0.00571548 0.00704752 0.00712500
v -0.00596383 0.00546167 0.00637500
v -0.00621900 0.00692334 0.00675000
v -0.00583966 0.00558584 0.00675000
v -0.00672934 0.00717169 0.00750000
v -0.00597066 0.00717169 0.00750000
v -0.00647417 0.00704752 0.00712500
v -0.00609483 0.00704752 0.00712500
v -0.00558800 0.00241250 0.00750000
v -0.00558800 0.00558750 0.00750000
v -0.00558800 0.00241250 0.00750250
v -0.00558883 0.00399917 0.00750000
v -0.00558800 0.00241250 0.00750750
v -0.00558800 0.00558750 0.00750250
v -0.00558800 0.00241250 0.00750500
v -0.00558800 0.00241250 0.01113000
v -0.00558800 0.00400000 0.00750250
v -0.00558800 0.00241250 0.01837500
v -0.00558800 0.00558750 0.01112500
v -0.00558800 0.00241250 0.01475250
v -0.00558800 0.00400000 0.01112750
v -0.00672852 0.00717252 0.00750000
v -0.00596817 0.00717417 0.00750000
v -0.00672934 0.00717334 0.00750000
v -0.00634917 0.00717252 0.00750000
v -0.00673100 0.00717500 0.00750000
v -0.00596900 0.00717500 0.00750000
v -0.00673017 0.00717417 0.00750000
v -0.00634917 0.00717417 0.00750000
v -0.00559048 0.00717252 0.00750000
v -0.00558883 0.00717417 0.00750000
v -0.00558966 0.00558584 0.00750000
v -0.00596983 0.00717252 0.00750000
v -0.00558883 0.00558667 0.00750000
v -0.00596900 0.00717334 0.00750000
v -0.01302800 -0.00345625 0.02200000
v -0.00908400 0.00363125 0.02200000
v -0.01105600 -0.00150000 0.02200000
v -0.01302800 0.00204375 0.02200000
v -0.00711200 0.00241250 0.01112500
v -0.00711200 0.00558750 0.01837500
v -0.00711200 0.00241250 0.01475000
v -0.00711200 0.00400000 0.01112500
v -0.00711200 0.00241250 0.02200000
v -0.00711200 0.00558750 0.02200000
v -0.00908400 0.00045625 0.02200000
v -0.00711200 0.00241250 0.01837500
v -0.00908400 0.00204375 0.02200000
v -0.00711200 0.00400000 0.01837500
v -0.01302800 0.01304375 0.02200000
v -0.00908400 0.00913125 0.02200000
v -0.01302800 0.00754375 0.02200000
v -0.01105600 0.00558750 0.02200000
v -0.00711200 0.00717500 0.01112500
v -0.00711200 0.00717500 0.01837500
v -0.00711200 0.00558750 0.01112500
v -0.00711200 0.00558750 0.01475000
v -0.00558800 0.00241250 0.02200000
v -0.00558800 0.00558750 0.02200000
v -0.00558800 0.00400000 0.01837500
v -0.01264700 0.01304375 0.02200000
v -0.00794100 0.00913125 0.02200000
v -0.01067500 0.01108750 0.02200000
v -0.00673100 0.00717500 0.01112500
v -0.00596900 0.00717500 0.01837500
v -0.00635000 0.00717500 0.01112500
v -0.00673100 0.00717500 0.01475000
v -0.00558800 0.00717500 0.01112500
v -0.00558800 0.00717500 0.01837500
v -0.00558800 0.00558750 0.01475000
v -0.00596900 0.00717500 0.01112500
v -0.00558800 0.00558750 0.01837500
v -0.00596900 0.00717500 0.01475000
v -0.00673100 0.00717500 0.02200000
v -0.00596900 0.00717500 0.02200000
v -0.00870300 0.00913125 0.02200000
v -0.00673100 0.00717500 0.01837500
v -0.00832200 0.00913125 0.02200000
v -0.00635000 0.00717500 0.01837500
v -0.01500000 -0.00150000 0.02800000
v -0.01500000 0.00950000 0.04000000
v -0.01500000 -0.00150000 0.03400000
v -0.01500000 0.00400000 0.02800000
v -0.01500000 -0.00150000 0.04600000
v -0.01500000 0.00950000 0.04600000
v -0.01500000 -0.00150000 0.04000000
v -0.01500000 0.00400000 0.04000000
v -0.01500000 0.01500000 0.02800000
v -0.01500000 0.01500000 0.04000000
v -0.01500000 0.00950000 0.02800000
v -0.01500000 0.00950000 0.03400000
v -0.01425000 -0.00225000 0.04700000
v -0.01275000 0.00725000 0.04900000
v -0.01350000 -0.00150000 0.04800000
v -0.01425000 0.00325000 0.04700000
v -0.01200000 0.00000000 0.05000000
v -0.01200000 0.00800000 0.05000000
v -0.01275000 -0.00075000 0.04900000
v -0.01275000 0.00325000 0.04900000
v -0.01425000 0.01425000 0.04700000
v -0.01275000 0.01275000 0.04900000
v -0.01425000 0.00875000 0.04700000
v -0.01350000 0.00800000 0.04800000
v -0.00013784 -0.00977823 0.00450000
v -0.00004595 -0.00978274 0.00450000
v -0.00015001 -0.00990180 0.00487500
v -0.00050529 -0.00909077 0.00450000
v -0.00017435 -0.01014895 0.00562500
v -0.00005812 -0.00990632 0.00487500
v -0.00016218 -0.01002538 0.00525000
v -0.00010406 -0.00990406 0.00487500
v -0.00124020 -0.00771585 0.00450000
v -0.00041340 -0.00909528 0.00450000
v -0.00087275 -0.00840331 0.00450000
v -0.00045935 -0.00909303 0.00450000
v -0.00119426 -0.00771359 0.00450000
v -0.00027556 -0.00908851 0.00450000
v -0.00078086 -0.00840331 0.00450000
v 0.00004595 -0.00978274 0.00450000
v 0.00013784 -0.00977823 0.00450000
v -0.00036746 -0.00909303 0.00450000
v -0.00032151 -0.00909077 0.00450000
v -0.00114875 -0.00770684 0.00450000
v -0.00013905 -0.00906826 0.00450000
v -0.00068941 -0.00839430 0.00450000
v 0.00022929 -0.00976922 0.00450000
v 0.00032029 -0.00975572 0.00450000
v -0.00023006 -0.00908176 0.00450000
v -0.00018456 -0.00907501 0.00450000
v -0.00110413 -0.00769566 0.00450000
v -0.00000519 -0.00903473 0.00450000
v -0.00059928 -0.00837637 0.00450000
v 0.00041042 -0.00973779 0.00450000
v 0.00049966 -0.00971544 0.00450000
v -0.00009443 -0.00905708 0.00450000
v -0.00004981 -0.00904591 0.00450000
v -0.00106082 -0.00768017 0.00450000
v 0.00012475 -0.00898824 0.00450000
v -0.00051135 -0.00834970 0.00450000
v 0.00058760 -0.00968877 0.00450000
v 0.00067422 -0.00965777 0.00450000
v 0.00003812 -0.00901923 0.00450000
v 0.00008144 -0.00900374 0.00450000
v -0.00101923 -0.00766050 0.00450000
v 0.00024950 -0.00892923 0.00450000
v -0.00042645 -0.00831453 0.00450000
v 0.00075912 -0.00962261 0.00450000
v 0.00084228 -0.00958327 0.00450000
v 0.00016633 -0.00896857 0.00450000
v 0.00020792 -0.00894890 0.00450000
v -0.00017459 -0.01027642 0.00600000
v -0.00005820 -0.01028214 0.00600000
v -0.00017459 -0.01027559 0.00600000
v -0.00005820 -0.01027966 0.00600000
v -0.00017451 -0.01027477 0.00600000
v -0.00011640 -0.01027845 0.00600000
v -0.00017435 -0.01027312 0.00600000
v -0.00005812 -0.01027883 0.00600000
v -0.00017443 -0.01027395 0.00600000
v -0.00011623 -0.01015181 0.00562500
v -0.00011631 -0.01027680 0.00600000
v -0.00000000 -0.00990917 0.00487500
v -0.00000000 -0.01015752 0.00562500
v -0.00005812 -0.01003049 0.00525000
v 0.00004595 -0.00990691 0.00487500
v -0.00005812 -0.01015466 0.00562500
v 0.00013784 -0.00990240 0.00487500
v 0.00004595 -0.01015526 0.00562500
v 0.00009189 -0.00990466 0.00487500
v 0.00004595 -0.01003109 0.00525000
v -0.00000000 -0.01028417 0.00600000
v -0.00000000 -0.01028252 0.00600000
v -0.00005820 -0.01028131 0.00600000
v -0.00005820 -0.01028049 0.00600000
v 0.00005820 -0.01028214 0.00600000
v 0.00017459 -0.01027642 0.00600000
v 0.00019595 -0.00989955 0.00487500
v 0.00022030 -0.01014669 0.00562500
v 0.00024146 -0.00989280 0.00487500
v 0.00015001 -0.01002597 0.00525000
v 0.00033246 -0.00987930 0.00487500
v 0.00026580 -0.01013994 0.00562500
v 0.00028696 -0.00988605 0.00487500
v 0.00025363 -0.01001637 0.00525000
v 0.00005812 -0.01028132 0.00600000
v 0.00017435 -0.01027395 0.00600000
v 0.00005812 -0.01028049 0.00600000
v 0.00011631 -0.01027846 0.00600000
v 0.00005812 -0.01027883 0.00600000
v 0.00017435 -0.01027312 0.00600000
v 0.00010406 -0.01015240 0.00562500
v 0.00005812 -0.01027966 0.00600000
v 0.00016218 -0.01014955 0.00562500
v 0.00011623 -0.01027681 0.00600000
v 0.00023271 -0.01027274 0.00600000
v 0.00023255 -0.01027109 0.00600000
v 0.00017451 -0.01027560 0.00600000
v 0.00017443 -0.01027478 0.00600000
v 0.00029043 -0.01026501 0.00600000
v 0.00040570 -0.01024791 0.00600000
v 0.00029035 -0.01026419 0.00600000
v 0.00029018 -0.01026254 0.00600000
v 0.00040562 -0.01024709 0.00600000
v 0.00029027 -0.01026337 0.00600000
v 0.00034798 -0.01025564 0.00600000
v 0.00039002 -0.00987076 0.00487500
v 0.00043847 -0.01011433 0.00562500
v 0.00043464 -0.00985958 0.00487500
v 0.00035669 -0.01000108 0.00525000
v 0.00052389 -0.00983723 0.00487500
v 0.00048309 -0.01010315 0.00562500
v 0.00047926 -0.00984840 0.00487500
v 0.00045887 -0.00998137 0.00525000
v 0.00029002 -0.01026173 0.00600000
v 0.00040514 -0.01024466 0.00600000
v 0.00032336 -0.01013141 0.00562500
v 0.00034774 -0.01025400 0.00600000
v 0.00038091 -0.01012287 0.00562500
v 0.00046318 -0.01023855 0.00600000
v 0.00046286 -0.01023693 0.00600000
v 0.00040546 -0.01024628 0.00600000
v 0.00040530 -0.01024547 0.00600000
v 0.00051986 -0.01022521 0.00600000
v 0.00063290 -0.01019689 0.00600000
v 0.00051970 -0.01022440 0.00600000
v 0.00051938 -0.01022277 0.00600000
v 0.00063274 -0.01019608 0.00600000
v 0.00051954 -0.01022358 0.00600000
v 0.00057622 -0.01021024 0.00600000
v 0.00058033 -0.00982309 0.00487500
v 0.00065242 -0.01006074 0.00562500
v 0.00062364 -0.00980759 0.00487500
v 0.00055993 -0.00995605 0.00525000
v 0.00071026 -0.00977660 0.00487500
v 0.00069573 -0.01004524 0.00562500
v 0.00066695 -0.00979209 0.00487500
v 0.00065969 -0.00992642 0.00525000
v 0.00051914 -0.01022198 0.00600000
v 0.00063202 -0.01019370 0.00600000
v 0.00053953 -0.01008902 0.00562500
v 0.00057582 -0.01020863 0.00600000
v 0.00059598 -0.01007488 0.00562500
v 0.00068919 -0.01018194 0.00600000
v 0.00068871 -0.01018036 0.00600000
v 0.00063250 -0.01019529 0.00600000
v 0.00063226 -0.01019449 0.00600000
v 0.00076505 -0.00975699 0.00487500
v 0.00086009 -0.00998643 0.00562500
v 0.00080663 -0.00973733 0.00487500
v 0.00075778 -0.00989132 0.00525000
v 0.00088980 -0.00969799 0.00487500
v 0.00090167 -0.00996677 0.00562500
v 0.00084822 -0.00971766 0.00487500
v 0.00085415 -0.00985205 0.00525000
v 0.00074397 -0.01016234 0.00600000
v 0.00085306 -0.01012155 0.00600000
v 0.00074373 -0.01016155 0.00600000
v 0.00074325 -0.01015996 0.00600000
v 0.00085282 -0.01012076 0.00600000
v 0.00075052 -0.01002564 0.00562500
v 0.00074349 -0.01016075 0.00600000
v 0.00080530 -0.01000604 0.00562500
v 0.00079828 -0.01014115 0.00600000
v 0.00074429 -0.01016310 0.00600000
v 0.00085401 -0.01012384 0.00600000
v 0.00079883 -0.01014271 0.00600000
v 0.00090792 -0.01010192 0.00600000
v 0.00090856 -0.01010345 0.00600000
v 0.00085338 -0.01012231 0.00600000
v 0.00085369 -0.01012308 0.00600000
v 0.00096060 -0.01007701 0.00600000
v 0.00106658 -0.01002871 0.00600000
v 0.00096091 -0.01007777 0.00600000
v 0.00096155 -0.01007930 0.00600000
v 0.00106689 -0.01002948 0.00600000
v 0.00096123 -0.01007854 0.00600000
v 0.00101390 -0.01005362 0.00600000
v 0.00094240 -0.00967311 0.00487500
v 0.00105947 -0.00989213 0.00562500
v 0.00094834 -0.00980750 0.00525000
v 0.00096021 -0.01007628 0.00600000
v 0.00106541 -0.01002652 0.00600000
v 0.00095427 -0.00994189 0.00562500
v 0.00101320 -0.01005213 0.00600000
v 0.00100687 -0.00991701 0.00562500
v 0.00111918 -0.01000383 0.00600000
v 0.00111840 -0.01000237 0.00600000
v 0.00106619 -0.01002798 0.00600000
v 0.00106580 -0.01002725 0.00600000
v 0.00116791 -0.00997173 0.00600000
v 0.00126773 -0.00991190 0.00600000
v 0.00116955 -0.00997461 0.00600000
v 0.00126950 -0.00991470 0.00600000
v 0.00116916 -0.00997388 0.00600000
v 0.00116837 -0.00997242 0.00600000
v 0.00126911 -0.00991397 0.00600000
v 0.00116876 -0.00997315 0.00600000
v 0.00121828 -0.00994250 0.00600000
v 0.00121913 -0.00994392 0.00600000
v 0.00131810 -0.00988267 0.00600000
v 0.00131902 -0.00988405 0.00600000
v 0.00126819 -0.00991259 0.00600000
v 0.00126865 -0.00991328 0.00600000
v 0.00136628 -0.00985003 0.00600000
v 0.00145988 -0.00978061 0.00600000
v 0.00136438 -0.00984733 0.00600000
v 0.00145785 -0.00977800 0.00600000
v 0.00136484 -0.00984801 0.00600000
v 0.00136576 -0.00984939 0.00600000
v 0.00145831 -0.00977869 0.00600000
v 0.00136530 -0.00984870 0.00600000
v 0.00141256 -0.00981468 0.00600000
v 0.00141157 -0.00981335 0.00600000
v 0.00150616 -0.00974526 0.00600000
v 0.00150511 -0.00974398 0.00600000
v 0.00145936 -0.00977997 0.00600000
v 0.00145883 -0.00977933 0.00600000
v 0.00154770 -0.00970426 0.00600000
v 0.00163392 -0.00962611 0.00600000
v 0.00154986 -0.00970677 0.00600000
v 0.00163620 -0.00962851 0.00600000
v 0.00154933 -0.00970613 0.00600000
v 0.00154828 -0.00970485 0.00600000
v 0.00163568 -0.00962787 0.00600000
v 0.00154881 -0.00970549 0.00600000
v 0.00159140 -0.00966577 0.00600000
v 0.00159251 -0.00966700 0.00600000
v 0.00167762 -0.00958762 0.00600000
v 0.00167879 -0.00958879 0.00600000
v 0.00163451 -0.00962670 0.00600000
v 0.00163509 -0.00962728 0.00600000
v -0.00097978 -0.00763685 0.00450000
v 0.00036787 -0.00885829 0.00450000
v -0.00034541 -0.00827122 0.00450000
v 0.00092333 -0.00953995 0.00450000
v 0.00100224 -0.00949265 0.00450000
v 0.00028896 -0.00890559 0.00450000
v 0.00098186 -0.00964946 0.00487500
v 0.00032841 -0.00888194 0.00450000
v 0.00109893 -0.00986848 0.00562500
v 0.00106077 -0.00960216 0.00487500
v 0.00104039 -0.00975897 0.00525000
v 0.00114884 -0.00983857 0.00562500
v 0.00102132 -0.00962581 0.00487500
v 0.00124865 -0.00977874 0.00562500
v 0.00111068 -0.00957225 0.00487500
v 0.00119874 -0.00980866 0.00562500
v 0.00112976 -0.00970541 0.00525000
v -0.00094283 -0.00760945 0.00450000
v 0.00047872 -0.00877608 0.00450000
v -0.00026901 -0.00822017 0.00450000
v 0.00128560 -0.00975134 0.00562500
v 0.00122153 -0.00949004 0.00487500
v 0.00133234 -0.00971668 0.00562500
v 0.00121662 -0.00964809 0.00525000
v 0.00142581 -0.00964735 0.00562500
v 0.00126826 -0.00945538 0.00487500
v 0.00137907 -0.00968202 0.00562500
v 0.00130030 -0.00958603 0.00525000
v 0.00107864 -0.00944160 0.00450000
v 0.00115254 -0.00938680 0.00450000
v 0.00040482 -0.00883088 0.00450000
v 0.00114763 -0.00954485 0.00487500
v 0.00044177 -0.00880348 0.00450000
v 0.00118458 -0.00951745 0.00487500
v -0.00090875 -0.00757855 0.00450000
v 0.00058097 -0.00868340 0.00450000
v -0.00019797 -0.00816187 0.00450000
v 0.00145989 -0.00961646 0.00562500
v 0.00137051 -0.00936270 0.00487500
v 0.00150301 -0.00957739 0.00562500
v 0.00138112 -0.00952048 0.00525000
v 0.00158923 -0.00949923 0.00562500
v 0.00141363 -0.00932363 0.00487500
v 0.00154612 -0.00953831 0.00562500
v 0.00145832 -0.00945051 0.00525000
v 0.00122357 -0.00932850 0.00450000
v 0.00129174 -0.00926672 0.00450000
v 0.00051280 -0.00874519 0.00450000
v 0.00130235 -0.00942449 0.00487500
v 0.00054688 -0.00871429 0.00450000
v 0.00133643 -0.00939360 0.00487500
v -0.00087785 -0.00754447 0.00450000
v 0.00067365 -0.00858115 0.00450000
v -0.00013300 -0.00809689 0.00450000
v 0.00135672 -0.00920174 0.00450000
v 0.00141850 -0.00913357 0.00450000
v 0.00061186 -0.00864932 0.00450000
v 0.00064275 -0.00861523 0.00450000
v -0.00085045 -0.00750752 0.00450000
v 0.00075585 -0.00847030 0.00450000
v -0.00007470 -0.00802586 0.00450000
v 0.00147680 -0.00906254 0.00450000
v 0.00153160 -0.00898864 0.00450000
v 0.00070105 -0.00854420 0.00450000
v 0.00072845 -0.00850725 0.00450000
v -0.00082680 -0.00746807 0.00450000
v 0.00082680 -0.00835193 0.00450000
v -0.00002365 -0.00794946 0.00450000
v 0.00158265 -0.00891224 0.00450000
v 0.00162995 -0.00883333 0.00450000
v 0.00077950 -0.00843085 0.00450000
v 0.00080315 -0.00839139 0.00450000
v 0.00171851 -0.00954620 0.00600000
v 0.00179677 -0.00945986 0.00600000
v 0.00171611 -0.00954392 0.00600000
v 0.00179426 -0.00945770 0.00600000
v 0.00171670 -0.00954451 0.00600000
v 0.00162831 -0.00945612 0.00562500
v 0.00171787 -0.00954568 0.00600000
v 0.00179485 -0.00945828 0.00600000
v 0.00171728 -0.00954509 0.00600000
v 0.00175700 -0.00950251 0.00600000
v 0.00175577 -0.00950140 0.00600000
v 0.00145270 -0.00928051 0.00487500
v 0.00170646 -0.00936989 0.00562500
v 0.00154051 -0.00936832 0.00525000
v 0.00148360 -0.00924643 0.00487500
v 0.00166739 -0.00941301 0.00562500
v 0.00154538 -0.00917826 0.00487500
v 0.00173735 -0.00933581 0.00562500
v 0.00151449 -0.00921235 0.00487500
v 0.00161048 -0.00929112 0.00525000
v 0.00183526 -0.00941616 0.00600000
v 0.00183398 -0.00941511 0.00600000
v 0.00179613 -0.00945933 0.00600000
v 0.00179549 -0.00945881 0.00600000
v -0.00080713 -0.00742648 0.00450000
v 0.00088581 -0.00822718 0.00450000
v 0.00001967 -0.00786842 0.00450000
v 0.00167327 -0.00875228 0.00450000
v 0.00171261 -0.00866912 0.00450000
v 0.00084647 -0.00831035 0.00450000
v 0.00086614 -0.00826877 0.00450000
v -0.00079164 -0.00738317 0.00450000
v 0.00093230 -0.00809725 0.00450000
v 0.00005483 -0.00778352 0.00450000
v 0.00174777 -0.00858422 0.00450000
v 0.00177877 -0.00849760 0.00450000
v 0.00090130 -0.00818387 0.00450000
v 0.00091680 -0.00814056 0.00450000
v -0.00078046 -0.00733855 0.00450000
v 0.00096583 -0.00796338 0.00450000
v 0.00008151 -0.00769559 0.00450000
v 0.00180544 -0.00840966 0.00450000
v 0.00182780 -0.00832042 0.00450000
v 0.00094347 -0.00805262 0.00450000
v 0.00095465 -0.00800800 0.00450000
v -0.00077371 -0.00729304 0.00450000
v 0.00098608 -0.00782687 0.00450000
v 0.00009943 -0.00760546 0.00450000
v 0.00184572 -0.00823029 0.00450000
v 0.00185922 -0.00813929 0.00450000
v 0.00097258 -0.00791788 0.00450000
v 0.00097933 -0.00787237 0.00450000
v -0.00077371 -0.00720115 0.00450000
v 0.00098608 -0.00755120 0.00450000
v -0.00078046 -0.00715565 0.00450000
v 0.00096583 -0.00741469 0.00450000
v 0.00009943 -0.00733067 0.00450000
v 0.00185922 -0.00768071 0.00450000
v 0.00184572 -0.00758971 0.00450000
v 0.00097933 -0.00750569 0.00450000
v 0.00097258 -0.00746019 0.00450000
v -0.00079164 -0.00711103 0.00450000
v 0.00093230 -0.00728082 0.00450000
v 0.00008151 -0.00724055 0.00450000
v 0.00182780 -0.00749958 0.00450000
v 0.00180544 -0.00741034 0.00450000
v 0.00095465 -0.00737006 0.00450000
v 0.00094347 -0.00732544 0.00450000
v -0.00080713 -0.00706772 0.00450000
v 0.00088581 -0.00715088 0.00450000
v 0.00005483 -0.00715261 0.00450000
v 0.00177877 -0.00732240 0.00450000
v 0.00174777 -0.00723578 0.00450000
v 0.00091680 -0.00723751 0.00450000
v 0.00090130 -0.00719420 0.00450000
v 0.00187061 -0.00936988 0.00600000
v 0.00194003 -0.00927628 0.00600000
v 0.00158004 -0.00913153 0.00487500
v 0.00184134 -0.00919560 0.00562500
v 0.00160745 -0.00909458 0.00487500
v 0.00167603 -0.00921030 0.00525000
v 0.00166225 -0.00902068 0.00487500
v 0.00186874 -0.00915865 0.00562500
v 0.00163485 -0.00905763 0.00487500
v 0.00168590 -0.00898122 0.00487500
v 0.00173809 -0.00912662 0.00525000
v 0.00173320 -0.00890231 0.00487500
v 0.00189239 -0.00911920 0.00562500
v 0.00170955 -0.00894177 0.00487500
v 0.00178915 -0.00905021 0.00525000
v 0.00186992 -0.00936942 0.00600000
v 0.00193797 -0.00927490 0.00600000
v 0.00186928 -0.00936890 0.00600000
v 0.00190463 -0.00932262 0.00600000
v 0.00186800 -0.00936785 0.00600000
v 0.00193733 -0.00927438 0.00600000
v 0.00177202 -0.00928907 0.00562500
v 0.00186864 -0.00936837 0.00600000
v 0.00180668 -0.00924234 0.00562500
v 0.00190330 -0.00932164 0.00600000
v 0.00197405 -0.00922902 0.00600000
v 0.00197268 -0.00922810 0.00600000
v 0.00193934 -0.00927582 0.00600000
v 0.00193865 -0.00927536 0.00600000
v 0.00176311 -0.00885240 0.00487500
v 0.00198213 -0.00896947 0.00562500
v 0.00178278 -0.00881082 0.00487500
v 0.00184271 -0.00896085 0.00525000
v 0.00182212 -0.00872765 0.00487500
v 0.00200180 -0.00892789 0.00562500
v 0.00180245 -0.00876923 0.00487500
v 0.00189229 -0.00886935 0.00525000
v 0.00200190 -0.00917773 0.00600000
v 0.00206173 -0.00907791 0.00600000
v 0.00192230 -0.00906929 0.00562500
v 0.00195222 -0.00901938 0.00562500
v 0.00200470 -0.00917950 0.00600000
v 0.00206461 -0.00907955 0.00600000
v 0.00200401 -0.00917904 0.00600000
v 0.00200263 -0.00917812 0.00600000
v 0.00206392 -0.00907909 0.00600000
v 0.00200332 -0.00917858 0.00600000
v 0.00203254 -0.00912821 0.00600000
v 0.00203396 -0.00912906 0.00600000
v 0.00209237 -0.00902840 0.00600000
v 0.00209383 -0.00902918 0.00600000
v 0.00206246 -0.00907831 0.00600000
v 0.00206319 -0.00907870 0.00600000
v 0.00184699 -0.00867505 0.00487500
v 0.00207643 -0.00877009 0.00562500
v 0.00193684 -0.00877517 0.00525000
v 0.00211652 -0.00897541 0.00600000
v 0.00216628 -0.00887021 0.00600000
v 0.00202668 -0.00887529 0.00562500
v 0.00205156 -0.00882269 0.00562500
v 0.00211729 -0.00897572 0.00600000
v 0.00216857 -0.00887116 0.00600000
v 0.00211802 -0.00897611 0.00600000
v 0.00214216 -0.00892312 0.00600000
v 0.00211948 -0.00897689 0.00600000
v 0.00216930 -0.00887155 0.00600000
v 0.00211875 -0.00897650 0.00600000
v 0.00214366 -0.00892383 0.00600000
v 0.00219192 -0.00881792 0.00600000
v 0.00219345 -0.00881856 0.00600000
v 0.00216704 -0.00887052 0.00600000
v 0.00216781 -0.00887084 0.00600000
v 0.00221384 -0.00876401 0.00600000
v 0.00225310 -0.00865429 0.00600000
v 0.00186660 -0.00862026 0.00487500
v 0.00213524 -0.00860573 0.00562500
v 0.00188209 -0.00857695 0.00487500
v 0.00198132 -0.00866778 0.00525000
v 0.00191309 -0.00849033 0.00487500
v 0.00215074 -0.00856242 0.00562500
v 0.00189759 -0.00853364 0.00487500
v 0.00192427 -0.00844571 0.00487500
v 0.00201642 -0.00856969 0.00525000
v 0.00194662 -0.00835646 0.00487500
v 0.00216192 -0.00851780 0.00562500
v 0.00193544 -0.00840108 0.00487500
v 0.00204309 -0.00848175 0.00525000
v 0.00221076 -0.00876282 0.00600000
v 0.00224996 -0.00865325 0.00600000
v 0.00209604 -0.00871530 0.00562500
v 0.00221152 -0.00876314 0.00600000
v 0.00211564 -0.00866052 0.00562500
v 0.00221305 -0.00876377 0.00600000
v 0.00225073 -0.00865357 0.00600000
v 0.00221229 -0.00876345 0.00600000
v 0.00223268 -0.00870891 0.00600000
v 0.00223112 -0.00870835 0.00600000
v 0.00227194 -0.00859919 0.00600000
v 0.00227036 -0.00859871 0.00600000
v 0.00225231 -0.00865405 0.00600000
v 0.00225152 -0.00865381 0.00600000
v 0.00196076 -0.00830002 0.00487500
v 0.00220433 -0.00834847 0.00562500
v 0.00196751 -0.00825452 0.00487500
v 0.00206841 -0.00838069 0.00525000
v 0.00198101 -0.00816351 0.00487500
v 0.00221108 -0.00830297 0.00562500
v 0.00197426 -0.00820901 0.00487500
v 0.00208929 -0.00827874 0.00525000
v 0.00228370 -0.00854202 0.00600000
v 0.00231198 -0.00842914 0.00600000
v 0.00217605 -0.00846135 0.00562500
v 0.00219019 -0.00840491 0.00562500
v 0.00228689 -0.00854290 0.00600000
v 0.00231521 -0.00842986 0.00600000
v 0.00228610 -0.00854266 0.00600000
v 0.00228451 -0.00854218 0.00600000
v 0.00231441 -0.00842962 0.00600000
v 0.00228531 -0.00854242 0.00600000
v 0.00229865 -0.00848574 0.00600000
v 0.00230026 -0.00848614 0.00600000
v 0.00232693 -0.00837286 0.00600000
v 0.00232855 -0.00837318 0.00600000
v 0.00231279 -0.00842930 0.00600000
v 0.00231360 -0.00842946 0.00600000
v 0.00198955 -0.00810595 0.00487500
v 0.00223669 -0.00813030 0.00562500
v 0.00210458 -0.00817568 0.00525000
v 0.00233466 -0.00831514 0.00600000
v 0.00235173 -0.00820002 0.00600000
v 0.00221962 -0.00824541 0.00562500
v 0.00233547 -0.00831530 0.00600000
v 0.00222816 -0.00818785 0.00562500
v 0.00233709 -0.00831562 0.00600000
v 0.00235254 -0.00820018 0.00600000
v 0.00233628 -0.00831546 0.00600000
v 0.00234400 -0.00825774 0.00600000
v 0.00233791 -0.00831570 0.00600000
v 0.00235501 -0.00820043 0.00600000
v 0.00234564 -0.00825798 0.00600000
v 0.00236109 -0.00814255 0.00600000
v 0.00236274 -0.00814271 0.00600000
v 0.00235337 -0.00820027 0.00600000
v 0.00235419 -0.00820035 0.00600000
v -0.00077145 -0.00724710 0.00450000
v 0.00099285 -0.00768903 0.00450000
v 0.00010844 -0.00751401 0.00450000
v 0.00010844 -0.00742212 0.00450000
v 0.00186823 -0.00804784 0.00450000
v 0.00187274 -0.00795595 0.00450000
v 0.00098834 -0.00778092 0.00450000
v 0.00199180 -0.00806001 0.00487500
v 0.00099059 -0.00773498 0.00450000
v 0.00186823 -0.00777216 0.00450000
v 0.00187274 -0.00786405 0.00450000
v 0.00098834 -0.00759714 0.00450000
v 0.00099059 -0.00764309 0.00450000
v 0.00223895 -0.00808435 0.00562500
v 0.00199632 -0.00796812 0.00487500
v 0.00211538 -0.00807218 0.00525000
v 0.00199406 -0.00801406 0.00487500
v 0.00196076 -0.00751998 0.00487500
v 0.00220433 -0.00747153 0.00562500
v 0.00194958 -0.00747536 0.00487500
v 0.00192723 -0.00738611 0.00487500
v 0.00219315 -0.00742691 0.00562500
v 0.00193840 -0.00743074 0.00487500
v 0.00207137 -0.00745113 0.00525000
v 0.00232693 -0.00744715 0.00600000
v 0.00232855 -0.00744682 0.00600000
v 0.00231521 -0.00739014 0.00600000
v 0.00228689 -0.00727710 0.00600000
v 0.00191309 -0.00732967 0.00487500
v 0.00215074 -0.00725758 0.00562500
v 0.00189759 -0.00728636 0.00487500
v 0.00204605 -0.00735007 0.00525000
v 0.00186660 -0.00719974 0.00487500
v 0.00213524 -0.00721427 0.00562500
v 0.00188209 -0.00724305 0.00487500
v 0.00201642 -0.00725031 0.00525000
v 0.00231198 -0.00739086 0.00600000
v 0.00228370 -0.00727798 0.00600000
v 0.00217902 -0.00737047 0.00562500
v 0.00231279 -0.00739070 0.00600000
v 0.00216488 -0.00731402 0.00562500
v 0.00231441 -0.00739038 0.00600000
v 0.00228451 -0.00727782 0.00600000
v 0.00231360 -0.00739054 0.00600000
v 0.00230026 -0.00733386 0.00600000
v 0.00229865 -0.00733426 0.00600000
v 0.00227194 -0.00722081 0.00600000
v 0.00227036 -0.00722129 0.00600000
v 0.00228610 -0.00727734 0.00600000
v 0.00228531 -0.00727758 0.00600000
v 0.00199240 -0.00777216 0.00487500
v 0.00224526 -0.00786405 0.00562500
v 0.00199466 -0.00781811 0.00487500
v 0.00236312 -0.00808435 0.00600000
v 0.00236883 -0.00796812 0.00600000
v 0.00236395 -0.00808443 0.00600000
v 0.00224181 -0.00802623 0.00562500
v 0.00236559 -0.00808459 0.00600000
v 0.00236966 -0.00796820 0.00600000
v 0.00236477 -0.00808451 0.00600000
v 0.00236680 -0.00802631 0.00600000
v 0.00199917 -0.00791000 0.00487500
v 0.00224752 -0.00791000 0.00562500
v 0.00199691 -0.00786405 0.00487500
v 0.00212049 -0.00796812 0.00525000
v 0.00212109 -0.00786405 0.00525000
v 0.00224466 -0.00796812 0.00562500
v 0.00236642 -0.00808459 0.00600000
v 0.00237214 -0.00796820 0.00600000
v 0.00236845 -0.00802640 0.00600000
v 0.00237252 -0.00791000 0.00600000
v 0.00237417 -0.00791000 0.00600000
v 0.00237049 -0.00796820 0.00600000
v 0.00237131 -0.00796820 0.00600000
v 0.00198955 -0.00771405 0.00487500
v 0.00223669 -0.00768971 0.00562500
v 0.00198280 -0.00766854 0.00487500
v 0.00211597 -0.00775999 0.00525000
v 0.00196930 -0.00757754 0.00487500
v 0.00222994 -0.00764420 0.00562500
v 0.00197605 -0.00762304 0.00487500
v 0.00209108 -0.00755331 0.00525000
v 0.00210637 -0.00765637 0.00525000
v 0.00233466 -0.00750486 0.00600000
v 0.00235173 -0.00761998 0.00600000
v 0.00221287 -0.00752909 0.00562500
v 0.00222141 -0.00758665 0.00562500
v 0.00236883 -0.00785188 0.00600000
v 0.00236312 -0.00773565 0.00600000
v 0.00224240 -0.00780594 0.00562500
v 0.00223955 -0.00774782 0.00562500
v 0.00233548 -0.00750478 0.00600000
v 0.00235420 -0.00761973 0.00600000
v 0.00233629 -0.00750462 0.00600000
v 0.00234402 -0.00756234 0.00600000
v 0.00233791 -0.00750430 0.00600000
v 0.00235501 -0.00761957 0.00600000
v 0.00233710 -0.00750446 0.00600000
v 0.00234565 -0.00756210 0.00600000
v 0.00236966 -0.00785180 0.00600000
v 0.00236559 -0.00773541 0.00600000
v 0.00237049 -0.00785180 0.00600000
v 0.00236680 -0.00779369 0.00600000
v 0.00237214 -0.00785180 0.00600000
v 0.00236642 -0.00773541 0.00600000
v 0.00237131 -0.00785180 0.00600000
v 0.00236845 -0.00779360 0.00600000
v 0.00236109 -0.00767745 0.00600000
v 0.00236274 -0.00767729 0.00600000
v 0.00235255 -0.00761990 0.00600000
v 0.00236395 -0.00773557 0.00600000
v 0.00235338 -0.00761981 0.00600000
v 0.00236477 -0.00773549 0.00600000
v -0.00124020 -0.00677835 0.00450000
v -0.00041340 -0.00628278 0.00450000
v -0.00087275 -0.00653282 0.00450000
v -0.00013784 -0.00604177 0.00450000
v -0.00004595 -0.00603726 0.00450000
v -0.00050529 -0.00628730 0.00450000
v -0.00045935 -0.00628504 0.00450000
v -0.00119426 -0.00678061 0.00450000
v -0.00027556 -0.00628955 0.00450000
v -0.00078086 -0.00653282 0.00450000
v 0.00004595 -0.00603726 0.00450000
v 0.00013784 -0.00604177 0.00450000
v -0.00036746 -0.00628504 0.00450000
v -0.00032151 -0.00628730 0.00450000
v -0.00114875 -0.00678736 0.00450000
v -0.00013905 -0.00630980 0.00450000
v -0.00068941 -0.00654183 0.00450000
v 0.00022929 -0.00605078 0.00450000
v 0.00032029 -0.00606428 0.00450000
v -0.00023006 -0.00629630 0.00450000
v -0.00018456 -0.00630305 0.00450000
v -0.00110413 -0.00679853 0.00450000
v -0.00000519 -0.00634334 0.00450000
v -0.00059928 -0.00655976 0.00450000
v 0.00041042 -0.00608221 0.00450000
v 0.00049966 -0.00610456 0.00450000
v -0.00009443 -0.00632098 0.00450000
v -0.00004981 -0.00633216 0.00450000
v -0.00106082 -0.00681403 0.00450000
v 0.00012475 -0.00638983 0.00450000
v -0.00051135 -0.00658643 0.00450000
v 0.00058760 -0.00613123 0.00450000
v 0.00067422 -0.00616223 0.00450000
v 0.00003812 -0.00635883 0.00450000
v 0.00008144 -0.00637433 0.00450000
v -0.00101923 -0.00683370 0.00450000
v 0.00024950 -0.00644883 0.00450000
v -0.00042645 -0.00662160 0.00450000
v 0.00075912 -0.00619739 0.00450000
v 0.00084228 -0.00623673 0.00450000
v 0.00016633 -0.00640950 0.00450000
v 0.00020792 -0.00642916 0.00450000
v 0.00005812 -0.00591368 0.00487500
v 0.00017435 -0.00567105 0.00562500
v 0.00010406 -0.00591594 0.00487500
v 0.00019595 -0.00592045 0.00487500
v 0.00022030 -0.00567331 0.00562500
v 0.00015001 -0.00591820 0.00487500
v 0.00016218 -0.00579462 0.00525000
v 0.00023255 -0.00554891 0.00600000
v 0.00023271 -0.00554726 0.00600000
v 0.00025351 -0.00592899 0.00487500
v 0.00039297 -0.00569892 0.00562500
v 0.00029901 -0.00593574 0.00487500
v 0.00026568 -0.00580542 0.00525000
v 0.00039002 -0.00594924 0.00487500
v 0.00043847 -0.00570567 0.00562500
v 0.00034452 -0.00594249 0.00487500
v 0.00036874 -0.00582071 0.00525000
v 0.00029002 -0.00555827 0.00600000
v 0.00040514 -0.00557535 0.00600000
v 0.00027785 -0.00568184 0.00562500
v 0.00033541 -0.00569038 0.00562500
v 0.00029018 -0.00555746 0.00600000
v 0.00040562 -0.00557291 0.00600000
v 0.00029027 -0.00555663 0.00600000
v 0.00034774 -0.00556600 0.00600000
v 0.00029043 -0.00555499 0.00600000
v 0.00040570 -0.00557209 0.00600000
v 0.00029035 -0.00555581 0.00600000
v 0.00034798 -0.00556436 0.00600000
v 0.00046286 -0.00558307 0.00600000
v 0.00046318 -0.00558145 0.00600000
v 0.00040530 -0.00557453 0.00600000
v 0.00040546 -0.00557372 0.00600000
v 0.00051986 -0.00559479 0.00600000
v 0.00063290 -0.00562311 0.00600000
v 0.00044646 -0.00596338 0.00487500
v 0.00060780 -0.00574808 0.00562500
v 0.00049108 -0.00597456 0.00487500
v 0.00047069 -0.00584159 0.00525000
v 0.00058033 -0.00599691 0.00487500
v 0.00065242 -0.00575926 0.00562500
v 0.00053571 -0.00598573 0.00487500
v 0.00057175 -0.00586691 0.00525000
v 0.00051914 -0.00559802 0.00600000
v 0.00063202 -0.00562630 0.00600000
v 0.00049491 -0.00571981 0.00562500
v 0.00051930 -0.00559721 0.00600000
v 0.00055135 -0.00573395 0.00562500
v 0.00051962 -0.00559559 0.00600000
v 0.00063218 -0.00562549 0.00600000
v 0.00051946 -0.00559640 0.00600000
v 0.00057614 -0.00560974 0.00600000
v 0.00057574 -0.00561135 0.00600000
v 0.00068919 -0.00563806 0.00600000
v 0.00068871 -0.00563964 0.00600000
v 0.00063266 -0.00562390 0.00600000
v 0.00063242 -0.00562469 0.00600000
v 0.00063511 -0.00601651 0.00487500
v 0.00081678 -0.00581807 0.00562500
v 0.00067843 -0.00603201 0.00487500
v 0.00067116 -0.00589769 0.00525000
v 0.00076505 -0.00606301 0.00487500
v 0.00086009 -0.00583357 0.00562500
v 0.00072174 -0.00604751 0.00487500
v 0.00080663 -0.00608267 0.00487500
v 0.00076926 -0.00593279 0.00525000
v 0.00088980 -0.00612201 0.00487500
v 0.00090167 -0.00585323 0.00562500
v 0.00084822 -0.00610234 0.00487500
v 0.00085415 -0.00596795 0.00525000
v 0.00074397 -0.00565766 0.00600000
v 0.00085306 -0.00569845 0.00600000
v 0.00074373 -0.00565845 0.00600000
v 0.00074325 -0.00566004 0.00600000
v 0.00085282 -0.00569924 0.00600000
v 0.00070720 -0.00577886 0.00562500
v 0.00074349 -0.00565925 0.00600000
v 0.00076199 -0.00579847 0.00562500
v 0.00079828 -0.00567885 0.00600000
v 0.00074429 -0.00565690 0.00600000
v 0.00085401 -0.00569616 0.00600000
v 0.00079883 -0.00567729 0.00600000
v 0.00090792 -0.00571808 0.00600000
v 0.00090856 -0.00571655 0.00600000
v 0.00085338 -0.00569769 0.00600000
v 0.00085369 -0.00569692 0.00600000
v -0.00097978 -0.00685735 0.00450000
v 0.00036787 -0.00651978 0.00450000
v -0.00034541 -0.00666491 0.00450000
v 0.00092333 -0.00628005 0.00450000
v 0.00100224 -0.00632735 0.00450000
v 0.00028896 -0.00647248 0.00450000
v 0.00032841 -0.00649613 0.00450000
v -0.00090875 -0.00691564 0.00450000
v 0.00058097 -0.00669466 0.00450000
v -0.00094283 -0.00688475 0.00450000
v 0.00047872 -0.00660199 0.00450000
v -0.00026901 -0.00671597 0.00450000
v -0.00019797 -0.00677426 0.00450000
v 0.00107864 -0.00637840 0.00450000
v 0.00115254 -0.00643320 0.00450000
v 0.00040482 -0.00654718 0.00450000
v 0.00044177 -0.00657458 0.00450000
v 0.00129174 -0.00655328 0.00450000
v 0.00122357 -0.00649150 0.00450000
v 0.00054688 -0.00666377 0.00450000
v 0.00051280 -0.00663288 0.00450000
v -0.00085045 -0.00698667 0.00450000
v 0.00075585 -0.00690776 0.00450000
v -0.00082680 -0.00702613 0.00450000
v 0.00082680 -0.00702613 0.00450000
v 0.00001967 -0.00706772 0.00450000
v -0.00002365 -0.00698667 0.00450000
v 0.00171261 -0.00715088 0.00450000
v 0.00167327 -0.00706772 0.00450000
v 0.00086614 -0.00710930 0.00450000
v 0.00084647 -0.00706772 0.00450000
v 0.00158265 -0.00690776 0.00450000
v 0.00162995 -0.00698667 0.00450000
v 0.00077950 -0.00694722 0.00450000
v 0.00080315 -0.00698667 0.00450000
v -0.00087785 -0.00694973 0.00450000
v 0.00067365 -0.00679692 0.00450000
v -0.00013300 -0.00683924 0.00450000
v -0.00007470 -0.00691027 0.00450000
v 0.00135672 -0.00661826 0.00450000
v 0.00141850 -0.00668643 0.00450000
v 0.00061186 -0.00672875 0.00450000
v 0.00064275 -0.00676283 0.00450000
v 0.00153160 -0.00683136 0.00450000
v 0.00147680 -0.00675746 0.00450000
v 0.00072845 -0.00687081 0.00450000
v 0.00070105 -0.00683387 0.00450000
v 0.00145270 -0.00653949 0.00487500
v 0.00170646 -0.00645011 0.00562500
v 0.00148360 -0.00657357 0.00487500
v 0.00154538 -0.00664174 0.00487500
v 0.00173735 -0.00648419 0.00562500
v 0.00151449 -0.00660765 0.00487500
v 0.00161048 -0.00652888 0.00525000
v 0.00183526 -0.00640384 0.00600000
v 0.00183398 -0.00640489 0.00600000
v 0.00094240 -0.00614689 0.00487500
v 0.00105947 -0.00592787 0.00562500
v 0.00094834 -0.00601250 0.00525000
v 0.00096021 -0.00574372 0.00600000
v 0.00106541 -0.00579348 0.00600000
v 0.00095427 -0.00587811 0.00562500
v 0.00100687 -0.00590299 0.00562500
v 0.00096060 -0.00574299 0.00600000
v 0.00106658 -0.00579129 0.00600000
v 0.00096091 -0.00574223 0.00600000
v 0.00101320 -0.00576787 0.00600000
v 0.00096155 -0.00574070 0.00600000
v 0.00106689 -0.00579052 0.00600000
v 0.00096123 -0.00574146 0.00600000
v 0.00101390 -0.00576638 0.00600000
v 0.00111840 -0.00581763 0.00600000
v 0.00111918 -0.00581617 0.00600000
v 0.00106580 -0.00579275 0.00600000
v 0.00106619 -0.00579202 0.00600000
v 0.00099231 -0.00617680 0.00487500
v 0.00120920 -0.00601761 0.00562500
v 0.00103177 -0.00620045 0.00487500
v 0.00105085 -0.00606729 0.00525000
v 0.00111068 -0.00624775 0.00487500
v 0.00124865 -0.00604126 0.00562500
v 0.00107122 -0.00622410 0.00487500
v 0.00114021 -0.00612085 0.00525000
v 0.00116791 -0.00584827 0.00600000
v 0.00126773 -0.00590810 0.00600000
v 0.00110938 -0.00595778 0.00562500
v 0.00116830 -0.00584754 0.00600000
v 0.00115929 -0.00598770 0.00562500
v 0.00116909 -0.00584608 0.00600000
v 0.00126812 -0.00590737 0.00600000
v 0.00116870 -0.00584681 0.00600000
v 0.00121821 -0.00587745 0.00600000
v 0.00116955 -0.00584539 0.00600000
v 0.00126950 -0.00590530 0.00600000
v 0.00121906 -0.00587604 0.00600000
v 0.00131810 -0.00593732 0.00600000
v 0.00131902 -0.00593595 0.00600000
v 0.00126858 -0.00590668 0.00600000
v 0.00126904 -0.00590599 0.00600000
v 0.00136628 -0.00596997 0.00600000
v 0.00145988 -0.00603939 0.00600000
v 0.00115742 -0.00628241 0.00487500
v 0.00138886 -0.00614524 0.00562500
v 0.00119436 -0.00630981 0.00487500
v 0.00122640 -0.00617917 0.00525000
v 0.00137051 -0.00645730 0.00487500
v 0.00145989 -0.00620354 0.00562500
v 0.00133643 -0.00642640 0.00487500
v 0.00126826 -0.00636462 0.00487500
v 0.00142581 -0.00617265 0.00562500
v 0.00123131 -0.00633722 0.00487500
v 0.00130235 -0.00639551 0.00487500
v 0.00131009 -0.00624123 0.00525000
v 0.00138112 -0.00629952 0.00525000
v 0.00136438 -0.00597267 0.00600000
v 0.00145785 -0.00604200 0.00600000
v 0.00129539 -0.00607592 0.00562500
v 0.00136484 -0.00597199 0.00600000
v 0.00134213 -0.00611058 0.00562500
v 0.00136576 -0.00597061 0.00600000
v 0.00145831 -0.00604131 0.00600000
v 0.00136530 -0.00597130 0.00600000
v 0.00141256 -0.00600532 0.00600000
v 0.00141157 -0.00600665 0.00600000
v 0.00150616 -0.00607474 0.00600000
v 0.00150511 -0.00607602 0.00600000
v 0.00145936 -0.00604003 0.00600000
v 0.00145883 -0.00604067 0.00600000
v 0.00141363 -0.00649637 0.00487500
v 0.00158923 -0.00632077 0.00562500
v 0.00154051 -0.00645168 0.00525000
v 0.00145832 -0.00636949 0.00525000
v 0.00179618 -0.00636073 0.00600000
v 0.00171675 -0.00627555 0.00600000
v 0.00179554 -0.00636125 0.00600000
v 0.00179426 -0.00636230 0.00600000
v 0.00171611 -0.00627608 0.00600000
v 0.00166739 -0.00640699 0.00562500
v 0.00179490 -0.00636178 0.00600000
v 0.00162831 -0.00636388 0.00562500
v 0.00175583 -0.00631866 0.00600000
v 0.00154770 -0.00611574 0.00600000
v 0.00163392 -0.00619389 0.00600000
v 0.00150301 -0.00624261 0.00562500
v 0.00154612 -0.00628169 0.00562500
v 0.00179677 -0.00636014 0.00600000
v 0.00171851 -0.00627380 0.00600000
v 0.00175705 -0.00631755 0.00600000
v 0.00154986 -0.00611323 0.00600000
v 0.00163620 -0.00619149 0.00600000
v 0.00154933 -0.00611387 0.00600000
v 0.00154828 -0.00611515 0.00600000
v 0.00163568 -0.00619213 0.00600000
v 0.00154881 -0.00611451 0.00600000
v 0.00159140 -0.00615423 0.00600000
v 0.00159251 -0.00615300 0.00600000
v 0.00167762 -0.00623238 0.00600000
v 0.00167879 -0.00623121 0.00600000
v 0.00171734 -0.00627497 0.00600000
v 0.00163451 -0.00619330 0.00600000
v 0.00171792 -0.00627438 0.00600000
v 0.00163509 -0.00619272 0.00600000
v -0.00017435 -0.00554605 0.00600000
v -0.00005812 -0.00553868 0.00600000
v -0.00017443 -0.00554522 0.00600000
v -0.00017459 -0.00554358 0.00600000
v -0.00005820 -0.00553786 0.00600000
v -0.00017451 -0.00554440 0.00600000
v -0.00011631 -0.00554154 0.00600000
v 0.00017435 -0.00554605 0.00600000
v 0.00005812 -0.00553868 0.00600000
v 0.00017443 -0.00554522 0.00600000
v 0.00017459 -0.00554358 0.00600000
v 0.00005820 -0.00553786 0.00600000
v 0.00017451 -0.00554440 0.00600000
v 0.00011631 -0.00554154 0.00600000
v -0.00013784 -0.00591760 0.00487500
v -0.00004595 -0.00566474 0.00562500
v -0.00015001 -0.00579403 0.00525000
v -0.00009189 -0.00591534 0.00487500
v -0.00017435 -0.00554688 0.00600000
v -0.00005812 -0.00554117 0.00600000
v -0.00016218 -0.00567045 0.00562500
v -0.00011623 -0.00554319 0.00600000
v -0.00010406 -0.00566760 0.00562500
v 0.00000000 -0.00591083 0.00487500
v 0.00000000 -0.00566248 0.00562500
v -0.00004595 -0.00591308 0.00487500
v 0.00005812 -0.00578951 0.00525000
v -0.00004595 -0.00578891 0.00525000
v 0.00017435 -0.00554688 0.00600000
v 0.00005812 -0.00554117 0.00600000
v 0.00011623 -0.00566819 0.00562500
v 0.00011623 -0.00554319 0.00600000
v 0.00005812 -0.00566534 0.00562500
v 0.00000000 -0.00553583 0.00600000
v 0.00000000 -0.00553748 0.00600000
v -0.00005812 -0.00553951 0.00600000
v 0.00005812 -0.00553951 0.00600000
v -0.00005812 -0.00554034 0.00600000
v 0.00005812 -0.00554034 0.00600000
v 0.00169216 -0.00684923 0.00487500
v 0.00195848 -0.00681107 0.00562500
v 0.00171581 -0.00688868 0.00487500
v 0.00176311 -0.00696760 0.00487500
v 0.00198213 -0.00685053 0.00562500
v 0.00173946 -0.00692814 0.00487500
v 0.00184897 -0.00686961 0.00525000
v 0.00209237 -0.00679160 0.00600000
v 0.00209383 -0.00679082 0.00600000
v 0.00184699 -0.00714495 0.00487500
v 0.00207643 -0.00704991 0.00562500
v 0.00198132 -0.00715222 0.00525000
v 0.00182733 -0.00710337 0.00487500
v 0.00224996 -0.00716675 0.00600000
v 0.00221076 -0.00705718 0.00600000
v 0.00211564 -0.00715948 0.00562500
v 0.00209604 -0.00710470 0.00562500
v 0.00178799 -0.00702020 0.00487500
v 0.00205677 -0.00700833 0.00562500
v 0.00180766 -0.00706178 0.00487500
v 0.00189750 -0.00696166 0.00525000
v 0.00194205 -0.00705585 0.00525000
v 0.00211652 -0.00684459 0.00600000
v 0.00216628 -0.00694979 0.00600000
v 0.00200701 -0.00690313 0.00562500
v 0.00211725 -0.00684420 0.00600000
v 0.00203189 -0.00695573 0.00562500
v 0.00211871 -0.00684342 0.00600000
v 0.00216701 -0.00694940 0.00600000
v 0.00211798 -0.00684381 0.00600000
v 0.00214213 -0.00689680 0.00600000
v 0.00225310 -0.00716571 0.00600000
v 0.00221384 -0.00705599 0.00600000
v 0.00225231 -0.00716595 0.00600000
v 0.00225073 -0.00716643 0.00600000
v 0.00221305 -0.00705623 0.00600000
v 0.00225152 -0.00716619 0.00600000
v 0.00223112 -0.00711165 0.00600000
v 0.00223268 -0.00711109 0.00600000
v 0.00211948 -0.00684311 0.00600000
v 0.00216930 -0.00694845 0.00600000
v 0.00214362 -0.00689610 0.00600000
v 0.00219192 -0.00700208 0.00600000
v 0.00219345 -0.00700144 0.00600000
v 0.00221152 -0.00705686 0.00600000
v 0.00216777 -0.00694909 0.00600000
v 0.00221229 -0.00705655 0.00600000
v 0.00216854 -0.00694877 0.00600000
v 0.00187061 -0.00645012 0.00600000
v 0.00194003 -0.00654372 0.00600000
v 0.00206461 -0.00674045 0.00600000
v 0.00200470 -0.00664050 0.00600000
v 0.00166225 -0.00679932 0.00487500
v 0.00186874 -0.00666135 0.00562500
v 0.00163485 -0.00676237 0.00487500
v 0.00179541 -0.00678024 0.00525000
v 0.00158004 -0.00668847 0.00487500
v 0.00184134 -0.00662440 0.00562500
v 0.00160745 -0.00672542 0.00487500
v 0.00167603 -0.00660970 0.00525000
v 0.00173809 -0.00669338 0.00525000
v 0.00186992 -0.00645058 0.00600000
v 0.00193797 -0.00654510 0.00600000
v 0.00186928 -0.00645110 0.00600000
v 0.00190463 -0.00649738 0.00600000
v 0.00186800 -0.00645215 0.00600000
v 0.00193733 -0.00654562 0.00600000
v 0.00177202 -0.00653093 0.00562500
v 0.00186864 -0.00645163 0.00600000
v 0.00180668 -0.00657766 0.00562500
v 0.00190330 -0.00649836 0.00600000
v 0.00206173 -0.00674209 0.00600000
v 0.00200190 -0.00664227 0.00600000
v 0.00192857 -0.00676116 0.00562500
v 0.00206246 -0.00674170 0.00600000
v 0.00189866 -0.00671126 0.00562500
v 0.00206392 -0.00674091 0.00600000
v 0.00200263 -0.00664188 0.00600000
v 0.00206319 -0.00674131 0.00600000
v 0.00203396 -0.00669094 0.00600000
v 0.00203254 -0.00669179 0.00600000
v 0.00197405 -0.00659098 0.00600000
v 0.00197268 -0.00659190 0.00600000
v 0.00193934 -0.00654418 0.00600000
v 0.00200401 -0.00664096 0.00600000
v 0.00193865 -0.00654464 0.00600000
v 0.00200332 -0.00664142 0.00600000
v -0.00017459 -0.01027642 0.01012500
v -0.00005820 -0.01028214 0.01837500
v -0.00017459 -0.01027642 0.01425000
v -0.00011640 -0.01027928 0.01012500
v -0.00017459 -0.01027642 0.02250000
v -0.00005820 -0.01028214 0.02250000
v -0.00017459 -0.01027642 0.01837500
v -0.00011640 -0.01027928 0.01837500
v -0.00000000 -0.01028500 0.01012500
v -0.00000000 -0.01028500 0.01837500
v -0.00005820 -0.01028214 0.01012500
v 0.00005820 -0.01028214 0.01012500
v -0.00005820 -0.01028214 0.01425000
v 0.00017459 -0.01027642 0.01012500
v 0.00005820 -0.01028214 0.01837500
v 0.00011640 -0.01027928 0.01012500
v 0.00005820 -0.01028214 0.01425000
v 0.00023279 -0.01027356 0.01012500
v 0.00023279 -0.01027356 0.01837500
v 0.00029043 -0.01026501 0.01012500
v 0.00017459 -0.01027642 0.01425000
v 0.00040570 -0.01024791 0.01012500
v 0.00029043 -0.01026501 0.01837500
v 0.00034807 -0.01025646 0.01012500
v 0.00029043 -0.01026501 0.01425000
v 0.00005820 -0.01028214 0.02250000
v 0.00017459 -0.01027642 0.02250000
v 0.00011640 -0.01027928 0.01837500
v 0.00017459 -0.01027642 0.01837500
v 0.00046334 -0.01023936 0.01012500
v 0.00046334 -0.01023936 0.01837500
v 0.00051986 -0.01022521 0.01012500
v 0.00040570 -0.01024791 0.01425000
v 0.00063290 -0.01019689 0.01012500
v 0.00051986 -0.01022521 0.01837500
v 0.00057638 -0.01021105 0.01012500
v 0.00051986 -0.01022521 0.01425000
v 0.00029043 -0.01026501 0.02250000
v 0.00040570 -0.01024791 0.02250000
v 0.00034807 -0.01025646 0.01837500
v 0.00040570 -0.01024791 0.01837500
v 0.00068943 -0.01018273 0.01012500
v 0.00068943 -0.01018273 0.01837500
v 0.00074429 -0.01016310 0.01012500
v 0.00063290 -0.01019689 0.01425000
v 0.00085401 -0.01012384 0.01012500
v 0.00074429 -0.01016310 0.01837500
v 0.00079915 -0.01014347 0.01012500
v 0.00074429 -0.01016310 0.01425000
v 0.00051986 -0.01022521 0.02250000
v 0.00063290 -0.01019689 0.02250000
v 0.00057638 -0.01021105 0.01837500
v 0.00063290 -0.01019689 0.01837500
v 0.00090887 -0.01010421 0.01012500
v 0.00090887 -0.01010421 0.01837500
v 0.00096155 -0.01007930 0.01012500
v 0.00085401 -0.01012384 0.01425000
v 0.00106689 -0.01002948 0.01012500
v 0.00096155 -0.01007930 0.01837500
v 0.00101422 -0.01005439 0.01012500
v 0.00096155 -0.01007930 0.01425000
v 0.00074429 -0.01016310 0.02250000
v 0.00085401 -0.01012384 0.02250000
v 0.00079915 -0.01014347 0.01837500
v 0.00085401 -0.01012384 0.01837500
v 0.00111957 -0.01000456 0.01012500
v 0.00111957 -0.01000456 0.01837500
v 0.00116955 -0.00997461 0.01012500
v 0.00106689 -0.01002948 0.01425000
v 0.00126950 -0.00991470 0.01012500
v 0.00116955 -0.00997461 0.01837500
v 0.00121952 -0.00994465 0.01012500
v 0.00116955 -0.00997461 0.01425000
v 0.00096155 -0.01007930 0.02250000
v 0.00106689 -0.01002948 0.02250000
v 0.00101422 -0.01005439 0.01837500
v 0.00106689 -0.01002948 0.01837500
v 0.00131948 -0.00988474 0.01012500
v 0.00131948 -0.00988474 0.01837500
v 0.00136628 -0.00985003 0.01012500
v 0.00126950 -0.00991470 0.01425000
v 0.00145988 -0.00978061 0.01012500
v 0.00136628 -0.00985003 0.01837500
v 0.00141308 -0.00981532 0.01012500
v 0.00136628 -0.00985003 0.01425000
v 0.00116955 -0.00997461 0.02250000
v 0.00126950 -0.00991470 0.02250000
v 0.00121952 -0.00994465 0.01837500
v 0.00126950 -0.00991470 0.01837500
v 0.00150668 -0.00974590 0.01012500
v 0.00150668 -0.00974590 0.01837500
v 0.00154986 -0.00970677 0.01012500
v 0.00145988 -0.00978061 0.01425000
v 0.00163620 -0.00962851 0.01012500
v 0.00154986 -0.00970677 0.01837500
v 0.00159303 -0.00966764 0.01012500
v 0.00154986 -0.00970677 0.01425000
v 0.00136628 -0.00985003 0.02250000
v 0.00145988 -0.00978061 0.02250000
v 0.00141308 -0.00981532 0.01837500
v 0.00145988 -0.00978061 0.01837500
v 0.00167938 -0.00958938 0.01012500
v 0.00167938 -0.00958938 0.01837500
v 0.00171851 -0.00954620 0.01012500
v 0.00163620 -0.00962851 0.01425000
v 0.00179677 -0.00945986 0.01012500
v 0.00171851 -0.00954620 0.01837500
v 0.00175764 -0.00950303 0.01012500
v 0.00171851 -0.00954620 0.01425000
v 0.00154986 -0.00970677 0.02250000
v 0.00163620 -0.00962851 0.02250000
v 0.00159303 -0.00966764 0.01837500
v 0.00163620 -0.00962851 0.01837500
v 0.00183590 -0.00941668 0.01012500
v 0.00183590 -0.00941668 0.01837500
v 0.00187061 -0.00936988 0.01012500
v 0.00179677 -0.00945986 0.01425000
v 0.00194003 -0.00927628 0.01012500
v 0.00187061 -0.00936988 0.01837500
v 0.00190532 -0.00932308 0.01012500
v 0.00187061 -0.00936988 0.01425000
v 0.00171851 -0.00954620 0.02250000
v 0.00179677 -0.00945986 0.02250000
v 0.00175764 -0.00950303 0.01837500
v 0.00179677 -0.00945986 0.01837500
v -0.00148106 -0.00889961 0.02250000
v -0.00049369 -0.00823987 0.02250000
v -0.00151101 -0.00884963 0.02250000
v -0.00144635 -0.00894641 0.02250000
v -0.00164566 -0.00859166 0.02250000
v -0.00054855 -0.00813722 0.02250000
v -0.00162075 -0.00864433 0.02250000
v -0.00166529 -0.00853679 0.02250000
v -0.00157092 -0.00874968 0.02250000
v -0.00052364 -0.00818989 0.02250000
v -0.00154097 -0.00879965 0.02250000
v -0.00159583 -0.00869700 0.02250000
v -0.00101733 -0.00851976 0.02250000
v -0.00107219 -0.00841711 0.02250000
v -0.00177267 -0.00808459 0.02250000
v -0.00059089 -0.00796820 0.02250000
v -0.00176412 -0.00814223 0.02250000
v -0.00177553 -0.00802640 0.02250000
v -0.00170455 -0.00842707 0.02250000
v -0.00056818 -0.00808236 0.02250000
v -0.00168492 -0.00848193 0.02250000
v -0.00171871 -0.00837055 0.02250000
v -0.00111674 -0.00830957 0.02250000
v -0.00174702 -0.00825750 0.02250000
v -0.00058234 -0.00802583 0.02250000
v -0.00175557 -0.00819987 0.02250000
v -0.00173287 -0.00831403 0.02250000
v -0.00117323 -0.00808403 0.02250000
v -0.00115052 -0.00819819 0.02250000
v -0.00178125 -0.00791000 0.02250000
v -0.00059375 -0.00791000 0.02250000
v -0.00177839 -0.00796820 0.02250000
v -0.00177839 -0.00785180 0.02250000
v -0.00118464 -0.00796820 0.02250000
v -0.00177267 -0.00773541 0.02250000
v -0.00059089 -0.00785180 0.02250000
v -0.00177553 -0.00779360 0.02250000
v -0.00176412 -0.00767777 0.02250000
v -0.00118464 -0.00785180 0.02250000
v -0.00174702 -0.00756250 0.02250000
v -0.00058234 -0.00779417 0.02250000
v -0.00175557 -0.00762013 0.02250000
v -0.00173287 -0.00750597 0.02250000
v -0.00117323 -0.00773597 0.02250000
v -0.00170455 -0.00739293 0.02250000
v -0.00056818 -0.00773764 0.02250000
v -0.00171871 -0.00744945 0.02250000
v -0.00168492 -0.00733807 0.02250000
v -0.00115052 -0.00762181 0.02250000
v -0.00125953 -0.00916953 0.02250000
v -0.00041984 -0.00832984 0.02250000
v -0.00121636 -0.00920866 0.02250000
v -0.00129866 -0.00912636 0.02250000
v -0.00113001 -0.00928693 0.02250000
v -0.00037667 -0.00836897 0.02250000
v -0.00117319 -0.00924779 0.02250000
v -0.00108321 -0.00932164 0.02250000
v -0.00079652 -0.00878882 0.02250000
v -0.00083968 -0.00948092 0.02250000
v -0.00027989 -0.00843364 0.02250000
v -0.00088965 -0.00945097 0.02250000
v -0.00078700 -0.00950584 0.02250000
v -0.00098961 -0.00939105 0.02250000
v -0.00032987 -0.00840368 0.02250000
v -0.00103641 -0.00935634 0.02250000
v -0.00093963 -0.00942101 0.02250000
v -0.00070654 -0.00886266 0.02250000
v -0.00060976 -0.00892733 0.02250000
v -0.00137692 -0.00904001 0.02250000
v -0.00045897 -0.00828667 0.02250000
v -0.00141164 -0.00899321 0.02250000
v -0.00133779 -0.00908319 0.02250000
v -0.00095266 -0.00861654 0.02250000
v -0.00087882 -0.00870652 0.02250000
v -0.00068165 -0.00955566 0.02250000
v -0.00022722 -0.00845855 0.02250000
v -0.00073433 -0.00953075 0.02250000
v -0.00062679 -0.00957529 0.02250000
v -0.00050711 -0.00898219 0.02250000
v -0.00051707 -0.00961455 0.02250000
v -0.00017236 -0.00847818 0.02250000
v -0.00057193 -0.00959492 0.02250000
v -0.00046055 -0.00962871 0.02250000
v -0.00039957 -0.00902674 0.02250000
v -0.00034750 -0.00965702 0.02250000
v -0.00011583 -0.00849234 0.02250000
v -0.00040403 -0.00964287 0.02250000
v -0.00028987 -0.00966557 0.02250000
v -0.00028819 -0.00906052 0.02250000
v -0.00017459 -0.00968267 0.02250000
v -0.00005820 -0.00850089 0.02250000
v -0.00023223 -0.00967412 0.02250000
v -0.00011640 -0.00968553 0.02250000
v -0.00017403 -0.00908323 0.02250000
v -0.00164566 -0.00722835 0.02250000
v -0.00054855 -0.00768278 0.02250000
v -0.00166529 -0.00728321 0.02250000
v -0.00164553 -0.00722806 0.02250000
v -0.00111674 -0.00751043 0.02250000
v -0.00164526 -0.00722750 0.02250000
v -0.00054842 -0.00768250 0.02250000
v -0.00164539 -0.00722778 0.02250000
v -0.00109697 -0.00745528 0.02250000
v -0.00000000 -0.00969125 0.02250000
v -0.00000000 -0.00850375 0.02250000
v -0.00005820 -0.00968839 0.02250000
v 0.00005820 -0.00968839 0.02250000
v -0.00005820 -0.00909464 0.02250000
v 0.00017459 -0.00968267 0.02250000
v 0.00005820 -0.00850089 0.02250000
v 0.00011640 -0.00968553 0.02250000
v 0.00023223 -0.00967412 0.02250000
v 0.00005820 -0.00909464 0.02250000
v 0.00034750 -0.00965702 0.02250000
v 0.00011583 -0.00849234 0.02250000
v 0.00028987 -0.00966557 0.02250000
v 0.00040403 -0.00964287 0.02250000
v 0.00017403 -0.00908323 0.02250000
v 0.00051707 -0.00961455 0.02250000
v 0.00017236 -0.00847818 0.02250000
v 0.00046055 -0.00962871 0.02250000
v 0.00057193 -0.00959492 0.02250000
v 0.00028819 -0.00906052 0.02250000
v 0.00068165 -0.00955566 0.02250000
v 0.00022722 -0.00845855 0.02250000
v 0.00062679 -0.00957529 0.02250000
v 0.00073433 -0.00953075 0.02250000
v 0.00039957 -0.00902674 0.02250000
v 0.00083968 -0.00948092 0.02250000
v 0.00027989 -0.00843364 0.02250000
v 0.00078700 -0.00950584 0.02250000
v 0.00088965 -0.00945097 0.02250000
v 0.00050711 -0.00898219 0.02250000
v 0.00098961 -0.00939105 0.02250000
v 0.00032987 -0.00840368 0.02250000
v 0.00093963 -0.00942101 0.02250000
v 0.00103641 -0.00935634 0.02250000
v 0.00060976 -0.00892733 0.02250000
v 0.00113001 -0.00928693 0.02250000
v 0.00037667 -0.00836897 0.02250000
v 0.00108321 -0.00932164 0.02250000
v 0.00117319 -0.00924779 0.02250000
v 0.00070654 -0.00886266 0.02250000
v 0.00125953 -0.00916953 0.02250000
v 0.00041984 -0.00832984 0.02250000
v 0.00121636 -0.00920866 0.02250000
v 0.00129866 -0.00912636 0.02250000
v 0.00079652 -0.00878882 0.02250000
v 0.00137692 -0.00904001 0.02250000
v 0.00045897 -0.00828667 0.02250000
v 0.00133779 -0.00908319 0.02250000
v 0.00087882 -0.00870652 0.02250000
v 0.00197474 -0.00922948 0.01012500
v 0.00197474 -0.00922948 0.01837500
v 0.00200470 -0.00917950 0.01012500
v 0.00194003 -0.00927628 0.01425000
v 0.00206461 -0.00907955 0.01012500
v 0.00200470 -0.00917950 0.01837500
v 0.00203465 -0.00912952 0.01012500
v 0.00200470 -0.00917950 0.01425000
v 0.00187061 -0.00936988 0.02250000
v 0.00194003 -0.00927628 0.02250000
v 0.00190532 -0.00932308 0.01837500
v 0.00141164 -0.00899321 0.02250000
v 0.00194003 -0.00927628 0.01837500
v 0.00049369 -0.00823987 0.02250000
v 0.00148106 -0.00889961 0.02250000
v 0.00095266 -0.00861654 0.02250000
v 0.00144635 -0.00894641 0.02250000
v 0.00209456 -0.00902957 0.01012500
v 0.00209456 -0.00902957 0.01837500
v 0.00211948 -0.00897689 0.01012500
v 0.00206461 -0.00907955 0.01425000
v 0.00216930 -0.00887155 0.01012500
v 0.00211948 -0.00897689 0.01837500
v 0.00214439 -0.00892422 0.01012500
v 0.00211948 -0.00897689 0.01425000
v 0.00052364 -0.00818989 0.02250000
v 0.00157092 -0.00874968 0.02250000
v 0.00101733 -0.00851976 0.02250000
v 0.00200470 -0.00917950 0.02250000
v 0.00206461 -0.00907955 0.02250000
v 0.00203465 -0.00912952 0.01837500
v 0.00151101 -0.00884963 0.02250000
v 0.00206461 -0.00907955 0.01837500
v 0.00154097 -0.00879965 0.02250000
v 0.00219421 -0.00881887 0.01012500
v 0.00219421 -0.00881887 0.01837500
v 0.00221384 -0.00876401 0.01012500
v 0.00216930 -0.00887155 0.01425000
v 0.00225310 -0.00865429 0.01012500
v 0.00221384 -0.00876401 0.01837500
v 0.00223347 -0.00870915 0.01012500
v 0.00221384 -0.00876401 0.01425000
v 0.00054855 -0.00813722 0.02250000
v 0.00164566 -0.00859166 0.02250000
v 0.00107219 -0.00841711 0.02250000
v 0.00211948 -0.00897689 0.02250000
v 0.00216930 -0.00887155 0.02250000
v 0.00214439 -0.00892422 0.01837500
v 0.00159583 -0.00869700 0.02250000
v 0.00216930 -0.00887155 0.01837500
v 0.00162075 -0.00864433 0.02250000
v 0.00227273 -0.00859943 0.01012500
v 0.00227273 -0.00859943 0.01837500
v 0.00228689 -0.00854290 0.01012500
v 0.00225310 -0.00865429 0.01425000
v 0.00231521 -0.00842986 0.01012500
v 0.00228689 -0.00854290 0.01837500
v 0.00230105 -0.00848638 0.01012500
v 0.00228689 -0.00854290 0.01425000
v 0.00056818 -0.00808236 0.02250000
v 0.00170455 -0.00842707 0.02250000
v 0.00111674 -0.00830957 0.02250000
v 0.00221384 -0.00876401 0.02250000
v 0.00225310 -0.00865429 0.02250000
v 0.00223347 -0.00870915 0.01837500
v 0.00166529 -0.00853679 0.02250000
v 0.00225310 -0.00865429 0.01837500
v 0.00168492 -0.00848193 0.02250000
v 0.00232937 -0.00837334 0.01012500
v 0.00232937 -0.00837334 0.01837500
v 0.00233791 -0.00831570 0.01012500
v 0.00231521 -0.00842986 0.01425000
v 0.00235501 -0.00820043 0.01012500
v 0.00233791 -0.00831570 0.01837500
v 0.00234646 -0.00825807 0.01012500
v 0.00233791 -0.00831570 0.01425000
v 0.00058234 -0.00802583 0.02250000
v 0.00174702 -0.00825750 0.02250000
v 0.00115052 -0.00819819 0.02250000
v 0.00228689 -0.00854290 0.02250000
v 0.00231521 -0.00842986 0.02250000
v 0.00230105 -0.00848638 0.01837500
v 0.00171871 -0.00837055 0.02250000
v 0.00231521 -0.00842986 0.01837500
v 0.00173287 -0.00831403 0.02250000
v 0.00236356 -0.00814279 0.01012500
v 0.00236356 -0.00814279 0.01837500
v 0.00236642 -0.00808459 0.01012500
v 0.00235501 -0.00820043 0.01425000
v 0.00237214 -0.00796820 0.01012500
v 0.00236642 -0.00808459 0.01837500
v 0.00236928 -0.00802640 0.01012500
v 0.00236642 -0.00808459 0.01425000
v 0.00059089 -0.00796820 0.02250000
v 0.00177267 -0.00808459 0.02250000
v 0.00117323 -0.00808403 0.02250000
v 0.00233791 -0.00831570 0.02250000
v 0.00235501 -0.00820043 0.02250000
v 0.00234646 -0.00825807 0.01837500
v 0.00175557 -0.00819987 0.02250000
v 0.00235501 -0.00820043 0.01837500
v 0.00176412 -0.00814223 0.02250000
v 0.00232937 -0.00744666 0.01012500
v 0.00232937 -0.00744666 0.01837500
v 0.00058234 -0.00779417 0.02250000
v 0.00174702 -0.00756250 0.02250000
v 0.00231521 -0.00739014 0.01012500
v 0.00228689 -0.00727710 0.01837500
v 0.00230105 -0.00733362 0.01012500
v 0.00231521 -0.00739014 0.01425000
v 0.00227273 -0.00722057 0.01012500
v 0.00227273 -0.00722057 0.01837500
v 0.00228689 -0.00727710 0.01012500
v 0.00225310 -0.00716571 0.01012500
v 0.00228689 -0.00727710 0.01425000
v 0.00221384 -0.00705599 0.01012500
v 0.00225310 -0.00716571 0.01837500
v 0.00223347 -0.00711085 0.01012500
v 0.00225310 -0.00716571 0.01425000
v 0.00056818 -0.00773764 0.02250000
v 0.00170455 -0.00739293 0.02250000
v 0.00115052 -0.00762181 0.02250000
v 0.00231521 -0.00739014 0.02250000
v 0.00228689 -0.00727710 0.02250000
v 0.00231521 -0.00739014 0.01837500
v 0.00173287 -0.00750597 0.02250000
v 0.00230105 -0.00733362 0.01837500
v 0.00171871 -0.00744945 0.02250000
v 0.00237500 -0.00791000 0.01012500
v 0.00237500 -0.00791000 0.01837500
v 0.00237214 -0.00785180 0.01012500
v 0.00237214 -0.00796820 0.01425000
v 0.00236642 -0.00773541 0.01012500
v 0.00237214 -0.00785180 0.01837500
v 0.00236928 -0.00779360 0.01012500
v 0.00237214 -0.00785180 0.01425000
v 0.00059375 -0.00791000 0.02250000
v 0.00178125 -0.00791000 0.02250000
v 0.00118464 -0.00796820 0.02250000
v 0.00236642 -0.00808459 0.02250000
v 0.00237214 -0.00796820 0.02250000
v 0.00236928 -0.00802640 0.01837500
v 0.00177553 -0.00802640 0.02250000
v 0.00237214 -0.00796820 0.01837500
v 0.00177839 -0.00796820 0.02250000
v 0.00233791 -0.00750430 0.01012500
v 0.00235501 -0.00761957 0.01837500
v 0.00234646 -0.00756193 0.01012500
v 0.00233791 -0.00750430 0.01425000
v 0.00236356 -0.00767721 0.01012500
v 0.00236356 -0.00767721 0.01837500
v 0.00235501 -0.00761957 0.01012500
v 0.00236642 -0.00773541 0.01425000
v 0.00235501 -0.00761957 0.01425000
v 0.00059089 -0.00785180 0.02250000
v 0.00177267 -0.00773541 0.02250000
v 0.00117323 -0.00773597 0.02250000
v 0.00118464 -0.00785180 0.02250000
v 0.00233791 -0.00750430 0.02250000
v 0.00235501 -0.00761957 0.02250000
v 0.00233791 -0.00750430 0.01837500
v 0.00175557 -0.00762013 0.02250000
v 0.00234646 -0.00756193 0.01837500
v 0.00176412 -0.00767777 0.02250000
v 0.00237214 -0.00785180 0.02250000
v 0.00236642 -0.00773541 0.02250000
v 0.00236928 -0.00779360 0.01837500
v 0.00177839 -0.00785180 0.02250000
v 0.00236642 -0.00773541 0.01837500
v 0.00177553 -0.00779360 0.02250000
v -0.00413280 -0.00076786 0.02200000
v -0.00122241 -0.00395358 0.02200000
v 0.00023279 -0.00554644 0.01000000
v 0.00023279 -0.00554644 0.01800000
v 0.00017459 -0.00554358 0.01000000
v 0.00005820 -0.00553786 0.01000000
v 0.00017459 -0.00554358 0.01800000
v 0.00011640 -0.00554072 0.01000000
v 0.00017459 -0.00554358 0.01400000
v -0.00407516 -0.00077641 0.02200000
v -0.00104950 -0.00397923 0.02200000
v -0.00261997 -0.00236927 0.02200000
v 0.00029043 -0.00555499 0.01000000
v 0.00040570 -0.00557209 0.01800000
v 0.00034807 -0.00556354 0.01000000
v 0.00029043 -0.00555499 0.01400000
v 0.00046334 -0.00558064 0.01000000
v 0.00046334 -0.00558064 0.01800000
v 0.00040570 -0.00557209 0.01000000
v 0.00040570 -0.00557209 0.01400000
v 0.00029043 -0.00555499 0.02200000
v 0.00040570 -0.00557209 0.02200000
v -0.00116477 -0.00396213 0.02200000
v 0.00029043 -0.00555499 0.01800000
v -0.00110713 -0.00397068 0.02200000
v 0.00034807 -0.00556354 0.01800000
v -0.00401864 -0.00079057 0.02200000
v -0.00087993 -0.00402170 0.02200000
v -0.00250581 -0.00239198 0.02200000
v 0.00051986 -0.00559479 0.01000000
v 0.00063290 -0.00562311 0.01800000
v 0.00057638 -0.00560895 0.01000000
v 0.00051986 -0.00559479 0.01400000
v 0.00068943 -0.00563727 0.01000000
v 0.00068943 -0.00563727 0.01800000
v 0.00063290 -0.00562311 0.01000000
v 0.00063290 -0.00562311 0.01400000
v 0.00051986 -0.00559479 0.02200000
v 0.00063290 -0.00562311 0.02200000
v -0.00099297 -0.00399338 0.02200000
v 0.00051986 -0.00559479 0.01800000
v -0.00093645 -0.00400754 0.02200000
v 0.00057638 -0.00560895 0.01800000
v -0.00396378 -0.00081020 0.02200000
v -0.00071535 -0.00408059 0.02200000
v -0.00239443 -0.00242576 0.02200000
v 0.00074429 -0.00565690 0.01000000
v 0.00085401 -0.00569616 0.01800000
v 0.00079915 -0.00567653 0.01000000
v 0.00074429 -0.00565690 0.01400000
v 0.00090887 -0.00571579 0.01000000
v 0.00090887 -0.00571579 0.01800000
v 0.00085401 -0.00569616 0.01000000
v 0.00085401 -0.00569616 0.01400000
v 0.00074429 -0.00565690 0.02200000
v 0.00085401 -0.00569616 0.02200000
v -0.00082507 -0.00404133 0.02200000
v 0.00074429 -0.00565690 0.01800000
v -0.00077021 -0.00406096 0.02200000
v 0.00079915 -0.00567653 0.01800000
v 0.00183590 -0.00640332 0.01000000
v 0.00183590 -0.00640332 0.01800000
v 0.00179677 -0.00636014 0.01000000
v 0.00171851 -0.00627380 0.01000000
v 0.00179677 -0.00636014 0.01800000
v 0.00175764 -0.00631697 0.01000000
v 0.00179677 -0.00636014 0.01400000
v -0.00391111 -0.00083511 0.02200000
v -0.00055732 -0.00415533 0.02200000
v -0.00391111 0.00075239 0.02200000
v -0.00228689 -0.00247031 0.02200000
v -0.00391111 0.00392739 0.02200000
v -0.00055732 -0.00256783 0.02200000
v -0.00391111 0.00233989 0.02200000
v -0.00223422 -0.00090772 0.02200000
v 0.00096155 -0.00574070 0.01000000
v 0.00106689 -0.00579052 0.01800000
v 0.00101422 -0.00576561 0.01000000
v 0.00096155 -0.00574070 0.01400000
v 0.00111957 -0.00581544 0.01000000
v 0.00111957 -0.00581544 0.01800000
v 0.00106689 -0.00579052 0.01000000
v 0.00106689 -0.00579052 0.01400000
v 0.00096155 -0.00574070 0.02200000
v 0.00106689 -0.00579052 0.02200000
v -0.00066267 -0.00410550 0.02200000
v 0.00096155 -0.00574070 0.01800000
v -0.00061000 -0.00413041 0.02200000
v 0.00101422 -0.00576561 0.01800000
v -0.00386113 0.00389744 0.02200000
v -0.00040739 -0.00265769 0.02200000
v -0.00218424 0.00064983 0.02200000
v 0.00116955 -0.00584539 0.01000000
v 0.00126950 -0.00590530 0.01800000
v 0.00121952 -0.00587535 0.01000000
v 0.00116955 -0.00584539 0.01400000
v 0.00131948 -0.00593526 0.01000000
v 0.00131948 -0.00593526 0.01800000
v 0.00126950 -0.00590530 0.01000000
v 0.00126950 -0.00590530 0.01400000
v 0.00116955 -0.00584539 0.02200000
v 0.00126950 -0.00590530 0.02200000
v -0.00050735 -0.00259778 0.02200000
v 0.00116955 -0.00584539 0.01800000
v -0.00045737 -0.00262774 0.02200000
v 0.00121952 -0.00587535 0.01800000
v -0.00381433 0.00386273 0.02200000
v -0.00026699 -0.00276182 0.02200000
v -0.00208746 0.00058516 0.02200000
v 0.00136628 -0.00596997 0.01000000
v 0.00145988 -0.00603939 0.01800000
v 0.00141308 -0.00600468 0.01000000
v 0.00136628 -0.00596997 0.01400000
v 0.00150668 -0.00607410 0.01000000
v 0.00150668 -0.00607410 0.01800000
v 0.00145988 -0.00603939 0.01000000
v 0.00145988 -0.00603939 0.01400000
v 0.00136628 -0.00596997 0.02200000
v 0.00145988 -0.00603939 0.02200000
v -0.00036059 -0.00269240 0.02200000
v 0.00136628 -0.00596997 0.01800000
v -0.00031379 -0.00272711 0.02200000
v 0.00141308 -0.00600468 0.01800000
v -0.00377116 0.00382359 0.02200000
v -0.00013747 -0.00287922 0.02200000
v -0.00199748 0.00051132 0.02200000
v 0.00154986 -0.00611323 0.01000000
v 0.00163620 -0.00619149 0.01800000
v 0.00159303 -0.00615236 0.01000000
v 0.00154986 -0.00611323 0.01400000
v 0.00167938 -0.00623062 0.01000000
v 0.00167938 -0.00623062 0.01800000
v 0.00163620 -0.00619149 0.01000000
v 0.00171851 -0.00627380 0.01400000
v 0.00163620 -0.00619149 0.01400000
v 0.00179677 -0.00636014 0.02200000
v 0.00171851 -0.00627380 0.02200000
v 0.00175764 -0.00631697 0.01800000
v 0.00171851 -0.00627380 0.01800000
v 0.00154986 -0.00611323 0.02200000
v 0.00163620 -0.00619149 0.02200000
v -0.00022381 -0.00280096 0.02200000
v 0.00154986 -0.00611323 0.01800000
v -0.00018064 -0.00284009 0.02200000
v 0.00159303 -0.00615236 0.01800000
v -0.00017459 -0.00554358 0.01000000
v -0.00005820 -0.00553786 0.01800000
v -0.00017459 -0.00554358 0.01400000
v -0.00011640 -0.00554072 0.01000000
v -0.00017459 -0.00554358 0.02200000
v -0.00005820 -0.00553786 0.02200000
v -0.00017459 -0.00554358 0.01800000
v -0.00151340 -0.00395072 0.02200000
v -0.00011640 -0.00554072 0.01800000
v -0.00419100 -0.00076500 0.02200000
v -0.00139700 -0.00394500 0.02200000
v -0.00285220 -0.00235786 0.02200000
v -0.00273580 -0.00235786 0.02200000
v -0.00145520 -0.00394786 0.02200000
v 0.00000000 -0.00553500 0.01000000
v 0.00000000 -0.00553500 0.01800000
v -0.00005820 -0.00553786 0.01000000
v 0.00005820 -0.00553786 0.01400000
v -0.00005820 -0.00553786 0.01400000
v 0.00017459 -0.00554358 0.02200000
v 0.00005820 -0.00553786 0.02200000
v -0.00128060 -0.00395072 0.02200000
v 0.00011640 -0.00554072 0.01800000
v -0.00133880 -0.00394786 0.02200000
v 0.00005820 -0.00553786 0.01800000
v 0.00209456 -0.00679043 0.01000000
v 0.00209456 -0.00679043 0.01800000
v 0.00206461 -0.00674045 0.01000000
v 0.00200470 -0.00664050 0.01000000
v 0.00206461 -0.00674045 0.01800000
v 0.00203465 -0.00669048 0.01000000
v 0.00206461 -0.00674045 0.01400000
v 0.00211934 -0.00684282 0.01000000
v 0.00216890 -0.00694761 0.01800000
v 0.00214426 -0.00689550 0.01000000
v 0.00211934 -0.00684282 0.01400000
v 0.00219408 -0.00700085 0.01000000
v 0.00219381 -0.00700028 0.01800000
v 0.00216917 -0.00694817 0.01000000
v 0.00216903 -0.00694789 0.01400000
v 0.00211934 -0.00684282 0.02200000
v 0.00216890 -0.00694761 0.02200000
v 0.00211934 -0.00684282 0.01800000
v 0.00214412 -0.00689522 0.01800000
v -0.00109671 -0.00700028 0.02250000
v 0.00109724 -0.00700085 0.02250000
v -0.00054829 -0.00722778 0.02250000
v 0.00219421 -0.00700113 0.01012500
v 0.00219421 -0.00700113 0.01837500
v 0.00221384 -0.00705599 0.01425000
v 0.00054855 -0.00768278 0.02250000
v 0.00164566 -0.00722835 0.02250000
v 0.00000013 -0.00745528 0.02250000
v 0.00111674 -0.00751043 0.02250000
v 0.00054869 -0.00722806 0.02250000
v 0.00225310 -0.00716571 0.02250000
v 0.00221384 -0.00705599 0.02250000
v 0.00223347 -0.00711085 0.01837500
v 0.00168492 -0.00733807 0.02250000
v 0.00221384 -0.00705599 0.01837500
v 0.00166529 -0.00728321 0.02250000
v -0.00109684 -0.00700000 0.02250000
v 0.00109684 -0.00700000 0.02250000
v -0.00429842 -0.00700000 0.02837500
v 0.00000013 -0.00700028 0.02250000
v -0.01070158 -0.00700000 0.04012500
v -0.00210474 -0.00700000 0.02837500
v -0.00750000 -0.00700000 0.03425000
v -0.00320158 -0.00700000 0.02837500
v 0.00219408 -0.00700085 0.01012500
v 0.00219381 -0.00700028 0.01837500
v 0.00219395 -0.00700056 0.01412500
v 0.00219408 -0.00700085 0.01425000
v 0.00219368 -0.00700000 0.02212500
v 0.00219368 -0.00700000 0.02237500
v 0.00219381 -0.00700028 0.01812500
v 0.00219381 -0.00700028 0.01825000
v 0.00219408 -0.00700085 0.02250000
v 0.00219381 -0.00700028 0.02250000
v 0.00109711 -0.00700056 0.02250000
v 0.00219408 -0.00700085 0.01837500
v 0.00109697 -0.00700028 0.02250000
v 0.00219395 -0.00700056 0.01837500
v 0.00187061 -0.00645012 0.01000000
v 0.00194003 -0.00654372 0.01800000
v 0.00190532 -0.00649692 0.01000000
v 0.00187061 -0.00645012 0.01400000
v 0.00197474 -0.00659052 0.01000000
v 0.00197474 -0.00659052 0.01800000
v 0.00194003 -0.00654372 0.01000000
v 0.00200470 -0.00664050 0.01400000
v 0.00194003 -0.00654372 0.01400000
v 0.00187061 -0.00645012 0.02200000
v 0.00194003 -0.00654372 0.02200000
v 0.00187061 -0.00645012 0.01800000
v 0.00190532 -0.00649692 0.01800000
v 0.00206461 -0.00674045 0.02200000
v 0.00200470 -0.00664050 0.02200000
v 0.00203465 -0.00669048 0.01800000
v 0.00200470 -0.00664050 0.01800000
v 0.00558883 0.00082583 0.00750000
v 0.00559048 0.00082748 0.00750000
v 0.00571548 0.00095248 0.00712500
v 0.00596383 0.00120083 0.00637500
v 0.00621900 0.00132500 0.00600000
v 0.00648100 0.00132500 0.00600000
v 0.00596900 0.00082500 0.00750000
v 0.00673100 0.00082500 0.00750000
v 0.00596900 0.00082500 0.00750250
v 0.00673100 0.00082500 0.00750750
v 0.00635000 0.00082500 0.00750250
v 0.00711200 0.00082500 0.00750250
v 0.00711200 0.00082500 0.00750750
v 0.00673100 0.00082500 0.00750250
v 0.00673100 0.00082500 0.00750500
v 0.00596817 0.00082583 0.00750000
v 0.00672852 0.00082748 0.00750000
v 0.00596900 0.00082666 0.00750000
v 0.00634917 0.00082583 0.00750000
v 0.00597066 0.00082831 0.00750000
v 0.00672934 0.00082831 0.00750000
v 0.00596983 0.00082748 0.00750000
v 0.00609483 0.00095248 0.00712500
v 0.00634917 0.00082748 0.00750000
v 0.00634317 0.00120083 0.00637500
v 0.00685352 0.00095248 0.00712500
v 0.00621900 0.00107666 0.00675000
v 0.00647417 0.00120083 0.00637500
v 0.00647417 0.00095248 0.00712500
v 0.00673617 0.00120083 0.00637500
v 0.00698452 0.00095248 0.00712500
v 0.00660517 0.00120083 0.00637500
v 0.00672934 0.00107666 0.00675000
v 0.00711117 0.00082583 0.00750000
v 0.00710952 0.00082748 0.00750000
v 0.00673017 0.00082583 0.00750000
v 0.00672934 0.00082666 0.00750000
v -0.00985300 0.01145625 0.02200000
v 0.00044100 0.00436875 0.02200000
v 0.00558800 0.00082500 0.01112500
v 0.00558800 0.00082500 0.01837500
v 0.00596900 0.00082500 0.01112750
v 0.00673100 0.00082500 0.01113250
v 0.00596900 0.00082500 0.01837750
v 0.00635000 0.00082500 0.01113000
v 0.00596900 0.00082500 0.01475250
v 0.00711200 0.00082500 0.01113250
v 0.00711200 0.00082500 0.01837750
v 0.00673100 0.00082500 0.01475500
v 0.00596900 0.00082500 0.02200000
v 0.00673100 0.00082500 0.02200000
v 0.00635000 0.00082500 0.01837750
v 0.00673100 0.00082500 0.01837750
v -0.00750000 -0.00700000 0.04000000
v 0.00750000 -0.00700000 0.02800000
v -0.00320158 -0.00700000 0.03412500
v -0.00750000 0.00950000 0.02200000
v 0.00750000 -0.00150000 0.02200000
v -0.00514700 0.00754375 0.02200000
v -0.00235300 0.00595625 0.02200000
v -0.00044100 0.00363125 0.02200000
v 0.00985300 -0.00345625 0.02200000
v -0.00279400 0.00558750 0.02200000
v 0.00137584 0.00027984 0.02200000
v 0.00235300 0.00204375 0.02200000
v 0.00512692 -0.00655249 0.02200000
v 0.01170897 -0.00685083 0.02200000
v 0.00508779 -0.00650931 0.02200000
v 0.00516164 -0.00659929 0.02200000
v 0.00500953 -0.00642297 0.02200000
v 0.01166984 -0.00680766 0.02200000
v 0.00319269 -0.00307156 0.02200000
v 0.00504866 -0.00646614 0.02200000
v 0.00652284 -0.00326391 0.02200000
v 0.00837882 -0.00665848 0.02200000
v 0.00532092 -0.00684282 0.02200000
v 0.01177364 -0.00694761 0.02200000
v 0.00534570 -0.00689522 0.02200000
v 0.00529097 -0.00679285 0.02200000
v 0.00539526 -0.00700000 0.02200000
v 0.01179842 -0.00700000 0.02200000
v 0.00537048 -0.00694761 0.02200000
v 0.00539526 -0.00700000 0.02212500
v 0.00857206 -0.00694761 0.02200000
v 0.00539526 -0.00700000 0.02237500
v 0.01179842 -0.00700000 0.02212500
v 0.00109684 -0.00700000 0.02825000
v 0.00539526 -0.00700000 0.02225000
v 0.00429842 -0.00700000 0.02812500
v 0.00859684 -0.00700000 0.02212500
v 0.00523106 -0.00669289 0.02200000
v 0.01174369 -0.00689763 0.02200000
v 0.00519635 -0.00664609 0.02200000
v 0.00526101 -0.00674287 0.02200000
v 0.00845266 -0.00674846 0.02200000
v 0.00851733 -0.00684524 0.02200000
v 0.00794100 -0.00113125 0.02200000
v 0.01264700 -0.00504375 0.02200000
v 0.00279400 0.00241250 0.02200000
v 0.00832200 -0.00113125 0.02200000
v 0.00514700 0.00045625 0.02200000
v 0.00908400 -0.00113125 0.02200000
v 0.01302800 -0.00504375 0.02200000
v 0.00870300 -0.00113125 0.02200000
v 0.01067500 -0.00308750 0.02200000
v -0.00825000 -0.00625000 0.04700000
v 0.00525000 -0.00475000 0.04900000
v -0.00750000 -0.00550000 0.04800000
v -0.00600000 -0.00400000 0.05000000
v 0.00600000 -0.00400000 0.05000000
v -0.00675000 -0.00475000 0.04900000
v -0.00600000 0.00000000 0.05000000
v -0.00075000 -0.00475000 0.04900000
v -0.00600000 0.00800000 0.05000000
v 0.00600000 0.00000000 0.05000000
v -0.00600000 0.00400000 0.05000000
v 0.00000000 0.00000000 0.05000000
v -0.00750000 -0.00700000 0.04600000
v 0.00750000 -0.00700000 0.04600000
v 0.00000000 -0.00700000 0.04000000
v -0.00075000 -0.00625000 0.04700000
v 0.01500000 -0.00700000 0.02800000
v 0.01500000 -0.00700000 0.04000000
v 0.00750000 -0.00700000 0.03400000
v 0.00750000 -0.00700000 0.04000000
v 0.01275000 -0.00475000 0.04900000
v 0.01425000 -0.00625000 0.04700000
v 0.00600000 -0.00550000 0.04800000
v 0.00675000 -0.00625000 0.04700000
v 0.00559131 0.00241416 0.00750000
v 0.00559131 0.00558584 0.00750000
v 0.00558800 0.00241250 0.00750000
v 0.00558800 0.00558750 0.00750000
v 0.00558883 0.00241333 0.00750000
v 0.00559048 0.00241498 0.00750000
v 0.00558883 0.00558833 0.00750000
v 0.00558966 0.00241416 0.00750000
v 0.00559048 0.00400083 0.00750000
v 0.00558883 0.00400083 0.00750000
v 0.00559048 0.00717252 0.00750000
v 0.00558883 0.00717417 0.00750000
v 0.00559048 0.00558667 0.00750000
v 0.00558966 0.00558750 0.00750000
v 0.00571548 0.00228998 0.00712500
v 0.00596383 0.00521333 0.00637500
v 0.00583966 0.00241416 0.00675000
v 0.00571548 0.00387583 0.00712500
v 0.00608800 0.00266250 0.00600000
v 0.00608800 0.00533750 0.00600000
v 0.00596383 0.00253833 0.00637500
v 0.00621900 0.00266250 0.00600000
v 0.00596383 0.00387583 0.00637500
v 0.00648100 0.00266250 0.00600000
v 0.00621900 0.00533750 0.00600000
v 0.00635000 0.00266250 0.00600000
v 0.00621900 0.00400000 0.00600000
v 0.00571548 0.00704752 0.00712500
v 0.00596383 0.00679917 0.00637500
v 0.00571548 0.00546167 0.00712500
v 0.00583966 0.00533750 0.00675000
v 0.00661200 0.00266250 0.00600000
v 0.00661200 0.00533750 0.00600000
v 0.00648100 0.00400000 0.00600000
v 0.00584648 0.00704752 0.00712500
v 0.00635683 0.00679917 0.00637500
v 0.00597066 0.00692334 0.00675000
v 0.00621900 0.00667500 0.00600000
v 0.00648100 0.00667500 0.00600000
v 0.00635000 0.00533750 0.00600000
v 0.00609483 0.00679917 0.00637500
v 0.00648100 0.00533750 0.00600000
v 0.00622583 0.00679917 0.00637500
v 0.00673617 0.00278667 0.00637500
v 0.00698452 0.00571002 0.00712500
v 0.00686034 0.00266250 0.00675000
v 0.00673617 0.00412417 0.00637500
v 0.00711117 0.00241167 0.00750000
v 0.00710952 0.00558502 0.00750000
v 0.00711034 0.00241250 0.00750000
v 0.00710869 0.00241416 0.00750000
v 0.00710869 0.00558584 0.00750000
v 0.00698452 0.00253833 0.00712500
v 0.00710952 0.00241333 0.00750000
v 0.00698452 0.00412417 0.00712500
v 0.00710952 0.00399917 0.00750000
v 0.00597066 0.00717169 0.00750000
v 0.00672934 0.00717169 0.00750000
v 0.00622583 0.00704752 0.00712500
v 0.00673617 0.00679917 0.00637500
v 0.00698452 0.00704752 0.00712500
v 0.00673617 0.00546167 0.00637500
v 0.00648100 0.00692334 0.00675000
v 0.00686034 0.00558584 0.00675000
v 0.00660517 0.00704752 0.00712500
v 0.00711200 0.00241250 0.00750000
v 0.00711200 0.00558750 0.00750000
v 0.00711200 0.00241250 0.00750250
v 0.00711117 0.00399917 0.00750000
v 0.00711200 0.00241250 0.00750750
v 0.00711200 0.00558750 0.00750250
v 0.00711200 0.00241250 0.00750500
v 0.00711200 0.00241250 0.01113000
v 0.00711200 0.00400000 0.00750250
v 0.00711200 0.00241250 0.01837500
v 0.00711200 0.00558750 0.01112500
v 0.00711200 0.00241250 0.01475250
v 0.00711200 0.00400000 0.01112750
v 0.00597148 0.00717252 0.00750000
v 0.00673183 0.00717417 0.00750000
v 0.00597066 0.00717334 0.00750000
v 0.00635083 0.00717252 0.00750000
v 0.00596900 0.00717500 0.00750000
v 0.00673100 0.00717500 0.00750000
v 0.00596983 0.00717417 0.00750000
v 0.00635083 0.00717417 0.00750000
v 0.00710952 0.00717252 0.00750000
v 0.00711117 0.00717417 0.00750000
v 0.00711034 0.00558584 0.00750000
v 0.00673017 0.00717252 0.00750000
v 0.00711117 0.00558667 0.00750000
v 0.00673100 0.00717334 0.00750000
v -0.00985300 0.01304375 0.02200000
v 0.00044100 0.00913125 0.02200000
v -0.00470600 0.00950000 0.02200000
v 0.00558800 0.00241250 0.01112500
v 0.00558800 0.00558750 0.01837500
v 0.00558800 0.00241250 0.01475000
v 0.00558800 0.00400000 0.01112500
v 0.00558800 0.00241250 0.02200000
v 0.00558800 0.00558750 0.02200000
v 0.00044100 0.00595625 0.02200000
v 0.00558800 0.00241250 0.01837500
v 0.00044100 0.00754375 0.02200000
v 0.00558800 0.00400000 0.01837500
v 0.00558800 0.00717500 0.01112500
v 0.00558800 0.00717500 0.01837500
v 0.00558800 0.00558750 0.01112500
v 0.00558800 0.00558750 0.01475000
v 0.00711200 0.00241250 0.02200000
v 0.00711200 0.00558750 0.02200000
v 0.00711200 0.00400000 0.01837500
v 0.00596900 0.00717500 0.01112500
v 0.00673100 0.00717500 0.01837500
v 0.00635000 0.00717500 0.01112500
v 0.00596900 0.00717500 0.01475000
v 0.00711200 0.00717500 0.01112500
v 0.00711200 0.00717500 0.01837500
v 0.00711200 0.00558750 0.01475000
v 0.00673100 0.00717500 0.01112500
v 0.00711200 0.00558750 0.01837500
v 0.00673100 0.00717500 0.01475000
v 0.00596900 0.00717500 0.02200000
v 0.00673100 0.00717500 0.02200000
v 0.00596900 0.00717500 0.01837500
v 0.00635000 0.00717500 0.01837500
v -0.00750000 0.01500000 0.02200000
v 0.00750000 0.01500000 0.02200000
v -0.00235300 0.01304375 0.02200000
v 0.00908400 0.00436875 0.02200000
v 0.01302800 0.01145625 0.02200000
v 0.01105600 0.00241250 0.02200000
v 0.00908400 0.00595625 0.02200000
v 0.01500000 -0.00150000 0.02200000
v 0.01500000 0.00950000 0.02200000
v 0.01302800 0.00045625 0.02200000
v 0.01500000 -0.00150000 0.02800000
v 0.01302800 0.00595625 0.02200000
v 0.01500000 -0.00150000 0.04000000
v 0.01500000 0.00950000 0.02800000
v 0.01500000 -0.00150000 0.03400000
v 0.01500000 0.00400000 0.02800000
v 0.00794100 0.00913125 0.02200000
v 0.01264700 0.01304375 0.02200000
v 0.00279400 0.01108750 0.02200000
v 0.00832200 0.00913125 0.02200000
v 0.00514700 0.01304375 0.02200000
v 0.00908400 0.00913125 0.02200000
v 0.01302800 0.01304375 0.02200000
v 0.00908400 0.00754375 0.02200000
v 0.00870300 0.00913125 0.02200000
v 0.01105600 0.00950000 0.02200000
v 0.01067500 0.01108750 0.02200000
v -0.00600000 0.01200000 0.05000000
v 0.00600000 0.01200000 0.05000000
v 0.00000000 0.00800000 0.05000000
v 0.01200000 0.00000000 0.05000000
v 0.01200000 0.00800000 0.05000000
v 0.00600000 0.00400000 0.05000000
v 0.00600000 0.00800000 0.05000000
v -0.00750000 0.01500000 0.02800000
v 0.00750000 0.01500000 0.04000000
v -0.00750000 0.01500000 0.03400000
v 0.00000000 0.01500000 0.02800000
v -0.00750000 0.01500000 0.04600000
v 0.00750000 0.01500000 0.04600000
v -0.00750000 0.01500000 0.04000000
v -0.00675000 0.01425000 0.04700000
v 0.00000000 0.01500000 0.04000000
v -0.00525000 0.01275000 0.04900000
v 0.00825000 0.01425000 0.04700000
v -0.00600000 0.01350000 0.04800000
v 0.00075000 0.01275000 0.04900000
v 0.00075000 0.01425000 0.04700000
v 0.01275000 0.00075000 0.04900000
v 0.01425000 0.01025000 0.04700000
v 0.01350000 0.00000000 0.04800000
v 0.01275000 0.00475000 0.04900000
v 0.01500000 -0.00150000 0.04600000
v 0.01500000 0.00950000 0.04600000
v 0.01425000 -0.00075000 0.04700000
v 0.01500000 0.00400000 0.04000000
v 0.01425000 0.00475000 0.04700000
v 0.01500000 0.01500000 0.02800000
v 0.01500000 0.01500000 0.04000000
v 0.00750000 0.01500000 0.02800000
v 0.01500000 0.00950000 0.03400000
v 0.00750000 0.01500000 0.03400000
v 0.01500000 0.00950000 0.04000000
v 0.01275000 0.01275000 0.04900000
v 0.01425000 0.01425000 0.04700000
v 0.00675000 0.01275000 0.04900000
v 0.01275000 0.00875000 0.04900000
v 0.00750000 0.01350000 0.04800000
v 0.01350000 0.00950000 0.04800000
f 1 2587 2449
f 2587 660 2589
f 2449 2589 624
f 2587 2589 2449
f 660 2588 2593
f 2588 135 2591
f 2593 2591 661
f 2588 2591 2593
f 624 2592 2450
f 2592 661 2590
f 2450 2590 120
f 2592 2590 2450
f 660 2593 2589
f 2593 661 2592
f 2589 2592 624
f 2593 2592 2589
f 1 2751 2587
f 2751 700 2753
f 2587 2753 660
f 2751 2753 2587
f 700 2752 2763
f 2752 146 2760
f 2763 2760 702
f 2752 2760 2763
f 660 2761 2588
f 2761 702 2759
f 2588 2759 135
f 2761 2759 2588
f 700 2763 2753
f 2763 702 2761
f 2753 2761 660
f 2763 2761 2753
f 1 2365 2403
f 2365 603 2405
f 2403 2405 613
f 2365 2405 2403
f 603 2366 2408
f 2366 114 2406
f 2408 2406 614
f 2366 2406 2408
f 613 2410 2404
f 2410 614 2407
f 2404 2407 117
f 2410 2407 2404
f 603 2408 2405
f 2408 614 2410
f 2405 2410 613
f 2408 2410 2405
f 1 2369 2365
f 2369 605 2371
f 2365 2371 603
f 2369 2371 2365
f 605 2370 2384
f 2370 115 2381
f 2384 2381 608
f 2370 2381 2384
f 603 2382 2366
f 2382 608 2380
f 2366 2380 114
f 2382 2380 2366
f 605 2384 2371
f 2384 608 2382
f 2371 2382 603
f 2384 2382 2371
f 1 2415 2369
f 2415 616 2417
f 2369 2417 605
f 2415 2417 2369
f 616 2416 2430
f 2416 118 2427
f 2430 2427 619
f 2416 2427 2430
f 605 2428 2370
f 2428 619 2426
f 2370 2426 115
f 2428 2426 2370
f 616 2430 2417
f 2430 619 2428
f 2417 2428 605
f 2430 2428 2417
f 1 2432 2415
f 2432 620 2434
f 2415 2434 616
f 2432 2434 2415
f 620 2433 2447
f 2433 119 2444
f 2447 2444 623
f 2433 2444 2447
f 616 2445 2416
f 2445 623 2443
f 2416 2443 118
f 2445 2443 2416
f 620 2447 2434
f 2447 623 2445
f 2434 2445 616
f 2447 2445 2434
f 1 2449 2432
f 2449 624 2451
f 2432 2451 620
f 2449 2451 2432
f 624 2450 2464
f 2450 120 2461
f 2464 2461 627
f 2450 2461 2464
f 620 2462 2433
f 2462 627 2460
f 2433 2460 119
f 2462 2460 2433
f 624 2464 2451
f 2464 627 2462
f 2451 2462 620
f 2464 2462 2451
f 120 2590 2601
f 2590 661 2604
f 2601 2604 664
f 2590 2604 2601
f 661 2591 2644
f 2591 135 2642
f 2644 2642 673
f 2591 2642 2644
f 664 2646 2602
f 2646 673 2643
f 2602 2643 136
f 2646 2643 2602
f 661 2644 2604
f 2644 673 2646
f 2604 2646 664
f 2644 2646 2604
f 121 2475 2605
f 2475 630 2607
f 2605 2607 665
f 2475 2607 2605
f 630 2474 2603
f 2474 120 2601
f 2603 2601 664
f 2474 2601 2603
f 665 2609 2606
f 2609 664 2602
f 2606 2602 136
f 2609 2602 2606
f 630 2603 2607
f 2603 664 2609
f 2607 2609 665
f 2603 2609 2607
f 122 2487 2610
f 2487 633 2612
f 2610 2612 666
f 2487 2612 2610
f 633 2486 2608
f 2486 121 2605
f 2608 2605 665
f 2486 2605 2608
f 666 2614 2611
f 2614 665 2606
f 2611 2606 136
f 2614 2606 2611
f 633 2608 2612
f 2608 665 2614
f 2612 2614 666
f 2608 2614 2612
f 123 2499 2615
f 2499 636 2617
f 2615 2617 667
f 2499 2617 2615
f 636 2498 2613
f 2498 122 2610
f 2613 2610 666
f 2498 2610 2613
f 667 2619 2616
f 2619 666 2611
f 2616 2611 136
f 2619 2611 2616
f 636 2613 2617
f 2613 666 2619
f 2617 2619 667
f 2613 2619 2617
f 124 2511 2620
f 2511 639 2622
f 2620 2622 668
f 2511 2622 2620
f 639 2510 2618
f 2510 123 2615
f 2618 2615 667
f 2510 2615 2618
f 668 2624 2621
f 2624 667 2616
f 2621 2616 136
f 2624 2616 2621
f 639 2618 2622
f 2618 667 2624
f 2622 2624 668
f 2618 2624 2622
f 125 2523 2625
f 2523 642 2627
f 2625 2627 669
f 2523 2627 2625
f 642 2522 2623
f 2522 124 2620
f 2623 2620 668
f 2522 2620 2623
f 669 2629 2626
f 2629 668 2621
f 2626 2621 136
f 2629 2621 2626
f 642 2623 2627
f 2623 668 2629
f 2627 2629 669
f 2623 2629 2627
f 126 2535 2630
f 2535 645 2632
f 2630 2632 670
f 2535 2632 2630
f 645 2534 2628
f 2534 125 2625
f 2628 2625 669
f 2534 2625 2628
f 670 2634 2631
f 2634 669 2626
f 2631 2626 136
f 2634 2626 2631
f 645 2628 2632
f 2628 669 2634
f 2632 2634 670
f 2628 2634 2632
f 127 2547 2635
f 2547 648 2637
f 2635 2637 671
f 2547 2637 2635
f 648 2546 2633
f 2546 126 2630
f 2633 2630 670
f 2546 2630 2633
f 671 2638 2636
f 2638 670 2631
f 2636 2631 136
f 2638 2631 2636
f 648 2633 2637
f 2633 670 2638
f 2637 2638 671
f 2633 2638 2637
f 279 4464 4469
f 4464 1123 4472
f 4469 4472 1124
f 4464 4472 4469
f 1123 4463 4466
f 4463 127 2635
f 4466 2635 671
f 4463 2635 4466
f 1124 4470 4468
f 4470 671 2636
f 4468 2636 136
f 4470 2636 4468
f 1123 4466 4472
f 4466 671 4470
f 4472 4470 1124
f 4466 4470 4472
f 136 4314 4468
f 4314 1087 4471
f 4468 4471 1124
f 4314 4471 4468
f 1087 4315 4480
f 4315 270 4478
f 4480 4478 1126
f 4315 4478 4480
f 1124 4482 4469
f 4482 1126 4479
f 4469 4479 279
f 4482 4479 4469
f 1087 4480 4471
f 4480 1126 4482
f 4471 4482 1124
f 4480 4482 4471
f 136 4323 4314
f 4323 1090 4325
f 4314 4325 1087
f 4323 4325 4314
f 1090 4324 4338
f 4324 271 4335
f 4338 4335 1093
f 4324 4335 4338
f 1087 4336 4315
f 4336 1093 4334
f 4315 4334 270
f 4336 4334 4315
f 1090 4338 4325
f 4338 1093 4336
f 4325 4336 1087
f 4338 4336 4325
f 136 4340 4323
f 4340 1094 4342
f 4323 4342 1090
f 4340 4342 4323
f 1094 4341 4355
f 4341 272 4352
f 4355 4352 1097
f 4341 4352 4355
f 1090 4353 4324
f 4353 1097 4351
f 4324 4351 271
f 4353 4351 4324
f 1094 4355 4342
f 4355 1097 4353
f 4342 4353 1090
f 4355 4353 4342
f 136 4381 4357
f 4381 1104 4384
f 4357 4384 1098
f 4381 4384 4357
f 1104 4382 4401
f 4382 275 4398
f 4401 4398 1108
f 4382 4398 4401
f 1098 4399 4358
f 4399 1108 4397
f 4358 4397 273
f 4399 4397 4358
f 1104 4401 4384
f 4401 1108 4399
f 4384 4399 1098
f 4401 4399 4384
f 136 4357 4340
f 4357 1098 4359
f 4340 4359 1094
f 4357 4359 4340
f 1098 4358 4372
f 4358 273 4369
f 4372 4369 1101
f 4358 4369 4372
f 1094 4370 4341
f 4370 1101 4368
f 4341 4368 272
f 4370 4368 4341
f 1098 4372 4359
f 4372 1101 4370
f 4359 4370 1094
f 4372 4370 4359
f 147 4403 4385
f 4403 1109 4405
f 4385 4405 1105
f 4403 4405 4385
f 1109 4404 4418
f 4404 276 4415
f 4418 4415 1112
f 4404 4415 4418
f 1105 4416 4386
f 4416 1112 4414
f 4386 4414 275
f 4416 4414 4386
f 1109 4418 4405
f 4418 1112 4416
f 4405 4416 1105
f 4418 4416 4405
f 147 4420 4403
f 4420 1113 4422
f 4403 4422 1109
f 4420 4422 4403
f 1113 4421 4435
f 4421 277 4432
f 4435 4432 1116
f 4421 4432 4435
f 1109 4433 4404
f 4433 1116 4431
f 4404 4431 276
f 4433 4431 4404
f 1113 4435 4422
f 4435 1116 4433
f 4422 4433 1109
f 4435 4433 4422
f 147 4437 4420
f 4437 1117 4439
f 4420 4439 1113
f 4437 4439 4420
f 1117 4438 4457
f 4438 278 4454
f 4457 4454 1121
f 4438 4454 4457
f 1113 4455 4421
f 4455 1121 4453
f 4421 4453 277
f 4455 4453 4421
f 1117 4457 4439
f 4457 1121 4455
f 4439 4455 1113
f 4457 4455 4439
f 147 4385 2774
f 4385 1105 4387
f 2774 4387 705
f 4385 4387 2774
f 1105 4386 4388
f 4386 275 4382
f 4388 4382 1104
f 4386 4382 4388
f 705 4383 2773
f 4383 1104 4381
f 2773 4381 136
f 4383 4381 2773
f 1105 4388 4387
f 4388 1104 4383
f 4387 4383 705
f 4388 4383 4387
f 1 2403 2648
f 2403 613 2650
f 2648 2650 674
f 2403 2650 2648
f 613 2404 2653
f 2404 117 2651
f 2653 2651 675
f 2404 2651 2653
f 674 2654 2649
f 2654 675 2652
f 2649 2652 137
f 2654 2652 2649
f 613 2653 2650
f 2653 675 2654
f 2650 2654 674
f 2653 2654 2650
f 1 2648 2795
f 2648 674 2797
f 2795 2797 710
f 2648 2797 2795
f 674 2649 2801
f 2649 137 2799
f 2801 2799 711
f 2649 2799 2801
f 710 2802 2796
f 2802 711 2800
f 2796 2800 148
f 2802 2800 2796
f 674 2801 2797
f 2801 711 2802
f 2797 2802 710
f 2801 2802 2797
f 283 4525 4521
f 4525 1137 4527
f 4521 4527 1136
f 4525 4527 4521
f 1137 4524 4526
f 4524 137 2652
f 4526 2652 675
f 4524 2652 4526
f 1136 4522 4520
f 4522 675 2651
f 4520 2651 117
f 4522 2651 4520
f 1137 4526 4527
f 4526 675 4522
f 4527 4522 1136
f 4526 4522 4527
f 1 2657 2751
f 2657 677 2754
f 2751 2754 700
f 2657 2754 2751
f 677 2658 2767
f 2658 139 2765
f 2767 2765 703
f 2658 2765 2767
f 700 2768 2752
f 2768 703 2766
f 2752 2766 146
f 2768 2766 2752
f 677 2767 2754
f 2767 703 2768
f 2754 2768 700
f 2767 2768 2754
f 139 2776 2765
f 2776 706 2778
f 2765 2778 703
f 2776 2778 2765
f 706 2777 2793
f 2777 147 2790
f 2793 2790 709
f 2777 2790 2793
f 703 2791 2766
f 2791 709 2789
f 2766 2789 146
f 2791 2789 2766
f 706 2793 2778
f 2793 709 2791
f 2778 2791 703
f 2793 2791 2778
f 139 4615 2776
f 4615 1162 4617
f 2776 4617 706
f 4615 4617 2776
f 1162 4616 4623
f 4616 294 4620
f 4623 4620 1163
f 4616 4620 4623
f 706 4621 2777
f 4621 1163 4619
f 2777 4619 147
f 4621 4619 2777
f 1162 4623 4617
f 4623 1163 4621
f 4617 4621 706
f 4623 4621 4617
f 139 4780 4596
f 4780 1200 4782
f 4596 4782 1156
f 4780 4782 4596
f 1200 4781 4791
f 4781 303 4788
f 4791 4788 1202
f 4781 4788 4791
f 1156 4789 4597
f 4789 1202 4787
f 4597 4787 292
f 4789 4787 4597
f 1200 4791 4782
f 4791 1202 4789
f 4782 4789 1156
f 4791 4789 4782
f 1 2795 2657
f 2795 710 2798
f 2657 2798 677
f 2795 2798 2657
f 710 2796 2806
f 2796 148 2804
f 2806 2804 712
f 2796 2804 2806
f 677 2805 2658
f 2805 712 2803
f 2658 2803 139
f 2805 2803 2658
f 710 2806 2798
f 2806 712 2805
f 2798 2805 677
f 2806 2805 2798
f 139 2803 4848
f 2803 712 4850
f 4848 4850 1216
f 2803 4850 4848
f 712 2804 4854
f 2804 148 4852
f 4854 4852 1217
f 2804 4852 4854
f 1216 4856 4849
f 4856 1217 4853
f 4849 4853 307
f 4856 4853 4849
f 712 4854 4850
f 4854 1217 4856
f 4850 4856 1216
f 4854 4856 4850
f 294 4639 4635
f 4639 1167 4642
f 4635 4642 1166
f 4639 4642 4635
f 1167 4638 4640
f 4638 281 4500
f 4640 4500 1131
f 4638 4500 4640
f 1166 4636 4634
f 4636 1131 4499
f 4634 4499 280
f 4636 4499 4634
f 1167 4640 4642
f 4640 1131 4636
f 4642 4636 1166
f 4640 4636 4642
f 294 4644 4639
f 4644 1168 4648
f 4639 4648 1167
f 4644 4648 4639
f 1168 4643 4646
f 4643 283 4533
f 4646 4533 1139
f 4643 4533 4646
f 1167 4641 4638
f 4641 1139 4532
f 4638 4532 281
f 4641 4532 4638
f 1168 4646 4648
f 4646 1139 4641
f 4648 4641 1167
f 4646 4641 4648
f 294 4635 4650
f 4635 1166 4654
f 4650 4654 1169
f 4635 4654 4650
f 1166 4634 4637
f 4634 280 4555
f 4637 4555 1144
f 4634 4555 4637
f 1169 4652 4649
f 4652 1144 4556
f 4649 4556 284
f 4652 4556 4649
f 1166 4637 4654
f 4637 1144 4652
f 4654 4652 1169
f 4637 4652 4654
f 294 4625 4629
f 4625 1164 4633
f 4629 4633 1165
f 4625 4633 4629
f 1164 4624 4626
f 4624 274 4449
f 4626 4449 1120
f 4624 4449 4626
f 1165 4631 4628
f 4631 1120 4450
f 4628 4450 278
f 4631 4450 4628
f 1164 4626 4633
f 4626 1120 4631
f 4633 4631 1165
f 4626 4631 4633
f 294 4650 4625
f 4650 1169 4653
f 4625 4653 1164
f 4650 4653 4625
f 1169 4649 4651
f 4649 284 4552
f 4651 4552 1143
f 4649 4552 4651
f 1164 4627 4624
f 4627 1143 4551
f 4624 4551 274
f 4627 4551 4624
f 1169 4651 4653
f 4651 1143 4627
f 4653 4627 1164
f 4651 4627 4653
f 294 4629 4620
f 4629 1165 4632
f 4620 4632 1163
f 4629 4632 4620
f 1165 4628 4630
f 4628 278 4438
f 4630 4438 1117
f 4628 4438 4630
f 1163 4622 4619
f 4622 1117 4437
f 4619 4437 147
f 4622 4437 4619
f 1165 4630 4632
f 4630 1117 4622
f 4632 4622 1163
f 4630 4622 4632
f 294 4656 4661
f 4656 1170 4663
f 4661 4663 1171
f 4656 4663 4661
f 1170 4655 4658
f 4655 292 4608
f 4658 4608 1160
f 4655 4608 4658
f 1171 4662 4660
f 4662 1160 4609
f 4660 4609 293
f 4662 4609 4660
f 1170 4658 4663
f 4658 1160 4662
f 4663 4662 1171
f 4658 4662 4663
f 294 4613 4644
f 4613 1161 4647
f 4644 4647 1168
f 4613 4647 4644
f 1161 4612 4614
f 4612 137 4524
f 4614 4524 1137
f 4612 4524 4614
f 1168 4645 4643
f 4645 1137 4525
f 4643 4525 283
f 4645 4525 4643
f 1161 4614 4647
f 4614 1137 4645
f 4647 4645 1168
f 4614 4645 4647
f 294 4680 4613
f 4680 1176 4682
f 4613 4682 1161
f 4680 4682 4613
f 1176 4681 4683
f 4681 296 4677
f 4683 4677 1175
f 4681 4677 4683
f 1161 4678 4612
f 4678 1175 4676
f 4612 4676 137
f 4678 4676 4612
f 1176 4683 4682
f 4683 1175 4678
f 4682 4678 1161
f 4683 4678 4682
f 294 4821 4680
f 4821 1210 4824
f 4680 4824 1176
f 4821 4824 4680
f 1210 4822 4829
f 4822 305 4827
f 4829 4827 1211
f 4822 4827 4829
f 1176 4828 4681
f 4828 1211 4826
f 4681 4826 296
f 4828 4826 4681
f 1210 4829 4824
f 4829 1211 4828
f 4824 4828 1176
f 4829 4828 4824
f 139 4596 4615
f 4596 1156 4618
f 4615 4618 1162
f 4596 4618 4615
f 1156 4597 4657
f 4597 292 4655
f 4657 4655 1170
f 4597 4655 4657
f 1162 4659 4616
f 4659 1170 4656
f 4616 4656 294
f 4659 4656 4616
f 1156 4657 4618
f 4657 1170 4659
f 4618 4659 1162
f 4657 4659 4618
f 139 4814 4780
f 4814 1208 4816
f 4780 4816 1200
f 4814 4816 4780
f 1208 4815 4834
f 4815 305 4831
f 4834 4831 1212
f 4815 4831 4834
f 1200 4832 4781
f 4832 1212 4830
f 4781 4830 303
f 4832 4830 4781
f 1208 4834 4816
f 4834 1212 4832
f 4816 4832 1200
f 4834 4832 4816
f 305 4818 4836
f 4818 1209 4839
f 4836 4839 1213
f 4818 4839 4836
f 1209 4817 4820
f 4817 293 4797
f 4820 4797 1204
f 4817 4797 4820
f 1213 4837 4835
f 4837 1204 4798
f 4835 4798 304
f 4837 4798 4835
f 1209 4820 4839
f 4820 1204 4837
f 4839 4837 1213
f 4820 4837 4839
f 294 4661 4821
f 4661 1171 4823
f 4821 4823 1210
f 4661 4823 4821
f 1171 4660 4819
f 4660 293 4817
f 4819 4817 1209
f 4660 4817 4819
f 1210 4825 4822
f 4825 1209 4818
f 4822 4818 305
f 4825 4818 4822
f 1171 4819 4823
f 4819 1209 4825
f 4823 4825 1210
f 4819 4825 4823
f 305 4836 4831
f 4836 1213 4840
f 4831 4840 1212
f 4836 4840 4831
f 1213 4835 4838
f 4835 304 4811
f 4838 4811 1207
f 4835 4811 4838
f 1212 4833 4830
f 4833 1207 4810
f 4830 4810 303
f 4833 4810 4830
f 1213 4838 4840
f 4838 1207 4833
f 4840 4833 1212
f 4838 4833 4840
f 139 4848 4814
f 4848 1216 4851
f 4814 4851 1208
f 4848 4851 4814
f 1216 4849 4875
f 4849 307 4872
f 4875 4872 1221
f 4849 4872 4875
f 1208 4873 4815
f 4873 1221 4871
f 4815 4871 305
f 4873 4871 4815
f 1216 4875 4851
f 4875 1221 4873
f 4851 4873 1208
f 4875 4873 4851
f 305 4871 4827
f 4871 1221 4874
f 4827 4874 1211
f 4871 4874 4827
f 1221 4872 4876
f 4872 307 4867
f 4876 4867 1220
f 4872 4867 4876
f 1211 4869 4826
f 4869 1220 4866
f 4826 4866 296
f 4869 4866 4826
f 1221 4876 4874
f 4876 1220 4869
f 4874 4869 1211
f 4876 4869 4874
f 137 2655 2807
f 2655 676 2809
f 2807 2809 713
f 2655 2809 2807
f 676 2656 2813
f 2656 138 2811
f 2813 2811 714
f 2656 2811 2813
f 713 2814 2808
f 2814 714 2812
f 2808 2812 149
f 2814 2812 2808
f 676 2813 2809
f 2813 714 2814
f 2809 2814 713
f 2813 2814 2809
f 137 4664 2655
f 4664 1172 4666
f 2655 4666 676
f 4664 4666 2655
f 1172 4665 4671
f 4665 295 4668
f 4671 4668 1173
f 4665 4668 4671
f 676 4669 2656
f 4669 1173 4667
f 2656 4667 138
f 4669 4667 2656
f 1172 4671 4666
f 4671 1173 4669
f 4666 4669 676
f 4671 4669 4666
f 138 4667 2811
f 4667 1173 4670
f 2811 4670 714
f 4667 4670 2811
f 1173 4668 4675
f 4668 295 4673
f 4675 4673 1174
f 4668 4673 4675
f 714 4674 2812
f 4674 1174 4672
f 2812 4672 149
f 4674 4672 2812
f 1173 4675 4670
f 4675 1174 4674
f 4670 4674 714
f 4675 4674 4670
f 137 2807 2799
f 2807 713 2810
f 2799 2810 711
f 2807 2810 2799
f 713 2808 2818
f 2808 149 2816
f 2818 2816 715
f 2808 2816 2818
f 711 2817 2800
f 2817 715 2815
f 2800 2815 148
f 2817 2815 2800
f 713 2818 2810
f 2818 715 2817
f 2810 2817 711
f 2818 2817 2810
f 148 2815 4852
f 2815 715 4855
f 4852 4855 1217
f 2815 4855 4852
f 715 2816 4859
f 2816 149 4857
f 4859 4857 1218
f 2816 4857 4859
f 1217 4861 4853
f 4861 1218 4858
f 4853 4858 307
f 4861 4858 4853
f 715 4859 4855
f 4859 1218 4861
f 4855 4861 1217
f 4859 4861 4855
f 137 4676 4664
f 4676 1175 4679
f 4664 4679 1172
f 4676 4679 4664
f 1175 4677 4687
f 4677 296 4685
f 4687 4685 1177
f 4677 4685 4687
f 1172 4686 4665
f 4686 1177 4684
f 4665 4684 295
f 4686 4684 4665
f 1175 4687 4679
f 4687 1177 4686
f 4679 4686 1172
f 4687 4686 4679
f 295 4684 4862
f 4684 1177 4864
f 4862 4864 1219
f 4684 4864 4862
f 1177 4685 4868
f 4685 296 4866
f 4868 4866 1220
f 4685 4866 4868
f 1219 4870 4863
f 4870 1220 4867
f 4863 4867 307
f 4870 4867 4863
f 1177 4868 4864
f 4868 1220 4870
f 4864 4870 1219
f 4868 4870 4864
f 149 4672 4841
f 4672 1174 4843
f 4841 4843 1214
f 4672 4843 4841
f 1174 4673 4846
f 4673 295 4844
f 4846 4844 1215
f 4673 4844 4846
f 1214 4847 4842
f 4847 1215 4845
f 4842 4845 306
f 4847 4845 4842
f 1174 4846 4843
f 4846 1215 4847
f 4843 4847 1214
f 4846 4847 4843
f 149 4841 4857
f 4841 1214 4860
f 4857 4860 1218
f 4841 4860 4857
f 1214 4842 4879
f 4842 306 4877
f 4879 4877 1222
f 4842 4877 4879
f 1218 4881 4858
f 4881 1222 4878
f 4858 4878 307
f 4881 4878 4858
f 1214 4879 4860
f 4879 1222 4881
f 4860 4881 1218
f 4879 4881 4860
f 295 4862 4844
f 4862 1219 4865
f 4844 4865 1215
f 4862 4865 4844
f 1219 4863 4882
f 4863 307 4878
f 4882 4878 1222
f 4863 4878 4882
f 1215 4880 4845
f 4880 1222 4877
f 4845 4877 306
f 4880 4877 4845
f 1219 4882 4865
f 4882 1222 4880
f 4865 4880 1215
f 4882 4880 4865
f 128 2550 2565
f 2550 649 2567
f 2565 2567 655
f 2550 2567 2565
f 649 2551 2571
f 2551 129 2569
f 2571 2569 656
f 2551 2569 2571
f 655 2572 2566
f 2572 656 2570
f 2566 2570 134
f 2572 2570 2566
f 649 2571 2567
f 2571 656 2572
f 2567 2572 655
f 2571 2572 2567
f 128 2565 2552
f 2565 655 2568
f 2552 2568 650
f 2565 2568 2552
f 655 2566 2581
f 2566 134 2578
f 2581 2578 658
f 2566 2578 2581
f 650 2579 2553
f 2579 658 2577
f 2553 2577 131
f 2579 2577 2553
f 655 2581 2568
f 2581 658 2579
f 2568 2579 650
f 2581 2579 2568
f 130 2554 2573
f 2554 651 2575
f 2573 2575 657
f 2554 2575 2573
f 651 2555 2580
f 2555 131 2577
f 2580 2577 658
f 2555 2577 2580
f 657 2582 2574
f 2582 658 2578
f 2574 2578 134
f 2582 2578 2574
f 651 2580 2575
f 2580 658 2582
f 2575 2582 657
f 2580 2582 2575
f 130 2573 2556
f 2573 657 2576
f 2556 2576 652
f 2573 2576 2556
f 657 2574 2586
f 2574 134 2584
f 2586 2584 659
f 2574 2584 2586
f 652 2585 2557
f 2585 659 2583
f 2557 2583 132
f 2585 2583 2557
f 657 2586 2576
f 2586 659 2585
f 2576 2585 652
f 2586 2585 2576
f 130 2556 2558
f 2556 652 2560
f 2558 2560 653
f 2556 2560 2558
f 652 2557 2563
f 2557 132 2561
f 2563 2561 654
f 2557 2561 2563
f 653 2564 2559
f 2564 654 2562
f 2559 2562 133
f 2564 2562 2559
f 652 2563 2560
f 2563 654 2564
f 2560 2564 653
f 2563 2564 2560
f 130 2558 2594
f 2558 653 2596
f 2594 2596 662
f 2558 2596 2594
f 653 2559 2599
f 2559 133 2597
f 2599 2597 663
f 2559 2597 2599
f 662 2600 2595
f 2600 663 2598
f 2595 2598 135
f 2600 2598 2595
f 653 2599 2596
f 2599 663 2600
f 2596 2600 662
f 2599 2600 2596
f 133 2639 2597
f 2639 672 2641
f 2597 2641 663
f 2639 2641 2597
f 672 2640 2647
f 2640 136 2643
f 2647 2643 673
f 2640 2643 2647
f 663 2645 2598
f 2645 673 2642
f 2598 2642 135
f 2645 2642 2598
f 672 2647 2641
f 2647 673 2645
f 2641 2645 663
f 2647 2645 2641
f 128 2552 2659
f 2552 650 2662
f 2659 2662 678
f 2552 2662 2659
f 650 2553 2669
f 2553 131 2667
f 2669 2667 680
f 2553 2667 2669
f 678 2670 2660
f 2670 680 2668
f 2660 2668 140
f 2670 2668 2660
f 650 2669 2662
f 2669 680 2670
f 2662 2670 678
f 2669 2670 2662
f 128 2659 2550
f 2659 678 2661
f 2550 2661 649
f 2659 2661 2550
f 678 2660 2666
f 2660 140 2664
f 2666 2664 679
f 2660 2664 2666
f 649 2665 2551
f 2665 679 2663
f 2551 2663 129
f 2665 2663 2551
f 678 2666 2661
f 2666 679 2665
f 2661 2665 649
f 2666 2665 2661
f 129 2702 2569
f 2702 689 2704
f 2569 2704 656
f 2702 2704 2569
f 689 2703 2713
f 2703 144 2710
f 2713 2710 691
f 2703 2710 2713
f 656 2711 2570
f 2711 691 2709
f 2570 2709 134
f 2711 2709 2570
f 689 2713 2704
f 2713 691 2711
f 2704 2711 656
f 2713 2711 2704
f 130 2690 2554
f 2690 686 2692
f 2554 2692 651
f 2690 2692 2554
f 686 2691 2697
f 2691 143 2694
f 2697 2694 687
f 2691 2694 2697
f 651 2695 2555
f 2695 687 2693
f 2555 2693 131
f 2695 2693 2555
f 686 2697 2692
f 2697 687 2695
f 2692 2695 651
f 2697 2695 2692
f 131 2678 2667
f 2678 683 2680
f 2667 2680 680
f 2678 2680 2667
f 683 2679 2685
f 2679 142 2682
f 2685 2682 684
f 2679 2682 2685
f 680 2683 2668
f 2683 684 2681
f 2668 2681 140
f 2683 2681 2668
f 683 2685 2680
f 2685 684 2683
f 2680 2683 680
f 2685 2683 2680
f 129 2663 2671
f 2663 679 2673
f 2671 2673 681
f 2663 2673 2671
f 679 2664 2676
f 2664 140 2674
f 2676 2674 682
f 2664 2674 2676
f 681 2677 2672
f 2677 682 2675
f 2672 2675 141
f 2677 2675 2672
f 679 2676 2673
f 2676 682 2677
f 2673 2677 681
f 2676 2677 2673
f 129 2671 2702
f 2671 681 2705
f 2702 2705 689
f 2671 2705 2702
f 681 2672 2717
f 2672 141 2715
f 2717 2715 692
f 2672 2715 2717
f 689 2719 2703
f 2719 692 2716
f 2703 2716 144
f 2719 2716 2703
f 681 2717 2705
f 2717 692 2719
f 2705 2719 689
f 2717 2719 2705
f 131 2693 2678
f 2693 687 2696
f 2678 2696 683
f 2693 2696 2678
f 687 2694 2701
f 2694 143 2699
f 2701 2699 688
f 2694 2699 2701
f 683 2700 2679
f 2700 688 2698
f 2679 2698 142
f 2700 2698 2679
f 687 2701 2696
f 2701 688 2700
f 2696 2700 683
f 2701 2700 2696
f 132 2583 2706
f 2583 659 2708
f 2706 2708 690
f 2583 2708 2706
f 659 2584 2712
f 2584 134 2709
f 2712 2709 691
f 2584 2709 2712
f 690 2714 2707
f 2714 691 2710
f 2707 2710 144
f 2714 2710 2707
f 659 2712 2708
f 2712 691 2714
f 2708 2714 690
f 2712 2714 2708
f 132 2724 2561
f 2724 694 2726
f 2561 2726 654
f 2724 2726 2561
f 694 2725 2732
f 2725 145 2729
f 2732 2729 695
f 2725 2729 2732
f 654 2730 2562
f 2730 695 2728
f 2562 2728 133
f 2730 2728 2562
f 694 2732 2726
f 2732 695 2730
f 2726 2730 654
f 2732 2730 2726
f 132 2706 2724
f 2706 690 2727
f 2724 2727 694
f 2706 2727 2724
f 690 2707 2747
f 2707 144 2745
f 2747 2745 699
f 2707 2745 2747
f 694 2749 2725
f 2749 699 2746
f 2725 2746 145
f 2749 2746 2725
f 690 2747 2727
f 2747 699 2749
f 2727 2749 694
f 2747 2749 2727
f 130 2755 2690
f 2755 701 2758
f 2690 2758 686
f 2755 2758 2690
f 701 2756 2772
f 2756 146 2770
f 2772 2770 704
f 2756 2770 2772
f 686 2771 2691
f 2771 704 2769
f 2691 2769 143
f 2771 2769 2691
f 701 2772 2758
f 2772 704 2771
f 2758 2771 686
f 2772 2771 2758
f 133 2728 2639
f 2728 695 2731
f 2639 2731 672
f 2728 2731 2639
f 695 2729 2736
f 2729 145 2734
f 2736 2734 696
f 2729 2734 2736
f 672 2735 2640
f 2735 696 2733
f 2640 2733 136
f 2735 2733 2640
f 695 2736 2731
f 2736 696 2735
f 2731 2735 672
f 2736 2735 2731
f 140 2681 2674
f 2681 684 2684
f 2674 2684 682
f 2681 2684 2674
f 684 2682 2689
f 2682 142 2687
f 2689 2687 685
f 2682 2687 2689
f 682 2688 2675
f 2688 685 2686
f 2675 2686 141
f 2688 2686 2675
f 684 2689 2684
f 2689 685 2688
f 2684 2688 682
f 2689 2688 2684
f 141 2686 2715
f 2686 685 2718
f 2715 2718 692
f 2686 2718 2715
f 685 2687 2722
f 2687 142 2720
f 2722 2720 693
f 2687 2720 2722
f 692 2723 2716
f 2723 693 2721
f 2716 2721 144
f 2723 2721 2716
f 685 2722 2718
f 2722 693 2723
f 2718 2723 692
f 2722 2723 2718
f 142 2698 2737
f 2698 688 2739
f 2737 2739 697
f 2698 2739 2737
f 688 2699 2743
f 2699 143 2741
f 2743 2741 698
f 2699 2741 2743
f 697 2744 2738
f 2744 698 2742
f 2738 2742 145
f 2744 2742 2738
f 688 2743 2739
f 2743 698 2744
f 2739 2744 697
f 2743 2744 2739
f 142 2737 2720
f 2737 697 2740
f 2720 2740 693
f 2737 2740 2720
f 697 2738 2750
f 2738 145 2746
f 2750 2746 699
f 2738 2746 2750
f 693 2748 2721
f 2748 699 2745
f 2721 2745 144
f 2748 2745 2721
f 697 2750 2740
f 2750 699 2748
f 2740 2748 693
f 2750 2748 2740
f 143 2779 2741
f 2779 707 2781
f 2741 2781 698
f 2779 2781 2741
f 707 2780 2788
f 2780 147 2784
f 2788 2784 708
f 2780 2784 2788
f 698 2786 2742
f 2786 708 2783
f 2742 2783 145
f 2786 2783 2742
f 707 2788 2781
f 2788 708 2786
f 2781 2786 698
f 2788 2786 2781
f 130 2594 2755
f 2594 662 2757
f 2755 2757 701
f 2594 2757 2755
f 662 2595 2762
f 2595 135 2759
f 2762 2759 702
f 2595 2759 2762
f 701 2764 2756
f 2764 702 2760
f 2756 2760 146
f 2764 2760 2756
f 662 2762 2757
f 2762 702 2764
f 2757 2764 701
f 2762 2764 2757
f 145 2783 2734
f 2783 708 2785
f 2734 2785 696
f 2783 2785 2734
f 708 2784 2787
f 2784 147 2774
f 2787 2774 705
f 2784 2774 2787
f 696 2775 2733
f 2775 705 2773
f 2733 2773 136
f 2775 2773 2733
f 708 2787 2785
f 2787 705 2775
f 2785 2775 696
f 2787 2775 2785
f 143 2769 2779
f 2769 704 2782
f 2779 2782 707
f 2769 2782 2779
f 704 2770 2792
f 2770 146 2789
f 2792 2789 709
f 2770 2789 2792
f 707 2794 2780
f 2794 709 2790
f 2780 2790 147
f 2794 2790 2780
f 704 2792 2782
f 2792 709 2794
f 2782 2794 707
f 2792 2794 2782
f 286 4561 4578
f 4561 1146 4581
f 4578 4581 1152
f 4561 4581 4578
f 1146 4562 4585
f 4562 287 4583
f 4585 4583 1153
f 4562 4583 4585
f 1152 4587 4579
f 4587 1153 4584
f 4579 4584 291
f 4587 4584 4579
f 1146 4585 4581
f 4585 1153 4587
f 4581 4587 1152
f 4585 4587 4581
f 287 4563 4583
f 4563 1147 4586
f 4583 4586 1153
f 4563 4586 4583
f 1147 4564 4590
f 4564 288 4588
f 4590 4588 1154
f 4564 4588 4590
f 1153 4591 4584
f 4591 1154 4589
f 4584 4589 291
f 4591 4589 4584
f 1147 4590 4586
f 4590 1154 4591
f 4586 4591 1153
f 4590 4591 4586
f 285 4559 4574
f 4559 1145 4576
f 4574 4576 1151
f 4559 4576 4574
f 1145 4560 4580
f 4560 286 4578
f 4580 4578 1152
f 4560 4578 4580
f 1151 4582 4575
f 4582 1152 4579
f 4575 4579 291
f 4582 4579 4575
f 1145 4580 4576
f 4580 1152 4582
f 4576 4582 1151
f 4580 4582 4576
f 285 4574 4565
f 4574 1151 4577
f 4565 4577 1148
f 4574 4577 4565
f 1151 4575 4595
f 4575 291 4593
f 4595 4593 1155
f 4575 4593 4595
f 1148 4594 4566
f 4594 1155 4592
f 4566 4592 289
f 4594 4592 4566
f 1151 4595 4577
f 4595 1155 4594
f 4577 4594 1148
f 4595 4594 4577
f 285 4565 4567
f 4565 1148 4569
f 4567 4569 1149
f 4565 4569 4567
f 1148 4566 4572
f 4566 289 4570
f 4572 4570 1150
f 4566 4570 4572
f 1149 4573 4568
f 4573 1150 4571
f 4568 4571 290
f 4573 4571 4568
f 1148 4572 4569
f 4572 1150 4573
f 4569 4573 1149
f 4572 4573 4569
f 285 4567 4598
f 4567 1149 4600
f 4598 4600 1157
f 4567 4600 4598
f 1149 4568 4603
f 4568 290 4601
f 4603 4601 1158
f 4568 4601 4603
f 1157 4604 4599
f 4604 1158 4602
f 4599 4602 292
f 4604 4602 4599
f 1149 4603 4600
f 4603 1158 4604
f 4600 4604 1157
f 4603 4604 4600
f 290 4605 4601
f 4605 1159 4607
f 4601 4607 1158
f 4605 4607 4601
f 1159 4606 4611
f 4606 293 4609
f 4611 4609 1160
f 4606 4609 4611
f 1158 4610 4602
f 4610 1160 4608
f 4602 4608 292
f 4610 4608 4602
f 1159 4611 4607
f 4611 1160 4610
f 4607 4610 1158
f 4611 4610 4607
f 285 4690 4559
f 4690 1179 4692
f 4559 4692 1145
f 4690 4692 4559
f 1179 4691 4697
f 4691 298 4694
f 4697 4694 1180
f 4691 4694 4697
f 1145 4695 4560
f 4695 1180 4693
f 4560 4693 286
f 4695 4693 4560
f 1179 4697 4692
f 4697 1180 4695
f 4692 4695 1145
f 4697 4695 4692
f 286 4693 4688
f 4693 1180 4696
f 4688 4696 1178
f 4693 4696 4688
f 1180 4694 4701
f 4694 298 4699
f 4701 4699 1181
f 4694 4699 4701
f 1178 4700 4689
f 4700 1181 4698
f 4689 4698 297
f 4700 4698 4689
f 1180 4701 4696
f 4701 1181 4700
f 4696 4700 1178
f 4701 4700 4696
f 286 4702 4561
f 4702 1182 4704
f 4561 4704 1146
f 4702 4704 4561
f 1182 4703 4710
f 4703 299 4707
f 4710 4707 1183
f 4703 4707 4710
f 1146 4708 4562
f 4708 1183 4706
f 4562 4706 287
f 4708 4706 4562
f 1182 4710 4704
f 4710 1183 4708
f 4704 4708 1146
f 4710 4708 4704
f 287 4706 4563
f 4706 1183 4709
f 4563 4709 1147
f 4706 4709 4563
f 1183 4707 4714
f 4707 299 4712
f 4714 4712 1184
f 4707 4712 4714
f 1147 4713 4564
f 4713 1184 4711
f 4564 4711 288
f 4713 4711 4564
f 1183 4714 4709
f 4714 1184 4713
f 4709 4713 1147
f 4714 4713 4709
f 288 4731 4588
f 4731 1189 4733
f 4588 4733 1154
f 4731 4733 4588
f 1189 4732 4742
f 4732 301 4739
f 4742 4739 1191
f 4732 4739 4742
f 1154 4740 4589
f 4740 1191 4738
f 4589 4738 291
f 4740 4738 4589
f 1189 4742 4733
f 4742 1191 4740
f 4733 4740 1154
f 4742 4740 4733
f 289 4592 4735
f 4592 1155 4737
f 4735 4737 1190
f 4592 4737 4735
f 1155 4593 4741
f 4593 291 4738
f 4741 4738 1191
f 4593 4738 4741
f 1190 4743 4736
f 4743 1191 4739
f 4736 4739 301
f 4743 4739 4736
f 1155 4741 4737
f 4741 1191 4743
f 4737 4743 1190
f 4741 4743 4737
f 289 4753 4570
f 4753 1194 4755
f 4570 4755 1150
f 4753 4755 4570
f 1194 4754 4761
f 4754 302 4758
f 4761 4758 1195
f 4754 4758 4761
f 1150 4759 4571
f 4759 1195 4757
f 4571 4757 290
f 4759 4757 4571
f 1194 4761 4755
f 4761 1195 4759
f 4755 4759 1150
f 4761 4759 4755
f 286 4688 4702
f 4688 1178 4705
f 4702 4705 1182
f 4688 4705 4702
f 1178 4689 4717
f 4689 297 4715
f 4717 4715 1185
f 4689 4715 4717
f 1182 4718 4703
f 4718 1185 4716
f 4703 4716 299
f 4718 4716 4703
f 1178 4717 4705
f 4717 1185 4718
f 4705 4718 1182
f 4717 4718 4705
f 288 4711 4719
f 4711 1184 4721
f 4719 4721 1186
f 4711 4721 4719
f 1184 4712 4727
f 4712 299 4725
f 4727 4725 1188
f 4712 4725 4727
f 1186 4729 4720
f 4729 1188 4726
f 4720 4726 300
f 4729 4726 4720
f 1184 4727 4721
f 4727 1188 4729
f 4721 4729 1186
f 4727 4729 4721
f 288 4719 4731
f 4719 1186 4734
f 4731 4734 1189
f 4719 4734 4731
f 1186 4720 4749
f 4720 300 4747
f 4749 4747 1193
f 4720 4747 4749
f 1189 4751 4732
f 4751 1193 4748
f 4732 4748 301
f 4751 4748 4732
f 1186 4749 4734
f 4749 1193 4751
f 4734 4751 1189
f 4749 4751 4734
f 289 4735 4753
f 4735 1190 4756
f 4753 4756 1194
f 4735 4756 4753
f 1190 4736 4776
f 4736 301 4774
f 4776 4774 1199
f 4736 4774 4776
f 1194 4778 4754
f 4778 1199 4775
f 4754 4775 302
f 4778 4775 4754
f 1190 4776 4756
f 4776 1199 4778
f 4756 4778 1194
f 4776 4778 4756
f 285 4783 4690
f 4783 1201 4786
f 4690 4786 1179
f 4783 4786 4690
f 1201 4784 4796
f 4784 303 4794
f 4796 4794 1203
f 4784 4794 4796
f 1179 4795 4691
f 4795 1203 4793
f 4691 4793 298
f 4795 4793 4691
f 1201 4796 4786
f 4796 1203 4795
f 4786 4795 1179
f 4796 4795 4786
f 290 4757 4605
f 4757 1195 4760
f 4605 4760 1159
f 4757 4760 4605
f 1195 4758 4765
f 4758 302 4763
f 4765 4763 1196
f 4758 4763 4765
f 1159 4764 4606
f 4764 1196 4762
f 4606 4762 293
f 4764 4762 4606
f 1195 4765 4760
f 4765 1196 4764
f 4760 4764 1159
f 4765 4764 4760
f 297 4722 4715
f 4722 1187 4724
f 4715 4724 1185
f 4722 4724 4715
f 1187 4723 4730
f 4723 300 4726
f 4730 4726 1188
f 4723 4726 4730
f 1185 4728 4716
f 4728 1188 4725
f 4716 4725 299
f 4728 4725 4716
f 1187 4730 4724
f 4730 1188 4728
f 4724 4728 1185
f 4730 4728 4724
f 297 4744 4722
f 4744 1192 4746
f 4722 4746 1187
f 4744 4746 4722
f 1192 4745 4752
f 4745 301 4748
f 4752 4748 1193
f 4745 4748 4752
f 1187 4750 4723
f 4750 1193 4747
f 4723 4747 300
f 4750 4747 4723
f 1192 4752 4746
f 4752 1193 4750
f 4746 4750 1187
f 4752 4750 4746
f 297 4698 4766
f 4698 1181 4768
f 4766 4768 1197
f 4698 4768 4766
f 1181 4699 4772
f 4699 298 4770
f 4772 4770 1198
f 4699 4770 4772
f 1197 4773 4767
f 4773 1198 4771
f 4767 4771 302
f 4773 4771 4767
f 1181 4772 4768
f 4772 1198 4773
f 4768 4773 1197
f 4772 4773 4768
f 297 4766 4744
f 4766 1197 4769
f 4744 4769 1192
f 4766 4769 4744
f 1197 4767 4779
f 4767 302 4775
f 4779 4775 1199
f 4767 4775 4779
f 1192 4777 4745
f 4777 1199 4774
f 4745 4774 301
f 4777 4774 4745
f 1197 4779 4769
f 4779 1199 4777
f 4769 4777 1192
f 4779 4777 4769
f 298 4800 4770
f 4800 1205 4802
f 4770 4802 1198
f 4800 4802 4770
f 1205 4801 4809
f 4801 304 4805
f 4809 4805 1206
f 4801 4805 4809
f 1198 4807 4771
f 4807 1206 4804
f 4771 4804 302
f 4807 4804 4771
f 1205 4809 4802
f 4809 1206 4807
f 4802 4807 1198
f 4809 4807 4802
f 285 4598 4783
f 4598 1157 4785
f 4783 4785 1201
f 4598 4785 4783
f 1157 4599 4790
f 4599 292 4787
f 4790 4787 1202
f 4599 4787 4790
f 1201 4792 4784
f 4792 1202 4788
f 4784 4788 303
f 4792 4788 4784
f 1157 4790 4785
f 4790 1202 4792
f 4785 4792 1201
f 4790 4792 4785
f 302 4804 4763
f 4804 1206 4806
f 4763 4806 1196
f 4804 4806 4763
f 1206 4805 4808
f 4805 304 4798
f 4808 4798 1204
f 4805 4798 4808
f 1196 4799 4762
f 4799 1204 4797
f 4762 4797 293
f 4799 4797 4762
f 1206 4808 4806
f 4808 1204 4799
f 4806 4799 1196
f 4808 4799 4806
f 298 4793 4800
f 4793 1203 4803
f 4800 4803 1205
f 4793 4803 4800
f 1203 4794 4812
f 4794 303 4810
f 4812 4810 1207
f 4794 4810 4812
f 1205 4813 4801
f 4813 1207 4811
f 4801 4811 304
f 4813 4811 4801
f 1203 4812 4803
f 4812 1207 4813
f 4803 4813 1205
f 4812 4813 4803
f 5 1395 1244
f 1395 358 1397
f 1244 1397 315
f 1395 1397 1244
f 358 1396 1401
f 1396 30 1399
f 1401 1399 359
f 1396 1399 1401
f 315 1400 1245
f 1400 359 1398
f 1245 1398 7
f 1400 1398 1245
f 358 1401 1397
f 1401 359 1400
f 1397 1400 315
f 1401 1400 1397
f 3 1468 1457
f 1468 378 1471
f 1457 1471 375
f 1468 1471 1457
f 378 1469 1491
f 1469 37 1488
f 1491 1488 382
f 1469 1488 1491
f 375 1489 1458
f 1489 382 1487
f 1458 1487 36
f 1489 1487 1458
f 378 1491 1471
f 1491 382 1489
f 1471 1489 375
f 1491 1489 1471
f 2 1227 1223
f 1227 310 1229
f 1223 1229 308
f 1227 1229 1223
f 310 1228 1233
f 1228 6 1231
f 1233 1231 311
f 1228 1231 1233
f 308 1232 1224
f 1232 311 1230
f 1224 1230 3
f 1232 1230 1224
f 310 1233 1229
f 1233 311 1232
f 1229 1232 308
f 1233 1232 1229
f 2 1223 1454
f 1223 308 1456
f 1454 1456 374
f 1223 1456 1454
f 308 1224 1459
f 1224 3 1457
f 1459 1457 375
f 1224 1457 1459
f 374 1460 1455
f 1460 375 1458
f 1455 1458 36
f 1460 1458 1455
f 308 1459 1456
f 1459 375 1460
f 1456 1460 374
f 1459 1460 1456
f 5 1244 1237
f 1244 315 1246
f 1237 1246 313
f 1244 1246 1237
f 315 1245 1252
f 1245 7 1248
f 1252 1248 316
f 1245 1248 1252
f 313 1250 1238
f 1250 316 1247
f 1238 1247 6
f 1250 1247 1238
f 315 1252 1246
f 1252 316 1250
f 1246 1250 313
f 1252 1250 1246
f 4 1225 1234
f 1225 309 1236
f 1234 1236 312
f 1225 1236 1234
f 309 1226 1239
f 1226 5 1237
f 1239 1237 313
f 1226 1237 1239
f 312 1240 1235
f 1240 313 1238
f 1235 1238 6
f 1240 1238 1235
f 309 1239 1236
f 1239 313 1240
f 1236 1240 312
f 1239 1240 1236
f 4 1255 1225
f 1255 318 1257
f 1225 1257 309
f 1255 1257 1225
f 318 1256 1261
f 1256 10 1259
f 1261 1259 319
f 1256 1259 1261
f 309 1260 1226
f 1260 319 1258
f 1226 1258 5
f 1260 1258 1226
f 318 1261 1257
f 1261 319 1260
f 1257 1260 309
f 1261 1260 1257
f 3 1230 1241
f 1230 311 1243
f 1241 1243 314
f 1230 1243 1241
f 311 1231 1249
f 1231 6 1247
f 1249 1247 316
f 1231 1247 1249
f 314 1251 1242
f 1251 316 1248
f 1242 1248 7
f 1251 1248 1242
f 311 1249 1243
f 1249 316 1251
f 1243 1251 314
f 1249 1251 1243
f 11 1616 1608
f 1616 416 1619
f 1608 1619 414
f 1616 1619 1608
f 416 1617 1627
f 1617 52 1625
f 1627 1625 418
f 1617 1625 1627
f 414 1626 1609
f 1626 418 1624
f 1609 1624 51
f 1626 1624 1609
f 416 1627 1619
f 1627 418 1626
f 1619 1626 414
f 1627 1626 1619
f 13 1631 1620
f 1631 420 1634
f 1620 1634 417
f 1631 1634 1620
f 420 1632 1639
f 1632 53 1637
f 1639 1637 421
f 1632 1637 1639
f 417 1638 1621
f 1638 421 1636
f 1621 1636 52
f 1638 1636 1621
f 420 1639 1634
f 1639 421 1638
f 1634 1638 417
f 1639 1638 1634
f 11 1285 1616
f 1285 327 1618
f 1616 1618 416
f 1285 1618 1616
f 327 1286 1622
f 1286 13 1620
f 1622 1620 417
f 1286 1620 1622
f 416 1623 1617
f 1623 417 1621
f 1617 1621 52
f 1623 1621 1617
f 327 1622 1618
f 1622 417 1623
f 1618 1623 416
f 1622 1623 1618
f 5 1262 1604
f 1262 320 1606
f 1604 1606 413
f 1262 1606 1604
f 320 1263 1610
f 1263 11 1608
f 1610 1608 414
f 1263 1608 1610
f 413 1611 1605
f 1611 414 1609
f 1605 1609 51
f 1611 1609 1605
f 320 1610 1606
f 1610 414 1611
f 1606 1611 413
f 1610 1611 1606
f 9 1640 1628
f 1640 422 1643
f 1628 1643 419
f 1640 1643 1628
f 422 1641 1651
f 1641 54 1649
f 1651 1649 424
f 1641 1649 1651
f 419 1650 1629
f 1650 424 1648
f 1629 1648 53
f 1650 1648 1629
f 422 1651 1643
f 1651 424 1650
f 1643 1650 419
f 1651 1650 1643
f 15 1652 1644
f 1652 425 1655
f 1644 1655 423
f 1652 1655 1644
f 425 1653 1663
f 1653 55 1661
f 1663 1661 427
f 1653 1661 1663
f 423 1662 1645
f 1662 427 1660
f 1645 1660 54
f 1662 1660 1645
f 425 1663 1655
f 1663 427 1662
f 1655 1662 423
f 1663 1662 1655
f 9 1628 1277
f 1628 419 1630
f 1277 1630 325
f 1628 1630 1277
f 419 1629 1635
f 1629 53 1632
f 1635 1632 420
f 1629 1632 1635
f 325 1633 1278
f 1633 420 1631
f 1278 1631 13
f 1633 1631 1278
f 419 1635 1630
f 1635 420 1633
f 1630 1633 325
f 1635 1633 1630
f 9 1301 1640
f 1301 331 1642
f 1640 1642 422
f 1301 1642 1640
f 331 1302 1646
f 1302 15 1644
f 1646 1644 423
f 1302 1644 1646
f 422 1647 1641
f 1647 423 1645
f 1641 1645 54
f 1647 1645 1641
f 331 1646 1642
f 1646 423 1647
f 1642 1647 422
f 1646 1647 1642
f 8 1253 1273
f 1253 317 1275
f 1273 1275 324
f 1253 1275 1273
f 317 1254 1279
f 1254 9 1277
f 1279 1277 325
f 1254 1277 1279
f 324 1280 1274
f 1280 325 1278
f 1274 1278 13
f 1280 1278 1274
f 317 1279 1275
f 1279 325 1280
f 1275 1280 324
f 1279 1280 1275
f 8 1297 1253
f 1297 330 1299
f 1253 1299 317
f 1297 1299 1253
f 330 1298 1304
f 1298 15 1302
f 1304 1302 331
f 1298 1302 1304
f 317 1303 1254
f 1303 331 1301
f 1254 1301 9
f 1303 1301 1254
f 330 1304 1299
f 1304 331 1303
f 1299 1303 317
f 1304 1303 1299
f 8 1295 1297
f 1295 329 1300
f 1297 1300 330
f 1295 1300 1297
f 329 1296 1307
f 1296 14 1305
f 1307 1305 332
f 1296 1305 1307
f 330 1308 1298
f 1308 332 1306
f 1298 1306 15
f 1308 1306 1298
f 329 1307 1300
f 1307 332 1308
f 1300 1308 330
f 1307 1308 1300
f 5 1258 1262
f 1258 319 1264
f 1262 1264 320
f 1258 1264 1262
f 319 1259 1267
f 1259 10 1265
f 1267 1265 321
f 1259 1265 1267
f 320 1268 1263
f 1268 321 1266
f 1263 1266 11
f 1268 1266 1263
f 319 1267 1264
f 1267 321 1268
f 1264 1268 320
f 1267 1268 1264
f 10 1281 1265
f 1281 326 1283
f 1265 1283 321
f 1281 1283 1265
f 326 1282 1288
f 1282 13 1286
f 1288 1286 327
f 1282 1286 1288
f 321 1287 1266
f 1287 327 1285
f 1266 1285 11
f 1287 1285 1266
f 326 1288 1283
f 1288 327 1287
f 1283 1287 321
f 1288 1287 1283
f 10 1271 1281
f 1271 323 1284
f 1281 1284 326
f 1271 1284 1281
f 323 1272 1292
f 1272 12 1289
f 1292 1289 328
f 1272 1289 1292
f 326 1294 1282
f 1294 328 1290
f 1282 1290 13
f 1294 1290 1282
f 323 1292 1284
f 1292 328 1294
f 1284 1294 326
f 1292 1294 1284
f 8 1273 1269
f 1273 324 1276
f 1269 1276 322
f 1273 1276 1269
f 324 1274 1293
f 1274 13 1290
f 1293 1290 328
f 1274 1290 1293
f 322 1291 1270
f 1291 328 1289
f 1270 1289 12
f 1291 1289 1270
f 324 1293 1276
f 1293 328 1291
f 1276 1291 322
f 1293 1291 1276
f 17 1664 1656
f 1664 428 1667
f 1656 1667 426
f 1664 1667 1656
f 428 1665 1675
f 1665 56 1673
f 1675 1673 430
f 1665 1673 1675
f 426 1674 1657
f 1674 430 1672
f 1657 1672 55
f 1674 1672 1657
f 428 1675 1667
f 1675 430 1674
f 1667 1674 426
f 1675 1674 1667
f 19 1676 1668
f 1676 431 1678
f 1668 1678 429
f 1676 1678 1668
f 431 1677 1682
f 1677 57 1680
f 1682 1680 432
f 1677 1680 1682
f 429 1681 1669
f 1681 432 1679
f 1669 1679 56
f 1681 1679 1669
f 431 1682 1678
f 1682 432 1681
f 1678 1681 429
f 1682 1681 1678
f 15 1316 1652
f 1316 335 1654
f 1652 1654 425
f 1316 1654 1652
f 335 1317 1658
f 1317 17 1656
f 1658 1656 426
f 1317 1656 1658
f 425 1659 1653
f 1659 426 1657
f 1653 1657 55
f 1659 1657 1653
f 335 1658 1654
f 1658 426 1659
f 1654 1659 425
f 1658 1659 1654
f 17 1329 1664
f 1329 339 1666
f 1664 1666 428
f 1329 1666 1664
f 339 1330 1670
f 1330 19 1668
f 1670 1668 429
f 1330 1668 1670
f 428 1671 1665
f 1671 429 1669
f 1665 1669 56
f 1671 1669 1665
f 339 1670 1666
f 1670 429 1671
f 1666 1671 428
f 1670 1671 1666
f 19 1683 1676
f 1683 433 1686
f 1676 1686 431
f 1683 1686 1676
f 433 1684 1694
f 1684 58 1692
f 1694 1692 435
f 1684 1692 1694
f 431 1693 1677
f 1693 435 1691
f 1677 1691 57
f 1693 1691 1677
f 433 1694 1686
f 1694 435 1693
f 1686 1693 431
f 1694 1693 1686
f 58 1708 1695
f 1708 440 1711
f 1695 1711 436
f 1708 1711 1695
f 440 1709 1716
f 1709 61 1714
f 1716 1714 441
f 1709 1714 1716
f 436 1715 1696
f 1715 441 1713
f 1696 1713 59
f 1715 1713 1696
f 440 1716 1711
f 1716 441 1715
f 1711 1715 436
f 1716 1715 1711
f 19 1344 1683
f 1344 343 1685
f 1683 1685 433
f 1344 1685 1683
f 343 1345 1689
f 1345 21 1687
f 1689 1687 434
f 1345 1687 1689
f 433 1690 1684
f 1690 434 1688
f 1684 1688 58
f 1690 1688 1684
f 343 1689 1685
f 1689 434 1690
f 1685 1690 433
f 1689 1690 1685
f 21 1703 1687
f 1703 439 1706
f 1687 1706 434
f 1703 1706 1687
f 439 1704 1712
f 1704 61 1709
f 1712 1709 440
f 1704 1709 1712
f 434 1710 1688
f 1710 440 1708
f 1688 1708 58
f 1710 1708 1688
f 439 1712 1706
f 1712 440 1710
f 1706 1710 434
f 1712 1710 1706
f 14 1309 1305
f 1309 333 1311
f 1305 1311 332
f 1309 1311 1305
f 333 1310 1315
f 1310 16 1313
f 1315 1313 334
f 1310 1313 1315
f 332 1314 1306
f 1314 334 1312
f 1306 1312 15
f 1314 1312 1306
f 333 1315 1311
f 1315 334 1314
f 1311 1314 332
f 1315 1314 1311
f 15 1312 1316
f 1312 334 1318
f 1316 1318 335
f 1312 1318 1316
f 334 1313 1321
f 1313 16 1319
f 1321 1319 336
f 1313 1319 1321
f 335 1322 1317
f 1322 336 1320
f 1317 1320 17
f 1322 1320 1317
f 334 1321 1318
f 1321 336 1322
f 1318 1322 335
f 1321 1322 1318
f 16 1325 1319
f 1325 338 1327
f 1319 1327 336
f 1325 1327 1319
f 338 1326 1332
f 1326 19 1330
f 1332 1330 339
f 1326 1330 1332
f 336 1331 1320
f 1331 339 1329
f 1320 1329 17
f 1331 1329 1320
f 338 1332 1327
f 1332 339 1331
f 1327 1331 336
f 1332 1331 1327
f 16 1323 1325
f 1323 337 1328
f 1325 1328 338
f 1323 1328 1325
f 337 1324 1335
f 1324 18 1333
f 1335 1333 340
f 1324 1333 1335
f 338 1336 1326
f 1336 340 1334
f 1326 1334 19
f 1336 1334 1326
f 337 1335 1328
f 1335 340 1336
f 1328 1336 338
f 1335 1336 1328
f 18 1337 1333
f 1337 341 1339
f 1333 1339 340
f 1337 1339 1333
f 341 1338 1343
f 1338 20 1341
f 1343 1341 342
f 1338 1341 1343
f 340 1342 1334
f 1342 342 1340
f 1334 1340 19
f 1342 1340 1334
f 341 1343 1339
f 1343 342 1342
f 1339 1342 340
f 1343 1342 1339
f 19 1340 1344
f 1340 342 1346
f 1344 1346 343
f 1340 1346 1344
f 342 1341 1349
f 1341 20 1347
f 1349 1347 344
f 1341 1347 1349
f 343 1350 1345
f 1350 344 1348
f 1345 1348 21
f 1350 1348 1345
f 342 1349 1346
f 1349 344 1350
f 1346 1350 343
f 1349 1350 1346
f 20 1699 1347
f 1699 438 1701
f 1347 1701 344
f 1699 1701 1347
f 438 1700 1707
f 1700 61 1704
f 1707 1704 439
f 1700 1704 1707
f 344 1705 1348
f 1705 439 1703
f 1348 1703 21
f 1705 1703 1348
f 438 1707 1701
f 1707 439 1705
f 1701 1705 344
f 1707 1705 1701
f 23 1421 1360
f 1421 365 1423
f 1360 1423 348
f 1421 1423 1360
f 365 1422 1428
f 1422 33 1425
f 1428 1425 366
f 1422 1425 1428
f 348 1426 1361
f 1426 366 1424
f 1361 1424 25
f 1426 1424 1361
f 365 1428 1423
f 1428 366 1426
f 1423 1426 348
f 1428 1426 1423
f 29 1429 1445
f 1429 367 1448
f 1445 1448 372
f 1429 1448 1445
f 367 1430 1452
f 1430 33 1450
f 1452 1450 373
f 1430 1450 1452
f 372 1453 1446
f 1453 373 1451
f 1446 1451 35
f 1453 1451 1446
f 367 1452 1448
f 1452 373 1453
f 1448 1453 372
f 1452 1453 1448
f 27 1442 1493
f 1442 371 1495
f 1493 1495 383
f 1442 1495 1493
f 371 1443 1498
f 1443 35 1496
f 1498 1496 384
f 1443 1496 1498
f 383 1499 1494
f 1499 384 1497
f 1494 1497 38
f 1499 1497 1494
f 371 1498 1495
f 1498 384 1499
f 1495 1499 383
f 1498 1499 1495
f 25 1424 1382
f 1424 366 1427
f 1382 1427 355
f 1424 1427 1382
f 366 1425 1432
f 1425 33 1430
f 1432 1430 367
f 1425 1430 1432
f 355 1431 1383
f 1431 367 1429
f 1383 1429 29
f 1431 1429 1383
f 366 1432 1427
f 1432 367 1431
f 1427 1431 355
f 1432 1431 1427
f 27 1386 1442
f 1386 356 1444
f 1442 1444 371
f 1386 1444 1442
f 356 1387 1447
f 1387 29 1445
f 1447 1445 372
f 1387 1445 1447
f 371 1449 1443
f 1449 372 1446
f 1443 1446 35
f 1449 1446 1443
f 356 1447 1444
f 1447 372 1449
f 1444 1449 371
f 1447 1449 1444
f 22 1461 1351
f 1461 376 1463
f 1351 1463 345
f 1461 1463 1351
f 376 1462 1467
f 1462 36 1465
f 1467 1465 377
f 1462 1465 1467
f 345 1466 1352
f 1466 377 1464
f 1352 1464 23
f 1466 1464 1352
f 376 1467 1463
f 1467 377 1466
f 1463 1466 345
f 1467 1466 1463
f 24 1363 1378
f 1363 349 1380
f 1378 1380 354
f 1363 1380 1378
f 349 1364 1384
f 1364 25 1382
f 1384 1382 355
f 1364 1382 1384
f 354 1385 1379
f 1385 355 1383
f 1379 1383 29
f 1385 1383 1379
f 349 1384 1380
f 1384 355 1385
f 1380 1385 354
f 1384 1385 1380
f 22 1351 1353
f 1351 345 1355
f 1353 1355 346
f 1351 1355 1353
f 345 1352 1358
f 1352 23 1356
f 1358 1356 347
f 1352 1356 1358
f 346 1359 1354
f 1359 347 1357
f 1354 1357 24
f 1359 1357 1354
f 345 1358 1355
f 1358 347 1359
f 1355 1359 346
f 1358 1359 1355
f 23 1360 1356
f 1360 348 1362
f 1356 1362 347
f 1360 1362 1356
f 348 1361 1366
f 1361 25 1364
f 1366 1364 349
f 1361 1364 1366
f 347 1365 1357
f 1365 349 1363
f 1357 1363 24
f 1365 1363 1357
f 348 1366 1362
f 1366 349 1365
f 1362 1365 347
f 1366 1365 1362
f 27 1374 1386
f 1374 353 1388
f 1386 1388 356
f 1374 1388 1386
f 353 1375 1392
f 1375 28 1389
f 1392 1389 357
f 1375 1389 1392
f 356 1394 1387
f 1394 357 1390
f 1387 1390 29
f 1394 1390 1387
f 353 1392 1388
f 1392 357 1394
f 1388 1394 356
f 1392 1394 1388
f 26 1371 1367
f 1371 352 1373
f 1367 1373 350
f 1371 1373 1367
f 352 1372 1377
f 1372 28 1375
f 1377 1375 353
f 1372 1375 1377
f 350 1376 1368
f 1376 353 1374
f 1368 1374 27
f 1376 1374 1368
f 352 1377 1373
f 1377 353 1376
f 1373 1376 350
f 1377 1376 1373
f 26 1367 1513
f 1367 350 1515
f 1513 1515 390
f 1367 1515 1513
f 350 1368 1518
f 1368 27 1516
f 1518 1516 391
f 1368 1516 1518
f 390 1519 1514
f 1519 391 1517
f 1514 1517 43
f 1519 1517 1514
f 350 1518 1515
f 1518 391 1519
f 1515 1519 390
f 1518 1519 1515
f 27 1520 1516
f 1520 392 1523
f 1516 1523 391
f 1520 1523 1516
f 392 1521 1531
f 1521 44 1529
f 1531 1529 394
f 1521 1529 1531
f 391 1530 1517
f 1530 394 1528
f 1517 1528 43
f 1530 1528 1517
f 392 1531 1523
f 1531 394 1530
f 1523 1530 391
f 1531 1530 1523
f 24 1378 1369
f 1378 354 1381
f 1369 1381 351
f 1378 1381 1369
f 354 1379 1393
f 1379 29 1390
f 1393 1390 357
f 1379 1390 1393
f 351 1391 1370
f 1391 357 1389
f 1370 1389 28
f 1391 1389 1370
f 354 1393 1381
f 1393 357 1391
f 1381 1391 351
f 1393 1391 1381
f 32 1436 1476
f 1436 369 1479
f 1476 1479 380
f 1436 1479 1476
f 369 1437 1484
f 1437 34 1481
f 1484 1481 381
f 1437 1481 1484
f 380 1486 1477
f 1486 381 1482
f 1477 1482 37
f 1486 1482 1477
f 369 1484 1479
f 1484 381 1486
f 1479 1486 380
f 1484 1486 1479
f 3 1414 1468
f 1414 363 1470
f 1468 1470 378
f 1414 1470 1468
f 363 1415 1478
f 1415 32 1476
f 1478 1476 380
f 1415 1476 1478
f 378 1480 1469
f 1480 380 1477
f 1469 1477 37
f 1480 1477 1469
f 363 1478 1470
f 1478 380 1480
f 1470 1480 378
f 1478 1480 1470
f 23 1472 1433
f 1472 379 1474
f 1433 1474 368
f 1472 1474 1433
f 379 1473 1485
f 1473 37 1482
f 1485 1482 381
f 1473 1482 1485
f 368 1483 1434
f 1483 381 1481
f 1434 1481 34
f 1483 1481 1434
f 379 1485 1474
f 1485 381 1483
f 1474 1483 368
f 1485 1483 1474
f 7 1398 1405
f 1398 359 1408
f 1405 1408 361
f 1398 1408 1405
f 359 1399 1412
f 1399 30 1410
f 1412 1410 362
f 1399 1410 1412
f 361 1413 1406
f 1413 362 1411
f 1406 1411 31
f 1413 1411 1406
f 359 1412 1408
f 1412 362 1413
f 1408 1413 361
f 1412 1413 1408
f 3 1402 1414
f 1402 360 1416
f 1414 1416 363
f 1402 1416 1414
f 360 1403 1419
f 1403 31 1417
f 1419 1417 364
f 1403 1417 1419
f 363 1420 1415
f 1420 364 1418
f 1415 1418 32
f 1420 1418 1415
f 360 1419 1416
f 1419 364 1420
f 1416 1420 363
f 1419 1420 1416
f 5 1604 1395
f 1604 413 1607
f 1395 1607 358
f 1604 1607 1395
f 413 1605 1615
f 1605 51 1613
f 1615 1613 415
f 1605 1613 1615
f 358 1614 1396
f 1614 415 1612
f 1396 1612 30
f 1614 1612 1396
f 413 1615 1607
f 1615 415 1614
f 1607 1614 358
f 1615 1614 1607
f 3 1241 1402
f 1241 314 1404
f 1402 1404 360
f 1241 1404 1402
f 314 1242 1407
f 1242 7 1405
f 1407 1405 361
f 1242 1405 1407
f 360 1409 1403
f 1409 361 1406
f 1403 1406 31
f 1409 1406 1403
f 314 1407 1404
f 1407 361 1409
f 1404 1409 360
f 1407 1409 1404
f 23 1433 1421
f 1433 368 1435
f 1421 1435 365
f 1433 1435 1421
f 368 1434 1441
f 1434 34 1439
f 1441 1439 370
f 1434 1439 1441
f 365 1440 1422
f 1440 370 1438
f 1422 1438 33
f 1440 1438 1422
f 368 1441 1435
f 1441 370 1440
f 1435 1440 365
f 1441 1440 1435
f 38 1778 1503
f 1778 457 1781
f 1503 1781 386
f 1778 1781 1503
f 457 1779 1787
f 1779 66 1784
f 1787 1784 458
f 1779 1784 1787
f 386 1785 1504
f 1785 458 1783
f 1504 1783 39
f 1785 1783 1504
f 457 1787 1781
f 1787 458 1785
f 1781 1785 386
f 1787 1785 1781
f 39 1783 1507
f 1783 458 1786
f 1507 1786 387
f 1783 1786 1507
f 458 1784 1792
f 1784 66 1789
f 1792 1789 459
f 1784 1789 1792
f 387 1790 1508
f 1790 459 1788
f 1508 1788 40
f 1790 1788 1508
f 458 1792 1786
f 1792 459 1790
f 1786 1790 387
f 1792 1790 1786
f 23 1464 1472
f 1464 377 1475
f 1472 1475 379
f 1464 1475 1472
f 377 1465 1490
f 1465 36 1487
f 1490 1487 382
f 1465 1487 1490
f 379 1492 1473
f 1492 382 1488
f 1473 1488 37
f 1492 1488 1473
f 377 1490 1475
f 1490 382 1492
f 1475 1492 379
f 1490 1492 1475
f 27 1500 1520
f 1500 385 1522
f 1520 1522 392
f 1500 1522 1520
f 385 1501 1526
f 1501 39 1524
f 1526 1524 393
f 1501 1524 1526
f 392 1527 1521
f 1527 393 1525
f 1521 1525 44
f 1527 1525 1521
f 385 1526 1522
f 1526 393 1527
f 1522 1527 392
f 1526 1527 1522
f 39 1534 1524
f 1534 396 1537
f 1524 1537 393
f 1534 1537 1524
f 396 1535 1550
f 1535 46 1547
f 1550 1547 399
f 1535 1547 1550
f 393 1548 1525
f 1548 399 1546
f 1525 1546 44
f 1548 1546 1525
f 396 1550 1537
f 1550 399 1548
f 1537 1548 393
f 1550 1548 1537
f 40 1558 1538
f 1558 402 1561
f 1538 1561 397
f 1558 1561 1538
f 402 1559 1579
f 1559 48 1576
f 1579 1576 406
f 1559 1576 1579
f 397 1577 1539
f 1577 406 1575
f 1539 1575 46
f 1577 1575 1539
f 402 1579 1561
f 1579 406 1577
f 1561 1577 397
f 1579 1577 1561
f 27 1493 1500
f 1493 383 1502
f 1500 1502 385
f 1493 1502 1500
f 383 1494 1505
f 1494 38 1503
f 1505 1503 386
f 1494 1503 1505
f 385 1506 1501
f 1506 386 1504
f 1501 1504 39
f 1506 1504 1501
f 383 1505 1502
f 1505 386 1506
f 1502 1506 385
f 1505 1506 1502
f 39 1507 1534
f 1507 387 1536
f 1534 1536 396
f 1507 1536 1534
f 387 1508 1540
f 1508 40 1538
f 1540 1538 397
f 1508 1538 1540
f 396 1541 1535
f 1541 397 1539
f 1535 1539 46
f 1541 1539 1535
f 387 1540 1536
f 1540 397 1541
f 1536 1541 396
f 1540 1541 1536
f 40 1509 1558
f 1509 388 1560
f 1558 1560 402
f 1509 1560 1558
f 388 1510 1564
f 1510 41 1562
f 1564 1562 403
f 1510 1562 1564
f 402 1566 1559
f 1566 403 1563
f 1559 1563 48
f 1566 1563 1559
f 388 1564 1560
f 1564 403 1566
f 1560 1566 402
f 1564 1566 1560
f 41 1511 1562
f 1511 389 1565
f 1562 1565 403
f 1511 1565 1562
f 389 1512 1569
f 1512 42 1567
f 1569 1567 404
f 1512 1567 1569
f 403 1570 1563
f 1570 404 1568
f 1563 1568 48
f 1570 1568 1563
f 389 1569 1565
f 1569 404 1570
f 1565 1570 403
f 1569 1570 1565
f 42 2819 1592
f 2819 716 2821
f 1592 2821 410
f 2819 2821 1592
f 716 2820 2826
f 2820 150 2824
f 2826 2824 717
f 2820 2824 2826
f 410 2825 1593
f 2825 717 2823
f 1593 2823 50
f 2825 2823 1593
f 716 2826 2821
f 2826 717 2825
f 2821 2825 410
f 2826 2825 2821
f 42 1592 1567
f 1592 410 1594
f 1567 1594 404
f 1592 1594 1567
f 410 1593 1599
f 1593 50 1596
f 1599 1596 411
f 1593 1596 1599
f 404 1597 1568
f 1597 411 1595
f 1568 1595 48
f 1597 1595 1568
f 410 1599 1594
f 1599 411 1597
f 1594 1597 404
f 1599 1597 1594
f 50 2823 2872
f 2823 717 2875
f 2872 2875 731
f 2823 2875 2872
f 717 2824 2879
f 2824 150 2877
f 2879 2877 732
f 2824 2877 2879
f 731 2881 2873
f 2881 732 2878
f 2873 2878 157
f 2881 2878 2873
f 717 2879 2875
f 2879 732 2881
f 2875 2881 731
f 2879 2881 2875
f 43 1528 1542
f 1528 394 1544
f 1542 1544 398
f 1528 1544 1542
f 394 1529 1549
f 1529 44 1546
f 1549 1546 399
f 1529 1546 1549
f 398 1551 1543
f 1551 399 1547
f 1543 1547 46
f 1551 1547 1543
f 394 1549 1544
f 1549 399 1551
f 1544 1551 398
f 1549 1551 1544
f 43 1542 1532
f 1542 398 1545
f 1532 1545 395
f 1542 1545 1532
f 398 1543 1555
f 1543 46 1553
f 1555 1553 400
f 1543 1553 1555
f 395 1554 1533
f 1554 400 1552
f 1533 1552 45
f 1554 1552 1533
f 398 1555 1545
f 1555 400 1554
f 1545 1554 395
f 1555 1554 1545
f 45 1552 1571
f 1552 400 1573
f 1571 1573 405
f 1552 1573 1571
f 400 1553 1578
f 1553 46 1575
f 1578 1575 406
f 1553 1575 1578
f 405 1580 1572
f 1580 406 1576
f 1572 1576 48
f 1580 1576 1572
f 400 1578 1573
f 1578 406 1580
f 1573 1580 405
f 1578 1580 1573
f 45 1571 1556
f 1571 405 1574
f 1556 1574 401
f 1571 1574 1556
f 405 1572 1584
f 1572 48 1582
f 1584 1582 407
f 1572 1582 1584
f 401 1583 1557
f 1583 407 1581
f 1557 1581 47
f 1583 1581 1557
f 405 1584 1574
f 1584 407 1583
f 1574 1583 401
f 1584 1583 1574
f 47 1581 1585
f 1581 407 1587
f 1585 1587 408
f 1581 1587 1585
f 407 1582 1590
f 1582 48 1588
f 1590 1588 409
f 1582 1588 1590
f 408 1591 1586
f 1591 409 1589
f 1586 1589 49
f 1591 1589 1586
f 407 1590 1587
f 1590 409 1591
f 1587 1591 408
f 1590 1591 1587
f 48 1595 1588
f 1595 411 1598
f 1588 1598 409
f 1595 1598 1588
f 411 1596 1603
f 1596 50 1601
f 1603 1601 412
f 1596 1601 1603
f 409 1602 1589
f 1602 412 1600
f 1589 1600 49
f 1602 1600 1589
f 411 1603 1598
f 1603 412 1602
f 1598 1602 409
f 1603 1602 1598
f 49 1600 2868
f 1600 412 2870
f 2868 2870 730
f 1600 2870 2868
f 412 1601 2874
f 1601 50 2872
f 2874 2872 731
f 1601 2872 2874
f 730 2876 2869
f 2876 731 2873
f 2869 2873 157
f 2876 2873 2869
f 412 2874 2870
f 2874 731 2876
f 2870 2876 730
f 2874 2876 2870
f 49 2868 2866
f 2868 730 2871
f 2866 2871 729
f 2868 2871 2866
f 730 2869 2889
f 2869 157 2887
f 2889 2887 734
f 2869 2887 2889
f 729 2888 2867
f 2888 734 2886
f 2867 2886 156
f 2888 2886 2867
f 730 2889 2871
f 2889 734 2888
f 2871 2888 729
f 2889 2888 2871
f 40 1788 1509
f 1788 459 1791
f 1509 1791 388
f 1788 1791 1509
f 459 1789 1797
f 1789 66 1794
f 1797 1794 460
f 1789 1794 1797
f 388 1795 1510
f 1795 460 1793
f 1510 1793 41
f 1795 1793 1510
f 459 1797 1791
f 1797 460 1795
f 1791 1795 388
f 1797 1795 1791
f 41 1793 1511
f 1793 460 1796
f 1511 1796 389
f 1793 1796 1511
f 460 1794 1801
f 1794 66 1799
f 1801 1799 461
f 1794 1799 1801
f 389 1800 1512
f 1800 461 1798
f 1512 1798 42
f 1800 1798 1512
f 460 1801 1796
f 1801 461 1800
f 1796 1800 389
f 1801 1800 1796
f 42 1798 2819
f 1798 461 2822
f 2819 2822 716
f 1798 2822 2819
f 461 1799 2829
f 1799 66 2827
f 2829 2827 718
f 1799 2827 2829
f 716 2830 2820
f 2830 718 2828
f 2820 2828 150
f 2830 2828 2820
f 461 2829 2822
f 2829 718 2830
f 2822 2830 716
f 2829 2830 2822
f 66 2831 2827
f 2831 719 2833
f 2827 2833 718
f 2831 2833 2827
f 719 2832 2837
f 2832 151 2835
f 2837 2835 720
f 2832 2835 2837
f 718 2836 2828
f 2836 720 2834
f 2828 2834 150
f 2836 2834 2828
f 719 2837 2833
f 2837 720 2836
f 2833 2836 718
f 2837 2836 2833
f 66 2838 2831
f 2838 721 2840
f 2831 2840 719
f 2838 2840 2831
f 721 2839 2844
f 2839 152 2842
f 2844 2842 722
f 2839 2842 2844
f 719 2843 2832
f 2843 722 2841
f 2832 2841 151
f 2843 2841 2832
f 721 2844 2840
f 2844 722 2843
f 2840 2843 719
f 2844 2843 2840
f 66 2845 2838
f 2845 723 2847
f 2838 2847 721
f 2845 2847 2838
f 723 2846 2851
f 2846 153 2849
f 2851 2849 724
f 2846 2849 2851
f 721 2850 2839
f 2850 724 2848
f 2839 2848 152
f 2850 2848 2839
f 723 2851 2847
f 2851 724 2850
f 2847 2850 721
f 2851 2850 2847
f 66 2852 2845
f 2852 725 2854
f 2845 2854 723
f 2852 2854 2845
f 725 2853 2858
f 2853 154 2856
f 2858 2856 726
f 2853 2856 2858
f 723 2857 2846
f 2857 726 2855
f 2846 2855 153
f 2857 2855 2846
f 725 2858 2854
f 2858 726 2857
f 2854 2857 723
f 2858 2857 2854
f 66 2859 2852
f 2859 727 2861
f 2852 2861 725
f 2859 2861 2852
f 727 2860 2865
f 2860 155 2863
f 2865 2863 728
f 2860 2863 2865
f 725 2864 2853
f 2864 728 2862
f 2853 2862 154
f 2864 2862 2853
f 727 2865 2861
f 2865 728 2864
f 2861 2864 725
f 2865 2864 2861
f 31 1753 1417
f 1753 452 1756
f 1417 1756 364
f 1753 1756 1417
f 452 1754 1762
f 1754 66 1759
f 1762 1759 453
f 1754 1759 1762
f 364 1760 1418
f 1760 453 1758
f 1418 1758 32
f 1760 1758 1418
f 452 1762 1756
f 1762 453 1760
f 1756 1760 364
f 1762 1760 1756
f 32 1758 1436
f 1758 453 1761
f 1436 1761 369
f 1758 1761 1436
f 453 1759 1771
f 1759 66 1768
f 1771 1768 455
f 1759 1768 1771
f 369 1769 1437
f 1769 455 1767
f 1437 1767 34
f 1769 1767 1437
f 453 1771 1761
f 1771 455 1769
f 1761 1769 369
f 1771 1769 1761
f 30 1612 1749
f 1612 415 1752
f 1749 1752 451
f 1612 1752 1749
f 415 1613 1804
f 1613 51 1802
f 1804 1802 462
f 1613 1802 1804
f 451 1806 1750
f 1806 462 1803
f 1750 1803 66
f 1806 1803 1750
f 415 1804 1752
f 1804 462 1806
f 1752 1806 451
f 1804 1806 1752
f 52 1636 1807
f 1636 421 1810
f 1807 1810 463
f 1636 1810 1807
f 421 1637 1814
f 1637 53 1812
f 1814 1812 464
f 1637 1812 1814
f 463 1816 1808
f 1816 464 1813
f 1808 1813 66
f 1816 1813 1808
f 421 1814 1810
f 1814 464 1816
f 1810 1816 463
f 1814 1816 1810
f 51 1624 1802
f 1624 418 1805
f 1802 1805 462
f 1624 1805 1802
f 418 1625 1809
f 1625 52 1807
f 1809 1807 463
f 1625 1807 1809
f 462 1811 1803
f 1811 463 1808
f 1803 1808 66
f 1811 1808 1803
f 418 1809 1805
f 1809 463 1811
f 1805 1811 462
f 1809 1811 1805
f 30 1749 1410
f 1749 451 1751
f 1410 1751 362
f 1749 1751 1410
f 451 1750 1757
f 1750 66 1754
f 1757 1754 452
f 1750 1754 1757
f 362 1755 1411
f 1755 452 1753
f 1411 1753 31
f 1755 1753 1411
f 451 1757 1751
f 1757 452 1755
f 1751 1755 362
f 1757 1755 1751
f 33 1763 1450
f 1763 454 1766
f 1450 1766 373
f 1763 1766 1450
f 454 1764 1777
f 1764 66 1774
f 1777 1774 456
f 1764 1774 1777
f 373 1775 1451
f 1775 456 1773
f 1451 1773 35
f 1775 1773 1451
f 454 1777 1766
f 1777 456 1775
f 1766 1775 373
f 1777 1775 1766
f 33 1438 1763
f 1438 370 1765
f 1763 1765 454
f 1438 1765 1763
f 370 1439 1770
f 1439 34 1767
f 1770 1767 455
f 1439 1767 1770
f 454 1772 1764
f 1772 455 1768
f 1764 1768 66
f 1772 1768 1764
f 370 1770 1765
f 1770 455 1772
f 1765 1772 454
f 1770 1772 1765
f 35 1773 1496
f 1773 456 1776
f 1496 1776 384
f 1773 1776 1496
f 456 1774 1782
f 1774 66 1779
f 1782 1779 457
f 1774 1779 1782
f 384 1780 1497
f 1780 457 1778
f 1497 1778 38
f 1780 1778 1497
f 456 1782 1776
f 1782 457 1780
f 1776 1780 384
f 1782 1780 1776
f 53 1648 1812
f 1648 424 1815
f 1812 1815 464
f 1648 1815 1812
f 424 1649 1819
f 1649 54 1817
f 1819 1817 465
f 1649 1817 1819
f 464 1821 1813
f 1821 465 1818
f 1813 1818 66
f 1821 1818 1813
f 424 1819 1815
f 1819 465 1821
f 1815 1821 464
f 1819 1821 1815
f 54 1660 1817
f 1660 427 1820
f 1817 1820 465
f 1660 1820 1817
f 427 1661 1824
f 1661 55 1822
f 1824 1822 466
f 1661 1822 1824
f 465 1826 1818
f 1826 466 1823
f 1818 1823 66
f 1826 1823 1818
f 427 1824 1820
f 1824 466 1826
f 1820 1826 465
f 1824 1826 1820
f 55 1672 1822
f 1672 430 1825
f 1822 1825 466
f 1672 1825 1822
f 430 1673 1829
f 1673 56 1827
f 1829 1827 467
f 1673 1827 1829
f 466 1831 1823
f 1831 467 1828
f 1823 1828 66
f 1831 1828 1823
f 430 1829 1825
f 1829 467 1831
f 1825 1831 466
f 1829 1831 1825
f 56 1679 1827
f 1679 432 1830
f 1827 1830 467
f 1679 1830 1827
f 432 1680 1834
f 1680 57 1832
f 1834 1832 468
f 1680 1832 1834
f 467 1836 1828
f 1836 468 1833
f 1828 1833 66
f 1836 1833 1828
f 432 1834 1830
f 1834 468 1836
f 1830 1836 467
f 1834 1836 1830
f 57 1691 1832
f 1691 435 1835
f 1832 1835 468
f 1691 1835 1832
f 435 1692 1839
f 1692 58 1837
f 1839 1837 469
f 1692 1837 1839
f 468 1841 1833
f 1841 469 1838
f 1833 1838 66
f 1841 1838 1833
f 435 1839 1835
f 1839 469 1841
f 1835 1841 468
f 1839 1841 1835
f 58 1695 1837
f 1695 436 1840
f 1837 1840 469
f 1695 1840 1837
f 436 1696 1844
f 1696 59 1842
f 1844 1842 470
f 1696 1842 1844
f 469 1846 1838
f 1846 470 1843
f 1838 1843 66
f 1846 1843 1838
f 436 1844 1840
f 1844 470 1846
f 1840 1846 469
f 1844 1846 1840
f 2 1454 2305
f 1454 374 2307
f 2305 2307 588
f 1454 2307 2305
f 374 1455 2311
f 1455 36 2309
f 2311 2309 589
f 1455 2309 2311
f 588 2313 2306
f 2313 589 2310
f 2306 2310 109
f 2313 2310 2306
f 374 2311 2307
f 2311 589 2313
f 2307 2313 588
f 2311 2313 2307
f 2 2147 1227
f 2147 548 2149
f 1227 2149 310
f 2147 2149 1227
f 548 2148 2153
f 2148 95 2151
f 2153 2151 549
f 2148 2151 2153
f 310 2152 1228
f 2152 549 2150
f 1228 2150 6
f 2152 2150 1228
f 548 2153 2149
f 2153 549 2152
f 2149 2152 310
f 2153 2152 2149
f 4 1234 2161
f 1234 312 2163
f 2161 2163 552
f 1234 2163 2161
f 312 1235 2167
f 1235 6 2165
f 2167 2165 553
f 1235 2165 2167
f 552 2169 2162
f 2169 553 2166
f 2162 2166 97
f 2169 2166 2162
f 312 2167 2163
f 2167 553 2169
f 2163 2169 552
f 2167 2169 2163
f 4 2154 1255
f 2154 550 2156
f 1255 2156 318
f 2154 2156 1255
f 550 2155 2160
f 2155 96 2158
f 2160 2158 551
f 2155 2158 2160
f 318 2159 1256
f 2159 551 2157
f 1256 2157 10
f 2159 2157 1256
f 550 2160 2156
f 2160 551 2159
f 2156 2159 318
f 2160 2159 2156
f 8 2178 1295
f 2178 556 2180
f 1295 2180 329
f 2178 2180 1295
f 556 2179 2184
f 2179 98 2182
f 2184 2182 557
f 2179 2182 2184
f 329 2183 1296
f 2183 557 2181
f 1296 2181 14
f 2183 2181 1296
f 556 2184 2180
f 2184 557 2183
f 2180 2183 329
f 2184 2183 2180
f 10 2185 1271
f 2185 558 2187
f 1271 2187 323
f 2185 2187 1271
f 558 2186 2192
f 2186 99 2190
f 2192 2190 559
f 2186 2190 2192
f 323 2191 1272
f 2191 559 2189
f 1272 2189 12
f 2191 2189 1272
f 558 2192 2187
f 2192 559 2191
f 2187 2191 323
f 2192 2191 2187
f 8 1269 2197
f 1269 322 2199
f 2197 2199 561
f 1269 2199 2197
f 322 1270 2203
f 1270 12 2201
f 2203 2201 562
f 1270 2201 2203
f 561 2205 2198
f 2205 562 2202
f 2198 2202 100
f 2205 2202 2198
f 322 2203 2199
f 2203 562 2205
f 2199 2205 561
f 2203 2205 2199
f 14 2221 1309
f 2221 567 2223
f 1309 2223 333
f 2221 2223 1309
f 567 2222 2228
f 2222 102 2226
f 2228 2226 568
f 2222 2226 2228
f 333 2227 1310
f 2227 568 2225
f 1310 2225 16
f 2227 2225 1310
f 567 2228 2223
f 2228 568 2227
f 2223 2227 333
f 2228 2227 2223
f 16 2233 1323
f 2233 570 2235
f 1323 2235 337
f 2233 2235 1323
f 570 2234 2241
f 2234 103 2238
f 2241 2238 571
f 2234 2238 2241
f 337 2239 1324
f 2239 571 2237
f 1324 2237 18
f 2239 2237 1324
f 570 2241 2235
f 2241 571 2239
f 2235 2239 337
f 2241 2239 2235
f 18 2237 1337
f 2237 571 2240
f 1337 2240 341
f 2237 2240 1337
f 571 2238 2245
f 2238 103 2243
f 2245 2243 572
f 2238 2243 2245
f 341 2244 1338
f 2244 572 2242
f 1338 2242 20
f 2244 2242 1338
f 571 2245 2240
f 2245 572 2244
f 2240 2244 341
f 2245 2244 2240
f 22 2257 1461
f 2257 576 2260
f 1461 2260 376
f 2257 2260 1461
f 576 2258 2268
f 2258 105 2266
f 2268 2266 578
f 2258 2266 2268
f 376 2267 1462
f 2267 578 2265
f 1462 2265 36
f 2267 2265 1462
f 576 2268 2260
f 2268 578 2267
f 2260 2267 376
f 2268 2267 2260
f 24 1369 2269
f 1369 351 2271
f 2269 2271 579
f 1369 2271 2269
f 351 1370 2275
f 1370 28 2273
f 2275 2273 580
f 1370 2273 2275
f 579 2276 2270
f 2276 580 2274
f 2270 2274 106
f 2276 2274 2270
f 351 2275 2271
f 2275 580 2276
f 2271 2276 579
f 2275 2276 2271
f 22 1353 2257
f 1353 346 2259
f 2257 2259 576
f 1353 2259 2257
f 346 1354 2263
f 1354 24 2261
f 2263 2261 577
f 1354 2261 2263
f 576 2264 2258
f 2264 577 2262
f 2258 2262 105
f 2264 2262 2258
f 346 2263 2259
f 2263 577 2264
f 2259 2264 576
f 2263 2264 2259
f 26 2288 1371
f 2288 584 2290
f 1371 2290 352
f 2288 2290 1371
f 584 2289 2296
f 2289 108 2293
f 2296 2293 585
f 2289 2293 2296
f 352 2294 1372
f 2294 585 2292
f 1372 2292 28
f 2294 2292 1372
f 584 2296 2290
f 2296 585 2294
f 2290 2294 352
f 2296 2294 2290
f 26 1513 2281
f 1513 390 2283
f 2281 2283 582
f 1513 2283 2281
f 390 1514 2286
f 1514 43 2284
f 2286 2284 583
f 1514 2284 2286
f 582 2287 2282
f 2287 583 2285
f 2282 2285 107
f 2287 2285 2282
f 390 2286 2283
f 2286 583 2287
f 2283 2287 582
f 2286 2287 2283
f 43 1532 2329
f 1532 395 2331
f 2329 2331 594
f 1532 2331 2329
f 395 1533 2335
f 1533 45 2333
f 2335 2333 595
f 1533 2333 2335
f 594 2336 2330
f 2336 595 2334
f 2330 2334 111
f 2336 2334 2330
f 395 2335 2331
f 2335 595 2336
f 2331 2336 594
f 2335 2336 2331
f 45 1556 2341
f 1556 401 2343
f 2341 2343 597
f 1556 2343 2341
f 401 1557 2347
f 1557 47 2345
f 2347 2345 598
f 1557 2345 2347
f 597 2349 2342
f 2349 598 2346
f 2342 2346 112
f 2349 2346 2342
f 401 2347 2343
f 2347 598 2349
f 2343 2349 597
f 2347 2349 2343
f 47 1585 2345
f 1585 408 2348
f 2345 2348 598
f 1585 2348 2345
f 408 1586 2352
f 1586 49 2350
f 2352 2350 599
f 1586 2350 2352
f 598 2353 2346
f 2353 599 2351
f 2346 2351 112
f 2353 2351 2346
f 408 2352 2348
f 2352 599 2353
f 2348 2353 598
f 2352 2353 2348
f 49 2866 3867
f 2866 729 3870
f 3867 3870 985
f 2866 3870 3867
f 729 2867 3877
f 2867 156 3875
f 3877 3875 987
f 2867 3875 3877
f 985 3879 3868
f 3879 987 3876
f 3868 3876 249
f 3879 3876 3868
f 729 3877 3870
f 3877 987 3879
f 3870 3879 985
f 3877 3879 3870
f 61 1728 1847
f 1728 445 1850
f 1847 1850 471
f 1728 1850 1847
f 445 1729 1854
f 1729 63 1852
f 1854 1852 472
f 1729 1852 1854
f 471 1856 1848
f 1856 472 1853
f 1848 1853 66
f 1856 1853 1848
f 445 1854 1850
f 1854 472 1856
f 1850 1856 471
f 1854 1856 1850
f 63 1741 1852
f 1741 449 1855
f 1852 1855 472
f 1741 1855 1852
f 449 1742 1859
f 1742 65 1857
f 1859 1857 473
f 1742 1857 1859
f 472 1860 1853
f 1860 473 1858
f 1853 1858 66
f 1860 1858 1853
f 449 1859 1855
f 1859 473 1860
f 1855 1860 472
f 1859 1860 1855
f 20 1697 1699
f 1697 437 1702
f 1699 1702 438
f 1697 1702 1699
f 437 1698 1719
f 1698 60 1717
f 1719 1717 442
f 1698 1717 1719
f 438 1720 1700
f 1720 442 1718
f 1700 1718 61
f 1720 1718 1700
f 437 1719 1702
f 1719 442 1720
f 1702 1720 438
f 1719 1720 1702
f 60 1721 1717
f 1721 443 1723
f 1717 1723 442
f 1721 1723 1717
f 443 1722 1727
f 1722 62 1725
f 1727 1725 444
f 1722 1725 1727
f 442 1726 1718
f 1726 444 1724
f 1718 1724 61
f 1726 1724 1718
f 443 1727 1723
f 1727 444 1726
f 1723 1726 442
f 1727 1726 1723
f 61 1724 1728
f 1724 444 1730
f 1728 1730 445
f 1724 1730 1728
f 444 1725 1733
f 1725 62 1731
f 1733 1731 446
f 1725 1731 1733
f 445 1734 1729
f 1734 446 1732
f 1729 1732 63
f 1734 1732 1729
f 444 1733 1730
f 1733 446 1734
f 1730 1734 445
f 1733 1734 1730
f 62 1737 1731
f 1737 448 1739
f 1731 1739 446
f 1737 1739 1731
f 448 1738 1744
f 1738 65 1742
f 1744 1742 449
f 1738 1742 1744
f 446 1743 1732
f 1743 449 1741
f 1732 1741 63
f 1743 1741 1732
f 448 1744 1739
f 1744 449 1743
f 1739 1743 446
f 1744 1743 1739
f 62 1735 1737
f 1735 447 1740
f 1737 1740 448
f 1735 1740 1737
f 447 1736 1747
f 1736 64 1745
f 1747 1745 450
f 1736 1745 1747
f 448 1748 1738
f 1748 450 1746
f 1738 1746 65
f 1748 1746 1738
f 447 1747 1740
f 1747 450 1748
f 1740 1748 448
f 1747 1748 1740
f 64 1901 1745
f 1901 485 1903
f 1745 1903 450
f 1901 1903 1745
f 485 1902 1907
f 1902 72 1905
f 1907 1905 486
f 1902 1905 1907
f 450 1906 1746
f 1906 486 1904
f 1746 1904 65
f 1906 1904 1746
f 485 1907 1903
f 1907 486 1906
f 1903 1906 450
f 1907 1906 1903
f 65 1904 1908
f 1904 486 1911
f 1908 1911 487
f 1904 1911 1908
f 486 1905 1918
f 1905 72 1916
f 1918 1916 489
f 1905 1916 1918
f 487 1919 1909
f 1919 489 1917
f 1909 1917 73
f 1919 1917 1909
f 486 1918 1911
f 1918 489 1919
f 1911 1919 487
f 1918 1919 1911
f 59 1713 1842
f 1713 441 1845
f 1842 1845 470
f 1713 1845 1842
f 441 1714 1849
f 1714 61 1847
f 1849 1847 471
f 1714 1847 1849
f 470 1851 1843
f 1851 471 1848
f 1843 1848 66
f 1851 1848 1843
f 441 1849 1845
f 1849 471 1851
f 1845 1851 470
f 1849 1851 1845
f 65 1861 1857
f 1861 474 1863
f 1857 1863 473
f 1861 1863 1857
f 474 1862 1867
f 1862 67 1865
f 1867 1865 475
f 1862 1865 1867
f 473 1866 1858
f 1866 475 1864
f 1858 1864 66
f 1866 1864 1858
f 474 1867 1863
f 1867 475 1866
f 1863 1866 473
f 1867 1866 1863
f 66 1864 1871
f 1864 475 1873
f 1871 1873 477
f 1864 1873 1871
f 475 1865 1877
f 1865 67 1874
f 1877 1874 478
f 1865 1874 1877
f 477 1879 1872
f 1879 478 1875
f 1872 1875 68
f 1879 1875 1872
f 475 1877 1873
f 1877 478 1879
f 1873 1879 477
f 1877 1879 1873
f 66 1871 1880
f 1871 477 1882
f 1880 1882 479
f 1871 1882 1880
f 477 1872 1885
f 1872 68 1883
f 1885 1883 480
f 1872 1883 1885
f 479 1886 1881
f 1886 480 1884
f 1881 1884 69
f 1886 1884 1881
f 477 1885 1882
f 1885 480 1886
f 1882 1886 479
f 1885 1886 1882
f 65 1868 1861
f 1868 476 1870
f 1861 1870 474
f 1868 1870 1861
f 476 1869 1878
f 1869 68 1875
f 1878 1875 478
f 1869 1875 1878
f 474 1876 1862
f 1876 478 1874
f 1862 1874 67
f 1876 1874 1862
f 476 1878 1870
f 1878 478 1876
f 1870 1876 474
f 1878 1876 1870
f 68 1922 1883
f 1922 491 1924
f 1883 1924 480
f 1922 1924 1883
f 491 1923 1929
f 1923 75 1927
f 1929 1927 492
f 1923 1927 1929
f 480 1928 1884
f 1928 492 1926
f 1884 1926 69
f 1928 1926 1884
f 491 1929 1924
f 1929 492 1928
f 1924 1928 480
f 1929 1928 1924
f 65 1908 1868
f 1908 487 1910
f 1868 1910 476
f 1908 1910 1868
f 487 1909 1915
f 1909 73 1913
f 1915 1913 488
f 1909 1913 1915
f 476 1914 1869
f 1914 488 1912
f 1869 1912 68
f 1914 1912 1869
f 487 1915 1910
f 1915 488 1914
f 1910 1914 476
f 1915 1914 1910
f 68 1912 1922
f 1912 488 1925
f 1922 1925 491
f 1912 1925 1922
f 488 1913 1936
f 1913 73 1934
f 1936 1934 494
f 1913 1934 1936
f 491 1938 1923
f 1938 494 1935
f 1923 1935 75
f 1938 1935 1923
f 488 1936 1925
f 1936 494 1938
f 1925 1938 491
f 1936 1938 1925
f 66 1880 1887
f 1880 479 1889
f 1887 1889 481
f 1880 1889 1887
f 479 1881 1892
f 1881 69 1890
f 1892 1890 482
f 1881 1890 1892
f 481 1893 1888
f 1893 482 1891
f 1888 1891 70
f 1893 1891 1888
f 479 1892 1889
f 1892 482 1893
f 1889 1893 481
f 1892 1893 1889
f 66 1887 1894
f 1887 481 1896
f 1894 1896 483
f 1887 1896 1894
f 481 1888 1899
f 1888 70 1897
f 1899 1897 484
f 1888 1897 1899
f 483 1900 1895
f 1900 484 1898
f 1895 1898 71
f 1900 1898 1895
f 481 1899 1896
f 1899 484 1900
f 1896 1900 483
f 1899 1900 1896
f 66 1894 2011
f 1894 483 2013
f 2011 2013 513
f 1894 2013 2011
f 483 1895 2016
f 1895 71 2014
f 2016 2014 514
f 1895 2014 2016
f 513 2018 2012
f 2018 514 2015
f 2012 2015 82
f 2018 2015 2012
f 483 2016 2013
f 2016 514 2018
f 2013 2018 513
f 2016 2018 2013
f 69 1951 1890
f 1951 498 1953
f 1890 1953 482
f 1951 1953 1890
f 498 1952 1958
f 1952 77 1956
f 1958 1956 499
f 1952 1956 1958
f 482 1957 1891
f 1957 499 1955
f 1891 1955 70
f 1957 1955 1891
f 498 1958 1953
f 1958 499 1957
f 1953 1957 482
f 1958 1957 1953
f 66 2011 2023
f 2011 513 2025
f 2023 2025 516
f 2011 2025 2023
f 513 2012 2028
f 2012 82 2026
f 2028 2026 517
f 2012 2026 2028
f 516 2029 2024
f 2029 517 2027
f 2024 2027 83
f 2029 2027 2024
f 513 2028 2025
f 2028 517 2029
f 2025 2029 516
f 2028 2029 2025
f 66 2023 2030
f 2023 516 2032
f 2030 2032 518
f 2023 2032 2030
f 516 2024 2035
f 2024 83 2033
f 2035 2033 519
f 2024 2033 2035
f 518 2036 2031
f 2036 519 2034
f 2031 2034 84
f 2036 2034 2031
f 516 2035 2032
f 2035 519 2036
f 2032 2036 518
f 2035 2036 2032
f 72 1930 1916
f 1930 493 1932
f 1916 1932 489
f 1930 1932 1916
f 493 1931 1939
f 1931 75 1935
f 1939 1935 494
f 1931 1935 1939
f 489 1937 1917
f 1937 494 1934
f 1917 1934 73
f 1937 1934 1917
f 493 1939 1932
f 1939 494 1937
f 1932 1937 489
f 1939 1937 1932
f 69 1926 1951
f 1926 492 1954
f 1951 1954 498
f 1926 1954 1951
f 492 1927 1961
f 1927 75 1959
f 1961 1959 500
f 1927 1959 1961
f 498 1963 1952
f 1963 500 1960
f 1952 1960 77
f 1963 1960 1952
f 492 1961 1954
f 1961 500 1963
f 1954 1963 498
f 1961 1963 1954
f 70 1970 1897
f 1970 503 1972
f 1897 1972 484
f 1970 1972 1897
f 503 1971 1977
f 1971 79 1975
f 1977 1975 504
f 1971 1975 1977
f 484 1976 1898
f 1976 504 1974
f 1898 1974 71
f 1976 1974 1898
f 503 1977 1972
f 1977 504 1976
f 1972 1976 484
f 1977 1976 1972
f 71 1992 2014
f 1992 508 2017
f 2014 2017 514
f 1992 2017 2014
f 508 1993 2021
f 1993 80 2019
f 2021 2019 515
f 1993 2019 2021
f 514 2022 2015
f 2022 515 2020
f 2015 2020 82
f 2022 2020 2015
f 508 2021 2017
f 2021 515 2022
f 2017 2022 514
f 2021 2022 2017
f 70 1955 1970
f 1955 499 1973
f 1970 1973 503
f 1955 1973 1970
f 499 1956 1984
f 1956 77 1982
f 1984 1982 506
f 1956 1982 1984
f 503 1986 1971
f 1986 506 1983
f 1971 1983 79
f 1986 1983 1971
f 499 1984 1973
f 1984 506 1986
f 1973 1986 503
f 1984 1986 1973
f 71 1974 1992
f 1974 504 1994
f 1992 1994 508
f 1974 1994 1992
f 504 1975 2000
f 1975 79 1998
f 2000 1998 510
f 1975 1998 2000
f 508 2002 1993
f 2002 510 1999
f 1993 1999 80
f 2002 1999 1993
f 504 2000 1994
f 2000 510 2002
f 1994 2002 508
f 2000 2002 1994
f 80 2058 2019
f 2058 526 2060
f 2019 2060 515
f 2058 2060 2019
f 526 2059 2066
f 2059 88 2063
f 2066 2063 527
f 2059 2063 2066
f 515 2064 2020
f 2064 527 2062
f 2020 2062 82
f 2064 2062 2020
f 526 2066 2060
f 2066 527 2064
f 2060 2064 515
f 2066 2064 2060
f 72 1920 1930
f 1920 490 1933
f 1930 1933 493
f 1920 1933 1930
f 490 1921 1942
f 1921 74 1940
f 1942 1940 495
f 1921 1940 1942
f 493 1943 1931
f 1943 495 1941
f 1931 1941 75
f 1943 1941 1931
f 490 1942 1933
f 1942 495 1943
f 1933 1943 493
f 1942 1943 1933
f 74 1944 1940
f 1944 496 1946
f 1940 1946 495
f 1944 1946 1940
f 496 1945 1950
f 1945 76 1948
f 1950 1948 497
f 1945 1948 1950
f 495 1949 1941
f 1949 497 1947
f 1941 1947 75
f 1949 1947 1941
f 496 1950 1946
f 1950 497 1949
f 1946 1949 495
f 1950 1949 1946
f 75 1947 1959
f 1947 497 1962
f 1959 1962 500
f 1947 1962 1959
f 497 1948 1966
f 1948 76 1964
f 1966 1964 501
f 1948 1964 1966
f 500 1967 1960
f 1967 501 1965
f 1960 1965 77
f 1967 1965 1960
f 497 1966 1962
f 1966 501 1967
f 1962 1967 500
f 1966 1967 1962
f 76 1978 1964
f 1978 505 1980
f 1964 1980 501
f 1978 1980 1964
f 505 1979 1987
f 1979 79 1983
f 1987 1983 506
f 1979 1983 1987
f 501 1985 1965
f 1985 506 1982
f 1965 1982 77
f 1985 1982 1965
f 505 1987 1980
f 1987 506 1985
f 1980 1985 501
f 1987 1985 1980
f 76 1968 1978
f 1968 502 1981
f 1978 1981 505
f 1968 1981 1978
f 502 1969 1990
f 1969 78 1988
f 1990 1988 507
f 1969 1988 1990
f 505 1991 1979
f 1991 507 1989
f 1979 1989 79
f 1991 1989 1979
f 502 1990 1981
f 1990 507 1991
f 1981 1991 505
f 1990 1991 1981
f 78 1995 1988
f 1995 509 1997
f 1988 1997 507
f 1995 1997 1988
f 509 1996 2003
f 1996 80 1999
f 2003 1999 510
f 1996 1999 2003
f 507 2001 1989
f 2001 510 1998
f 1989 1998 79
f 2001 1998 1989
f 509 2003 1997
f 2003 510 2001
f 1997 2001 507
f 2003 2001 1997
f 78 2004 1995
f 2004 511 2006
f 1995 2006 509
f 2004 2006 1995
f 511 2005 2010
f 2005 81 2008
f 2010 2008 512
f 2005 2008 2010
f 509 2009 1996
f 2009 512 2007
f 1996 2007 80
f 2009 2007 1996
f 511 2010 2006
f 2010 512 2009
f 2006 2009 509
f 2010 2009 2006
f 80 2007 2051
f 2007 512 2053
f 2051 2053 524
f 2007 2053 2051
f 512 2008 2056
f 2008 81 2054
f 2056 2054 525
f 2008 2054 2056
f 524 2057 2052
f 2057 525 2055
f 2052 2055 87
f 2057 2055 2052
f 512 2056 2053
f 2056 525 2057
f 2053 2057 524
f 2056 2057 2053
f 80 2051 2058
f 2051 524 2061
f 2058 2061 526
f 2051 2061 2058
f 524 2052 2073
f 2052 87 2071
f 2073 2071 529
f 2052 2071 2073
f 526 2074 2059
f 2074 529 2072
f 2059 2072 88
f 2074 2072 2059
f 524 2073 2061
f 2073 529 2074
f 2061 2074 526
f 2073 2074 2061
f 66 2030 2037
f 2030 518 2039
f 2037 2039 520
f 2030 2039 2037
f 518 2031 2042
f 2031 84 2040
f 2042 2040 521
f 2031 2040 2042
f 520 2043 2038
f 2043 521 2041
f 2038 2041 85
f 2043 2041 2038
f 518 2042 2039
f 2042 521 2043
f 2039 2043 520
f 2042 2043 2039
f 66 2037 2044
f 2037 520 2046
f 2044 2046 522
f 2037 2046 2044
f 520 2038 2049
f 2038 85 2047
f 2049 2047 523
f 2038 2047 2049
f 522 2050 2045
f 2050 523 2048
f 2045 2048 86
f 2050 2048 2045
f 520 2049 2046
f 2049 523 2050
f 2046 2050 522
f 2049 2050 2046
f 66 2044 3451
f 2044 522 3453
f 3451 3453 879
f 2044 3453 3451
f 522 2045 3456
f 2045 86 3454
f 3456 3454 880
f 2045 3454 3456
f 879 3457 3452
f 3457 880 3455
f 3452 3455 211
f 3457 3455 3452
f 522 3456 3453
f 3456 880 3457
f 3453 3457 879
f 3456 3457 3453
f 66 3451 3458
f 3451 879 3460
f 3458 3460 881
f 3451 3460 3458
f 879 3452 3463
f 3452 211 3461
f 3463 3461 882
f 3452 3461 3463
f 881 3464 3459
f 3464 882 3462
f 3459 3462 212
f 3464 3462 3459
f 879 3463 3460
f 3463 882 3464
f 3460 3464 881
f 3463 3464 3460
f 66 3458 3465
f 3458 881 3467
f 3465 3467 883
f 3458 3467 3465
f 881 3459 3470
f 3459 212 3468
f 3470 3468 884
f 3459 3468 3470
f 883 3471 3466
f 3471 884 3469
f 3466 3469 213
f 3471 3469 3466
f 881 3470 3467
f 3470 884 3471
f 3467 3471 883
f 3470 3471 3467
f 66 3465 3472
f 3465 883 3474
f 3472 3474 885
f 3465 3474 3472
f 883 3466 3477
f 3466 213 3475
f 3477 3475 886
f 3466 3475 3477
f 885 3478 3473
f 3478 886 3476
f 3473 3476 214
f 3478 3476 3473
f 883 3477 3474
f 3477 886 3478
f 3474 3478 885
f 3477 3478 3474
f 66 3472 3479
f 3472 885 3481
f 3479 3481 887
f 3472 3481 3479
f 885 3473 3484
f 3473 214 3482
f 3484 3482 888
f 3473 3482 3484
f 887 3485 3480
f 3485 888 3483
f 3480 3483 215
f 3485 3483 3480
f 885 3484 3481
f 3484 888 3485
f 3481 3485 887
f 3484 3485 3481
f 66 3479 3486
f 3479 887 3488
f 3486 3488 889
f 3479 3488 3486
f 887 3480 3491
f 3480 215 3489
f 3491 3489 890
f 3480 3489 3491
f 889 3492 3487
f 3492 890 3490
f 3487 3490 216
f 3492 3490 3487
f 887 3491 3488
f 3491 890 3492
f 3488 3492 889
f 3491 3492 3488
f 82 2062 2026
f 2062 527 2065
f 2026 2065 517
f 2062 2065 2026
f 527 2063 2070
f 2063 88 2068
f 2070 2068 528
f 2063 2068 2070
f 517 2069 2027
f 2069 528 2067
f 2027 2067 83
f 2069 2067 2027
f 527 2070 2065
f 2070 528 2069
f 2065 2069 517
f 2070 2069 2065
f 83 2077 2033
f 2077 531 2079
f 2033 2079 519
f 2077 2079 2033
f 531 2078 2084
f 2078 90 2082
f 2084 2082 532
f 2078 2082 2084
f 519 2083 2034
f 2083 532 2081
f 2034 2081 84
f 2083 2081 2034
f 531 2084 2079
f 2084 532 2083
f 2079 2083 519
f 2084 2083 2079
f 83 2067 2077
f 2067 528 2080
f 2077 2080 531
f 2067 2080 2077
f 528 2068 2091
f 2068 88 2089
f 2091 2089 534
f 2068 2089 2091
f 531 2093 2078
f 2093 534 2090
f 2078 2090 90
f 2093 2090 2078
f 528 2091 2080
f 2091 534 2093
f 2080 2093 531
f 2091 2093 2080
f 84 2081 2099
f 2081 532 2102
f 2099 2102 536
f 2081 2102 2099
f 532 2082 2112
f 2082 90 2110
f 2112 2110 539
f 2082 2110 2112
f 536 2114 2100
f 2114 539 2111
f 2100 2111 91
f 2114 2111 2100
f 532 2112 2102
f 2112 539 2114
f 2102 2114 536
f 2112 2114 2102
f 84 2099 2040
f 2099 536 2101
f 2040 2101 521
f 2099 2101 2040
f 536 2100 2106
f 2100 91 2104
f 2106 2104 537
f 2100 2104 2106
f 521 2105 2041
f 2105 537 2103
f 2041 2103 85
f 2105 2103 2041
f 536 2106 2101
f 2106 537 2105
f 2101 2105 521
f 2106 2105 2101
f 85 2123 2047
f 2123 542 2125
f 2047 2125 523
f 2123 2125 2047
f 542 2124 2130
f 2124 93 2128
f 2130 2128 543
f 2124 2128 2130
f 523 2129 2048
f 2129 543 2127
f 2048 2127 86
f 2129 2127 2048
f 542 2130 2125
f 2130 543 2129
f 2125 2129 523
f 2130 2129 2125
f 86 3755 3454
f 3755 959 3758
f 3454 3758 880
f 3755 3758 3454
f 959 3756 3768
f 3756 242 3765
f 3768 3765 961
f 3756 3765 3768
f 880 3766 3455
f 3766 961 3764
f 3455 3764 211
f 3766 3764 3455
f 959 3768 3758
f 3768 961 3766
f 3758 3766 880
f 3768 3766 3758
f 85 2103 2123
f 2103 537 2126
f 2123 2126 542
f 2103 2126 2123
f 537 2104 2133
f 2104 91 2131
f 2133 2131 544
f 2104 2131 2133
f 542 2134 2124
f 2134 544 2132
f 2124 2132 93
f 2134 2132 2124
f 537 2133 2126
f 2133 544 2134
f 2126 2134 542
f 2133 2134 2126
f 86 2127 3755
f 2127 543 3757
f 3755 3757 959
f 2127 3757 3755
f 543 2128 3761
f 2128 93 3759
f 3761 3759 960
f 2128 3759 3761
f 959 3763 3756
f 3763 960 3760
f 3756 3760 242
f 3763 3760 3756
f 543 3761 3757
f 3761 960 3763
f 3757 3763 959
f 3761 3763 3757
f 87 2085 2071
f 2085 533 2087
f 2071 2087 529
f 2085 2087 2071
f 533 2086 2094
f 2086 90 2090
f 2094 2090 534
f 2086 2090 2094
f 529 2092 2072
f 2092 534 2089
f 2072 2089 88
f 2092 2089 2072
f 533 2094 2087
f 2094 534 2092
f 2087 2092 529
f 2094 2092 2087
f 87 2075 2085
f 2075 530 2088
f 2085 2088 533
f 2075 2088 2085
f 530 2076 2097
f 2076 89 2095
f 2097 2095 535
f 2076 2095 2097
f 533 2098 2086
f 2098 535 2096
f 2086 2096 90
f 2098 2096 2086
f 530 2097 2088
f 2097 535 2098
f 2088 2098 533
f 2097 2098 2088
f 89 2107 2095
f 2107 538 2109
f 2095 2109 535
f 2107 2109 2095
f 538 2108 2115
f 2108 91 2111
f 2115 2111 539
f 2108 2111 2115
f 535 2113 2096
f 2113 539 2110
f 2096 2110 90
f 2113 2110 2096
f 538 2115 2109
f 2115 539 2113
f 2109 2113 535
f 2115 2113 2109
f 89 2116 2107
f 2116 540 2118
f 2107 2118 538
f 2116 2118 2107
f 540 2117 2122
f 2117 92 2120
f 2122 2120 541
f 2117 2120 2122
f 538 2121 2108
f 2121 541 2119
f 2108 2119 91
f 2121 2119 2108
f 540 2122 2118
f 2122 541 2121
f 2118 2121 538
f 2122 2121 2118
f 91 2119 2135
f 2119 541 2137
f 2135 2137 545
f 2119 2137 2135
f 541 2120 2141
f 2120 92 2139
f 2141 2139 546
f 2120 2139 2141
f 545 2142 2136
f 2142 546 2140
f 2136 2140 94
f 2142 2140 2136
f 541 2141 2137
f 2141 546 2142
f 2137 2142 545
f 2141 2142 2137
f 91 2135 2131
f 2135 545 2138
f 2131 2138 544
f 2135 2138 2131
f 545 2136 2146
f 2136 94 2144
f 2146 2144 547
f 2136 2144 2146
f 544 2145 2132
f 2145 547 2143
f 2132 2143 93
f 2145 2143 2132
f 545 2146 2138
f 2146 547 2145
f 2138 2145 544
f 2146 2145 2138
f 93 2143 3741
f 2143 547 3743
f 3741 3743 955
f 2143 3743 3741
f 547 2144 3746
f 2144 94 3744
f 3746 3744 956
f 2144 3744 3746
f 955 3747 3742
f 3747 956 3745
f 3742 3745 241
f 3747 3745 3742
f 547 3746 3743
f 3746 956 3747
f 3743 3747 955
f 3746 3747 3743
f 93 3741 3759
f 3741 955 3762
f 3759 3762 960
f 3741 3762 3759
f 955 3742 3776
f 3742 241 3774
f 3776 3774 963
f 3742 3774 3776
f 960 3778 3760
f 3778 963 3775
f 3760 3775 242
f 3778 3775 3760
f 955 3776 3762
f 3776 963 3778
f 3762 3778 960
f 3776 3778 3762
f 20 2386 1697
f 2386 609 2388
f 1697 2388 437
f 2386 2388 1697
f 609 2387 2394
f 2387 116 2391
f 2394 2391 610
f 2387 2391 2394
f 437 2392 1698
f 2392 610 2390
f 1698 2390 60
f 2392 2390 1698
f 609 2394 2388
f 2394 610 2392
f 2388 2392 437
f 2394 2392 2388
f 60 2372 1721
f 2372 606 2374
f 1721 2374 443
f 2372 2374 1721
f 606 2373 2379
f 2373 115 2377
f 2379 2377 607
f 2373 2377 2379
f 443 2378 1722
f 2378 607 2376
f 1722 2376 62
f 2378 2376 1722
f 606 2379 2374
f 2379 607 2378
f 2374 2378 443
f 2379 2378 2374
f 62 2418 1735
f 2418 617 2420
f 1735 2420 447
f 2418 2420 1735
f 617 2419 2425
f 2419 118 2423
f 2425 2423 618
f 2419 2423 2425
f 447 2424 1736
f 2424 618 2422
f 1736 2422 64
f 2424 2422 1736
f 617 2425 2420
f 2425 618 2424
f 2420 2424 447
f 2425 2424 2420
f 64 2435 1901
f 2435 621 2437
f 1901 2437 485
f 2435 2437 1901
f 621 2436 2442
f 2436 119 2440
f 2442 2440 622
f 2436 2440 2442
f 485 2441 1902
f 2441 622 2439
f 1902 2439 72
f 2441 2439 1902
f 621 2442 2437
f 2442 622 2441
f 2437 2441 485
f 2442 2441 2437
f 72 2452 1920
f 2452 625 2454
f 1920 2454 490
f 2452 2454 1920
f 625 2453 2459
f 2453 120 2457
f 2459 2457 626
f 2453 2457 2459
f 490 2458 1921
f 2458 626 2456
f 1921 2456 74
f 2458 2456 1921
f 625 2459 2454
f 2459 626 2458
f 2454 2458 490
f 2459 2458 2454
f 74 2466 1944
f 2466 628 2468
f 1944 2468 496
f 2466 2468 1944
f 628 2467 2473
f 2467 121 2471
f 2473 2471 629
f 2467 2471 2473
f 496 2472 1945
f 2472 629 2470
f 1945 2470 76
f 2472 2470 1945
f 628 2473 2468
f 2473 629 2472
f 2468 2472 496
f 2473 2472 2468
f 76 2478 1968
f 2478 631 2480
f 1968 2480 502
f 2478 2480 1968
f 631 2479 2485
f 2479 122 2483
f 2485 2483 632
f 2479 2483 2485
f 502 2484 1969
f 2484 632 2482
f 1969 2482 78
f 2484 2482 1969
f 631 2485 2480
f 2485 632 2484
f 2480 2484 502
f 2485 2484 2480
f 78 2490 2004
f 2490 634 2492
f 2004 2492 511
f 2490 2492 2004
f 634 2491 2497
f 2491 123 2495
f 2497 2495 635
f 2491 2495 2497
f 511 2496 2005
f 2496 635 2494
f 2005 2494 81
f 2496 2494 2005
f 634 2497 2492
f 2497 635 2496
f 2492 2496 511
f 2497 2496 2492
f 81 2502 2054
f 2502 637 2504
f 2054 2504 525
f 2502 2504 2054
f 637 2503 2509
f 2503 124 2507
f 2509 2507 638
f 2503 2507 2509
f 525 2508 2055
f 2508 638 2506
f 2055 2506 87
f 2508 2506 2055
f 637 2509 2504
f 2509 638 2508
f 2504 2508 525
f 2509 2508 2504
f 87 2514 2075
f 2514 640 2516
f 2075 2516 530
f 2514 2516 2075
f 640 2515 2521
f 2515 125 2519
f 2521 2519 641
f 2515 2519 2521
f 530 2520 2076
f 2520 641 2518
f 2076 2518 89
f 2520 2518 2076
f 640 2521 2516
f 2521 641 2520
f 2516 2520 530
f 2521 2520 2516
f 89 2526 2116
f 2526 643 2528
f 2116 2528 540
f 2526 2528 2116
f 643 2527 2533
f 2527 126 2531
f 2533 2531 644
f 2527 2531 2533
f 540 2532 2117
f 2532 644 2530
f 2117 2530 92
f 2532 2530 2117
f 643 2533 2528
f 2533 644 2532
f 2528 2532 540
f 2533 2532 2528
f 92 2538 2139
f 2538 646 2540
f 2139 2540 546
f 2538 2540 2139
f 646 2539 2545
f 2539 127 2543
f 2545 2543 647
f 2539 2543 2545
f 546 2544 2140
f 2544 647 2542
f 2140 2542 94
f 2544 2542 2140
f 646 2545 2540
f 2545 647 2544
f 2540 2544 546
f 2545 2544 2540
f 94 4459 3744
f 4459 1122 4462
f 3744 4462 956
f 4459 4462 3744
f 1122 4460 4477
f 4460 279 4474
f 4477 4474 1125
f 4460 4474 4477
f 956 4475 3745
f 4475 1125 4473
f 3745 4473 241
f 4475 4473 3745
f 1122 4477 4462
f 4477 1125 4475
f 4462 4475 956
f 4477 4475 4462
f 2 2305 2147
f 2305 588 2308
f 2147 2308 548
f 2305 2308 2147
f 588 2306 2317
f 2306 109 2315
f 2317 2315 590
f 2306 2315 2317
f 548 2316 2148
f 2316 590 2314
f 2148 2314 95
f 2316 2314 2148
f 588 2317 2308
f 2317 590 2316
f 2308 2316 548
f 2317 2316 2308
f 4 2161 2154
f 2161 552 2164
f 2154 2164 550
f 2161 2164 2154
f 552 2162 2177
f 2162 97 2175
f 2177 2175 555
f 2162 2175 2177
f 550 2176 2155
f 2176 555 2174
f 2155 2174 96
f 2176 2174 2155
f 552 2177 2164
f 2177 555 2176
f 2164 2176 550
f 2177 2176 2164
f 6 2150 2165
f 2150 549 2168
f 2165 2168 553
f 2150 2168 2165
f 549 2151 2172
f 2151 95 2170
f 2172 2170 554
f 2151 2170 2172
f 553 2173 2166
f 2173 554 2171
f 2166 2171 97
f 2173 2171 2166
f 549 2172 2168
f 2172 554 2173
f 2168 2173 553
f 2172 2173 2168
f 8 2197 2178
f 2197 561 2200
f 2178 2200 556
f 2197 2200 2178
f 561 2198 2209
f 2198 100 2207
f 2209 2207 563
f 2198 2207 2209
f 556 2208 2179
f 2208 563 2206
f 2179 2206 98
f 2208 2206 2179
f 561 2209 2200
f 2209 563 2208
f 2200 2208 556
f 2209 2208 2200
f 14 2181 2214
f 2181 557 2216
f 2214 2216 565
f 2181 2216 2214
f 557 2182 2219
f 2182 98 2217
f 2219 2217 566
f 2182 2217 2219
f 565 2220 2215
f 2220 566 2218
f 2215 2218 101
f 2220 2218 2215
f 557 2219 2216
f 2219 566 2220
f 2216 2220 565
f 2219 2220 2216
f 10 2157 2185
f 2157 551 2188
f 2185 2188 558
f 2157 2188 2185
f 551 2158 2195
f 2158 96 2193
f 2195 2193 560
f 2158 2193 2195
f 558 2196 2186
f 2196 560 2194
f 2186 2194 99
f 2196 2194 2186
f 551 2195 2188
f 2195 560 2196
f 2188 2196 558
f 2195 2196 2188
f 12 2189 2201
f 2189 559 2204
f 2201 2204 562
f 2189 2204 2201
f 559 2190 2212
f 2190 99 2210
f 2212 2210 564
f 2190 2210 2212
f 562 2213 2202
f 2213 564 2211
f 2202 2211 100
f 2213 2211 2202
f 559 2212 2204
f 2212 564 2213
f 2204 2213 562
f 2212 2213 2204
f 14 2214 2221
f 2214 565 2224
f 2221 2224 567
f 2214 2224 2221
f 565 2215 2231
f 2215 101 2229
f 2231 2229 569
f 2215 2229 2231
f 567 2232 2222
f 2232 569 2230
f 2222 2230 102
f 2232 2230 2222
f 565 2231 2224
f 2231 569 2232
f 2224 2232 567
f 2231 2232 2224
f 16 2225 2233
f 2225 568 2236
f 2233 2236 570
f 2225 2236 2233
f 568 2226 2248
f 2226 102 2246
f 2248 2246 573
f 2226 2246 2248
f 570 2249 2234
f 2249 573 2247
f 2234 2247 103
f 2249 2247 2234
f 568 2248 2236
f 2248 573 2249
f 2236 2249 570
f 2248 2249 2236
f 20 2242 2250
f 2242 572 2252
f 2250 2252 574
f 2242 2252 2250
f 572 2243 2255
f 2243 103 2253
f 2255 2253 575
f 2243 2253 2255
f 574 2256 2251
f 2256 575 2254
f 2251 2254 104
f 2256 2254 2251
f 572 2255 2252
f 2255 575 2256
f 2252 2256 574
f 2255 2256 2252
f 20 2250 2386
f 2250 574 2389
f 2386 2389 609
f 2250 2389 2386
f 574 2251 2397
f 2251 104 2395
f 2397 2395 611
f 2251 2395 2397
f 609 2398 2387
f 2398 611 2396
f 2387 2396 116
f 2398 2396 2387
f 574 2397 2389
f 2397 611 2398
f 2389 2398 609
f 2397 2398 2389
f 24 2269 2261
f 2269 579 2272
f 2261 2272 577
f 2269 2272 2261
f 579 2270 2280
f 2270 106 2278
f 2280 2278 581
f 2270 2278 2280
f 577 2279 2262
f 2279 581 2277
f 2262 2277 105
f 2279 2277 2262
f 579 2280 2272
f 2280 581 2279
f 2272 2279 577
f 2280 2279 2272
f 26 2281 2288
f 2281 582 2291
f 2288 2291 584
f 2281 2291 2288
f 582 2282 2303
f 2282 107 2301
f 2303 2301 587
f 2282 2301 2303
f 584 2304 2289
f 2304 587 2302
f 2289 2302 108
f 2304 2302 2289
f 582 2303 2291
f 2303 587 2304
f 2291 2304 584
f 2303 2304 2291
f 43 2322 2284
f 2322 592 2324
f 2284 2324 583
f 2322 2324 2284
f 592 2323 2328
f 2323 110 2326
f 2328 2326 593
f 2323 2326 2328
f 583 2327 2285
f 2327 593 2325
f 2285 2325 107
f 2327 2325 2285
f 592 2328 2324
f 2328 593 2327
f 2324 2327 583
f 2328 2327 2324
f 28 2292 2273
f 2292 585 2295
f 2273 2295 580
f 2292 2295 2273
f 585 2293 2300
f 2293 108 2298
f 2300 2298 586
f 2293 2298 2300
f 580 2299 2274
f 2299 586 2297
f 2274 2297 106
f 2299 2297 2274
f 585 2300 2295
f 2300 586 2299
f 2295 2299 580
f 2300 2299 2295
f 36 2265 2309
f 2265 578 2312
f 2309 2312 589
f 2265 2312 2309
f 578 2266 2320
f 2266 105 2318
f 2320 2318 591
f 2266 2318 2320
f 589 2321 2310
f 2321 591 2319
f 2310 2319 109
f 2321 2319 2310
f 578 2320 2312
f 2320 591 2321
f 2312 2321 589
f 2320 2321 2312
f 43 2329 2322
f 2329 594 2332
f 2322 2332 592
f 2329 2332 2322
f 594 2330 2340
f 2330 111 2338
f 2340 2338 596
f 2330 2338 2340
f 592 2339 2323
f 2339 596 2337
f 2323 2337 110
f 2339 2337 2323
f 594 2340 2332
f 2340 596 2339
f 2332 2339 592
f 2340 2339 2332
f 45 2341 2333
f 2341 597 2344
f 2333 2344 595
f 2341 2344 2333
f 597 2342 2357
f 2342 112 2355
f 2357 2355 600
f 2342 2355 2357
f 595 2356 2334
f 2356 600 2354
f 2334 2354 111
f 2356 2354 2334
f 597 2357 2344
f 2357 600 2356
f 2344 2356 595
f 2357 2356 2344
f 49 2358 2350
f 2358 601 2360
f 2350 2360 599
f 2358 2360 2350
f 601 2359 2364
f 2359 113 2362
f 2364 2362 602
f 2359 2362 2364
f 599 2363 2351
f 2363 602 2361
f 2351 2361 112
f 2363 2361 2351
f 601 2364 2360
f 2364 602 2363
f 2360 2363 599
f 2364 2363 2360
f 49 3867 2358
f 3867 985 3869
f 2358 3869 601
f 3867 3869 2358
f 985 3868 3874
f 3868 249 3872
f 3874 3872 986
f 3868 3872 3874
f 601 3873 2359
f 3873 986 3871
f 2359 3871 113
f 3873 3871 2359
f 985 3874 3869
f 3874 986 3873
f 3869 3873 601
f 3874 3873 3869
f 106 2297 4045
f 2297 586 4048
f 4045 4048 1027
f 2297 4048 4045
f 586 2298 4056
f 2298 108 4054
f 4056 4054 1029
f 2298 4054 4056
f 1027 4058 4046
f 4058 1029 4055
f 4046 4055 259
f 4058 4055 4046
f 586 4056 4048
f 4056 1029 4058
f 4048 4058 1027
f 4056 4058 4048
f 95 3992 2170
f 3992 1016 3994
f 2170 3994 554
f 3992 3994 2170
f 1016 3993 4004
f 3993 259 4001
f 4004 4001 1018
f 3993 4001 4004
f 554 4002 2171
f 4002 1018 4000
f 2171 4000 97
f 4002 4000 2171
f 1016 4004 3994
f 4004 1018 4002
f 3994 4002 554
f 4004 4002 3994
f 95 2314 3992
f 2314 590 3995
f 3992 3995 1016
f 2314 3995 3992
f 590 2315 4062
f 2315 109 4060
f 4062 4060 1030
f 2315 4060 4062
f 1016 4064 3993
f 4064 1030 4061
f 3993 4061 259
f 4064 4061 3993
f 590 4062 3995
f 4062 1030 4064
f 3995 4064 1016
f 4062 4064 3995
f 105 2277 4041
f 2277 581 4043
f 4041 4043 1026
f 2277 4043 4041
f 581 2278 4047
f 2278 106 4045
f 4047 4045 1027
f 2278 4045 4047
f 1026 4049 4042
f 4049 1027 4046
f 4042 4046 259
f 4049 4046 4042
f 581 4047 4043
f 4047 1027 4049
f 4043 4049 1026
f 4047 4049 4043
f 105 4041 2318
f 4041 1026 4044
f 2318 4044 591
f 4041 4044 2318
f 1026 4042 4065
f 4042 259 4061
f 4065 4061 1030
f 4042 4061 4065
f 591 4063 2319
f 4063 1030 4060
f 2319 4060 109
f 4063 4060 2319
f 1026 4065 4044
f 4065 1030 4063
f 4044 4063 591
f 4065 4063 4044
f 107 4050 2301
f 4050 1028 4052
f 2301 4052 587
f 4050 4052 2301
f 1028 4051 4059
f 4051 259 4055
f 4059 4055 1029
f 4051 4055 4059
f 587 4057 2302
f 4057 1029 4054
f 2302 4054 108
f 4057 4054 2302
f 1028 4059 4052
f 4059 1029 4057
f 4052 4057 587
f 4059 4057 4052
f 107 2325 4050
f 2325 593 4053
f 4050 4053 1028
f 2325 4053 4050
f 593 2326 4068
f 2326 110 4066
f 4068 4066 1031
f 2326 4066 4068
f 1028 4070 4051
f 4070 1031 4067
f 4051 4067 259
f 4070 4067 4051
f 593 4068 4053
f 4068 1031 4070
f 4053 4070 1028
f 4068 4070 4053
f 110 2337 4066
f 2337 596 4069
f 4066 4069 1031
f 2337 4069 4066
f 596 2338 4073
f 2338 111 4071
f 4073 4071 1032
f 2338 4071 4073
f 1031 4075 4067
f 4075 1032 4072
f 4067 4072 259
f 4075 4072 4067
f 596 4073 4069
f 4073 1032 4075
f 4069 4075 1031
f 4073 4075 4069
f 111 2354 4071
f 2354 600 4074
f 4071 4074 1032
f 2354 4074 4071
f 600 2355 4078
f 2355 112 4076
f 4078 4076 1033
f 2355 4076 4078
f 1032 4080 4072
f 4080 1033 4077
f 4072 4077 259
f 4080 4077 4072
f 600 4078 4074
f 4078 1033 4080
f 4074 4080 1032
f 4078 4080 4074
f 112 2361 4076
f 2361 602 4079
f 4076 4079 1033
f 2361 4079 4076
f 602 2362 4083
f 2362 113 4081
f 4083 4081 1034
f 2362 4081 4083
f 1033 4085 4077
f 4085 1034 4082
f 4077 4082 259
f 4085 4082 4077
f 602 4083 4079
f 4083 1034 4085
f 4079 4085 1033
f 4083 4085 4079
f 113 3871 4081
f 3871 986 4084
f 4081 4084 1034
f 3871 4084 4081
f 986 3872 4097
f 3872 249 4095
f 4097 4095 1037
f 3872 4095 4097
f 1034 4099 4082
f 4099 1037 4096
f 4082 4096 259
f 4099 4096 4082
f 986 4097 4084
f 4097 1037 4099
f 4084 4099 1034
f 4097 4099 4084
f 96 2174 3996
f 2174 555 3998
f 3996 3998 1017
f 2174 3998 3996
f 555 2175 4003
f 2175 97 4000
f 4003 4000 1018
f 2175 4000 4003
f 1017 4005 3997
f 4005 1018 4001
f 3997 4001 259
f 4005 4001 3997
f 555 4003 3998
f 4003 1018 4005
f 3998 4005 1017
f 4003 4005 3998
f 96 3996 2193
f 3996 1017 3999
f 2193 3999 560
f 3996 3999 2193
f 1017 3997 4014
f 3997 259 4011
f 4014 4011 1020
f 3997 4011 4014
f 560 4012 2194
f 4012 1020 4010
f 2194 4010 99
f 4012 4010 2194
f 1017 4014 3999
f 4014 1020 4012
f 3999 4012 560
f 4014 4012 3999
f 99 4010 2210
f 4010 1020 4013
f 2210 4013 564
f 4010 4013 2210
f 1020 4011 4020
f 4011 259 4016
f 4020 4016 1021
f 4011 4016 4020
f 564 4018 2211
f 4018 1021 4015
f 2211 4015 100
f 4018 4015 2211
f 1020 4020 4013
f 4020 1021 4018
f 4013 4018 564
f 4020 4018 4013
f 98 2206 4006
f 2206 563 4008
f 4006 4008 1019
f 2206 4008 4006
f 563 2207 4017
f 2207 100 4015
f 4017 4015 1021
f 2207 4015 4017
f 1019 4019 4007
f 4019 1021 4016
f 4007 4016 259
f 4019 4016 4007
f 563 4017 4008
f 4017 1021 4019
f 4008 4019 1019
f 4017 4019 4008
f 98 4006 2217
f 4006 1019 4009
f 2217 4009 566
f 4006 4009 2217
f 1019 4007 4025
f 4007 259 4022
f 4025 4022 1022
f 4007 4022 4025
f 566 4023 2218
f 4023 1022 4021
f 2218 4021 101
f 4023 4021 2218
f 1019 4025 4009
f 4025 1022 4023
f 4009 4023 566
f 4025 4023 4009
f 101 4021 2229
f 4021 1022 4024
f 2229 4024 569
f 4021 4024 2229
f 1022 4022 4030
f 4022 259 4027
f 4030 4027 1023
f 4022 4027 4030
f 569 4028 2230
f 4028 1023 4026
f 2230 4026 102
f 4028 4026 2230
f 1022 4030 4024
f 4030 1023 4028
f 4024 4028 569
f 4030 4028 4024
f 102 4026 2246
f 4026 1023 4029
f 2246 4029 573
f 4026 4029 2246
f 1023 4027 4035
f 4027 259 4032
f 4035 4032 1024
f 4027 4032 4035
f 573 4033 2247
f 4033 1024 4031
f 2247 4031 103
f 4033 4031 2247
f 1023 4035 4029
f 4035 1024 4033
f 4029 4033 573
f 4035 4033 4029
f 103 4031 2253
f 4031 1024 4034
f 2253 4034 575
f 4031 4034 2253
f 1024 4032 4040
f 4032 259 4037
f 4040 4037 1025
f 4032 4037 4040
f 575 4038 2254
f 4038 1025 4036
f 2254 4036 104
f 4038 4036 2254
f 1024 4040 4034
f 4040 1025 4038
f 4034 4038 575
f 4040 4038 4034
f 104 4036 2395
f 4036 1025 4039
f 2395 4039 611
f 4036 4039 2395
f 1025 4037 4090
f 4037 259 4087
f 4090 4087 1035
f 4037 4087 4090
f 611 4088 2396
f 4088 1035 4086
f 2396 4086 116
f 4088 4086 2396
f 1025 4090 4039
f 4090 1035 4088
f 4039 4088 611
f 4090 4088 4039
f 116 4086 2411
f 4086 1035 4089
f 2411 4089 615
f 4086 4089 2411
f 1035 4087 4094
f 4087 259 4092
f 4094 4092 1036
f 4087 4092 4094
f 615 4093 2412
f 4093 1036 4091
f 2412 4091 117
f 4093 4091 2412
f 1035 4094 4089
f 4094 1036 4093
f 4089 4093 615
f 4094 4093 4089
f 60 2367 2372
f 2367 604 2375
f 2372 2375 606
f 2367 2375 2372
f 604 2368 2383
f 2368 114 2380
f 2383 2380 608
f 2368 2380 2383
f 606 2385 2373
f 2385 608 2381
f 2373 2381 115
f 2385 2381 2373
f 604 2383 2375
f 2383 608 2385
f 2375 2385 606
f 2383 2385 2375
f 60 2390 2367
f 2390 610 2393
f 2367 2393 604
f 2390 2393 2367
f 610 2391 2402
f 2391 116 2400
f 2402 2400 612
f 2391 2400 2402
f 604 2401 2368
f 2401 612 2399
f 2368 2399 114
f 2401 2399 2368
f 610 2402 2393
f 2402 612 2401
f 2393 2401 604
f 2402 2401 2393
f 62 2376 2418
f 2376 607 2421
f 2418 2421 617
f 2376 2421 2418
f 607 2377 2429
f 2377 115 2426
f 2429 2426 619
f 2377 2426 2429
f 617 2431 2419
f 2431 619 2427
f 2419 2427 118
f 2431 2427 2419
f 607 2429 2421
f 2429 619 2431
f 2421 2431 617
f 2429 2431 2421
f 64 2422 2435
f 2422 618 2438
f 2435 2438 621
f 2422 2438 2435
f 618 2423 2446
f 2423 118 2443
f 2446 2443 623
f 2423 2443 2446
f 621 2448 2436
f 2448 623 2444
f 2436 2444 119
f 2448 2444 2436
f 618 2446 2438
f 2446 623 2448
f 2438 2448 621
f 2446 2448 2438
f 72 2439 2452
f 2439 622 2455
f 2452 2455 625
f 2439 2455 2452
f 622 2440 2463
f 2440 119 2460
f 2463 2460 627
f 2440 2460 2463
f 625 2465 2453
f 2465 627 2461
f 2453 2461 120
f 2465 2461 2453
f 622 2463 2455
f 2463 627 2465
f 2455 2465 625
f 2463 2465 2455
f 74 2456 2466
f 2456 626 2469
f 2466 2469 628
f 2456 2469 2466
f 626 2457 2476
f 2457 120 2474
f 2476 2474 630
f 2457 2474 2476
f 628 2477 2467
f 2477 630 2475
f 2467 2475 121
f 2477 2475 2467
f 626 2476 2469
f 2476 630 2477
f 2469 2477 628
f 2476 2477 2469
f 76 2470 2478
f 2470 629 2481
f 2478 2481 631
f 2470 2481 2478
f 629 2471 2488
f 2471 121 2486
f 2488 2486 633
f 2471 2486 2488
f 631 2489 2479
f 2489 633 2487
f 2479 2487 122
f 2489 2487 2479
f 629 2488 2481
f 2488 633 2489
f 2481 2489 631
f 2488 2489 2481
f 78 2482 2490
f 2482 632 2493
f 2490 2493 634
f 2482 2493 2490
f 632 2483 2500
f 2483 122 2498
f 2500 2498 636
f 2483 2498 2500
f 634 2501 2491
f 2501 636 2499
f 2491 2499 123
f 2501 2499 2491
f 632 2500 2493
f 2500 636 2501
f 2493 2501 634
f 2500 2501 2493
f 81 2494 2502
f 2494 635 2505
f 2502 2505 637
f 2494 2505 2502
f 635 2495 2512
f 2495 123 2510
f 2512 2510 639
f 2495 2510 2512
f 637 2513 2503
f 2513 639 2511
f 2503 2511 124
f 2513 2511 2503
f 635 2512 2505
f 2512 639 2513
f 2505 2513 637
f 2512 2513 2505
f 87 2506 2514
f 2506 638 2517
f 2514 2517 640
f 2506 2517 2514
f 638 2507 2524
f 2507 124 2522
f 2524 2522 642
f 2507 2522 2524
f 640 2525 2515
f 2525 642 2523
f 2515 2523 125
f 2525 2523 2515
f 638 2524 2517
f 2524 642 2525
f 2517 2525 640
f 2524 2525 2517
f 89 2518 2526
f 2518 641 2529
f 2526 2529 643
f 2518 2529 2526
f 641 2519 2536
f 2519 125 2534
f 2536 2534 645
f 2519 2534 2536
f 643 2537 2527
f 2537 645 2535
f 2527 2535 126
f 2537 2535 2527
f 641 2536 2529
f 2536 645 2537
f 2529 2537 643
f 2536 2537 2529
f 92 2530 2538
f 2530 644 2541
f 2538 2541 646
f 2530 2541 2538
f 644 2531 2548
f 2531 126 2546
f 2548 2546 648
f 2531 2546 2548
f 646 2549 2539
f 2549 648 2547
f 2539 2547 127
f 2549 2547 2539
f 644 2548 2541
f 2548 648 2549
f 2541 2549 646
f 2548 2549 2541
f 94 2542 4459
f 2542 647 4461
f 4459 4461 1122
f 2542 4461 4459
f 647 2543 4465
f 2543 127 4463
f 4465 4463 1123
f 2543 4463 4465
f 1122 4467 4460
f 4467 1123 4464
f 4460 4464 279
f 4467 4464 4460
f 647 4465 4461
f 4465 1123 4467
f 4461 4467 1122
f 4465 4467 4461
f 116 2411 2400
f 2411 615 2413
f 2400 2413 612
f 2411 2413 2400
f 615 2412 2414
f 2412 117 2407
f 2414 2407 614
f 2412 2407 2414
f 612 2409 2399
f 2409 614 2406
f 2399 2406 114
f 2409 2406 2399
f 615 2414 2413
f 2414 614 2409
f 2413 2409 612
f 2414 2409 2413
f 150 2834 2877
f 2834 720 2880
f 2877 2880 732
f 2834 2880 2877
f 720 2835 2884
f 2835 151 2882
f 2884 2882 733
f 2835 2882 2884
f 732 2885 2878
f 2885 733 2883
f 2878 2883 157
f 2885 2883 2878
f 720 2884 2880
f 2884 733 2885
f 2880 2885 732
f 2884 2885 2880
f 151 2841 2892
f 2841 722 2894
f 2892 2894 736
f 2841 2894 2892
f 722 2842 2898
f 2842 152 2896
f 2898 2896 737
f 2842 2896 2898
f 736 2899 2893
f 2899 737 2897
f 2893 2897 159
f 2899 2897 2893
f 722 2898 2894
f 2898 737 2899
f 2894 2899 736
f 2898 2899 2894
f 152 2848 2921
f 2848 724 2923
f 2921 2923 743
f 2848 2923 2921
f 724 2849 2927
f 2849 153 2925
f 2927 2925 744
f 2849 2925 2927
f 743 2928 2922
f 2928 744 2926
f 2922 2926 161
f 2928 2926 2922
f 724 2927 2923
f 2927 744 2928
f 2923 2928 743
f 2927 2928 2923
f 151 2892 2882
f 2892 736 2895
f 2882 2895 733
f 2892 2895 2882
f 736 2893 2908
f 2893 159 2905
f 2908 2905 739
f 2893 2905 2908
f 733 2906 2883
f 2906 739 2904
f 2883 2904 157
f 2906 2904 2883
f 736 2908 2895
f 2908 739 2906
f 2895 2906 733
f 2908 2906 2895
f 152 2921 2896
f 2921 743 2924
f 2896 2924 737
f 2921 2924 2896
f 743 2922 2933
f 2922 161 2930
f 2933 2930 745
f 2922 2930 2933
f 737 2931 2897
f 2931 745 2929
f 2897 2929 159
f 2931 2929 2897
f 743 2933 2924
f 2933 745 2931
f 2924 2931 737
f 2933 2931 2924
f 153 2945 2925
f 2945 749 2948
f 2925 2948 744
f 2945 2948 2925
f 749 2946 2957
f 2946 163 2954
f 2957 2954 751
f 2946 2954 2957
f 744 2955 2926
f 2955 751 2953
f 2926 2953 161
f 2955 2953 2926
f 749 2957 2948
f 2957 751 2955
f 2948 2955 744
f 2957 2955 2948
f 154 2962 2949
f 2962 753 2965
f 2949 2965 750
f 2962 2965 2949
f 753 2963 2977
f 2963 164 2974
f 2977 2974 756
f 2963 2974 2977
f 750 2975 2950
f 2975 756 2973
f 2950 2973 163
f 2975 2973 2950
f 753 2977 2965
f 2977 756 2975
f 2965 2975 750
f 2977 2975 2965
f 153 2855 2945
f 2855 726 2947
f 2945 2947 749
f 2855 2947 2945
f 726 2856 2951
f 2856 154 2949
f 2951 2949 750
f 2856 2949 2951
f 749 2952 2946
f 2952 750 2950
f 2946 2950 163
f 2952 2950 2946
f 726 2951 2947
f 2951 750 2952
f 2947 2952 749
f 2951 2952 2947
f 154 2862 2962
f 2862 728 2964
f 2962 2964 753
f 2862 2964 2962
f 728 2863 2968
f 2863 155 2966
f 2968 2966 754
f 2863 2966 2968
f 753 2969 2963
f 2969 754 2967
f 2963 2967 164
f 2969 2967 2963
f 728 2968 2964
f 2968 754 2969
f 2964 2969 753
f 2968 2969 2964
f 156 2886 2900
f 2886 734 2902
f 2900 2902 738
f 2886 2902 2900
f 734 2887 2907
f 2887 157 2904
f 2907 2904 739
f 2887 2904 2907
f 738 2909 2901
f 2909 739 2905
f 2901 2905 159
f 2909 2905 2901
f 734 2907 2902
f 2907 739 2909
f 2902 2909 738
f 2907 2909 2902
f 156 2900 2890
f 2900 738 2903
f 2890 2903 735
f 2900 2903 2890
f 738 2901 2913
f 2901 159 2911
f 2913 2911 740
f 2901 2911 2913
f 735 2912 2891
f 2912 740 2910
f 2891 2910 158
f 2912 2910 2891
f 738 2913 2903
f 2913 740 2912
f 2903 2912 735
f 2913 2912 2903
f 158 2910 2914
f 2910 740 2916
f 2914 2916 741
f 2910 2916 2914
f 740 2911 2919
f 2911 159 2917
f 2919 2917 742
f 2911 2917 2919
f 741 2920 2915
f 2920 742 2918
f 2915 2918 160
f 2920 2918 2915
f 740 2919 2916
f 2919 742 2920
f 2916 2920 741
f 2919 2920 2916
f 159 2929 2917
f 2929 745 2932
f 2917 2932 742
f 2929 2932 2917
f 745 2930 2937
f 2930 161 2935
f 2937 2935 746
f 2930 2935 2937
f 742 2936 2918
f 2936 746 2934
f 2918 2934 160
f 2936 2934 2918
f 745 2937 2932
f 2937 746 2936
f 2932 2936 742
f 2937 2936 2932
f 160 2934 2938
f 2934 746 2940
f 2938 2940 747
f 2934 2940 2938
f 746 2935 2943
f 2935 161 2941
f 2943 2941 748
f 2935 2941 2943
f 747 2944 2939
f 2944 748 2942
f 2939 2942 162
f 2944 2942 2939
f 746 2943 2940
f 2943 748 2944
f 2940 2944 747
f 2943 2944 2940
f 161 2953 2941
f 2953 751 2956
f 2941 2956 748
f 2953 2956 2941
f 751 2954 2961
f 2954 163 2959
f 2961 2959 752
f 2954 2959 2961
f 748 2960 2942
f 2960 752 2958
f 2942 2958 162
f 2960 2958 2942
f 751 2961 2956
f 2961 752 2960
f 2956 2960 748
f 2961 2960 2956
f 162 2958 2970
f 2958 752 2972
f 2970 2972 755
f 2958 2972 2970
f 752 2959 2976
f 2959 163 2973
f 2976 2973 756
f 2959 2973 2976
f 755 2978 2971
f 2978 756 2974
f 2971 2974 164
f 2978 2974 2971
f 752 2976 2972
f 2976 756 2978
f 2972 2978 755
f 2976 2978 2972
f 162 2970 2979
f 2970 755 2981
f 2979 2981 757
f 2970 2981 2979
f 755 2971 2984
f 2971 164 2982
f 2984 2982 758
f 2971 2982 2984
f 757 2985 2980
f 2985 758 2983
f 2980 2983 165
f 2985 2983 2980
f 755 2984 2981
f 2984 758 2985
f 2981 2985 757
f 2984 2985 2981
f 155 3050 2993
f 3050 777 3053
f 2993 3053 761
f 3050 3053 2993
f 777 3051 3059
f 3051 174 3056
f 3059 3056 778
f 3051 3056 3059
f 761 3057 2994
f 3057 778 3055
f 2994 3055 167
f 3057 3055 2994
f 777 3059 3053
f 3059 778 3057
f 3053 3057 761
f 3059 3057 3053
f 168 3060 3067
f 3060 779 3070
f 3067 3070 781
f 3060 3070 3067
f 779 3061 3078
f 3061 174 3075
f 3078 3075 783
f 3061 3075 3078
f 781 3080 3068
f 3080 783 3076
f 3068 3076 175
f 3080 3076 3068
f 779 3078 3070
f 3078 783 3080
f 3070 3080 781
f 3078 3080 3070
f 155 2993 2966
f 2993 761 2995
f 2966 2995 754
f 2993 2995 2966
f 761 2994 3000
f 2994 167 2997
f 3000 2997 762
f 2994 2997 3000
f 754 2998 2967
f 2998 762 2996
f 2967 2996 164
f 2998 2996 2967
f 761 3000 2995
f 3000 762 2998
f 2995 2998 754
f 3000 2998 2995
f 167 3055 3005
f 3055 778 3058
f 3005 3058 764
f 3055 3058 3005
f 778 3056 3063
f 3056 174 3061
f 3063 3061 779
f 3056 3061 3063
f 764 3062 3006
f 3062 779 3060
f 3006 3060 168
f 3062 3060 3006
f 778 3063 3058
f 3063 779 3062
f 3058 3062 764
f 3063 3062 3058
f 168 3067 3021
f 3067 781 3069
f 3021 3069 769
f 3067 3069 3021
f 781 3068 3074
f 3068 175 3072
f 3074 3072 782
f 3068 3072 3074
f 769 3073 3022
f 3073 782 3071
f 3022 3071 171
f 3073 3071 3022
f 781 3074 3069
f 3074 782 3073
f 3069 3073 769
f 3074 3073 3069
f 171 3084 3033
f 3084 785 3086
f 3033 3086 772
f 3084 3086 3033
f 785 3085 3091
f 3085 176 3089
f 3091 3089 786
f 3085 3089 3091
f 772 3090 3034
f 3090 786 3088
f 3034 3088 172
f 3090 3088 3034
f 785 3091 3086
f 3091 786 3090
f 3086 3090 772
f 3091 3090 3086
f 164 2986 2982
f 2986 759 2988
f 2982 2988 758
f 2986 2988 2982
f 759 2987 2992
f 2987 166 2990
f 2992 2990 760
f 2987 2990 2992
f 758 2991 2983
f 2991 760 2989
f 2983 2989 165
f 2991 2989 2983
f 759 2992 2988
f 2992 760 2991
f 2988 2991 758
f 2992 2991 2988
f 164 2996 2986
f 2996 762 2999
f 2986 2999 759
f 2996 2999 2986
f 762 2997 3004
f 2997 167 3002
f 3004 3002 763
f 2997 3002 3004
f 759 3003 2987
f 3003 763 3001
f 2987 3001 166
f 3003 3001 2987
f 762 3004 2999
f 3004 763 3003
f 2999 3003 759
f 3004 3003 2999
f 166 3001 3007
f 3001 763 3009
f 3007 3009 765
f 3001 3009 3007
f 763 3002 3012
f 3002 167 3010
f 3012 3010 766
f 3002 3010 3012
f 765 3014 3008
f 3014 766 3011
f 3008 3011 169
f 3014 3011 3008
f 763 3012 3009
f 3012 766 3014
f 3009 3014 765
f 3012 3014 3009
f 167 3005 3010
f 3005 764 3013
f 3010 3013 766
f 3005 3013 3010
f 764 3006 3017
f 3006 168 3015
f 3017 3015 767
f 3006 3015 3017
f 766 3018 3011
f 3018 767 3016
f 3011 3016 169
f 3018 3016 3011
f 764 3017 3013
f 3017 767 3018
f 3013 3018 766
f 3017 3018 3013
f 168 3021 3015
f 3021 769 3023
f 3015 3023 767
f 3021 3023 3015
f 769 3022 3028
f 3022 171 3025
f 3028 3025 770
f 3022 3025 3028
f 767 3026 3016
f 3026 770 3024
f 3016 3024 169
f 3026 3024 3016
f 769 3028 3023
f 3028 770 3026
f 3023 3026 767
f 3028 3026 3023
f 169 3024 3019
f 3024 770 3027
f 3019 3027 768
f 3024 3027 3019
f 770 3025 3032
f 3025 171 3030
f 3032 3030 771
f 3025 3030 3032
f 768 3031 3020
f 3031 771 3029
f 3020 3029 170
f 3031 3029 3020
f 770 3032 3027
f 3032 771 3031
f 3027 3031 768
f 3032 3031 3027
f 170 3029 3035
f 3029 771 3037
f 3035 3037 773
f 3029 3037 3035
f 771 3030 3040
f 3030 171 3038
f 3040 3038 774
f 3030 3038 3040
f 773 3042 3036
f 3042 774 3039
f 3036 3039 173
f 3042 3039 3036
f 771 3040 3037
f 3040 774 3042
f 3037 3042 773
f 3040 3042 3037
f 171 3033 3038
f 3033 772 3041
f 3038 3041 774
f 3033 3041 3038
f 772 3034 3045
f 3034 172 3043
f 3045 3043 775
f 3034 3043 3045
f 774 3046 3039
f 3046 775 3044
f 3039 3044 173
f 3046 3044 3039
f 772 3045 3041
f 3045 775 3046
f 3041 3046 774
f 3045 3046 3041
f 172 3121 3043
f 3121 795 3123
f 3043 3123 775
f 3121 3123 3043
f 795 3122 3129
f 3122 181 3126
f 3129 3126 796
f 3122 3126 3129
f 775 3127 3044
f 3127 796 3125
f 3044 3125 173
f 3127 3125 3044
f 795 3129 3123
f 3129 796 3127
f 3123 3127 775
f 3129 3127 3123
f 171 3071 3084
f 3071 782 3087
f 3084 3087 785
f 3071 3087 3084
f 782 3072 3095
f 3072 175 3092
f 3095 3092 787
f 3072 3092 3095
f 785 3097 3085
f 3097 787 3093
f 3085 3093 176
f 3097 3093 3085
f 782 3095 3087
f 3095 787 3097
f 3087 3097 785
f 3095 3097 3087
f 176 3101 3130
f 3101 789 3133
f 3130 3133 797
f 3101 3133 3130
f 789 3102 3137
f 3102 177 3135
f 3137 3135 798
f 3102 3135 3137
f 797 3138 3131
f 3138 798 3136
f 3131 3136 181
f 3138 3136 3131
f 789 3137 3133
f 3137 798 3138
f 3133 3138 797
f 3137 3138 3133
f 172 3088 3121
f 3088 786 3124
f 3121 3124 795
f 3088 3124 3121
f 786 3089 3132
f 3089 176 3130
f 3132 3130 797
f 3089 3130 3132
f 795 3134 3122
f 3134 797 3131
f 3122 3131 181
f 3134 3131 3122
f 786 3132 3124
f 3132 797 3134
f 3124 3134 795
f 3132 3134 3124
f 177 3196 3135
f 3196 816 3199
f 3135 3199 798
f 3196 3199 3135
f 816 3197 3217
f 3197 191 3214
f 3217 3214 820
f 3197 3214 3217
f 798 3215 3136
f 3215 820 3213
f 3136 3213 181
f 3215 3213 3136
f 816 3217 3199
f 3217 820 3215
f 3199 3215 798
f 3217 3215 3199
f 177 3108 3196
f 3108 791 3198
f 3196 3198 816
f 3108 3198 3196
f 791 3109 3202
f 3109 178 3200
f 3202 3200 817
f 3109 3200 3202
f 816 3204 3197
f 3204 817 3201
f 3197 3201 191
f 3204 3201 3197
f 791 3202 3198
f 3202 817 3204
f 3198 3204 816
f 3202 3204 3198
f 178 3115 3200
f 3115 793 3203
f 3200 3203 817
f 3115 3203 3200
f 793 3116 3207
f 3116 179 3205
f 3207 3205 818
f 3116 3205 3207
f 817 3208 3201
f 3208 818 3206
f 3201 3206 191
f 3208 3206 3201
f 793 3207 3203
f 3207 818 3208
f 3203 3208 817
f 3207 3208 3203
f 179 3146 3223
f 3146 801 3225
f 3223 3225 822
f 3146 3225 3223
f 801 3147 3229
f 3147 182 3227
f 3229 3227 823
f 3147 3227 3229
f 822 3230 3224
f 3230 823 3228
f 3224 3228 192
f 3230 3228 3224
f 801 3229 3225
f 3229 823 3230
f 3225 3230 822
f 3229 3230 3225
f 173 3125 3119
f 3125 796 3128
f 3119 3128 794
f 3125 3128 3119
f 796 3126 3142
f 3126 181 3140
f 3142 3140 799
f 3126 3140 3142
f 794 3141 3120
f 3141 799 3139
f 3120 3139 180
f 3141 3139 3120
f 796 3142 3128
f 3142 799 3141
f 3128 3141 794
f 3142 3141 3128
f 66 3047 2859
f 3047 776 3049
f 2859 3049 727
f 3047 3049 2859
f 776 3048 3054
f 3048 174 3051
f 3054 3051 777
f 3048 3051 3054
f 727 3052 2860
f 3052 777 3050
f 2860 3050 155
f 3052 3050 2860
f 776 3054 3049
f 3054 777 3052
f 3049 3052 727
f 3054 3052 3049
f 66 3064 3047
f 3064 780 3066
f 3047 3066 776
f 3064 3066 3047
f 780 3065 3079
f 3065 175 3076
f 3079 3076 783
f 3065 3076 3079
f 776 3077 3048
f 3077 783 3075
f 3048 3075 174
f 3077 3075 3048
f 780 3079 3066
f 3079 783 3077
f 3066 3077 776
f 3079 3077 3066
f 66 3081 3064
f 3081 784 3083
f 3064 3083 780
f 3081 3083 3064
f 784 3082 3096
f 3082 176 3093
f 3096 3093 787
f 3082 3093 3096
f 780 3094 3065
f 3094 787 3092
f 3065 3092 175
f 3094 3092 3065
f 784 3096 3083
f 3096 787 3094
f 3083 3094 780
f 3096 3094 3083
f 66 3098 3081
f 3098 788 3100
f 3081 3100 784
f 3098 3100 3081
f 788 3099 3104
f 3099 177 3102
f 3104 3102 789
f 3099 3102 3104
f 784 3103 3082
f 3103 789 3101
f 3082 3101 176
f 3103 3101 3082
f 788 3104 3100
f 3104 789 3103
f 3100 3103 784
f 3104 3103 3100
f 66 3105 3098
f 3105 790 3107
f 3098 3107 788
f 3105 3107 3098
f 790 3106 3111
f 3106 178 3109
f 3111 3109 791
f 3106 3109 3111
f 788 3110 3099
f 3110 791 3108
f 3099 3108 177
f 3110 3108 3099
f 790 3111 3107
f 3111 791 3110
f 3107 3110 788
f 3111 3110 3107
f 66 3112 3105
f 3112 792 3114
f 3105 3114 790
f 3112 3114 3105
f 792 3113 3118
f 3113 179 3116
f 3118 3116 793
f 3113 3116 3118
f 790 3117 3106
f 3117 793 3115
f 3106 3115 178
f 3117 3115 3106
f 792 3118 3114
f 3118 793 3117
f 3114 3117 790
f 3118 3117 3114
f 66 3143 3112
f 3143 800 3145
f 3112 3145 792
f 3143 3145 3112
f 800 3144 3149
f 3144 182 3147
f 3149 3147 801
f 3144 3147 3149
f 792 3148 3113
f 3148 801 3146
f 3113 3146 179
f 3148 3146 3113
f 800 3149 3145
f 3149 801 3148
f 3145 3148 792
f 3149 3148 3145
f 66 3150 3143
f 3150 802 3152
f 3143 3152 800
f 3150 3152 3143
f 802 3151 3156
f 3151 183 3154
f 3156 3154 803
f 3151 3154 3156
f 800 3155 3144
f 3155 803 3153
f 3144 3153 182
f 3155 3153 3144
f 802 3156 3152
f 3156 803 3155
f 3152 3155 800
f 3156 3155 3152
f 66 3157 3150
f 3157 804 3159
f 3150 3159 802
f 3157 3159 3150
f 804 3158 3163
f 3158 184 3161
f 3163 3161 805
f 3158 3161 3163
f 802 3162 3151
f 3162 805 3160
f 3151 3160 183
f 3162 3160 3151
f 804 3163 3159
f 3163 805 3162
f 3159 3162 802
f 3163 3162 3159
f 66 3164 3157
f 3164 806 3166
f 3157 3166 804
f 3164 3166 3157
f 806 3165 3170
f 3165 185 3168
f 3170 3168 807
f 3165 3168 3170
f 804 3169 3158
f 3169 807 3167
f 3158 3167 184
f 3169 3167 3158
f 806 3170 3166
f 3170 807 3169
f 3166 3169 804
f 3170 3169 3166
f 66 3338 3164
f 3338 851 3340
f 3164 3340 806
f 3338 3340 3164
f 851 3339 3346
f 3339 202 3343
f 3346 3343 852
f 3339 3343 3346
f 806 3344 3165
f 3344 852 3342
f 3165 3342 185
f 3344 3342 3165
f 851 3346 3340
f 3346 852 3344
f 3340 3344 806
f 3346 3344 3340
f 66 3171 3338
f 3171 808 3341
f 3338 3341 851
f 3171 3341 3338
f 808 3172 3349
f 3172 186 3347
f 3349 3347 853
f 3172 3347 3349
f 851 3350 3339
f 3350 853 3348
f 3339 3348 202
f 3350 3348 3339
f 808 3349 3341
f 3349 853 3350
f 3341 3350 851
f 3349 3350 3341
f 66 3173 3171
f 3173 809 3175
f 3171 3175 808
f 3173 3175 3171
f 809 3174 3179
f 3174 187 3177
f 3179 3177 810
f 3174 3177 3179
f 808 3178 3172
f 3178 810 3176
f 3172 3176 186
f 3178 3176 3172
f 809 3179 3175
f 3179 810 3178
f 3175 3178 808
f 3179 3178 3175
f 66 3180 3173
f 3180 811 3182
f 3173 3182 809
f 3180 3182 3173
f 811 3181 3186
f 3181 188 3184
f 3186 3184 812
f 3181 3184 3186
f 809 3185 3174
f 3185 812 3183
f 3174 3183 187
f 3185 3183 3174
f 811 3186 3182
f 3186 812 3185
f 3182 3185 809
f 3186 3185 3182
f 66 3187 3180
f 3187 813 3189
f 3180 3189 811
f 3187 3189 3180
f 813 3188 3193
f 3188 189 3191
f 3193 3191 814
f 3188 3191 3193
f 811 3192 3181
f 3192 814 3190
f 3181 3190 188
f 3192 3190 3181
f 813 3193 3189
f 3193 814 3192
f 3189 3192 811
f 3193 3192 3189
f 179 3223 3205
f 3223 822 3226
f 3205 3226 818
f 3223 3226 3205
f 822 3224 3234
f 3224 192 3232
f 3234 3232 824
f 3224 3232 3234
f 818 3233 3206
f 3233 824 3231
f 3206 3231 191
f 3233 3231 3206
f 822 3234 3226
f 3234 824 3233
f 3226 3233 818
f 3234 3233 3226
f 182 3247 3227
f 3247 828 3249
f 3227 3249 823
f 3247 3249 3227
f 828 3248 3253
f 3248 194 3251
f 3253 3251 829
f 3248 3251 3253
f 823 3252 3228
f 3252 829 3250
f 3228 3250 192
f 3252 3250 3228
f 828 3253 3249
f 3253 829 3252
f 3249 3252 823
f 3253 3252 3249
f 180 3139 3209
f 3139 799 3211
f 3209 3211 819
f 3139 3211 3209
f 799 3140 3216
f 3140 181 3213
f 3216 3213 820
f 3140 3213 3216
f 819 3218 3210
f 3218 820 3214
f 3210 3214 191
f 3218 3214 3210
f 799 3216 3211
f 3216 820 3218
f 3211 3218 819
f 3216 3218 3211
f 180 3209 3194
f 3209 819 3212
f 3194 3212 815
f 3209 3212 3194
f 819 3210 3222
f 3210 191 3220
f 3222 3220 821
f 3210 3220 3222
f 815 3221 3195
f 3221 821 3219
f 3195 3219 190
f 3221 3219 3195
f 819 3222 3212
f 3222 821 3221
f 3212 3221 815
f 3222 3221 3212
f 190 3219 3235
f 3219 821 3237
f 3235 3237 825
f 3219 3237 3235
f 821 3220 3240
f 3220 191 3238
f 3240 3238 826
f 3220 3238 3240
f 825 3242 3236
f 3242 826 3239
f 3236 3239 193
f 3242 3239 3236
f 821 3240 3237
f 3240 826 3242
f 3237 3242 825
f 3240 3242 3237
f 191 3231 3238
f 3231 824 3241
f 3238 3241 826
f 3231 3241 3238
f 824 3232 3245
f 3232 192 3243
f 3245 3243 827
f 3232 3243 3245
f 826 3246 3239
f 3246 827 3244
f 3239 3244 193
f 3246 3244 3239
f 824 3245 3241
f 3245 827 3246
f 3241 3246 826
f 3245 3246 3241
f 192 3254 3243
f 3254 830 3256
f 3243 3256 827
f 3254 3256 3243
f 830 3255 3261
f 3255 195 3259
f 3261 3259 831
f 3255 3259 3261
f 827 3260 3244
f 3260 831 3258
f 3244 3258 193
f 3260 3258 3244
f 830 3261 3256
f 3261 831 3260
f 3256 3260 827
f 3261 3260 3256
f 192 3250 3254
f 3250 829 3257
f 3254 3257 830
f 3250 3257 3254
f 829 3251 3264
f 3251 194 3262
f 3264 3262 832
f 3251 3262 3264
f 830 3265 3255
f 3265 832 3263
f 3255 3263 195
f 3265 3263 3255
f 829 3264 3257
f 3264 832 3265
f 3257 3265 830
f 3264 3265 3257
f 194 3281 3262
f 3281 837 3284
f 3262 3284 832
f 3281 3284 3262
f 837 3282 3290
f 3282 197 3287
f 3290 3287 838
f 3282 3287 3290
f 832 3288 3263
f 3288 838 3286
f 3263 3286 195
f 3288 3286 3263
f 837 3290 3284
f 3290 838 3288
f 3284 3288 832
f 3290 3288 3284
f 182 3153 3268
f 3153 803 3270
f 3268 3270 834
f 3153 3270 3268
f 803 3154 3274
f 3154 183 3272
f 3274 3272 835
f 3154 3272 3274
f 834 3276 3269
f 3276 835 3273
f 3269 3273 197
f 3276 3273 3269
f 803 3274 3270
f 3274 835 3276
f 3270 3276 834
f 3274 3276 3270
f 183 3160 3272
f 3160 805 3275
f 3272 3275 835
f 3160 3275 3272
f 805 3161 3279
f 3161 184 3277
f 3279 3277 836
f 3161 3277 3279
f 835 3280 3273
f 3280 836 3278
f 3273 3278 197
f 3280 3278 3273
f 805 3279 3275
f 3279 836 3280
f 3275 3280 835
f 3279 3280 3275
f 182 3268 3247
f 3268 834 3271
f 3247 3271 828
f 3268 3271 3247
f 834 3269 3285
f 3269 197 3282
f 3285 3282 837
f 3269 3282 3285
f 828 3283 3248
f 3283 837 3281
f 3248 3281 194
f 3283 3281 3248
f 834 3285 3271
f 3285 837 3283
f 3271 3283 828
f 3285 3283 3271
f 184 3295 3277
f 3295 840 3298
f 3277 3298 836
f 3295 3298 3277
f 840 3296 3306
f 3296 198 3304
f 3306 3304 842
f 3296 3304 3306
f 836 3305 3278
f 3305 842 3303
f 3278 3303 197
f 3305 3303 3278
f 840 3306 3298
f 3306 842 3305
f 3298 3305 836
f 3306 3305 3298
f 184 3167 3295
f 3167 807 3297
f 3295 3297 840
f 3167 3297 3295
f 807 3168 3301
f 3168 185 3299
f 3301 3299 841
f 3168 3299 3301
f 840 3302 3296
f 3302 841 3300
f 3296 3300 198
f 3302 3300 3296
f 807 3301 3297
f 3301 841 3302
f 3297 3302 840
f 3301 3302 3297
f 185 3342 3319
f 3342 852 3345
f 3319 3345 846
f 3342 3345 3319
f 852 3343 3354
f 3343 202 3352
f 3354 3352 854
f 3343 3352 3354
f 846 3353 3320
f 3353 854 3351
f 3320 3351 200
f 3353 3351 3320
f 852 3354 3345
f 3354 854 3353
f 3345 3353 846
f 3354 3353 3345
f 185 3319 3299
f 3319 846 3321
f 3299 3321 841
f 3319 3321 3299
f 846 3320 3326
f 3320 200 3323
f 3326 3323 847
f 3320 3323 3326
f 841 3324 3300
f 3324 847 3322
f 3300 3322 198
f 3324 3322 3300
f 846 3326 3321
f 3326 847 3324
f 3321 3324 841
f 3326 3324 3321
f 200 3351 3391
f 3351 854 3394
f 3391 3394 865
f 3351 3394 3391
f 854 3352 3402
f 3352 202 3399
f 3402 3399 867
f 3352 3399 3402
f 865 3404 3392
f 3404 867 3400
f 3392 3400 207
f 3404 3400 3392
f 854 3402 3394
f 3402 867 3404
f 3394 3404 865
f 3402 3404 3394
f 195 3286 3266
f 3286 838 3289
f 3266 3289 833
f 3286 3289 3266
f 838 3287 3294
f 3287 197 3292
f 3294 3292 839
f 3287 3292 3294
f 833 3293 3267
f 3293 839 3291
f 3267 3291 196
f 3293 3291 3267
f 838 3294 3289
f 3294 839 3293
f 3289 3293 833
f 3294 3293 3289
f 196 3291 3307
f 3291 839 3309
f 3307 3309 843
f 3291 3309 3307
f 839 3292 3312
f 3292 197 3310
f 3312 3310 844
f 3292 3310 3312
f 843 3314 3308
f 3314 844 3311
f 3308 3311 199
f 3314 3311 3308
f 839 3312 3309
f 3312 844 3314
f 3309 3314 843
f 3312 3314 3309
f 197 3303 3310
f 3303 842 3313
f 3310 3313 844
f 3303 3313 3310
f 842 3304 3317
f 3304 198 3315
f 3317 3315 845
f 3304 3315 3317
f 844 3318 3311
f 3318 845 3316
f 3311 3316 199
f 3318 3316 3311
f 842 3317 3313
f 3317 845 3318
f 3313 3318 844
f 3317 3318 3313
f 198 3322 3315
f 3322 847 3325
f 3315 3325 845
f 3322 3325 3315
f 847 3323 3330
f 3323 200 3328
f 3330 3328 848
f 3323 3328 3330
f 845 3329 3316
f 3329 848 3327
f 3316 3327 199
f 3329 3327 3316
f 847 3330 3325
f 3330 848 3329
f 3325 3329 845
f 3330 3329 3325
f 199 3327 3331
f 3327 848 3333
f 3331 3333 849
f 3327 3333 3331
f 848 3328 3336
f 3328 200 3334
f 3336 3334 850
f 3328 3334 3336
f 849 3337 3332
f 3337 850 3335
f 3332 3335 201
f 3337 3335 3332
f 848 3336 3333
f 3336 850 3337
f 3333 3337 849
f 3336 3337 3333
f 200 3391 3334
f 3391 865 3393
f 3334 3393 850
f 3391 3393 3334
f 865 3392 3398
f 3392 207 3396
f 3398 3396 866
f 3392 3396 3398
f 850 3397 3335
f 3397 866 3395
f 3335 3395 201
f 3397 3395 3335
f 865 3398 3393
f 3398 866 3397
f 3393 3397 850
f 3398 3397 3393
f 201 3395 3405
f 3395 866 3407
f 3405 3407 868
f 3395 3407 3405
f 866 3396 3410
f 3396 207 3408
f 3410 3408 869
f 3396 3408 3410
f 868 3411 3406
f 3411 869 3409
f 3406 3409 208
f 3411 3409 3406
f 866 3410 3407
f 3410 869 3411
f 3407 3411 868
f 3410 3411 3407
f 186 3388 3347
f 3388 864 3390
f 3347 3390 853
f 3388 3390 3347
f 864 3389 3403
f 3389 207 3400
f 3403 3400 867
f 3389 3400 3403
f 853 3401 3348
f 3401 867 3399
f 3348 3399 202
f 3401 3399 3348
f 864 3403 3390
f 3403 867 3401
f 3390 3401 853
f 3403 3401 3390
f 186 3176 3412
f 3176 810 3414
f 3412 3414 870
f 3176 3414 3412
f 810 3177 3418
f 3177 187 3416
f 3418 3416 871
f 3177 3416 3418
f 870 3420 3413
f 3420 871 3417
f 3413 3417 209
f 3420 3417 3413
f 810 3418 3414
f 3418 871 3420
f 3414 3420 870
f 3418 3420 3414
f 186 3412 3388
f 3412 870 3415
f 3388 3415 864
f 3412 3415 3388
f 870 3413 3428
f 3413 209 3426
f 3428 3426 873
f 3413 3426 3428
f 864 3427 3389
f 3427 873 3425
f 3389 3425 207
f 3427 3425 3389
f 870 3428 3415
f 3428 873 3427
f 3415 3427 864
f 3428 3427 3415
f 187 3355 3416
f 3355 855 3419
f 3416 3419 871
f 3355 3419 3416
f 855 3356 3423
f 3356 203 3421
f 3423 3421 872
f 3356 3421 3423
f 871 3424 3417
f 3424 872 3422
f 3417 3422 209
f 3424 3422 3417
f 855 3423 3419
f 3423 872 3424
f 3419 3424 871
f 3423 3424 3419
f 187 3183 3355
f 3183 812 3357
f 3355 3357 855
f 3183 3357 3355
f 812 3184 3360
f 3184 188 3358
f 3360 3358 856
f 3184 3358 3360
f 855 3361 3356
f 3361 856 3359
f 3356 3359 203
f 3361 3359 3356
f 812 3360 3357
f 3360 856 3361
f 3357 3361 855
f 3360 3361 3357
f 188 3190 3366
f 3190 814 3368
f 3366 3368 859
f 3190 3368 3366
f 814 3191 3372
f 3191 189 3370
f 3372 3370 860
f 3191 3370 3372
f 859 3373 3367
f 3373 860 3371
f 3367 3371 206
f 3373 3371 3367
f 814 3372 3368
f 3372 860 3373
f 3368 3373 859
f 3372 3373 3368
f 189 3789 3370
f 3789 967 3791
f 3370 3791 860
f 3789 3791 3370
f 967 3790 3796
f 3790 245 3794
f 3796 3794 968
f 3790 3794 3796
f 860 3795 3371
f 3795 968 3793
f 3371 3793 206
f 3795 3793 3371
f 967 3796 3791
f 3796 968 3795
f 3791 3795 860
f 3796 3795 3791
f 188 3366 3358
f 3366 859 3369
f 3358 3369 856
f 3366 3369 3358
f 859 3367 3378
f 3367 206 3375
f 3378 3375 861
f 3367 3375 3378
f 856 3376 3359
f 3376 861 3374
f 3359 3374 203
f 3376 3374 3359
f 859 3378 3369
f 3378 861 3376
f 3369 3376 856
f 3378 3376 3369
f 203 3362 3429
f 3362 857 3431
f 3429 3431 874
f 3362 3431 3429
f 857 3363 3435
f 3363 204 3433
f 3435 3433 875
f 3363 3433 3435
f 874 3436 3430
f 3436 875 3434
f 3430 3434 210
f 3436 3434 3430
f 857 3435 3431
f 3435 875 3436
f 3431 3436 874
f 3435 3436 3431
f 203 3374 3362
f 3374 861 3377
f 3362 3377 857
f 3374 3377 3362
f 861 3375 3383
f 3375 206 3380
f 3383 3380 862
f 3375 3380 3383
f 857 3381 3363
f 3381 862 3379
f 3363 3379 204
f 3381 3379 3363
f 861 3383 3377
f 3383 862 3381
f 3377 3381 857
f 3383 3381 3377
f 204 3379 3364
f 3379 862 3382
f 3364 3382 858
f 3379 3382 3364
f 862 3380 3387
f 3380 206 3385
f 3387 3385 863
f 3380 3385 3387
f 858 3386 3365
f 3386 863 3384
f 3365 3384 205
f 3386 3384 3365
f 862 3387 3382
f 3387 863 3386
f 3382 3386 858
f 3387 3386 3382
f 205 3384 3811
f 3384 863 3813
f 3811 3813 972
f 3384 3813 3811
f 863 3385 3816
f 3385 206 3814
f 3816 3814 973
f 3385 3814 3816
f 972 3818 3812
f 3818 973 3815
f 3812 3815 246
f 3818 3815 3812
f 863 3816 3813
f 3816 973 3818
f 3813 3818 972
f 3816 3818 3813
f 207 3437 3408
f 3437 876 3439
f 3408 3439 869
f 3437 3439 3408
f 876 3438 3444
f 3438 210 3442
f 3444 3442 877
f 3438 3442 3444
f 869 3443 3409
f 3443 877 3441
f 3409 3441 208
f 3443 3441 3409
f 876 3444 3439
f 3444 877 3443
f 3439 3443 869
f 3444 3443 3439
f 207 3425 3437
f 3425 873 3440
f 3437 3440 876
f 3425 3440 3437
f 873 3426 3448
f 3426 209 3445
f 3448 3445 878
f 3426 3445 3448
f 876 3450 3438
f 3450 878 3446
f 3438 3446 210
f 3450 3446 3438
f 873 3448 3440
f 3448 878 3450
f 3440 3450 876
f 3448 3450 3440
f 203 3429 3421
f 3429 874 3432
f 3421 3432 872
f 3429 3432 3421
f 874 3430 3449
f 3430 210 3446
f 3449 3446 878
f 3430 3446 3449
f 872 3447 3422
f 3447 878 3445
f 3422 3445 209
f 3447 3445 3422
f 874 3449 3432
f 3449 878 3447
f 3432 3447 872
f 3449 3447 3432
f 156 2890 3875
f 2890 735 3878
f 3875 3878 987
f 2890 3878 3875
f 735 2891 3882
f 2891 158 3880
f 3882 3880 988
f 2891 3880 3882
f 987 3883 3876
f 3883 988 3881
f 3876 3881 249
f 3883 3881 3876
f 735 3882 3878
f 3882 988 3883
f 3878 3883 987
f 3882 3883 3878
f 158 2914 3884
f 2914 741 3886
f 3884 3886 989
f 2914 3886 3884
f 741 2915 3890
f 2915 160 3888
f 3890 3888 990
f 2915 3888 3890
f 989 3891 3885
f 3891 990 3889
f 3885 3889 250
f 3891 3889 3885
f 741 3890 3886
f 3890 990 3891
f 3886 3891 989
f 3890 3891 3886
f 160 2938 3896
f 2938 747 3898
f 3896 3898 992
f 2938 3898 3896
f 747 2939 3902
f 2939 162 3900
f 3902 3900 993
f 2939 3900 3902
f 992 3903 3897
f 3903 993 3901
f 3897 3901 251
f 3903 3901 3897
f 747 3902 3898
f 3902 993 3903
f 3898 3903 992
f 3902 3903 3898
f 162 2979 3908
f 2979 757 3910
f 3908 3910 995
f 2979 3910 3908
f 757 2980 3914
f 2980 165 3912
f 3914 3912 996
f 2980 3912 3914
f 995 3915 3909
f 3915 996 3913
f 3909 3913 252
f 3915 3913 3909
f 757 3914 3910
f 3914 996 3915
f 3910 3915 995
f 3914 3915 3910
f 165 2989 3920
f 2989 760 3922
f 3920 3922 998
f 2989 3922 3920
f 760 2990 3926
f 2990 166 3924
f 3926 3924 999
f 2990 3924 3926
f 998 3927 3921
f 3927 999 3925
f 3921 3925 253
f 3927 3925 3921
f 760 3926 3922
f 3926 999 3927
f 3922 3927 998
f 3926 3927 3922
f 166 3007 3932
f 3007 765 3934
f 3932 3934 1001
f 3007 3934 3932
f 765 3008 3938
f 3008 169 3936
f 3938 3936 1002
f 3008 3936 3938
f 1001 3939 3933
f 3939 1002 3937
f 3933 3937 254
f 3939 3937 3933
f 765 3938 3934
f 3938 1002 3939
f 3934 3939 1001
f 3938 3939 3934
f 169 3019 3944
f 3019 768 3946
f 3944 3946 1004
f 3019 3946 3944
f 768 3020 3950
f 3020 170 3948
f 3950 3948 1005
f 3020 3948 3950
f 1004 3951 3945
f 3951 1005 3949
f 3945 3949 255
f 3951 3949 3945
f 768 3950 3946
f 3950 1005 3951
f 3946 3951 1004
f 3950 3951 3946
f 170 3035 3956
f 3035 773 3958
f 3956 3958 1007
f 3035 3958 3956
f 773 3036 3962
f 3036 173 3960
f 3962 3960 1008
f 3036 3960 3962
f 1007 3963 3957
f 3963 1008 3961
f 3957 3961 256
f 3963 3961 3957
f 773 3962 3958
f 3962 1008 3963
f 3958 3963 1007
f 3962 3963 3958
f 173 3119 3968
f 3119 794 3970
f 3968 3970 1010
f 3119 3970 3968
f 794 3120 3974
f 3120 180 3972
f 3974 3972 1011
f 3120 3972 3974
f 1010 3975 3969
f 3975 1011 3973
f 3969 3973 257
f 3975 3973 3969
f 794 3974 3970
f 3974 1011 3975
f 3970 3975 1010
f 3974 3975 3970
f 180 3194 3980
f 3194 815 3982
f 3980 3982 1013
f 3194 3982 3980
f 815 3195 3986
f 3195 190 3984
f 3986 3984 1014
f 3195 3984 3986
f 1013 3987 3981
f 3987 1014 3985
f 3981 3985 258
f 3987 3985 3981
f 815 3986 3982
f 3986 1014 3987
f 3982 3987 1013
f 3986 3987 3982
f 190 3235 4144
f 3235 825 4146
f 4144 4146 1047
f 3235 4146 4144
f 825 3236 4150
f 3236 193 4148
f 4150 4148 1048
f 3236 4148 4150
f 1047 4151 4145
f 4151 1048 4149
f 4145 4149 260
f 4151 4149 4145
f 825 4150 4146
f 4150 1048 4151
f 4146 4151 1047
f 4150 4151 4146
f 193 3258 4161
f 3258 831 4163
f 4161 4163 1051
f 3258 4163 4161
f 831 3259 4167
f 3259 195 4165
f 4167 4165 1052
f 3259 4165 4167
f 1051 4168 4162
f 4168 1052 4166
f 4162 4166 261
f 4168 4166 4162
f 831 4167 4163
f 4167 1052 4168
f 4163 4168 1051
f 4167 4168 4163
f 195 3266 4178
f 3266 833 4180
f 4178 4180 1055
f 3266 4180 4178
f 833 3267 4184
f 3267 196 4182
f 4184 4182 1056
f 3267 4182 4184
f 1055 4185 4179
f 4185 1056 4183
f 4179 4183 262
f 4185 4183 4179
f 833 4184 4180
f 4184 1056 4185
f 4180 4185 1055
f 4184 4185 4180
f 196 3307 4195
f 3307 843 4197
f 4195 4197 1059
f 3307 4197 4195
f 843 3308 4201
f 3308 199 4199
f 4201 4199 1060
f 3308 4199 4201
f 1059 4202 4196
f 4202 1060 4200
f 4196 4200 263
f 4202 4200 4196
f 843 4201 4197
f 4201 1060 4202
f 4197 4202 1059
f 4201 4202 4197
f 199 3331 4212
f 3331 849 4214
f 4212 4214 1063
f 3331 4214 4212
f 849 3332 4218
f 3332 201 4216
f 4218 4216 1064
f 3332 4216 4218
f 1063 4219 4213
f 4219 1064 4217
f 4213 4217 264
f 4219 4217 4213
f 849 4218 4214
f 4218 1064 4219
f 4214 4219 1063
f 4218 4219 4214
f 201 3405 4229
f 3405 868 4231
f 4229 4231 1067
f 3405 4231 4229
f 868 3406 4235
f 3406 208 4233
f 4235 4233 1068
f 3406 4233 4235
f 1067 4236 4230
f 4236 1068 4234
f 4230 4234 265
f 4236 4234 4230
f 868 4235 4231
f 4235 1068 4236
f 4231 4236 1067
f 4235 4236 4231
f 204 3364 4250
f 3364 858 4252
f 4250 4252 1073
f 3364 4252 4250
f 858 3365 4256
f 3365 205 4254
f 4256 4254 1074
f 3365 4254 4256
f 1073 4258 4251
f 4258 1074 4255
f 4251 4255 267
f 4258 4255 4251
f 858 4256 4252
f 4256 1074 4258
f 4252 4258 1073
f 4256 4258 4252
f 205 3811 4254
f 3811 972 4257
f 4254 4257 1074
f 3811 4257 4254
f 972 3812 4261
f 3812 246 4259
f 4261 4259 1075
f 3812 4259 4261
f 1074 4262 4255
f 4262 1075 4260
f 4255 4260 267
f 4262 4260 4255
f 972 4261 4257
f 4261 1075 4262
f 4257 4262 1074
f 4261 4262 4257
f 208 3441 4272
f 3441 877 4274
f 4272 4274 1078
f 3441 4274 4272
f 877 3442 4278
f 3442 210 4276
f 4278 4276 1079
f 3442 4276 4278
f 1078 4279 4273
f 4279 1079 4277
f 4273 4277 268
f 4279 4277 4273
f 877 4278 4274
f 4278 1079 4279
f 4274 4279 1078
f 4278 4279 4274
f 204 4289 3433
f 4289 1082 4291
f 3433 4291 875
f 4289 4291 3433
f 1082 4290 4297
f 4290 269 4294
f 4297 4294 1083
f 4290 4294 4297
f 875 4295 3434
f 4295 1083 4293
f 3434 4293 210
f 4295 4293 3434
f 1082 4297 4291
f 4297 1083 4295
f 4291 4295 875
f 4297 4295 4291
f 66 3614 3600
f 3614 923 3617
f 3600 3617 919
f 3614 3617 3600
f 923 3615 3625
f 3615 230 3623
f 3625 3623 925
f 3615 3623 3625
f 919 3624 3601
f 3624 925 3622
f 3601 3622 228
f 3624 3622 3601
f 923 3625 3617
f 3625 925 3624
f 3617 3624 919
f 3625 3624 3617
f 66 3586 3614
f 3586 915 3616
f 3614 3616 923
f 3586 3616 3614
f 915 3587 3620
f 3587 226 3618
f 3620 3618 924
f 3587 3618 3620
f 923 3621 3615
f 3621 924 3619
f 3615 3619 230
f 3621 3619 3615
f 915 3620 3616
f 3620 924 3621
f 3616 3621 923
f 3620 3621 3616
f 66 3486 3579
f 3486 889 3581
f 3579 3581 913
f 3486 3581 3579
f 889 3487 3584
f 3487 216 3582
f 3584 3582 914
f 3487 3582 3584
f 913 3585 3580
f 3585 914 3583
f 3580 3583 225
f 3585 3583 3580
f 889 3584 3581
f 3584 914 3585
f 3581 3585 913
f 3584 3585 3581
f 66 3579 3588
f 3579 913 3590
f 3588 3590 916
f 3579 3590 3588
f 913 3580 3594
f 3580 225 3592
f 3594 3592 917
f 3580 3592 3594
f 916 3595 3589
f 3595 917 3593
f 3589 3593 227
f 3595 3593 3589
f 913 3594 3590
f 3594 917 3595
f 3590 3595 916
f 3594 3595 3590
f 66 3588 3586
f 3588 916 3591
f 3586 3591 915
f 3588 3591 3586
f 916 3589 3599
f 3589 227 3597
f 3599 3597 918
f 3589 3597 3599
f 915 3598 3587
f 3598 918 3596
f 3587 3596 226
f 3598 3596 3587
f 916 3599 3591
f 3599 918 3598
f 3591 3598 915
f 3599 3598 3591
f 66 3602 3187
f 3602 920 3604
f 3187 3604 813
f 3602 3604 3187
f 920 3603 3609
f 3603 229 3607
f 3609 3607 921
f 3603 3607 3609
f 813 3608 3188
f 3608 921 3606
f 3188 3606 189
f 3608 3606 3188
f 920 3609 3604
f 3609 921 3608
f 3604 3608 813
f 3609 3608 3604
f 66 3600 3602
f 3600 919 3605
f 3602 3605 920
f 3600 3605 3602
f 919 3601 3612
f 3601 228 3610
f 3612 3610 922
f 3601 3610 3612
f 920 3613 3603
f 3613 922 3611
f 3603 3611 229
f 3613 3611 3603
f 919 3612 3605
f 3612 922 3613
f 3605 3613 920
f 3612 3613 3605
f 211 3493 3461
f 3493 891 3495
f 3461 3495 882
f 3493 3495 3461
f 891 3494 3499
f 3494 217 3497
f 3499 3497 892
f 3494 3497 3499
f 882 3498 3462
f 3498 892 3496
f 3462 3496 212
f 3498 3496 3462
f 891 3499 3495
f 3499 892 3498
f 3495 3498 882
f 3499 3498 3495
f 212 3502 3468
f 3502 894 3504
f 3468 3504 884
f 3502 3504 3468
f 894 3503 3509
f 3503 219 3507
f 3509 3507 895
f 3503 3507 3509
f 884 3508 3469
f 3508 895 3506
f 3469 3506 213
f 3508 3506 3469
f 894 3509 3504
f 3509 895 3508
f 3504 3508 884
f 3509 3508 3504
f 211 3764 3493
f 3764 961 3767
f 3493 3767 891
f 3764 3767 3493
f 961 3765 3773
f 3765 242 3770
f 3773 3770 962
f 3765 3770 3773
f 891 3771 3494
f 3771 962 3769
f 3494 3769 217
f 3771 3769 3494
f 961 3773 3767
f 3773 962 3771
f 3767 3771 891
f 3773 3771 3767
f 212 3496 3502
f 3496 892 3505
f 3502 3505 894
f 3496 3505 3502
f 892 3497 3512
f 3497 217 3510
f 3512 3510 896
f 3497 3510 3512
f 894 3513 3503
f 3513 896 3511
f 3503 3511 219
f 3513 3511 3503
f 892 3512 3505
f 3512 896 3513
f 3505 3513 894
f 3512 3513 3505
f 213 3528 3475
f 3528 901 3530
f 3475 3530 886
f 3528 3530 3475
f 901 3529 3535
f 3529 222 3533
f 3535 3533 902
f 3529 3533 3535
f 886 3534 3476
f 3534 902 3532
f 3476 3532 214
f 3534 3532 3476
f 901 3535 3530
f 3535 902 3534
f 3530 3534 886
f 3535 3534 3530
f 214 3550 3482
f 3550 906 3552
f 3482 3552 888
f 3550 3552 3482
f 906 3551 3558
f 3551 223 3555
f 3558 3555 907
f 3551 3555 3558
f 888 3556 3483
f 3556 907 3554
f 3483 3554 215
f 3556 3554 3483
f 906 3558 3552
f 3558 907 3556
f 3552 3556 888
f 3558 3556 3552
f 215 3554 3489
f 3554 907 3557
f 3489 3557 890
f 3554 3557 3489
f 907 3555 3562
f 3555 223 3560
f 3562 3560 908
f 3555 3560 3562
f 890 3561 3490
f 3561 908 3559
f 3490 3559 216
f 3561 3559 3490
f 907 3562 3557
f 3562 908 3561
f 3557 3561 890
f 3562 3561 3557
f 213 3506 3528
f 3506 895 3531
f 3528 3531 901
f 3506 3531 3528
f 895 3507 3538
f 3507 219 3536
f 3538 3536 903
f 3507 3536 3538
f 901 3540 3529
f 3540 903 3537
f 3529 3537 222
f 3540 3537 3529
f 895 3538 3531
f 3538 903 3540
f 3531 3540 901
f 3538 3540 3531
f 214 3532 3550
f 3532 902 3553
f 3550 3553 906
f 3532 3553 3550
f 902 3533 3568
f 3533 222 3566
f 3568 3566 910
f 3533 3566 3568
f 906 3570 3551
f 3570 910 3567
f 3551 3567 223
f 3570 3567 3551
f 902 3568 3553
f 3568 910 3570
f 3553 3570 906
f 3568 3570 3553
f 217 3500 3514
f 3500 893 3516
f 3514 3516 897
f 3500 3516 3514
f 893 3501 3520
f 3501 218 3518
f 3520 3518 898
f 3501 3518 3520
f 897 3521 3515
f 3521 898 3519
f 3515 3519 220
f 3521 3519 3515
f 893 3520 3516
f 3520 898 3521
f 3516 3521 897
f 3520 3521 3516
f 217 3514 3510
f 3514 897 3517
f 3510 3517 896
f 3514 3517 3510
f 897 3515 3525
f 3515 220 3523
f 3525 3523 899
f 3515 3523 3525
f 896 3524 3511
f 3524 899 3522
f 3511 3522 219
f 3524 3522 3511
f 897 3525 3517
f 3525 899 3524
f 3517 3524 896
f 3525 3524 3517
f 219 3522 3536
f 3522 899 3539
f 3536 3539 903
f 3522 3539 3536
f 899 3523 3543
f 3523 220 3541
f 3543 3541 904
f 3523 3541 3543
f 903 3545 3537
f 3545 904 3542
f 3537 3542 222
f 3545 3542 3537
f 899 3543 3539
f 3543 904 3545
f 3539 3545 903
f 3543 3545 3539
f 220 3526 3541
f 3526 900 3544
f 3541 3544 904
f 3526 3544 3541
f 900 3527 3548
f 3527 221 3546
f 3548 3546 905
f 3527 3546 3548
f 904 3549 3542
f 3549 905 3547
f 3542 3547 222
f 3549 3547 3542
f 900 3548 3544
f 3548 905 3549
f 3544 3549 904
f 3548 3549 3544
f 221 3563 3546
f 3563 909 3565
f 3546 3565 905
f 3563 3565 3546
f 909 3564 3571
f 3564 223 3567
f 3571 3567 910
f 3564 3567 3571
f 905 3569 3547
f 3569 910 3566
f 3547 3566 222
f 3569 3566 3547
f 909 3571 3565
f 3571 910 3569
f 3565 3569 905
f 3571 3569 3565
f 221 3572 3563
f 3572 911 3574
f 3563 3574 909
f 3572 3574 3563
f 911 3573 3578
f 3573 224 3576
f 3578 3576 912
f 3573 3576 3578
f 909 3577 3564
f 3577 912 3575
f 3564 3575 223
f 3577 3575 3564
f 911 3578 3574
f 3578 912 3577
f 3574 3577 909
f 3578 3577 3574
f 226 3596 3684
f 3596 918 3686
f 3684 3686 942
f 3596 3686 3684
f 918 3597 3690
f 3597 227 3687
f 3690 3687 943
f 3597 3687 3690
f 942 3692 3685
f 3692 943 3688
f 3685 3688 238
f 3692 3688 3685
f 918 3690 3686
f 3690 943 3692
f 3686 3692 942
f 3690 3692 3686
f 189 3606 3789
f 3606 921 3792
f 3789 3792 967
f 3606 3792 3789
f 921 3607 3799
f 3607 229 3797
f 3799 3797 969
f 3607 3797 3799
f 967 3801 3790
f 3801 969 3798
f 3790 3798 245
f 3801 3798 3790
f 921 3799 3792
f 3799 969 3801
f 3792 3801 967
f 3799 3801 3792
f 228 3780 3610
f 3780 964 3782
f 3610 3782 922
f 3780 3782 3610
f 964 3781 3786
f 3781 243 3784
f 3786 3784 965
f 3781 3784 3786
f 922 3785 3611
f 3785 965 3783
f 3611 3783 229
f 3785 3783 3611
f 964 3786 3782
f 3786 965 3785
f 3782 3785 922
f 3786 3785 3782
f 228 3832 3780
f 3832 978 3835
f 3780 3835 964
f 3832 3835 3780
f 978 3833 3855
f 3833 248 3852
f 3855 3852 982
f 3833 3852 3855
f 964 3853 3781
f 3853 982 3851
f 3781 3851 243
f 3853 3851 3781
f 978 3855 3835
f 3855 982 3853
f 3835 3853 964
f 3855 3853 3835
f 226 3626 3618
f 3626 926 3628
f 3618 3628 924
f 3626 3628 3618
f 926 3627 3632
f 3627 232 3630
f 3632 3630 927
f 3627 3630 3632
f 924 3631 3619
f 3631 927 3629
f 3619 3629 230
f 3631 3629 3619
f 926 3632 3628
f 3632 927 3631
f 3628 3631 924
f 3632 3631 3628
f 228 3622 3832
f 3622 925 3834
f 3832 3834 978
f 3622 3834 3832
f 925 3623 3838
f 3623 230 3836
f 3838 3836 979
f 3623 3836 3838
f 978 3840 3833
f 3840 979 3837
f 3833 3837 248
f 3840 3837 3833
f 925 3838 3834
f 3838 979 3840
f 3834 3840 978
f 3838 3840 3834
f 226 3707 3626
f 3707 947 3709
f 3626 3709 926
f 3707 3709 3626
f 947 3708 3718
f 3708 239 3715
f 3718 3715 949
f 3708 3715 3718
f 926 3716 3627
f 3716 949 3714
f 3627 3714 232
f 3716 3714 3627
f 947 3718 3709
f 3718 949 3716
f 3709 3716 926
f 3718 3716 3709
f 230 3629 3836
f 3629 927 3839
f 3836 3839 979
f 3629 3839 3836
f 927 3630 3847
f 3630 232 3845
f 3847 3845 981
f 3630 3845 3847
f 979 3849 3837
f 3849 981 3846
f 3837 3846 248
f 3849 3846 3837
f 927 3847 3839
f 3847 981 3849
f 3839 3849 979
f 3847 3849 3839
f 231 3633 3711
f 3633 928 3713
f 3711 3713 948
f 3633 3713 3711
f 928 3634 3717
f 3634 232 3714
f 3717 3714 949
f 3634 3714 3717
f 948 3719 3712
f 3719 949 3715
f 3712 3715 239
f 3719 3715 3712
f 928 3717 3713
f 3717 949 3719
f 3713 3719 948
f 3717 3719 3713
f 216 3654 3582
f 3654 934 3656
f 3582 3656 914
f 3654 3656 3582
f 934 3655 3661
f 3655 235 3659
f 3661 3659 935
f 3655 3659 3661
f 914 3660 3583
f 3660 935 3658
f 3583 3658 225
f 3660 3658 3583
f 934 3661 3656
f 3661 935 3660
f 3656 3660 914
f 3661 3660 3656
f 225 3680 3592
f 3680 941 3682
f 3592 3682 917
f 3680 3682 3592
f 941 3681 3691
f 3681 238 3688
f 3691 3688 943
f 3681 3688 3691
f 917 3689 3593
f 3689 943 3687
f 3593 3687 227
f 3689 3687 3593
f 941 3691 3682
f 3691 943 3689
f 3682 3689 917
f 3691 3689 3682
f 216 3635 3654
f 3635 929 3657
f 3654 3657 934
f 3635 3657 3654
f 929 3636 3664
f 3636 233 3662
f 3664 3662 936
f 3636 3662 3664
f 934 3666 3655
f 3666 936 3663
f 3655 3663 235
f 3666 3663 3655
f 929 3664 3657
f 3664 936 3666
f 3657 3666 934
f 3664 3666 3657
f 225 3658 3680
f 3658 935 3683
f 3680 3683 941
f 3658 3683 3680
f 935 3659 3695
f 3659 235 3693
f 3695 3693 944
f 3659 3693 3695
f 941 3697 3681
f 3697 944 3694
f 3681 3694 238
f 3697 3694 3681
f 935 3695 3683
f 3695 944 3697
f 3683 3697 941
f 3695 3697 3683
f 216 3559 3635
f 3559 908 3637
f 3635 3637 929
f 3559 3637 3635
f 908 3560 3640
f 3560 223 3638
f 3640 3638 930
f 3560 3638 3640
f 929 3641 3636
f 3641 930 3639
f 3636 3639 233
f 3641 3639 3636
f 908 3640 3637
f 3640 930 3641
f 3637 3641 929
f 3640 3641 3637
f 226 3684 3707
f 3684 942 3710
f 3707 3710 947
f 3684 3710 3707
f 942 3685 3722
f 3685 238 3720
f 3722 3720 950
f 3685 3720 3722
f 947 3723 3708
f 3723 950 3721
f 3708 3721 239
f 3723 3721 3708
f 942 3722 3710
f 3722 950 3723
f 3710 3723 947
f 3722 3723 3710
f 235 3674 3693
f 3674 939 3696
f 3693 3696 944
f 3674 3696 3693
f 939 3675 3700
f 3675 236 3698
f 3700 3698 945
f 3675 3698 3700
f 944 3702 3694
f 3702 945 3699
f 3694 3699 238
f 3702 3699 3694
f 939 3700 3696
f 3700 945 3702
f 3696 3702 944
f 3700 3702 3696
f 223 3575 3642
f 3575 912 3644
f 3642 3644 931
f 3575 3644 3642
f 912 3576 3648
f 3576 224 3646
f 3648 3646 932
f 3576 3646 3648
f 931 3649 3643
f 3649 932 3647
f 3643 3647 234
f 3649 3647 3643
f 912 3648 3644
f 3648 932 3649
f 3644 3649 931
f 3648 3649 3644
f 223 3642 3638
f 3642 931 3645
f 3638 3645 930
f 3642 3645 3638
f 931 3643 3653
f 3643 234 3651
f 3653 3651 933
f 3643 3651 3653
f 930 3652 3639
f 3652 933 3650
f 3639 3650 233
f 3652 3650 3639
f 931 3653 3645
f 3653 933 3652
f 3645 3652 930
f 3653 3652 3645
f 233 3650 3662
f 3650 933 3665
f 3662 3665 936
f 3650 3665 3662
f 933 3651 3669
f 3651 234 3667
f 3669 3667 937
f 3651 3667 3669
f 936 3670 3663
f 3670 937 3668
f 3663 3668 235
f 3670 3668 3663
f 933 3669 3665
f 3669 937 3670
f 3665 3670 936
f 3669 3670 3665
f 234 3671 3667
f 3671 938 3673
f 3667 3673 937
f 3671 3673 3667
f 938 3672 3677
f 3672 236 3675
f 3677 3675 939
f 3672 3675 3677
f 937 3676 3668
f 3676 939 3674
f 3668 3674 235
f 3676 3674 3668
f 938 3677 3673
f 3677 939 3676
f 3673 3676 937
f 3677 3676 3673
f 238 3730 3720
f 3730 953 3733
f 3720 3733 950
f 3730 3733 3720
f 953 3731 3740
f 3731 240 3736
f 3740 3736 954
f 3731 3736 3740
f 950 3738 3721
f 3738 954 3735
f 3721 3735 239
f 3738 3735 3721
f 953 3740 3733
f 3740 954 3738
f 3733 3738 950
f 3740 3738 3733
f 236 3678 3698
f 3678 940 3701
f 3698 3701 945
f 3678 3701 3698
f 940 3679 3705
f 3679 237 3703
f 3705 3703 946
f 3679 3703 3705
f 945 3706 3699
f 3706 946 3704
f 3699 3704 238
f 3706 3704 3699
f 940 3705 3701
f 3705 946 3706
f 3701 3706 945
f 3705 3706 3701
f 237 3727 3703
f 3727 952 3729
f 3703 3729 946
f 3727 3729 3703
f 952 3728 3734
f 3728 240 3731
f 3734 3731 953
f 3728 3731 3734
f 946 3732 3704
f 3732 953 3730
f 3704 3730 238
f 3732 3730 3704
f 952 3734 3729
f 3734 953 3732
f 3729 3732 946
f 3734 3732 3729
f 231 3711 3724
f 3711 948 3726
f 3724 3726 951
f 3711 3726 3724
f 948 3712 3737
f 3712 239 3735
f 3737 3735 954
f 3712 3735 3737
f 951 3739 3725
f 3739 954 3736
f 3725 3736 240
f 3739 3736 3725
f 948 3737 3726
f 3737 954 3739
f 3726 3739 951
f 3737 3739 3726
f 217 3769 3748
f 3769 962 3772
f 3748 3772 957
f 3769 3772 3748
f 962 3770 3779
f 3770 242 3775
f 3779 3775 963
f 3770 3775 3779
f 957 3777 3749
f 3777 963 3774
f 3749 3774 241
f 3777 3774 3749
f 962 3779 3772
f 3779 963 3777
f 3772 3777 957
f 3779 3777 3772
f 217 3748 3500
f 3748 957 3750
f 3500 3750 893
f 3748 3750 3500
f 957 3749 3754
f 3749 241 3752
f 3754 3752 958
f 3749 3752 3754
f 893 3753 3501
f 3753 958 3751
f 3501 3751 218
f 3753 3751 3501
f 957 3754 3750
f 3754 958 3753
f 3750 3753 893
f 3754 3753 3750
f 229 3783 3797
f 3783 965 3800
f 3797 3800 969
f 3783 3800 3797
f 965 3784 3804
f 3784 243 3802
f 3804 3802 970
f 3784 3802 3804
f 969 3806 3798
f 3806 970 3803
f 3798 3803 245
f 3806 3803 3798
f 965 3804 3800
f 3804 970 3806
f 3800 3806 969
f 3804 3806 3800
f 206 3793 3814
f 3793 968 3817
f 3814 3817 973
f 3793 3817 3814
f 968 3794 3824
f 3794 245 3822
f 3824 3822 975
f 3794 3822 3824
f 973 3826 3815
f 3826 975 3823
f 3815 3823 246
f 3826 3823 3815
f 968 3824 3817
f 3824 975 3826
f 3817 3826 973
f 3824 3826 3817
f 244 3819 3807
f 3819 974 3821
f 3807 3821 971
f 3819 3821 3807
f 974 3820 3827
f 3820 246 3823
f 3827 3823 975
f 3820 3823 3827
f 971 3825 3808
f 3825 975 3822
f 3808 3822 245
f 3825 3822 3808
f 974 3827 3821
f 3827 975 3825
f 3821 3825 971
f 3827 3825 3821
f 243 3787 3802
f 3787 966 3805
f 3802 3805 970
f 3787 3805 3802
f 966 3788 3809
f 3788 244 3807
f 3809 3807 971
f 3788 3807 3809
f 970 3810 3803
f 3810 971 3808
f 3803 3808 245
f 3810 3808 3803
f 966 3809 3805
f 3809 971 3810
f 3805 3810 970
f 3809 3810 3805
f 244 3856 3830
f 3856 983 3859
f 3830 3859 977
f 3856 3859 3830
f 983 3857 3866
f 3857 248 3862
f 3866 3862 984
f 3857 3862 3866
f 977 3864 3831
f 3864 984 3861
f 3831 3861 247
f 3864 3861 3831
f 983 3866 3859
f 3866 984 3864
f 3859 3864 977
f 3866 3864 3859
f 243 3851 3787
f 3851 982 3854
f 3787 3854 966
f 3851 3854 3787
f 982 3852 3860
f 3852 248 3857
f 3860 3857 983
f 3852 3857 3860
f 966 3858 3788
f 3858 983 3856
f 3788 3856 244
f 3858 3856 3788
f 982 3860 3854
f 3860 983 3858
f 3854 3858 966
f 3860 3858 3854
f 231 3828 3841
f 3828 976 3844
f 3841 3844 980
f 3828 3844 3841
f 976 3829 3863
f 3829 247 3861
f 3863 3861 984
f 3829 3861 3863
f 980 3865 3842
f 3865 984 3862
f 3842 3862 248
f 3865 3862 3842
f 976 3863 3844
f 3863 984 3865
f 3844 3865 980
f 3863 3865 3844
f 231 3841 3633
f 3841 980 3843
f 3633 3843 928
f 3841 3843 3633
f 980 3842 3850
f 3842 248 3846
f 3850 3846 981
f 3842 3846 3850
f 928 3848 3634
f 3848 981 3845
f 3634 3845 232
f 3848 3845 3634
f 980 3850 3843
f 3850 981 3848
f 3843 3848 928
f 3850 3848 3843
f 218 4326 3518
f 4326 1091 4328
f 3518 4328 898
f 4326 4328 3518
f 1091 4327 4333
f 4327 271 4331
f 4333 4331 1092
f 4327 4331 4333
f 898 4332 3519
f 4332 1092 4330
f 3519 4330 220
f 4332 4330 3519
f 1091 4333 4328
f 4333 1092 4332
f 4328 4332 898
f 4333 4332 4328
f 220 4343 3526
f 4343 1095 4345
f 3526 4345 900
f 4343 4345 3526
f 1095 4344 4350
f 4344 272 4348
f 4350 4348 1096
f 4344 4348 4350
f 900 4349 3527
f 4349 1096 4347
f 3527 4347 221
f 4349 4347 3527
f 1095 4350 4345
f 4350 1096 4349
f 4345 4349 900
f 4350 4349 4345
f 221 4360 3572
f 4360 1099 4362
f 3572 4362 911
f 4360 4362 3572
f 1099 4361 4367
f 4361 273 4365
f 4367 4365 1100
f 4361 4365 4367
f 911 4366 3573
f 4366 1100 4364
f 3573 4364 224
f 4366 4364 3573
f 1099 4367 4362
f 4367 1100 4366
f 4362 4366 911
f 4367 4366 4362
f 231 3724 4374
f 3724 951 4376
f 4374 4376 1102
f 3724 4376 4374
f 951 3725 4379
f 3725 240 4377
f 4379 4377 1103
f 3725 4377 4379
f 1102 4380 4375
f 4380 1103 4378
f 4375 4378 274
f 4380 4378 4375
f 951 4379 4376
f 4379 1103 4380
f 4376 4380 1102
f 4379 4380 4376
f 224 4389 3646
f 4389 1106 4391
f 3646 4391 932
f 4389 4391 3646
f 1106 4390 4396
f 4390 275 4394
f 4396 4394 1107
f 4390 4394 4396
f 932 4395 3647
f 4395 1107 4393
f 3647 4393 234
f 4395 4393 3647
f 1106 4396 4391
f 4396 1107 4395
f 4391 4395 932
f 4396 4395 4391
f 234 4406 3671
f 4406 1110 4408
f 3671 4408 938
f 4406 4408 3671
f 1110 4407 4413
f 4407 276 4411
f 4413 4411 1111
f 4407 4411 4413
f 938 4412 3672
f 4412 1111 4410
f 3672 4410 236
f 4412 4410 3672
f 1110 4413 4408
f 4413 1111 4412
f 4408 4412 938
f 4413 4412 4408
f 237 4440 3727
f 4440 1118 4442
f 3727 4442 952
f 4440 4442 3727
f 1118 4441 4448
f 4441 278 4445
f 4448 4445 1119
f 4441 4445 4448
f 952 4446 3728
f 4446 1119 4444
f 3728 4444 240
f 4446 4444 3728
f 1118 4448 4442
f 4448 1119 4446
f 4442 4446 952
f 4448 4446 4442
f 236 4423 3678
f 4423 1114 4425
f 3678 4425 940
f 4423 4425 3678
f 1114 4424 4430
f 4424 277 4428
f 4430 4428 1115
f 4424 4428 4430
f 940 4429 3679
f 4429 1115 4427
f 3679 4427 237
f 4429 4427 3679
f 1114 4430 4425
f 4430 1115 4429
f 4425 4429 940
f 4430 4429 4425
f 218 3751 4316
f 3751 958 4318
f 4316 4318 1088
f 3751 4318 4316
f 958 3752 4321
f 3752 241 4319
f 4321 4319 1089
f 3752 4319 4321
f 1088 4322 4317
f 4322 1089 4320
f 4317 4320 270
f 4322 4320 4317
f 958 4321 4318
f 4321 1089 4322
f 4318 4322 1088
f 4321 4322 4318
f 244 4491 3819
f 4491 1129 4493
f 3819 4493 974
f 4491 4493 3819
f 1129 4492 4498
f 4492 281 4496
f 4498 4496 1130
f 4492 4496 4498
f 974 4497 3820
f 4497 1130 4495
f 3820 4495 246
f 4497 4495 3820
f 1129 4498 4493
f 4498 1130 4497
f 4493 4497 974
f 4498 4497 4493
f 244 3830 4484
f 3830 977 4486
f 4484 4486 1127
f 3830 4486 4484
f 977 3831 4489
f 3831 247 4487
f 4489 4487 1128
f 3831 4487 4489
f 1127 4490 4485
f 4490 1128 4488
f 4485 4488 280
f 4490 4488 4485
f 977 4489 4486
f 4489 1128 4490
f 4486 4490 1127
f 4489 4490 4486
f 231 4542 3828
f 4542 1141 4544
f 3828 4544 976
f 4542 4544 3828
f 1141 4543 4550
f 4543 284 4547
f 4550 4547 1142
f 4543 4547 4550
f 976 4548 3829
f 4548 1142 4546
f 3829 4546 247
f 4548 4546 3829
f 1141 4550 4544
f 4550 1142 4548
f 4544 4548 976
f 4550 4548 4544
f 158 3884 3880
f 3884 989 3887
f 3880 3887 988
f 3884 3887 3880
f 989 3885 3895
f 3885 250 3893
f 3895 3893 991
f 3885 3893 3895
f 988 3894 3881
f 3894 991 3892
f 3881 3892 249
f 3894 3892 3881
f 989 3895 3887
f 3895 991 3894
f 3887 3894 988
f 3895 3894 3887
f 160 3896 3888
f 3896 992 3899
f 3888 3899 990
f 3896 3899 3888
f 992 3897 3907
f 3897 251 3905
f 3907 3905 994
f 3897 3905 3907
f 990 3906 3889
f 3906 994 3904
f 3889 3904 250
f 3906 3904 3889
f 992 3907 3899
f 3907 994 3906
f 3899 3906 990
f 3907 3906 3899
f 162 3908 3900
f 3908 995 3911
f 3900 3911 993
f 3908 3911 3900
f 995 3909 3919
f 3909 252 3917
f 3919 3917 997
f 3909 3917 3919
f 993 3918 3901
f 3918 997 3916
f 3901 3916 251
f 3918 3916 3901
f 995 3919 3911
f 3919 997 3918
f 3911 3918 993
f 3919 3918 3911
f 165 3920 3912
f 3920 998 3923
f 3912 3923 996
f 3920 3923 3912
f 998 3921 3931
f 3921 253 3929
f 3931 3929 1000
f 3921 3929 3931
f 996 3930 3913
f 3930 1000 3928
f 3913 3928 252
f 3930 3928 3913
f 998 3931 3923
f 3931 1000 3930
f 3923 3930 996
f 3931 3930 3923
f 166 3932 3924
f 3932 1001 3935
f 3924 3935 999
f 3932 3935 3924
f 1001 3933 3943
f 3933 254 3941
f 3943 3941 1003
f 3933 3941 3943
f 999 3942 3925
f 3942 1003 3940
f 3925 3940 253
f 3942 3940 3925
f 1001 3943 3935
f 3943 1003 3942
f 3935 3942 999
f 3943 3942 3935
f 169 3944 3936
f 3944 1004 3947
f 3936 3947 1002
f 3944 3947 3936
f 1004 3945 3955
f 3945 255 3953
f 3955 3953 1006
f 3945 3953 3955
f 1002 3954 3937
f 3954 1006 3952
f 3937 3952 254
f 3954 3952 3937
f 1004 3955 3947
f 3955 1006 3954
f 3947 3954 1002
f 3955 3954 3947
f 170 3956 3948
f 3956 1007 3959
f 3948 3959 1005
f 3956 3959 3948
f 1007 3957 3967
f 3957 256 3965
f 3967 3965 1009
f 3957 3965 3967
f 1005 3966 3949
f 3966 1009 3964
f 3949 3964 255
f 3966 3964 3949
f 1007 3967 3959
f 3967 1009 3966
f 3959 3966 1005
f 3967 3966 3959
f 173 3968 3960
f 3968 1010 3971
f 3960 3971 1008
f 3968 3971 3960
f 1010 3969 3979
f 3969 257 3977
f 3979 3977 1012
f 3969 3977 3979
f 1008 3978 3961
f 3978 1012 3976
f 3961 3976 256
f 3978 3976 3961
f 1010 3979 3971
f 3979 1012 3978
f 3971 3978 1008
f 3979 3978 3971
f 180 3980 3972
f 3980 1013 3983
f 3972 3983 1011
f 3980 3983 3972
f 1013 3981 3991
f 3981 258 3989
f 3991 3989 1015
f 3981 3989 3991
f 1011 3990 3973
f 3990 1015 3988
f 3973 3988 257
f 3990 3988 3973
f 1013 3991 3983
f 3991 1015 3990
f 3983 3990 1011
f 3991 3990 3983
f 190 4144 3984
f 4144 1047 4147
f 3984 4147 1014
f 4144 4147 3984
f 1047 4145 4156
f 4145 260 4153
f 4156 4153 1049
f 4145 4153 4156
f 1014 4154 3985
f 4154 1049 4152
f 3985 4152 258
f 4154 4152 3985
f 1047 4156 4147
f 4156 1049 4154
f 4147 4154 1014
f 4156 4154 4147
f 193 4161 4148
f 4161 1051 4164
f 4148 4164 1048
f 4161 4164 4148
f 1051 4162 4176
f 4162 261 4173
f 4176 4173 1054
f 4162 4173 4176
f 1048 4174 4149
f 4174 1054 4172
f 4149 4172 260
f 4174 4172 4149
f 1051 4176 4164
f 4176 1054 4174
f 4164 4174 1048
f 4176 4174 4164
f 195 4178 4165
f 4178 1055 4181
f 4165 4181 1052
f 4178 4181 4165
f 1055 4179 4193
f 4179 262 4190
f 4193 4190 1058
f 4179 4190 4193
f 1052 4191 4166
f 4191 1058 4189
f 4166 4189 261
f 4191 4189 4166
f 1055 4193 4181
f 4193 1058 4191
f 4181 4191 1052
f 4193 4191 4181
f 196 4195 4182
f 4195 1059 4198
f 4182 4198 1056
f 4195 4198 4182
f 1059 4196 4210
f 4196 263 4207
f 4210 4207 1062
f 4196 4207 4210
f 1056 4208 4183
f 4208 1062 4206
f 4183 4206 262
f 4208 4206 4183
f 1059 4210 4198
f 4210 1062 4208
f 4198 4208 1056
f 4210 4208 4198
f 199 4212 4199
f 4212 1063 4215
f 4199 4215 1060
f 4212 4215 4199
f 1063 4213 4227
f 4213 264 4224
f 4227 4224 1066
f 4213 4224 4227
f 1060 4225 4200
f 4225 1066 4223
f 4200 4223 263
f 4225 4223 4200
f 1063 4227 4215
f 4227 1066 4225
f 4215 4225 1060
f 4227 4225 4215
f 201 4229 4216
f 4229 1067 4232
f 4216 4232 1064
f 4229 4232 4216
f 1067 4230 4244
f 4230 265 4241
f 4244 4241 1070
f 4230 4241 4244
f 1064 4242 4217
f 4242 1070 4240
f 4217 4240 264
f 4242 4240 4217
f 1067 4244 4232
f 4244 1070 4242
f 4232 4242 1064
f 4244 4242 4232
f 208 4272 4233
f 4272 1078 4275
f 4233 4275 1068
f 4272 4275 4233
f 1078 4273 4287
f 4273 268 4284
f 4287 4284 1081
f 4273 4284 4287
f 1068 4285 4234
f 4285 1081 4283
f 4234 4283 265
f 4285 4283 4234
f 1078 4287 4275
f 4287 1081 4285
f 4275 4285 1068
f 4287 4285 4275
f 204 4246 4289
f 4246 1071 4292
f 4289 4292 1082
f 4246 4292 4289
f 1071 4247 4304
f 4247 266 4302
f 4304 4302 1085
f 4247 4302 4304
f 1082 4306 4290
f 4306 1085 4303
f 4290 4303 269
f 4306 4303 4290
f 1071 4304 4292
f 4304 1085 4306
f 4292 4306 1082
f 4304 4306 4292
f 204 4250 4246
f 4250 1073 4253
f 4246 4253 1071
f 4250 4253 4246
f 1073 4251 4270
f 4251 267 4267
f 4270 4267 1077
f 4251 4267 4270
f 1071 4268 4247
f 4268 1077 4266
f 4247 4266 266
f 4268 4266 4247
f 1073 4270 4253
f 4270 1077 4268
f 4253 4268 1071
f 4270 4268 4253
f 210 4293 4276
f 4293 1083 4296
f 4276 4296 1079
f 4293 4296 4276
f 1083 4294 4312
f 4294 269 4309
f 4312 4309 1086
f 4294 4309 4312
f 1079 4310 4277
f 4310 1086 4308
f 4277 4308 268
f 4310 4308 4277
f 1083 4312 4296
f 4312 1086 4310
f 4296 4310 1079
f 4312 4310 4296
f 249 3892 4095
f 3892 991 4098
f 4095 4098 1037
f 3892 4098 4095
f 991 3893 4102
f 3893 250 4100
f 4102 4100 1038
f 3893 4100 4102
f 1037 4104 4096
f 4104 1038 4101
f 4096 4101 259
f 4104 4101 4096
f 991 4102 4098
f 4102 1038 4104
f 4098 4104 1037
f 4102 4104 4098
f 250 3904 4100
f 3904 994 4103
f 4100 4103 1038
f 3904 4103 4100
f 994 3905 4107
f 3905 251 4105
f 4107 4105 1039
f 3905 4105 4107
f 1038 4109 4101
f 4109 1039 4106
f 4101 4106 259
f 4109 4106 4101
f 994 4107 4103
f 4107 1039 4109
f 4103 4109 1038
f 4107 4109 4103
f 251 3916 4105
f 3916 997 4108
f 4105 4108 1039
f 3916 4108 4105
f 997 3917 4112
f 3917 252 4110
f 4112 4110 1040
f 3917 4110 4112
f 1039 4114 4106
f 4114 1040 4111
f 4106 4111 259
f 4114 4111 4106
f 997 4112 4108
f 4112 1040 4114
f 4108 4114 1039
f 4112 4114 4108
f 252 3928 4110
f 3928 1000 4113
f 4110 4113 1040
f 3928 4113 4110
f 1000 3929 4117
f 3929 253 4115
f 4117 4115 1041
f 3929 4115 4117
f 1040 4119 4111
f 4119 1041 4116
f 4111 4116 259
f 4119 4116 4111
f 1000 4117 4113
f 4117 1041 4119
f 4113 4119 1040
f 4117 4119 4113
f 253 3940 4115
f 3940 1003 4118
f 4115 4118 1041
f 3940 4118 4115
f 1003 3941 4122
f 3941 254 4120
f 4122 4120 1042
f 3941 4120 4122
f 1041 4124 4116
f 4124 1042 4121
f 4116 4121 259
f 4124 4121 4116
f 1003 4122 4118
f 4122 1042 4124
f 4118 4124 1041
f 4122 4124 4118
f 254 3952 4120
f 3952 1006 4123
f 4120 4123 1042
f 3952 4123 4120
f 1006 3953 4127
f 3953 255 4125
f 4127 4125 1043
f 3953 4125 4127
f 1042 4129 4121
f 4129 1043 4126
f 4121 4126 259
f 4129 4126 4121
f 1006 4127 4123
f 4127 1043 4129
f 4123 4129 1042
f 4127 4129 4123
f 255 3964 4125
f 3964 1009 4128
f 4125 4128 1043
f 3964 4128 4125
f 1009 3965 4132
f 3965 256 4130
f 4132 4130 1044
f 3965 4130 4132
f 1043 4134 4126
f 4134 1044 4131
f 4126 4131 259
f 4134 4131 4126
f 1009 4132 4128
f 4132 1044 4134
f 4128 4134 1043
f 4132 4134 4128
f 256 3976 4130
f 3976 1012 4133
f 4130 4133 1044
f 3976 4133 4130
f 1012 3977 4137
f 3977 257 4135
f 4137 4135 1045
f 3977 4135 4137
f 1044 4139 4131
f 4139 1045 4136
f 4131 4136 259
f 4139 4136 4131
f 1012 4137 4133
f 4137 1045 4139
f 4133 4139 1044
f 4137 4139 4133
f 257 3988 4135
f 3988 1015 4138
f 4135 4138 1045
f 3988 4138 4135
f 1015 3989 4142
f 3989 258 4140
f 4142 4140 1046
f 3989 4140 4142
f 1045 4143 4136
f 4143 1046 4141
f 4136 4141 259
f 4143 4141 4136
f 1015 4142 4138
f 4142 1046 4143
f 4138 4143 1045
f 4142 4143 4138
f 258 4152 4140
f 4152 1049 4155
f 4140 4155 1046
f 4152 4155 4140
f 1049 4153 4160
f 4153 260 4158
f 4160 4158 1050
f 4153 4158 4160
f 1046 4159 4141
f 4159 1050 4157
f 4141 4157 259
f 4159 4157 4141
f 1049 4160 4155
f 4160 1050 4159
f 4155 4159 1046
f 4160 4159 4155
f 259 4157 4169
f 4157 1050 4171
f 4169 4171 1053
f 4157 4171 4169
f 1050 4158 4175
f 4158 260 4172
f 4175 4172 1054
f 4158 4172 4175
f 1053 4177 4170
f 4177 1054 4173
f 4170 4173 261
f 4177 4173 4170
f 1050 4175 4171
f 4175 1054 4177
f 4171 4177 1053
f 4175 4177 4171
f 259 4509 4092
f 4509 1134 4511
f 4092 4511 1036
f 4509 4511 4092
f 1134 4510 4513
f 4510 282 4504
f 4513 4504 1132
f 4510 4504 4513
f 1036 4505 4091
f 4505 1132 4503
f 4091 4503 117
f 4505 4503 4091
f 1134 4513 4511
f 4513 1132 4505
f 4511 4505 1036
f 4513 4505 4511
f 259 4169 4186
f 4169 1053 4188
f 4186 4188 1057
f 4169 4188 4186
f 1053 4170 4192
f 4170 261 4189
f 4192 4189 1058
f 4170 4189 4192
f 1057 4194 4187
f 4194 1058 4190
f 4187 4190 262
f 4194 4190 4187
f 1053 4192 4188
f 4192 1058 4194
f 4188 4194 1057
f 4192 4194 4188
f 259 4186 4203
f 4186 1057 4205
f 4203 4205 1061
f 4186 4205 4203
f 1057 4187 4209
f 4187 262 4206
f 4209 4206 1062
f 4187 4206 4209
f 1061 4211 4204
f 4211 1062 4207
f 4204 4207 263
f 4211 4207 4204
f 1057 4209 4205
f 4209 1062 4211
f 4205 4211 1061
f 4209 4211 4205
f 259 4203 4220
f 4203 1061 4222
f 4220 4222 1065
f 4203 4222 4220
f 1061 4204 4226
f 4204 263 4223
f 4226 4223 1066
f 4204 4223 4226
f 1065 4228 4221
f 4228 1066 4224
f 4221 4224 264
f 4228 4224 4221
f 1061 4226 4222
f 4226 1066 4228
f 4222 4228 1065
f 4226 4228 4222
f 259 4220 4237
f 4220 1065 4239
f 4237 4239 1069
f 4220 4239 4237
f 1065 4221 4243
f 4221 264 4240
f 4243 4240 1070
f 4221 4240 4243
f 1069 4245 4238
f 4245 1070 4241
f 4238 4241 265
f 4245 4241 4238
f 1065 4243 4239
f 4243 1070 4245
f 4239 4245 1069
f 4243 4245 4239
f 259 4237 4280
f 4237 1069 4282
f 4280 4282 1080
f 4237 4282 4280
f 1069 4238 4286
f 4238 265 4283
f 4286 4283 1081
f 4238 4283 4286
f 1080 4288 4281
f 4288 1081 4284
f 4281 4284 268
f 4288 4284 4281
f 1069 4286 4282
f 4286 1081 4288
f 4282 4288 1080
f 4286 4288 4282
f 259 4280 4298
f 4280 1080 4301
f 4298 4301 1084
f 4280 4301 4298
f 1080 4281 4311
f 4281 268 4308
f 4311 4308 1086
f 4281 4308 4311
f 1084 4313 4299
f 4313 1086 4309
f 4299 4309 269
f 4313 4309 4299
f 1080 4311 4301
f 4311 1086 4313
f 4301 4313 1084
f 4311 4313 4301
f 259 4298 4248
f 4298 1084 4300
f 4248 4300 1072
f 4298 4300 4248
f 1084 4299 4307
f 4299 269 4303
f 4307 4303 1085
f 4299 4303 4307
f 1072 4305 4249
f 4305 1085 4302
f 4249 4302 266
f 4305 4302 4249
f 1084 4307 4300
f 4307 1085 4305
f 4300 4305 1072
f 4307 4305 4300
f 259 4248 4263
f 4248 1072 4265
f 4263 4265 1076
f 4248 4265 4263
f 1072 4249 4269
f 4249 266 4266
f 4269 4266 1077
f 4249 4266 4269
f 1076 4271 4264
f 4271 1077 4267
f 4264 4267 267
f 4271 4267 4264
f 1072 4269 4265
f 4269 1077 4271
f 4265 4271 1076
f 4269 4271 4265
f 259 4263 4509
f 4263 1076 4512
f 4509 4512 1134
f 4263 4512 4509
f 1076 4264 4517
f 4264 267 4514
f 4517 4514 1135
f 4264 4514 4517
f 1134 4519 4510
f 4519 1135 4515
f 4510 4515 282
f 4519 4515 4510
f 1076 4517 4512
f 4517 1135 4519
f 4512 4519 1134
f 4517 4519 4512
f 218 4316 4326
f 4316 1088 4329
f 4326 4329 1091
f 4316 4329 4326
f 1088 4317 4337
f 4317 270 4334
f 4337 4334 1093
f 4317 4334 4337
f 1091 4339 4327
f 4339 1093 4335
f 4327 4335 271
f 4339 4335 4327
f 1088 4337 4329
f 4337 1093 4339
f 4329 4339 1091
f 4337 4339 4329
f 220 4330 4343
f 4330 1092 4346
f 4343 4346 1095
f 4330 4346 4343
f 1092 4331 4354
f 4331 271 4351
f 4354 4351 1097
f 4331 4351 4354
f 1095 4356 4344
f 4356 1097 4352
f 4344 4352 272
f 4356 4352 4344
f 1092 4354 4346
f 4354 1097 4356
f 4346 4356 1095
f 4354 4356 4346
f 221 4347 4360
f 4347 1096 4363
f 4360 4363 1099
f 4347 4363 4360
f 1096 4348 4371
f 4348 272 4368
f 4371 4368 1101
f 4348 4368 4371
f 1099 4373 4361
f 4373 1101 4369
f 4361 4369 273
f 4373 4369 4361
f 1096 4371 4363
f 4371 1101 4373
f 4363 4373 1099
f 4371 4373 4363
f 236 4410 4423
f 4410 1111 4426
f 4423 4426 1114
f 4410 4426 4423
f 1111 4411 4434
f 4411 276 4431
f 4434 4431 1116
f 4411 4431 4434
f 1114 4436 4424
f 4436 1116 4432
f 4424 4432 277
f 4436 4432 4424
f 1111 4434 4426
f 4434 1116 4436
f 4426 4436 1114
f 4434 4436 4426
f 224 4364 4389
f 4364 1100 4392
f 4389 4392 1106
f 4364 4392 4389
f 1100 4365 4400
f 4365 273 4397
f 4400 4397 1108
f 4365 4397 4400
f 1106 4402 4390
f 4402 1108 4398
f 4390 4398 275
f 4402 4398 4390
f 1100 4400 4392
f 4400 1108 4402
f 4392 4402 1106
f 4400 4402 4392
f 234 4393 4406
f 4393 1107 4409
f 4406 4409 1110
f 4393 4409 4406
f 1107 4394 4417
f 4394 275 4414
f 4417 4414 1112
f 4394 4414 4417
f 1110 4419 4407
f 4419 1112 4415
f 4407 4415 276
f 4419 4415 4407
f 1107 4417 4409
f 4417 1112 4419
f 4409 4419 1110
f 4417 4419 4409
f 237 4427 4440
f 4427 1115 4443
f 4440 4443 1118
f 4427 4443 4440
f 1115 4428 4456
f 4428 277 4453
f 4456 4453 1121
f 4428 4453 4456
f 1118 4458 4441
f 4458 1121 4454
f 4441 4454 278
f 4458 4454 4441
f 1115 4456 4443
f 4456 1121 4458
f 4443 4458 1118
f 4456 4458 4443
f 240 4444 4377
f 4444 1119 4447
f 4377 4447 1103
f 4444 4447 4377
f 1119 4445 4452
f 4445 278 4450
f 4452 4450 1120
f 4445 4450 4452
f 1103 4451 4378
f 4451 1120 4449
f 4378 4449 274
f 4451 4449 4378
f 1119 4452 4447
f 4452 1120 4451
f 4447 4451 1103
f 4452 4451 4447
f 241 4473 4319
f 4473 1125 4476
f 4319 4476 1089
f 4473 4476 4319
f 1125 4474 4483
f 4474 279 4479
f 4483 4479 1126
f 4474 4479 4483
f 1089 4481 4320
f 4481 1126 4478
f 4320 4478 270
f 4481 4478 4320
f 1125 4483 4476
f 4483 1126 4481
f 4476 4481 1089
f 4483 4481 4476
f 246 4495 4528
f 4495 1130 4530
f 4528 4530 1138
f 4495 4530 4528
f 1130 4496 4534
f 4496 281 4532
f 4534 4532 1139
f 4496 4532 4534
f 1138 4535 4529
f 4535 1139 4533
f 4529 4533 283
f 4535 4533 4529
f 1130 4534 4530
f 4534 1139 4535
f 4530 4535 1138
f 4534 4535 4530
f 246 4506 4259
f 4506 1133 4508
f 4259 4508 1075
f 4506 4508 4259
f 1133 4507 4518
f 4507 282 4515
f 4518 4515 1135
f 4507 4515 4518
f 1075 4516 4260
f 4516 1135 4514
f 4260 4514 267
f 4516 4514 4260
f 1133 4518 4508
f 4518 1135 4516
f 4508 4516 1075
f 4518 4516 4508
f 246 4528 4506
f 4528 1138 4531
f 4506 4531 1133
f 4528 4531 4506
f 1138 4529 4541
f 4529 283 4537
f 4541 4537 1140
f 4529 4537 4541
f 1133 4539 4507
f 4539 1140 4536
f 4507 4536 282
f 4539 4536 4507
f 1138 4541 4531
f 4541 1140 4539
f 4531 4539 1133
f 4541 4539 4531
f 244 4484 4491
f 4484 1127 4494
f 4491 4494 1129
f 4484 4494 4491
f 1127 4485 4501
f 4485 280 4499
f 4501 4499 1131
f 4485 4499 4501
f 1129 4502 4492
f 4502 1131 4500
f 4492 4500 281
f 4502 4500 4492
f 1127 4501 4494
f 4501 1131 4502
f 4494 4502 1129
f 4501 4502 4494
f 247 4546 4487
f 4546 1142 4549
f 4487 4549 1128
f 4546 4549 4487
f 1142 4547 4558
f 4547 284 4556
f 4558 4556 1144
f 4547 4556 4558
f 1128 4557 4488
f 4557 1144 4555
f 4488 4555 280
f 4557 4555 4488
f 1142 4558 4549
f 4558 1144 4557
f 4549 4557 1128
f 4558 4557 4549
f 231 4374 4542
f 4374 1102 4545
f 4542 4545 1141
f 4374 4545 4542
f 1102 4375 4553
f 4375 274 4551
f 4553 4551 1143
f 4375 4551 4553
f 1141 4554 4543
f 4554 1143 4552
f 4543 4552 284
f 4554 4552 4543
f 1102 4553 4545
f 4553 1143 4554
f 4545 4554 1141
f 4553 4554 4545
f 282 4536 4504
f 4536 1140 4538
f 4504 4538 1132
f 4536 4538 4504
f 1140 4537 4540
f 4537 283 4521
f 4540 4521 1136
f 4537 4521 4540
f 1132 4523 4503
f 4523 1136 4520
f 4503 4520 117
f 4523 4520 4503
f 1140 4540 4538
f 4540 1136 4523
f 4538 4523 1132
f 4540 4523 4538

