# https://github.com/mikedh/trimesh
v -0.02000000 -0.02000000 0.00000000
v -0.01011200 -0.00217500 0.00400000
v -0.00253376 -0.01265033 0.00250000
v -0.00415493 -0.01131986 0.00250000
v -0.00380070 -0.01171070 0.00250000
v -0.00446915 -0.01089619 0.00250000
v -0.00474033 -0.01044376 0.00250000
v -0.00340986 -0.01206493 0.00250000
v -0.00298619 -0.01237915 0.00250000
v -0.00205692 -0.01287585 0.00250000
v -0.00156028 -0.01305355 0.00250000
v -0.00104861 -0.01318172 0.00250000
v -0.00052684 -0.01325912 0.00250000
v -0.00514355 -0.00947028 0.00250000
v -0.00527172 -0.00895861 0.00250000
v -0.00534912 -0.00843684 0.00250000
v -0.00537500 -0.00791000 0.00250000
v -0.00534912 -0.00738316 0.00250000
v -0.00527172 -0.00686139 0.00250000
v -0.00514355 -0.00634972 0.00250000
v -0.00496585 -0.00996692 0.00250000
v -0.00496585 -0.00585308 0.00250000
v -0.00474033 -0.00537624 0.00250000
v -0.00446915 -0.00492381 0.00250000
v -0.00415493 -0.00450014 0.00250000
v -0.00380070 -0.00410930 0.00250000
v -0.00340986 -0.00375507 0.00250000
v -0.00298619 -0.00344085 0.00250000
v -0.00253376 -0.00316967 0.00250000
v -0.00205692 -0.00294415 0.00250000
v -0.00156028 -0.00276645 0.00250000
v -0.00104861 -0.00263828 0.00250000
v -0.00052684 -0.00256088 0.00250000
v -0.00258800 -0.00217500 0.00400000
v -0.02000000 -0.02000000 0.02200000
v -0.01117867 -0.00324167 0.02200000
v -0.01011200 -0.00217500 0.02040000
v -0.00535605 -0.01148880 0.02200000
v -0.00568104 -0.01094658 0.02200000
v -0.00595132 -0.01037512 0.02200000
v -0.00253376 -0.01265033 0.02040000
v -0.00408655 -0.01288948 0.02200000
v -0.00357880 -0.01326605 0.02200000
v -0.00303658 -0.01359104 0.02200000
v -0.00415493 -0.01131986 0.02040000
v -0.00380070 -0.01171070 0.02040000
v -0.00446915 -0.01089619 0.02040000
v -0.00474033 -0.01044376 0.02040000
v -0.00340986 -0.01206493 0.02040000
v -0.00298619 -0.01237915 0.02040000
v -0.00497948 -0.01199655 0.02200000
v -0.00455495 -0.01246495 0.02200000
v -0.00205692 -0.01287585 0.02040000
v -0.00156028 -0.01305355 0.02040000
v -0.00104861 -0.01318172 0.02040000
v -0.00052684 -0.01325912 0.02040000
v -0.00246512 -0.01386132 0.02200000
v -0.00186992 -0.01407429 0.02200000
v -0.00125671 -0.01422789 0.02200000
v -0.00063139 -0.01432065 0.02200000
v -0.00514355 -0.00947028 0.02040000
v -0.00527172 -0.00895861 0.02040000
v -0.00534912 -0.00843684 0.02040000
v -0.00537500 -0.00791000 0.02040000
v -0.00631789 -0.00916671 0.02200000
v -0.00641065 -0.00854139 0.02200000
v -0.00644167 -0.00791000 0.02200000
v -0.00616429 -0.00977992 0.02200000
v -0.00534912 -0.00738316 0.02040000
v -0.00527172 -0.00686139 0.02040000
v -0.00514355 -0.00634972 0.02040000
v -0.00641065 -0.00727861 0.02200000
v -0.00631789 -0.00665329 0.02200000
v -0.00616429 -0.00604008 0.02200000
v -0.00595132 -0.00544488 0.02200000
v -0.00568104 -0.00487342 0.02200000
v -0.00535605 -0.00433120 0.02200000
v -0.00496585 -0.00996692 0.02040000
v -0.00496585 -0.00585308 0.02040000
v -0.00474033 -0.00537624 0.02040000
v -0.00446915 -0.00492381 0.02040000
v -0.00415493 -0.00450014 0.02040000
v -0.00380070 -0.00410930 0.02040000
v -0.00340986 -0.00375507 0.02040000
v -0.00298619 -0.00344085 0.02040000
v -0.00253376 -0.00316967 0.02040000
v -0.00497948 -0.00382345 0.02200000
v -0.00455495 -0.00335505 0.02200000
v -0.00442984 -0.00324167 0.02200000
v -0.00397522 -0.00306618 0.02173677
v -0.00304286 -0.00277553 0.02130079
v -0.00278291 -0.00270354 0.02119281
v -0.00356272 -0.00292982 0.02153222
v -0.00337018 -0.00286617 0.02143675
v -0.00258800 -0.00217500 0.02040000
v -0.00205692 -0.00294415 0.02040000
v -0.00156028 -0.00276645 0.02040000
v -0.00104861 -0.00263828 0.02040000
v -0.00052684 -0.00256088 0.02040000
v -0.00245138 -0.00262905 0.02108107
v -0.00220992 -0.00257479 0.02099969
v -0.00219142 -0.00257158 0.02099487
v -0.00179149 -0.00200424 0.02159476
v -0.00152133 -0.00165839 0.02200000
v -0.00125671 -0.00159211 0.02200000
v -0.00063139 -0.00149935 0.02200000
v -0.02000000 0.02000000 0.00000000
v -0.01011200 0.01017500 0.00400000
v -0.00258800 0.01017500 0.00400000
v -0.02000000 0.02000000 0.02200000
v -0.01011200 0.01017500 0.02040000
v -0.01117867 0.01124167 0.02200000
v -0.00258800 0.01017500 0.02040000
v -0.00152133 0.01124167 0.02200000
v -0.00000000 -0.01328500 0.00250000
v 0.00052684 -0.01325912 0.00250000
v 0.00104861 -0.01318172 0.00250000
v 0.00156028 -0.01305355 0.00250000
v 0.00205692 -0.01287585 0.00250000
v 0.00253376 -0.01265033 0.00250000
v 0.00298619 -0.01237915 0.00250000
v 0.00340986 -0.01206493 0.00250000
v 0.00380070 -0.01171070 0.00250000
v 0.00415493 -0.01131986 0.00250000
v 0.00446915 -0.01089619 0.00250000
v 0.00474033 -0.01044376 0.00250000
v 0.00000000 -0.00791000 0.00250000
v 0.00496585 -0.00996692 0.00250000
v 0.00496585 -0.00585308 0.00250000
v 0.00474033 -0.00537624 0.00250000
v 0.00000000 -0.00253500 0.00250000
v 0.00052684 -0.00256088 0.00250000
v 0.00104861 -0.00263828 0.00250000
v 0.00156028 -0.00276645 0.00250000
v 0.00205692 -0.00294415 0.00250000
v 0.00340986 -0.00375507 0.00250000
v 0.00253376 -0.00316967 0.00250000
v 0.00298619 -0.00344085 0.00250000
v 0.00415493 -0.00450014 0.00250000
v 0.00380070 -0.00410930 0.00250000
v 0.00446915 -0.00492381 0.00250000
v 0.00258800 -0.00217500 0.00400000
v 0.00514355 -0.00947028 0.00250000
v 0.00527172 -0.00895861 0.00250000
v 0.00534912 -0.00843684 0.00250000
v 0.00537500 -0.00791000 0.00250000
v 0.00534912 -0.00738316 0.00250000
v 0.00527172 -0.00686139 0.00250000
v 0.00514355 -0.00634972 0.00250000
v 0.02000000 -0.02000000 0.00000000
v 0.01011200 -0.00217500 0.00400000
v -0.00000000 -0.01328500 0.02040000
v 0.00052684 -0.01325912 0.02040000
v 0.00104861 -0.01318172 0.02040000
v 0.00156028 -0.01305355 0.02040000
v 0.00205692 -0.01287585 0.02040000
v -0.00000000 -0.01435167 0.02200000
v 0.00063139 -0.01432065 0.02200000
v 0.00125671 -0.01422789 0.02200000
v 0.00186992 -0.01407429 0.02200000
v 0.00246512 -0.01386132 0.02200000
v 0.00253376 -0.01265033 0.02040000
v 0.00303658 -0.01359104 0.02200000
v 0.00357880 -0.01326605 0.02200000
v 0.00408655 -0.01288948 0.02200000
v 0.00298619 -0.01237915 0.02040000
v 0.00340986 -0.01206493 0.02040000
v 0.00380070 -0.01171070 0.02040000
v 0.00415493 -0.01131986 0.02040000
v 0.00446915 -0.01089619 0.02040000
v 0.00474033 -0.01044376 0.02040000
v 0.00455495 -0.01246495 0.02200000
v 0.00497948 -0.01199655 0.02200000
v 0.00535605 -0.01148880 0.02200000
v 0.00568104 -0.01094658 0.02200000
v 0.00595132 -0.01037512 0.02200000
v 0.00496585 -0.00996692 0.02040000
v 0.00496585 -0.00585308 0.02040000
v 0.00474033 -0.00537624 0.02040000
v 0.00000000 -0.00253500 0.02040000
v 0.00052684 -0.00256088 0.02040000
v 0.00104861 -0.00263828 0.02040000
v 0.00156028 -0.00276645 0.02040000
v 0.00205692 -0.00294415 0.02040000
v 0.00219142 -0.00257158 0.02099487
v 0.00220992 -0.00257479 0.02099969
v 0.00000000 -0.00146833 0.02200000
v 0.00063139 -0.00149935 0.02200000
v 0.00179149 -0.00200424 0.02159476
v 0.00125671 -0.00159211 0.02200000
v 0.00152133 -0.00165839 0.02200000
v 0.00340986 -0.00375507 0.02040000
v 0.00253376 -0.00316967 0.02040000
v 0.00298619 -0.00344085 0.02040000
v 0.00415493 -0.00450014 0.02040000
v 0.00380070 -0.00410930 0.02040000
v 0.00446915 -0.00492381 0.02040000
v 0.00252684 -0.00264600 0.02110650
v 0.00278291 -0.00270354 0.02119281
v 0.00311154 -0.00279455 0.02132932
v 0.00337018 -0.00286617 0.02143675
v 0.00497948 -0.00382345 0.02200000
v 0.00381335 -0.00301267 0.02165650
v 0.00397522 -0.00306618 0.02173677
v 0.00408941 -0.00311026 0.02180289
v 0.00442984 -0.00324167 0.02200000
v 0.00455495 -0.00335505 0.02200000
v 0.00258800 -0.00217500 0.02040000
v 0.00514355 -0.00947028 0.02040000
v 0.00527172 -0.00895861 0.02040000
v 0.00534912 -0.00843684 0.02040000
v 0.00537500 -0.00791000 0.02040000
v 0.00616429 -0.00977992 0.02200000
v 0.00631789 -0.00916671 0.02200000
v 0.00641065 -0.00854139 0.02200000
v 0.00644167 -0.00791000 0.02200000
v 0.00534912 -0.00738316 0.02040000
v 0.00527172 -0.00686139 0.02040000
v 0.00514355 -0.00634972 0.02040000
v 0.00616429 -0.00604008 0.02200000
v 0.00595132 -0.00544488 0.02200000
v 0.00641065 -0.00727861 0.02200000
v 0.00631789 -0.00665329 0.02200000
v 0.00535605 -0.00433120 0.02200000
v 0.00568104 -0.00487342 0.02200000
v 0.02000000 -0.02000000 0.02200000
v 0.01117867 -0.00324167 0.02200000
v 0.01011200 -0.00217500 0.02040000
v 0.00258800 0.01017500 0.00400000
v 0.01011200 0.01017500 0.00400000
v 0.02000000 0.02000000 0.00000000
v 0.00152133 0.01124167 0.02200000
v 0.00258800 0.01017500 0.02040000
v 0.01011200 0.01017500 0.02040000
v 0.01117867 0.01124167 0.02200000
v 0.02000000 0.02000000 0.02200000
v -0.00397782 -0.01151528 0.00250000
v -0.00431204 -0.01110803 0.00250000
v -0.00460474 -0.01066997 0.00250000
v -0.00360528 -0.01188781 0.00250000
v -0.00275997 -0.01251474 0.00250000
v -0.00319803 -0.01222204 0.00250000
v -0.00229534 -0.01276309 0.00250000
v -0.00180860 -0.01296470 0.00250000
v -0.00130445 -0.01311764 0.00250000
v -0.00078773 -0.01322042 0.00250000
v -0.00520764 -0.00921445 0.00250000
v -0.00531042 -0.00869773 0.00250000
v -0.00536206 -0.00817342 0.00250000
v -0.00536206 -0.00764658 0.00250000
v -0.00531042 -0.00712227 0.00250000
v -0.00520764 -0.00660555 0.00250000
v -0.00485309 -0.01020534 0.00250000
v -0.00505470 -0.00971860 0.00250000
v -0.00505470 -0.00610140 0.00250000
v -0.00485309 -0.00561466 0.00250000
v -0.00460474 -0.00515003 0.00250000
v -0.00431204 -0.00471197 0.00250000
v -0.00397782 -0.00430472 0.00250000
v -0.00360528 -0.00393218 0.00250000
v -0.00319803 -0.00359796 0.00250000
v -0.00275997 -0.00330526 0.00250000
v -0.00229534 -0.00305691 0.00250000
v -0.00180860 -0.00285530 0.00250000
v -0.00130445 -0.00270236 0.00250000
v -0.00078773 -0.00259958 0.00250000
v -0.00635000 -0.00217500 0.00400000
v -0.02000000 -0.02000000 0.01100000
v -0.01558933 -0.01162083 0.02200000
v -0.01011200 -0.00217500 0.01220000
v -0.00635000 -0.00217500 0.01220000
v -0.01064533 -0.00270833 0.02120000
v -0.01267802 -0.01574440 0.02200000
v -0.01284052 -0.01547329 0.02200000
v -0.00551855 -0.01121769 0.02200000
v -0.01297566 -0.01518756 0.02200000
v -0.00581618 -0.01066085 0.02200000
v -0.00253376 -0.01265033 0.01145000
v -0.00229534 -0.01276309 0.01145000
v -0.01204327 -0.01644474 0.02200000
v -0.01178940 -0.01663303 0.02200000
v -0.00383267 -0.01307776 0.02200000
v -0.01151829 -0.01679552 0.02200000
v -0.00278517 -0.01312068 0.02120000
v -0.00330769 -0.01342855 0.02200000
v -0.00415493 -0.01131986 0.01145000
v -0.00397782 -0.01151528 0.01145000
v -0.00380070 -0.01171070 0.01145000
v -0.00360528 -0.01188781 0.01145000
v -0.00394362 -0.01230009 0.02120000
v -0.00397782 -0.01151528 0.02040000
v -0.00431204 -0.01110803 0.01145000
v -0.00446915 -0.01089619 0.01145000
v -0.00491260 -0.01119249 0.02120000
v -0.00431204 -0.01110803 0.02040000
v -0.00460474 -0.01066997 0.01145000
v -0.00474033 -0.01044376 0.01145000
v -0.00504819 -0.01096628 0.02120000
v -0.00521068 -0.01069517 0.02120000
v -0.00460474 -0.01066997 0.02040000
v -0.00340986 -0.01206493 0.01145000
v -0.00319803 -0.01222204 0.01145000
v -0.00374821 -0.01247720 0.02120000
v -0.00349433 -0.01266549 0.02120000
v -0.00360528 -0.01188781 0.02040000
v -0.00275997 -0.01251474 0.01145000
v -0.00298619 -0.01237915 0.01145000
v -0.00275997 -0.01251474 0.02040000
v -0.00328249 -0.01282260 0.02120000
v -0.00301139 -0.01298510 0.02120000
v -0.00319803 -0.01222204 0.02040000
v -0.01248974 -0.01599827 0.02200000
v -0.00516776 -0.01174267 0.02200000
v -0.00456720 -0.01165821 0.02120000
v -0.00472431 -0.01144637 0.02120000
v -0.01227747 -0.01623247 0.02200000
v -0.00432075 -0.01267721 0.02200000
v -0.00435494 -0.01189241 0.02120000
v -0.00417782 -0.01208782 0.02120000
v -0.00476721 -0.01223075 0.02200000
v -0.00205692 -0.01287585 0.01145000
v -0.00180860 -0.01296470 0.01145000
v -0.00229534 -0.01276309 0.02040000
v -0.00156028 -0.01305355 0.01145000
v -0.00130445 -0.01311764 0.01145000
v -0.00180860 -0.01296470 0.02040000
v -0.00104861 -0.01318172 0.01145000
v -0.00078773 -0.01322042 0.01145000
v -0.00130445 -0.01311764 0.02040000
v -0.00052684 -0.01325912 0.01145000
v -0.00078773 -0.01322042 0.02040000
v -0.01123256 -0.01693066 0.02200000
v -0.00249944 -0.01325583 0.02120000
v -0.00275085 -0.01372618 0.02200000
v -0.00226102 -0.01336859 0.02120000
v -0.01093496 -0.01703715 0.02200000
v -0.00196342 -0.01347507 0.02120000
v -0.00171510 -0.01356392 0.02120000
v -0.00216752 -0.01396781 0.02200000
v -0.00140849 -0.01364072 0.02120000
v -0.00115266 -0.01370481 0.02120000
v -0.00156331 -0.01415109 0.02200000
v -0.00084000 -0.01375118 0.02120000
v -0.00057912 -0.01378988 0.02120000
v -0.00094405 -0.01427427 0.02200000
v -0.00514355 -0.00947028 0.01145000
v -0.00505470 -0.00971860 0.01145000
v -0.00554744 -0.00992270 0.02120000
v -0.00520764 -0.00921445 0.01145000
v -0.00527172 -0.00895861 0.01145000
v -0.00520764 -0.00921445 0.02040000
v -0.00531042 -0.00869773 0.01145000
v -0.00534912 -0.00843684 0.01145000
v -0.00531042 -0.00869773 0.02040000
v -0.00536206 -0.00817342 0.01145000
v -0.00537500 -0.00791000 0.01145000
v -0.00536206 -0.00817342 0.02040000
v -0.01315895 -0.01458335 0.02200000
v -0.00579481 -0.00906266 0.02120000
v -0.00583350 -0.00880177 0.02120000
v -0.01320532 -0.01427070 0.02200000
v -0.00587988 -0.00848912 0.02120000
v -0.00589282 -0.00822570 0.02120000
v -0.00636427 -0.00885405 0.02200000
v -0.01322083 -0.01395500 0.02200000
v -0.00590833 -0.00791000 0.02120000
v -0.00642616 -0.00822570 0.02200000
v -0.01308214 -0.01488996 0.02200000
v -0.00605781 -0.01007752 0.02200000
v -0.00565392 -0.00962510 0.02120000
v -0.00571801 -0.00936926 0.02120000
v -0.00624109 -0.00947331 0.02200000
v -0.00536206 -0.00764658 0.01145000
v -0.00534912 -0.00738316 0.01145000
v -0.00536206 -0.00764658 0.02040000
v -0.00589539 -0.00764658 0.02120000
v -0.00531042 -0.00712227 0.01145000
v -0.00527172 -0.00686139 0.01145000
v -0.00531042 -0.00712227 0.02040000
v -0.00520764 -0.00660555 0.01145000
v -0.00514355 -0.00634972 0.01145000
v -0.00520764 -0.00660555 0.02040000
v -0.01320532 -0.01363930 0.02200000
v -0.00642616 -0.00759430 0.02200000
v -0.00587988 -0.00733088 0.02120000
v -0.00584118 -0.00707000 0.02120000
v -0.01315895 -0.01332665 0.02200000
v -0.00579481 -0.00675734 0.02120000
v -0.00573072 -0.00650151 0.02120000
v -0.00636427 -0.00696595 0.02200000
v -0.01308214 -0.01302004 0.02200000
v -0.00867148 -0.00464087 0.02200000
v -0.00565392 -0.00619490 0.02120000
v -0.00624109 -0.00634669 0.02200000
v -0.00856499 -0.00434327 0.02200000
v -0.00605781 -0.00574248 0.02200000
v -0.00842985 -0.00405754 0.02200000
v -0.00581618 -0.00515915 0.02200000
v -0.00826736 -0.00378643 0.02200000
v -0.00551855 -0.00460231 0.02200000
v -0.00485309 -0.01020534 0.01145000
v -0.00496585 -0.00996692 0.01145000
v -0.00532345 -0.01045675 0.02120000
v -0.00545859 -0.01017102 0.02120000
v -0.00485309 -0.01020534 0.02040000
v -0.00505470 -0.00971860 0.02040000
v -0.00505470 -0.00610140 0.01145000
v -0.00496585 -0.00585308 0.01145000
v -0.00505470 -0.00610140 0.02040000
v -0.00556507 -0.00594658 0.02120000
v -0.00545859 -0.00564898 0.02120000
v -0.00485309 -0.00561466 0.01145000
v -0.00474033 -0.00537624 0.01145000
v -0.00534583 -0.00541056 0.02120000
v -0.00521068 -0.00512483 0.02120000
v -0.00485309 -0.00561466 0.02040000
v -0.00460474 -0.00515003 0.01145000
v -0.00446915 -0.00492381 0.01145000
v -0.00507510 -0.00489861 0.02120000
v -0.00491260 -0.00462751 0.02120000
v -0.00460474 -0.00515003 0.02040000
v -0.00431204 -0.00471197 0.01145000
v -0.00415493 -0.00450014 0.01145000
v -0.00475549 -0.00441567 0.02120000
v -0.00431204 -0.00471197 0.02040000
v -0.00397782 -0.00430472 0.01145000
v -0.00380070 -0.00410930 0.01145000
v -0.00397782 -0.00430472 0.02040000
v -0.00360528 -0.00393218 0.01145000
v -0.00340986 -0.00375507 0.01145000
v -0.00360528 -0.00393218 0.02040000
v -0.00319803 -0.00359796 0.01145000
v -0.00298619 -0.00344085 0.01145000
v -0.00319803 -0.00359796 0.02040000
v -0.00275997 -0.00330526 0.01145000
v -0.00253376 -0.00316967 0.01145000
v -0.00275997 -0.00330526 0.02040000
v -0.00807907 -0.00353256 0.02200000
v -0.00516776 -0.00407733 0.02200000
v -0.00456720 -0.00416179 0.02120000
v -0.00439009 -0.00396638 0.02120000
v -0.00786681 -0.00329836 0.02200000
v -0.00417782 -0.00373218 0.02120000
v -0.00398240 -0.00355506 0.02120000
v -0.00476721 -0.00358925 0.02200000
v -0.00780425 -0.00324167 0.02200000
v -0.00449239 -0.00329836 0.02200000
v -0.00757694 -0.00315392 0.02186838
v -0.00369254 -0.00341062 0.02106838
v -0.00426508 -0.00321062 0.02186838
v -0.00420253 -0.00315392 0.02186838
v -0.00711076 -0.00300860 0.02165039
v -0.00301453 -0.00310819 0.02085039
v -0.00698079 -0.00297260 0.02159641
v -0.00288455 -0.00307220 0.02079641
v -0.00265833 -0.00293661 0.02079641
v -0.00291289 -0.00273953 0.02124680
v -0.00737069 -0.00308574 0.02176611
v -0.00348629 -0.00334244 0.02096611
v -0.00376897 -0.00299800 0.02163450
v -0.00727442 -0.00305392 0.02171838
v -0.00339002 -0.00331062 0.02091838
v -0.00317819 -0.00315351 0.02091838
v -0.00320652 -0.00282085 0.02136877
v -0.00346645 -0.00289799 0.02148449
v -0.00258800 -0.00217500 0.01220000
v -0.00688333 -0.00270833 0.02120000
v -0.00635000 -0.00217500 0.02040000
v -0.00268546 -0.00243927 0.02079641
v -0.00229534 -0.00305691 0.01145000
v -0.00205692 -0.00294415 0.01145000
v -0.00229534 -0.00305691 0.02040000
v -0.00180860 -0.00285530 0.01145000
v -0.00156028 -0.00276645 0.01145000
v -0.00180860 -0.00285530 0.02040000
v -0.00130445 -0.00270236 0.01145000
v -0.00104861 -0.00263828 0.01145000
v -0.00130445 -0.00270236 0.02040000
v -0.00078773 -0.00259958 0.01145000
v -0.00052684 -0.00256088 0.01145000
v -0.00078773 -0.00259958 0.02040000
v -0.00249257 -0.00289936 0.02074053
v -0.00261715 -0.00266629 0.02113694
v -0.00251969 -0.00240202 0.02074053
v -0.00225415 -0.00278660 0.02074053
v -0.00239896 -0.00237489 0.02069984
v -0.00213342 -0.00275947 0.02069984
v -0.00233065 -0.00260192 0.02104038
v -0.00238971 -0.00237329 0.02069743
v -0.00212417 -0.00275786 0.02069743
v -0.00220067 -0.00257318 0.02099728
v -0.00218975 -0.00208962 0.02099738
v -0.00192421 -0.00247419 0.02099738
v -0.00167589 -0.00238534 0.02099738
v -0.00199146 -0.00228791 0.02129481
v -0.00205467 -0.00191670 0.02120000
v -0.00154081 -0.00221242 0.02120000
v -0.00128497 -0.00214834 0.02120000
v -0.00165641 -0.00183132 0.02179738
v -0.00115266 -0.00211519 0.02120000
v -0.00089177 -0.00207650 0.02120000
v -0.00138902 -0.00162525 0.02200000
v -0.00057912 -0.00203012 0.02120000
v -0.00094405 -0.00154573 0.02200000
v -0.02000000 0.00000000 0.00000000
v -0.01011200 0.00400000 0.00400000
v -0.00635000 0.00400000 0.00400000
v -0.00258800 0.00400000 0.00400000
v -0.00258800 0.00400000 0.01220000
v -0.00635000 0.01017500 0.00400000
v -0.02000000 0.00000000 0.01100000
v -0.02000000 0.00000000 0.02200000
v -0.01558933 0.00837917 0.02200000
v -0.02000000 0.02000000 0.01100000
v -0.01011200 0.00400000 0.01220000
v -0.01011200 0.00400000 0.02040000
v -0.01011200 0.01017500 0.01220000
v -0.01117867 0.00400000 0.02200000
v -0.01064533 0.00453333 0.02120000
v -0.01558933 0.01562083 0.02200000
v -0.01064533 0.01070833 0.02120000
v -0.00258800 0.00400000 0.02040000
v -0.00205467 0.00425830 0.02120000
v -0.00635000 0.01017500 0.01220000
v -0.00258800 0.01017500 0.01220000
v -0.00635000 0.01017500 0.02040000
v -0.00152133 0.00479164 0.02200000
v -0.01076067 0.01562083 0.02200000
v -0.00581667 0.01070833 0.02120000
v -0.00635000 0.01124167 0.02200000
v -0.00205467 0.01070833 0.02120000
v -0.00026342 -0.01327206 0.00250000
v -0.00026342 -0.01327206 0.01145000
v 0.00026342 -0.01327206 0.00250000
v 0.00078773 -0.01322042 0.00250000
v 0.00130445 -0.01311764 0.00250000
v 0.00180860 -0.01296470 0.00250000
v 0.00229534 -0.01276309 0.00250000
v 0.00275997 -0.01251474 0.00250000
v 0.00319803 -0.01222204 0.00250000
v 0.00360528 -0.01188781 0.00250000
v 0.00397782 -0.01151528 0.00250000
v 0.00431204 -0.01110803 0.00250000
v 0.00460474 -0.01066997 0.00250000
v -0.00126688 -0.01028016 0.00250000
v -0.00207747 -0.00961493 0.00250000
v -0.00190035 -0.00981035 0.00250000
v -0.00223457 -0.00940309 0.00250000
v -0.00237016 -0.00917688 0.00250000
v -0.00170493 -0.00998747 0.00250000
v -0.00149310 -0.01014457 0.00250000
v -0.00102846 -0.01039293 0.00250000
v -0.00078014 -0.01048178 0.00250000
v -0.00052431 -0.01054586 0.00250000
v -0.00026342 -0.01058456 0.00250000
v -0.00257178 -0.00869014 0.00250000
v -0.00263586 -0.00843431 0.00250000
v -0.00267456 -0.00817342 0.00250000
v -0.00268750 -0.00791000 0.00250000
v -0.00267456 -0.00764658 0.00250000
v -0.00263586 -0.00738569 0.00250000
v -0.00257178 -0.00712986 0.00250000
v -0.00248293 -0.00893846 0.00250000
v -0.00248293 -0.00688154 0.00250000
v -0.00237016 -0.00664312 0.00250000
v -0.00223457 -0.00641690 0.00250000
v -0.00207747 -0.00620507 0.00250000
v -0.00190035 -0.00600965 0.00250000
v -0.00170493 -0.00583253 0.00250000
v -0.00149310 -0.00567543 0.00250000
v -0.00126688 -0.00553984 0.00250000
v -0.00102846 -0.00542707 0.00250000
v -0.00078014 -0.00533822 0.00250000
v -0.00052431 -0.00527414 0.00250000
v -0.00026342 -0.00523544 0.00250000
v -0.00000000 -0.01059750 0.00250000
v 0.00026342 -0.01058456 0.00250000
v 0.00052431 -0.01054586 0.00250000
v 0.00078014 -0.01048178 0.00250000
v 0.00102846 -0.01039293 0.00250000
v 0.00126688 -0.01028016 0.00250000
v 0.00149310 -0.01014457 0.00250000
v 0.00170493 -0.00998747 0.00250000
v 0.00190035 -0.00981035 0.00250000
v 0.00207747 -0.00961493 0.00250000
v 0.00223457 -0.00940309 0.00250000
v 0.00237016 -0.00917688 0.00250000
v 0.00485309 -0.01020534 0.00250000
v 0.00248293 -0.00893846 0.00250000
v 0.00248293 -0.00688154 0.00250000
v 0.00237016 -0.00664312 0.00250000
v 0.00485309 -0.00561466 0.00250000
v -0.00026342 -0.00254794 0.00250000
v 0.00000000 -0.00522250 0.00250000
v 0.00026342 -0.00523544 0.00250000
v 0.00026342 -0.00254794 0.00250000
v 0.00052431 -0.00527414 0.00250000
v 0.00078773 -0.00259958 0.00250000
v 0.00078014 -0.00533822 0.00250000
v 0.00130445 -0.00270236 0.00250000
v 0.00102846 -0.00542707 0.00250000
v 0.00180860 -0.00285530 0.00250000
v 0.00170493 -0.00583253 0.00250000
v 0.00126688 -0.00553984 0.00250000
v 0.00229534 -0.00305691 0.00250000
v 0.00149310 -0.00567543 0.00250000
v 0.00319803 -0.00359796 0.00250000
v 0.00275997 -0.00330526 0.00250000
v 0.00207747 -0.00620507 0.00250000
v 0.00190035 -0.00600965 0.00250000
v 0.00360528 -0.00393218 0.00250000
v 0.00397782 -0.00430472 0.00250000
v 0.00223457 -0.00641690 0.00250000
v 0.00460474 -0.00515003 0.00250000
v 0.00431204 -0.00471197 0.00250000
v 0.00257178 -0.00869014 0.00250000
v 0.00505470 -0.00971860 0.00250000
v 0.00263586 -0.00843431 0.00250000
v 0.00520764 -0.00921445 0.00250000
v 0.00267456 -0.00817342 0.00250000
v 0.00531042 -0.00869773 0.00250000
v 0.00268750 -0.00791000 0.00250000
v 0.00536206 -0.00817342 0.00250000
v 0.00267456 -0.00764658 0.00250000
v 0.00536206 -0.00764658 0.00250000
v 0.00263586 -0.00738569 0.00250000
v 0.00531042 -0.00712227 0.00250000
v 0.00257178 -0.00712986 0.00250000
v 0.00505470 -0.00610140 0.00250000
v 0.00520764 -0.00660555 0.00250000
v 0.00000000 -0.02000000 0.00000000
v 0.00000000 -0.02000000 0.01100000
v 0.00000000 0.00000000 0.00000000
v 0.00635000 -0.00217500 0.00400000
v -0.00026342 -0.01327206 0.02040000
v -0.00000000 -0.01328500 0.01145000
v 0.00026342 -0.01327206 0.01145000
v 0.00052684 -0.01325912 0.01145000
v 0.00078773 -0.01322042 0.01145000
v 0.00026342 -0.01327206 0.02040000
v 0.00104861 -0.01318172 0.01145000
v 0.00130445 -0.01311764 0.01145000
v 0.00078773 -0.01322042 0.02040000
v 0.00156028 -0.01305355 0.01145000
v 0.00180860 -0.01296470 0.01145000
v 0.00130445 -0.01311764 0.02040000
v 0.00205692 -0.01287585 0.01145000
v 0.00229534 -0.01276309 0.01145000
v 0.00180860 -0.01296470 0.02040000
v -0.00026342 -0.01380539 0.02120000
v -0.00031570 -0.01433616 0.02200000
v -0.00000000 -0.01381833 0.02120000
v 0.00031570 -0.01380282 0.02120000
v 0.00057912 -0.01378988 0.02120000
v 0.00031570 -0.01433616 0.02200000
v 0.00089177 -0.01374351 0.02120000
v 0.00115266 -0.01370481 0.02120000
v 0.00094405 -0.01427427 0.02200000
v 0.00145926 -0.01362801 0.02120000
v 0.00171510 -0.01356392 0.02120000
v 0.00156331 -0.01415109 0.02200000
v 0.00201270 -0.01345744 0.02120000
v 0.00226102 -0.01336859 0.02120000
v 0.00216752 -0.01396781 0.02200000
v 0.00253376 -0.01265033 0.01145000
v 0.00275997 -0.01251474 0.01145000
v 0.00229534 -0.01276309 0.02040000
v 0.00254675 -0.01323345 0.02120000
v 0.00275085 -0.01372618 0.02200000
v 0.00278517 -0.01312068 0.02120000
v 0.00305628 -0.01295819 0.02120000
v 0.00330769 -0.01342855 0.02200000
v 0.00383267 -0.01307776 0.02200000
v 0.00298619 -0.01237915 0.01145000
v 0.00319803 -0.01222204 0.01145000
v 0.00275997 -0.01251474 0.02040000
v 0.00328249 -0.01282260 0.02120000
v 0.00353637 -0.01263431 0.02120000
v 0.00340986 -0.01206493 0.01145000
v 0.00360528 -0.01188781 0.01145000
v 0.00374821 -0.01247720 0.02120000
v 0.00319803 -0.01222204 0.02040000
v 0.00380070 -0.01171070 0.01145000
v 0.00397782 -0.01151528 0.01145000
v 0.00360528 -0.01188781 0.02040000
v 0.00415493 -0.01131986 0.01145000
v 0.00431204 -0.01110803 0.01145000
v 0.00397782 -0.01151528 0.02040000
v 0.00446915 -0.01089619 0.01145000
v 0.00460474 -0.01066997 0.01145000
v 0.00431204 -0.01110803 0.02040000
v 0.00474033 -0.01044376 0.01145000
v 0.00485309 -0.01020534 0.01145000
v 0.00460474 -0.01066997 0.02040000
v 0.00432075 -0.01267721 0.02200000
v 0.00398240 -0.01226494 0.02120000
v 0.00417782 -0.01208782 0.02120000
v 0.00439009 -0.01185362 0.02120000
v 0.00456720 -0.01165821 0.02120000
v 0.00476721 -0.01223075 0.02200000
v 0.00475549 -0.01140433 0.02120000
v 0.00491260 -0.01119249 0.02120000
v 0.00516776 -0.01174267 0.02200000
v 0.00507510 -0.01092139 0.02120000
v 0.00521068 -0.01069517 0.02120000
v 0.00551855 -0.01121769 0.02200000
v 0.00534583 -0.01040944 0.02120000
v 0.00581618 -0.01066085 0.02200000
v 0.00496585 -0.00996692 0.01145000
v 0.00505470 -0.00971860 0.01145000
v 0.00485309 -0.01020534 0.02040000
v 0.00545859 -0.01017102 0.02120000
v 0.00496585 -0.00585308 0.01145000
v 0.00485309 -0.00561466 0.01145000
v 0.00474033 -0.00537624 0.01145000
v 0.00460474 -0.00515003 0.01145000
v 0.00485309 -0.00561466 0.02040000
v -0.00026342 -0.00254794 0.01145000
v -0.00026342 -0.00254794 0.02040000
v -0.00031570 -0.00201718 0.02120000
v 0.00000000 -0.00253500 0.01145000
v 0.00026342 -0.00254794 0.01145000
v 0.00052684 -0.00256088 0.01145000
v 0.00026342 -0.00254794 0.02040000
v 0.00078773 -0.00259958 0.01145000
v 0.00104861 -0.00263828 0.01145000
v 0.00078773 -0.00259958 0.02040000
v 0.00130445 -0.00270236 0.01145000
v 0.00156028 -0.00276645 0.01145000
v 0.00130445 -0.00270236 0.02040000
v 0.00180860 -0.00285530 0.01145000
v 0.00205692 -0.00294415 0.01145000
v 0.00180860 -0.00285530 0.02040000
v 0.00187585 -0.00266901 0.02069743
v 0.00212417 -0.00275786 0.02069743
v 0.00213342 -0.00275947 0.02069984
v 0.00220067 -0.00257318 0.02099728
v -0.00031570 -0.00148384 0.02200000
v 0.00000000 -0.00200167 0.02120000
v 0.00026342 -0.00201461 0.02120000
v 0.00057912 -0.00203012 0.02120000
v 0.00084000 -0.00206882 0.02120000
v 0.00031570 -0.00148384 0.02200000
v 0.00142005 -0.00232126 0.02099738
v 0.00167589 -0.00238534 0.02099738
v 0.00199146 -0.00228791 0.02129481
v 0.00115266 -0.00211519 0.02120000
v 0.00094405 -0.00154573 0.02200000
v 0.00152410 -0.00179817 0.02179738
v 0.00165641 -0.00183132 0.02179738
v 0.00138902 -0.00162525 0.02200000
v 0.00340986 -0.00375507 0.01145000
v 0.00319803 -0.00359796 0.01145000
v 0.00229534 -0.00305691 0.01145000
v 0.00253376 -0.00316967 0.01145000
v 0.00229534 -0.00305691 0.02040000
v 0.00275997 -0.00330526 0.01145000
v 0.00298619 -0.00344085 0.01145000
v 0.00319803 -0.00359796 0.02040000
v 0.00275997 -0.00330526 0.02040000
v 0.00415493 -0.00450014 0.01145000
v 0.00397782 -0.00430472 0.01145000
v 0.00360528 -0.00393218 0.01145000
v 0.00380070 -0.00410930 0.01145000
v 0.00360528 -0.00393218 0.02040000
v 0.00397782 -0.00430472 0.02040000
v 0.00431204 -0.00471197 0.01145000
v 0.00446915 -0.00492381 0.01145000
v 0.00460474 -0.00515003 0.02040000
v 0.00431204 -0.00471197 0.02040000
v 0.00229188 -0.00279508 0.02075325
v 0.00236838 -0.00261040 0.02105309
v 0.00253030 -0.00290784 0.02075325
v 0.00265833 -0.00293661 0.02079641
v 0.00265488 -0.00267477 0.02114966
v 0.00282265 -0.00298211 0.02086466
v 0.00304887 -0.00311770 0.02086466
v 0.00294723 -0.00274904 0.02126107
v 0.00317819 -0.00315351 0.02091838
v 0.00324086 -0.00283036 0.02138303
v 0.00456720 -0.00416179 0.02120000
v 0.00472431 -0.00437363 0.02120000
v 0.00361161 -0.00338387 0.02102825
v 0.00339977 -0.00322676 0.02102825
v 0.00359177 -0.00293942 0.02154663
v 0.00369254 -0.00341062 0.02106838
v 0.00389429 -0.00303942 0.02169664
v 0.00374964 -0.00343266 0.02110144
v 0.00394505 -0.00360978 0.02110144
v 0.00403232 -0.00308822 0.02176983
v 0.00425963 -0.00317596 0.02190144
v 0.00435494 -0.00392760 0.02120000
v 0.00417782 -0.00373218 0.02120000
v 0.00476721 -0.00358925 0.02200000
v 0.00432218 -0.00323266 0.02190144
v 0.00449239 -0.00329836 0.02200000
v 0.00258800 -0.00217500 0.01220000
v 0.00635000 -0.00217500 0.01220000
v 0.00238971 -0.00237329 0.02069743
v 0.00239896 -0.00237489 0.02069984
v 0.00255742 -0.00241050 0.02075325
v 0.00268546 -0.00243927 0.02079641
v 0.00284977 -0.00248477 0.02086466
v 0.00297909 -0.00252058 0.02091838
v 0.00320067 -0.00259383 0.02102825
v 0.00328161 -0.00262059 0.02106838
v 0.00514355 -0.00947028 0.01145000
v 0.00520764 -0.00921445 0.01145000
v 0.00505470 -0.00971860 0.02040000
v 0.00527172 -0.00895861 0.01145000
v 0.00531042 -0.00869773 0.01145000
v 0.00520764 -0.00921445 0.02040000
v 0.00534912 -0.00843684 0.01145000
v 0.00536206 -0.00817342 0.01145000
v 0.00531042 -0.00869773 0.02040000
v 0.00537500 -0.00791000 0.01145000
v 0.00536206 -0.00764658 0.01145000
v 0.00536206 -0.00817342 0.02040000
v 0.00605781 -0.01007752 0.02200000
v 0.00556507 -0.00987342 0.02120000
v 0.00565392 -0.00962510 0.02120000
v 0.00573072 -0.00931849 0.02120000
v 0.00579481 -0.00906266 0.02120000
v 0.00624109 -0.00947331 0.02200000
v 0.00584118 -0.00875000 0.02120000
v 0.00587988 -0.00848912 0.02120000
v 0.00636427 -0.00885405 0.02200000
v 0.00589539 -0.00817342 0.02120000
v 0.00590833 -0.00791000 0.02120000
v 0.00642616 -0.00822570 0.02200000
v 0.00534912 -0.00738316 0.01145000
v 0.00531042 -0.00712227 0.01145000
v 0.00536206 -0.00764658 0.02040000
v 0.00527172 -0.00686139 0.01145000
v 0.00520764 -0.00660555 0.01145000
v 0.00531042 -0.00712227 0.02040000
v 0.00505470 -0.00610140 0.01145000
v 0.00514355 -0.00634972 0.01145000
v 0.00505470 -0.00610140 0.02040000
v 0.00520764 -0.00660555 0.02040000
v 0.00571801 -0.00645074 0.02120000
v 0.00565392 -0.00619490 0.02120000
v 0.00545859 -0.00564898 0.02120000
v 0.00554744 -0.00589730 0.02120000
v 0.00605781 -0.00574248 0.02200000
v 0.00589282 -0.00759430 0.02120000
v 0.00642616 -0.00759430 0.02200000
v 0.00587988 -0.00733088 0.02120000
v 0.00583350 -0.00701823 0.02120000
v 0.00579481 -0.00675734 0.02120000
v 0.00624109 -0.00634669 0.02200000
v 0.00636427 -0.00696595 0.02200000
v 0.00504819 -0.00485372 0.02120000
v 0.00491260 -0.00462751 0.02120000
v 0.00516776 -0.00407733 0.02200000
v 0.00532345 -0.00536325 0.02120000
v 0.00521068 -0.00512483 0.02120000
v 0.00581618 -0.00515915 0.02200000
v 0.00551855 -0.00460231 0.02200000
v 0.00000000 -0.02000000 0.02200000
v 0.00906504 -0.01703715 0.02200000
v 0.00937165 -0.01711395 0.02200000
v 0.00968430 -0.01716032 0.02200000
v 0.02000000 -0.02000000 0.01100000
v 0.01000000 -0.01717583 0.02200000
v 0.01031570 -0.01716032 0.02200000
v 0.01062835 -0.01711395 0.02200000
v 0.01093496 -0.01703715 0.02200000
v 0.01123256 -0.01693066 0.02200000
v 0.01151829 -0.01679552 0.02200000
v 0.01178940 -0.01663303 0.02200000
v 0.01204327 -0.01644474 0.02200000
v 0.01227747 -0.01623247 0.02200000
v 0.01248974 -0.01599827 0.02200000
v 0.01267802 -0.01574440 0.02200000
v 0.01284052 -0.01547329 0.02200000
v 0.01297566 -0.01518756 0.02200000
v 0.01308214 -0.01488996 0.02200000
v 0.01315895 -0.01458335 0.02200000
v 0.01320532 -0.01427070 0.02200000
v 0.00807907 -0.00353256 0.02200000
v 0.00763404 -0.00317596 0.02190144
v 0.00780425 -0.00324167 0.02200000
v 0.00786681 -0.00329836 0.02200000
v 0.00879466 -0.00589153 0.02200000
v 0.00881017 -0.00557583 0.02200000
v 0.00867148 -0.00464087 0.02200000
v 0.00856499 -0.00434327 0.02200000
v 0.00879466 -0.00526014 0.02200000
v 0.00874828 -0.00494748 0.02200000
v 0.00826736 -0.00378643 0.02200000
v 0.00842985 -0.00405754 0.02200000
v 0.01558933 -0.01162083 0.02200000
v 0.01011200 -0.00217500 0.01220000
v 0.00704361 -0.00262059 0.02106838
v 0.00710071 -0.00264263 0.02110144
v 0.00635000 -0.00217500 0.02040000
v 0.01064533 -0.00270833 0.02120000
v 0.00258800 0.00400000 0.00400000
v 0.00635000 0.00400000 0.00400000
v 0.01011200 0.00400000 0.00400000
v 0.01011200 0.00400000 0.01220000
v 0.00635000 0.01017500 0.00400000
v 0.00000000 0.02000000 0.00000000
v 0.02000000 0.00000000 0.00000000
v 0.02000000 0.00000000 0.01100000
v 0.00000000 0.00479164 0.02200000
v 0.00013231 0.00482478 0.02200000
v 0.00044497 0.00487116 0.02200000
v 0.00000000 0.01124167 0.02200000
v 0.00076067 0.00488667 0.02200000
v 0.00107636 0.00487116 0.02200000
v 0.00165641 0.00461871 0.02179738
v 0.00138902 0.00482478 0.02200000
v 0.00152133 0.00479164 0.02200000
v 0.00258800 0.00400000 0.01220000
v 0.00238971 0.00380171 0.02069743
v 0.00218975 0.00408538 0.02099738
v 0.00258800 0.00400000 0.02040000
v 0.00258800 0.01017500 0.01220000
v 0.00205467 0.01070833 0.02120000
v 0.01064533 0.00346667 0.02120000
v 0.01011200 0.00400000 0.02040000
v 0.00635000 0.01017500 0.01220000
v 0.01011200 0.01017500 0.01220000
v 0.00635000 0.01017500 0.02040000
v 0.01117867 0.00400000 0.02200000
v 0.00635000 0.01124167 0.02200000
v 0.00688333 0.01070833 0.02120000
v 0.01064533 0.01070833 0.02120000
v 0.00000000 0.02000000 0.01100000
v 0.00000000 0.02000000 0.02200000
v 0.00923933 0.01562083 0.02200000
v 0.02000000 0.00000000 0.02200000
v 0.01558933 0.00837917 0.02200000
v 0.02000000 0.02000000 0.01100000
v 0.01076067 0.01562083 0.02200000
v 0.01558933 0.01562083 0.02200000
v -0.00406637 -0.01141757 0.00250000
v -0.00388926 -0.01161299 0.00250000
v -0.00423349 -0.01121395 0.00250000
v -0.00439059 -0.01100211 0.00250000
v -0.00453694 -0.01078308 0.00250000
v -0.00467253 -0.01055687 0.00250000
v -0.00370299 -0.01179926 0.00250000
v -0.00350757 -0.01197637 0.00250000
v -0.00264687 -0.01258253 0.00250000
v -0.00287308 -0.01244694 0.00250000
v -0.00330395 -0.01214349 0.00250000
v -0.00309211 -0.01230059 0.00250000
v -0.00241455 -0.01270671 0.00250000
v -0.00217613 -0.01281947 0.00250000
v -0.00193276 -0.01292028 0.00250000
v -0.00168444 -0.01300913 0.00250000
v -0.00143236 -0.01308560 0.00250000
v -0.00117653 -0.01314968 0.00250000
v -0.00091817 -0.01320107 0.00250000
v -0.00065728 -0.01323977 0.00250000
v -0.00517560 -0.00934236 0.00250000
v -0.00523968 -0.00908653 0.00250000
v -0.00529107 -0.00882817 0.00250000
v -0.00532977 -0.00856728 0.00250000
v -0.00535559 -0.00830513 0.00250000
v -0.00536853 -0.00804171 0.00250000
v -0.00536853 -0.00777829 0.00250000
v -0.00535559 -0.00751487 0.00250000
v -0.00532977 -0.00725272 0.00250000
v -0.00529107 -0.00699183 0.00250000
v -0.00523968 -0.00673347 0.00250000
v -0.00517560 -0.00647764 0.00250000
v -0.00479671 -0.01032455 0.00250000
v -0.00490947 -0.01008613 0.00250000
v -0.00509913 -0.00959444 0.00250000
v -0.00501028 -0.00984276 0.00250000
v -0.00509913 -0.00622556 0.00250000
v -0.00501028 -0.00597724 0.00250000
v -0.00490947 -0.00573387 0.00250000
v -0.00479671 -0.00549545 0.00250000
v -0.00467253 -0.00526313 0.00250000
v -0.00453694 -0.00503692 0.00250000
v -0.00439059 -0.00481789 0.00250000
v -0.00423349 -0.00460605 0.00250000
v -0.00406637 -0.00440243 0.00250000
v -0.00388926 -0.00420701 0.00250000
v -0.00370299 -0.00402074 0.00250000
v -0.00350757 -0.00384363 0.00250000
v -0.00330395 -0.00367651 0.00250000
v -0.00309211 -0.00351941 0.00250000
v -0.00287308 -0.00337306 0.00250000
v -0.00264687 -0.00323747 0.00250000
v -0.00241455 -0.00311329 0.00250000
v -0.00217613 -0.00300053 0.00250000
v -0.00193276 -0.00289972 0.00250000
v -0.00168444 -0.00281087 0.00250000
v -0.00143236 -0.00273440 0.00250000
v -0.00117653 -0.00267032 0.00250000
v -0.00091817 -0.00261893 0.00250000
v -0.00065728 -0.00258023 0.00250000
v -0.00823100 -0.00217500 0.00400000
v -0.00446900 -0.00217500 0.00400000
v -0.02000000 -0.02000000 0.00550000
v -0.02000000 -0.02000000 0.01650000
v -0.01779467 -0.01581042 0.02200000
v -0.01338400 -0.00743125 0.02200000
v -0.01011200 -0.00217500 0.00810000
v -0.01011200 -0.00217500 0.01630000
v -0.00823100 -0.00217500 0.00810000
v -0.00446900 -0.00217500 0.00810000
v -0.00823100 -0.00217500 0.01630000
v -0.00635000 -0.00217500 0.00810000
v -0.00823100 -0.00217500 0.01220000
v -0.01091200 -0.00297500 0.02160000
v -0.01037867 -0.00244167 0.02080000
v -0.01633901 -0.01787220 0.02200000
v -0.00901704 -0.01361660 0.02200000
v -0.01642026 -0.01773665 0.02200000
v -0.00926078 -0.01320994 0.02200000
v -0.01275927 -0.01560884 0.02200000
v -0.00543730 -0.01135324 0.02200000
v -0.00559979 -0.01108213 0.02200000
v -0.00909829 -0.01348104 0.02200000
v -0.00917953 -0.01334549 0.02200000
v -0.01648783 -0.01759378 0.02200000
v -0.00946349 -0.01278134 0.02200000
v -0.01290809 -0.01533043 0.02200000
v -0.00574861 -0.01080372 0.02200000
v -0.00588375 -0.01051798 0.02200000
v -0.00932835 -0.01306707 0.02200000
v -0.00939592 -0.01292420 0.02200000
v -0.00253376 -0.01265033 0.00697500
v -0.00253376 -0.01265033 0.01592500
v -0.00241455 -0.01270671 0.00697500
v -0.00217613 -0.01281947 0.00697500
v -0.00241455 -0.01270671 0.01592500
v -0.00229534 -0.01276309 0.00697500
v -0.00241455 -0.01270671 0.01145000
v -0.01602164 -0.01822237 0.02200000
v -0.00806491 -0.01466711 0.02200000
v -0.01589470 -0.01831651 0.02200000
v -0.00768410 -0.01494954 0.02200000
v -0.01191634 -0.01653888 0.02200000
v -0.00395961 -0.01298362 0.02200000
v -0.00370574 -0.01317191 0.02200000
v -0.00793797 -0.01476125 0.02200000
v -0.00781104 -0.01485539 0.02200000
v -0.01575915 -0.01839776 0.02200000
v -0.00727744 -0.01519328 0.02200000
v -0.01165384 -0.01671427 0.02200000
v -0.00265946 -0.01288551 0.02080000
v -0.00291087 -0.01335586 0.02160000
v -0.00344324 -0.01334730 0.02200000
v -0.00317213 -0.01350979 0.02200000
v -0.00754854 -0.01503079 0.02200000
v -0.00741299 -0.01511203 0.02200000
v -0.00415493 -0.01131986 0.00697500
v -0.00415493 -0.01131986 0.01592500
v -0.00406637 -0.01141757 0.00697500
v -0.00388926 -0.01161299 0.00697500
v -0.00406637 -0.01141757 0.01592500
v -0.00397782 -0.01151528 0.00697500
v -0.00406637 -0.01141757 0.01145000
v -0.00380070 -0.01171070 0.00697500
v -0.00380070 -0.01171070 0.01592500
v -0.00370299 -0.01179926 0.00697500
v -0.00388926 -0.01161299 0.01145000
v -0.00350757 -0.01197637 0.00697500
v -0.00370299 -0.01179926 0.01592500
v -0.00360528 -0.01188781 0.00697500
v -0.00370299 -0.01179926 0.01145000
v -0.00401509 -0.01259478 0.02160000
v -0.00387216 -0.01200539 0.02080000
v -0.00406637 -0.01141757 0.02040000
v -0.00388926 -0.01161299 0.02040000
v -0.00397782 -0.01151528 0.01592500
v -0.00388926 -0.01161299 0.01592500
v -0.00423349 -0.01121395 0.00697500
v -0.00439059 -0.01100211 0.01592500
v -0.00431204 -0.01110803 0.00697500
v -0.00423349 -0.01121395 0.01145000
v -0.00446915 -0.01089619 0.00697500
v -0.00446915 -0.01089619 0.01592500
v -0.00439059 -0.01100211 0.00697500
v -0.00439059 -0.01100211 0.01145000
v -0.00513432 -0.01134065 0.02160000
v -0.00469087 -0.01104434 0.02080000
v -0.00423349 -0.01121395 0.02040000
v -0.00439059 -0.01100211 0.02040000
v -0.00423349 -0.01121395 0.01592500
v -0.00431204 -0.01110803 0.01592500
v -0.00453694 -0.01078308 0.00697500
v -0.00467253 -0.01055687 0.01592500
v -0.00460474 -0.01066997 0.00697500
v -0.00453694 -0.01078308 0.01145000
v -0.00474033 -0.01044376 0.00697500
v -0.00474033 -0.01044376 0.01592500
v -0.00467253 -0.01055687 0.00697500
v -0.00467253 -0.01055687 0.01145000
v -0.00520212 -0.01122754 0.02160000
v -0.00489426 -0.01070502 0.02080000
v -0.00528337 -0.01109198 0.02160000
v -0.00498039 -0.01107939 0.02120000
v -0.00544586 -0.01082087 0.02160000
v -0.00497551 -0.01056946 0.02080000
v -0.00536462 -0.01095643 0.02160000
v -0.00512944 -0.01083072 0.02120000
v -0.00453694 -0.01078308 0.02040000
v -0.00467253 -0.01055687 0.02040000
v -0.00453694 -0.01078308 0.01592500
v -0.00475867 -0.01093123 0.02080000
v -0.00460474 -0.01066997 0.01592500
v -0.00482646 -0.01081813 0.02080000
v -0.00340986 -0.01206493 0.00697500
v -0.00340986 -0.01206493 0.01592500
v -0.00330395 -0.01214349 0.00697500
v -0.00350757 -0.01197637 0.01145000
v -0.00309211 -0.01230059 0.00697500
v -0.00330395 -0.01214349 0.01592500
v -0.00319803 -0.01222204 0.00697500
v -0.00330395 -0.01214349 0.01145000
v -0.00391738 -0.01268334 0.02160000
v -0.00357904 -0.01227107 0.02080000
v -0.00379044 -0.01277748 0.02160000
v -0.00384592 -0.01238865 0.02120000
v -0.00353656 -0.01296577 0.02160000
v -0.00345210 -0.01236521 0.02080000
v -0.00366350 -0.01287163 0.02160000
v -0.00362127 -0.01257135 0.02120000
v -0.00370299 -0.01179926 0.02040000
v -0.00350757 -0.01197637 0.02040000
v -0.00360528 -0.01188781 0.01592500
v -0.00377445 -0.01209395 0.02080000
v -0.00350757 -0.01197637 0.01592500
v -0.00367674 -0.01218251 0.02080000
v -0.00264687 -0.01258253 0.00697500
v -0.00287308 -0.01244694 0.01592500
v -0.00275997 -0.01251474 0.00697500
v -0.00264687 -0.01258253 0.01145000
v -0.00298619 -0.01237915 0.00697500
v -0.00298619 -0.01237915 0.01592500
v -0.00287308 -0.01244694 0.00697500
v -0.00309211 -0.01230059 0.01145000
v -0.00287308 -0.01244694 0.01145000
v -0.00264687 -0.01258253 0.02040000
v -0.00287308 -0.01244694 0.02040000
v -0.00264687 -0.01258253 0.01592500
v -0.00277257 -0.01281771 0.02080000
v -0.00275997 -0.01251474 0.01592500
v -0.00343065 -0.01304433 0.02160000
v -0.00313434 -0.01260087 0.02080000
v -0.00329509 -0.01312557 0.02160000
v -0.00338841 -0.01274405 0.02120000
v -0.00302398 -0.01328807 0.02160000
v -0.00299879 -0.01268212 0.02080000
v -0.00289828 -0.01305289 0.02120000
v -0.00315954 -0.01320682 0.02160000
v -0.00288568 -0.01274992 0.02080000
v -0.00314694 -0.01290385 0.02120000
v -0.00330395 -0.01214349 0.02040000
v -0.00309211 -0.01230059 0.02040000
v -0.00319803 -0.01222204 0.01592500
v -0.00334618 -0.01244377 0.02080000
v -0.00309211 -0.01230059 0.01592500
v -0.00324026 -0.01252232 0.02080000
v -0.01624487 -0.01799914 0.02200000
v -0.00873461 -0.01399741 0.02200000
v -0.01258388 -0.01587134 0.02200000
v -0.00526191 -0.01161574 0.02200000
v -0.00507362 -0.01186961 0.02200000
v -0.00892289 -0.01374354 0.02200000
v -0.00504018 -0.01146758 0.02160000
v -0.00882875 -0.01387047 0.02200000
v -0.00436107 -0.01148904 0.02080000
v -0.00477334 -0.01182738 0.02160000
v -0.00443962 -0.01138312 0.02080000
v -0.00459673 -0.01117128 0.02080000
v -0.00485189 -0.01172146 0.02160000
v -0.00481846 -0.01131943 0.02120000
v -0.00451818 -0.01127720 0.02080000
v -0.00494604 -0.01159452 0.02160000
v -0.00464576 -0.01155229 0.02120000
v -0.01613874 -0.01811624 0.02200000
v -0.00841621 -0.01434871 0.02200000
v -0.01216037 -0.01633861 0.02200000
v -0.01238361 -0.01611537 0.02200000
v -0.00420365 -0.01278334 0.02200000
v -0.00443785 -0.01257108 0.02200000
v -0.00818201 -0.01456097 0.02200000
v -0.00413219 -0.01248865 0.02160000
v -0.00829911 -0.01445484 0.02200000
v -0.00425493 -0.01160613 0.02080000
v -0.00445494 -0.01217868 0.02160000
v -0.00416638 -0.01170384 0.02080000
v -0.00446107 -0.01177531 0.02120000
v -0.00398926 -0.01189926 0.02080000
v -0.00436638 -0.01227638 0.02160000
v -0.00406072 -0.01219395 0.02120000
v -0.00407782 -0.01180155 0.02080000
v -0.00424929 -0.01238252 0.02160000
v -0.00426638 -0.01199011 0.02120000
v -0.00487334 -0.01211365 0.02200000
v -0.00466108 -0.01234785 0.02200000
v -0.00862847 -0.01411451 0.02200000
v -0.00466721 -0.01194448 0.02160000
v -0.00852234 -0.01423161 0.02200000
v -0.00456107 -0.01206158 0.02160000
v -0.00205692 -0.01287585 0.00697500
v -0.00205692 -0.01287585 0.01592500
v -0.00193276 -0.01292028 0.00697500
v -0.00217613 -0.01281947 0.01145000
v -0.00168444 -0.01300913 0.00697500
v -0.00193276 -0.01292028 0.01592500
v -0.00180860 -0.01296470 0.00697500
v -0.00193276 -0.01292028 0.01145000
v -0.00241455 -0.01270671 0.02040000
v -0.00217613 -0.01281947 0.02040000
v -0.00229534 -0.01276309 0.01592500
v -0.00217613 -0.01281947 0.01592500
v -0.00156028 -0.01305355 0.00697500
v -0.00156028 -0.01305355 0.01592500
v -0.00143236 -0.01308560 0.00697500
v -0.00168444 -0.01300913 0.01145000
v -0.00117653 -0.01314968 0.00697500
v -0.00143236 -0.01308560 0.01592500
v -0.00130445 -0.01311764 0.00697500
v -0.00143236 -0.01308560 0.01145000
v -0.00193276 -0.01292028 0.02040000
v -0.00168444 -0.01300913 0.02040000
v -0.00180860 -0.01296470 0.01592500
v -0.00168444 -0.01300913 0.01592500
v -0.00104861 -0.01318172 0.00697500
v -0.00104861 -0.01318172 0.01592500
v -0.00091817 -0.01320107 0.00697500
v -0.00117653 -0.01314968 0.01145000
v -0.00065728 -0.01323977 0.00697500
v -0.00091817 -0.01320107 0.01592500
v -0.00078773 -0.01322042 0.00697500
v -0.00091817 -0.01320107 0.01145000
v -0.00143236 -0.01308560 0.02040000
v -0.00117653 -0.01314968 0.02040000
v -0.00130445 -0.01311764 0.01592500
v -0.00117653 -0.01314968 0.01592500
v -0.00052684 -0.01325912 0.00697500
v -0.00052684 -0.01325912 0.01592500
v -0.00065728 -0.01323977 0.01145000
v -0.00091817 -0.01320107 0.02040000
v -0.00065728 -0.01323977 0.02040000
v -0.00078773 -0.01322042 0.01592500
v -0.00065728 -0.01323977 0.01592500
v -0.01561628 -0.01846533 0.02200000
v -0.00684884 -0.01539599 0.02200000
v -0.01137542 -0.01686309 0.02200000
v -0.00251660 -0.01295308 0.02080000
v -0.00248228 -0.01355857 0.02160000
v -0.00264230 -0.01318825 0.02120000
v -0.00239739 -0.01300946 0.02080000
v -0.00289372 -0.01365861 0.02200000
v -0.00260798 -0.01379375 0.02200000
v -0.00713457 -0.01526085 0.02200000
v -0.00276801 -0.01342343 0.02160000
v -0.00699170 -0.01532842 0.02200000
v -0.00262514 -0.01349100 0.02160000
v -0.00215897 -0.01312222 0.02080000
v -0.00236307 -0.01361496 0.02160000
v -0.00227818 -0.01306584 0.02080000
v -0.00238023 -0.01331221 0.02120000
v -0.01546748 -0.01851857 0.02200000
v -0.00640244 -0.01555572 0.02200000
v -0.01108376 -0.01698390 0.02200000
v -0.00201017 -0.01317546 0.02080000
v -0.00191667 -0.01377468 0.02160000
v -0.00188601 -0.01321989 0.02080000
v -0.00211222 -0.01342183 0.02120000
v -0.00163769 -0.01330874 0.02080000
v -0.00179251 -0.01381911 0.02160000
v -0.00176185 -0.01326431 0.02080000
v -0.00183926 -0.01351950 0.02120000
v -0.00231632 -0.01391457 0.02200000
v -0.00201872 -0.01402105 0.02200000
v -0.00670004 -0.01544923 0.02200000
v -0.00221427 -0.01366820 0.02160000
v -0.00655124 -0.01550248 0.02200000
v -0.00206547 -0.01372144 0.02160000
v -0.00148439 -0.01334714 0.02080000
v -0.00133260 -0.01393431 0.02160000
v -0.00135647 -0.01337918 0.02080000
v -0.00156180 -0.01360232 0.02120000
v -0.00110063 -0.01344326 0.02080000
v -0.00120468 -0.01396635 0.02160000
v -0.00122855 -0.01341122 0.02080000
v -0.00128058 -0.01367276 0.02120000
v -0.00171661 -0.01411269 0.02200000
v -0.00141001 -0.01418949 0.02200000
v -0.00163921 -0.01385751 0.02160000
v -0.00148590 -0.01389591 0.02160000
v -0.00094431 -0.01346645 0.02080000
v -0.00073570 -0.01403592 0.02160000
v -0.00081386 -0.01348580 0.02080000
v -0.00099633 -0.01372800 0.02120000
v -0.00055298 -0.01352450 0.02080000
v -0.00060526 -0.01405527 0.02160000
v -0.00068342 -0.01350515 0.02080000
v -0.00070956 -0.01377053 0.02120000
v -0.00110038 -0.01425108 0.02200000
v -0.00078772 -0.01429746 0.02200000
v -0.00104835 -0.01398954 0.02160000
v -0.00089203 -0.01401273 0.02160000
v -0.00514355 -0.00947028 0.00697500
v -0.00514355 -0.00947028 0.01592500
v -0.00509913 -0.00959444 0.00697500
v -0.00501028 -0.00984276 0.00697500
v -0.00509913 -0.00959444 0.01592500
v -0.00505470 -0.00971860 0.00697500
v -0.00509913 -0.00959444 0.01145000
v -0.00574938 -0.01014891 0.02160000
v -0.00534550 -0.00969649 0.02080000
v -0.00517560 -0.00934236 0.00697500
v -0.00523968 -0.00908653 0.01592500
v -0.00520764 -0.00921445 0.00697500
v -0.00517560 -0.00934236 0.01145000
v -0.00527172 -0.00895861 0.00697500
v -0.00527172 -0.00895861 0.01592500
v -0.00523968 -0.00908653 0.00697500
v -0.00523968 -0.00908653 0.01145000
v -0.00517560 -0.00934236 0.02040000
v -0.00523968 -0.00908653 0.02040000
v -0.00517560 -0.00934236 0.01592500
v -0.00520764 -0.00921445 0.01592500
v -0.00529107 -0.00882817 0.00697500
v -0.00532977 -0.00856728 0.01592500
v -0.00531042 -0.00869773 0.00697500
v -0.00529107 -0.00882817 0.01145000
v -0.00534912 -0.00843684 0.00697500
v -0.00534912 -0.00843684 0.01592500
v -0.00532977 -0.00856728 0.00697500
v -0.00532977 -0.00856728 0.01145000
v -0.00529107 -0.00882817 0.02040000
v -0.00532977 -0.00856728 0.02040000
v -0.00529107 -0.00882817 0.01592500
v -0.00531042 -0.00869773 0.01592500
v -0.00535559 -0.00830513 0.00697500
v -0.00536853 -0.00804171 0.01592500
v -0.00536206 -0.00817342 0.00697500
v -0.00535559 -0.00830513 0.01145000
v -0.00537500 -0.00791000 0.00697500
v -0.00537500 -0.00791000 0.01592500
v -0.00536853 -0.00804171 0.00697500
v -0.00536853 -0.00804171 0.01145000
v -0.00535559 -0.00830513 0.02040000
v -0.00536853 -0.00804171 0.02040000
v -0.00535559 -0.00830513 0.01592500
v -0.00536206 -0.00817342 0.01592500
v -0.01657947 -0.01729168 0.02200000
v -0.00973842 -0.01187503 0.02200000
v -0.00553326 -0.00901063 0.02080000
v -0.00605635 -0.00911468 0.02160000
v -0.00555261 -0.00888019 0.02080000
v -0.00559131 -0.00861931 0.02080000
v -0.00607570 -0.00898424 0.02160000
v -0.00557196 -0.00874975 0.02080000
v -0.00581416 -0.00893222 0.02120000
v -0.01660266 -0.01713535 0.02200000
v -0.00980799 -0.01140604 0.02200000
v -0.01318213 -0.01442702 0.02200000
v -0.00561450 -0.00846298 0.02080000
v -0.00614527 -0.00851526 0.02160000
v -0.00562097 -0.00833127 0.02080000
v -0.00585669 -0.00864545 0.02120000
v -0.00563391 -0.00806785 0.02080000
v -0.00615174 -0.00838354 0.02160000
v -0.00562744 -0.00819956 0.02080000
v -0.00588635 -0.00835741 0.02120000
v -0.00634108 -0.00901038 0.02200000
v -0.00638746 -0.00869772 0.02200000
v -0.00976161 -0.01171870 0.02200000
v -0.00609889 -0.00882791 0.02160000
v -0.00978480 -0.01156237 0.02200000
v -0.00612208 -0.00867158 0.02160000
v -0.01661042 -0.01697750 0.02200000
v -0.00983125 -0.01093250 0.02200000
v -0.01321308 -0.01411285 0.02200000
v -0.00564167 -0.00791000 0.02080000
v -0.00617500 -0.00791000 0.02160000
v -0.00590058 -0.00806785 0.02120000
v -0.00641840 -0.00838354 0.02200000
v -0.00643391 -0.00806785 0.02200000
v -0.00981574 -0.01124820 0.02200000
v -0.00615949 -0.00822570 0.02160000
v -0.00982350 -0.01109035 0.02200000
v -0.00616725 -0.00806785 0.02160000
v -0.01654107 -0.01744498 0.02200000
v -0.00962322 -0.01233494 0.02200000
v -0.01302890 -0.01503876 0.02200000
v -0.01312055 -0.01473666 0.02200000
v -0.00600457 -0.01022632 0.02200000
v -0.00611105 -0.00992872 0.02200000
v -0.00951673 -0.01263254 0.02200000
v -0.00580262 -0.01000011 0.02160000
v -0.00956998 -0.01248374 0.02200000
v -0.00539874 -0.00954769 0.02080000
v -0.00590911 -0.00970251 0.02160000
v -0.00560068 -0.00977390 0.02120000
v -0.00543078 -0.00941977 0.02080000
v -0.00585586 -0.00985131 0.02160000
v -0.00549486 -0.00916394 0.02080000
v -0.00594115 -0.00957459 0.02160000
v -0.00546282 -0.00929185 0.02080000
v -0.00575641 -0.00921596 0.02120000
v -0.00568596 -0.00949718 0.02120000
v -0.00627949 -0.00932001 0.02200000
v -0.00620269 -0.00962661 0.02200000
v -0.00970002 -0.01202833 0.02200000
v -0.00601795 -0.00926798 0.02160000
v -0.00966162 -0.01218163 0.02200000
v -0.00597955 -0.00942129 0.02160000
v -0.00536853 -0.00777829 0.00697500
v -0.00535559 -0.00751487 0.01592500
v -0.00536206 -0.00764658 0.00697500
v -0.00536853 -0.00777829 0.01145000
v -0.00534912 -0.00738316 0.00697500
v -0.00534912 -0.00738316 0.01592500
v -0.00535559 -0.00751487 0.00697500
v -0.00535559 -0.00751487 0.01145000
v -0.00536853 -0.00777829 0.02040000
v -0.00535559 -0.00751487 0.02040000
v -0.00536853 -0.00777829 0.01592500
v -0.00563520 -0.00777829 0.02080000
v -0.00536206 -0.00764658 0.01592500
v -0.00616853 -0.00777829 0.02160000
v -0.00562225 -0.00751487 0.02080000
v -0.00590186 -0.00777829 0.02120000
v -0.00562873 -0.00764658 0.02080000
v -0.00532977 -0.00725272 0.00697500
v -0.00529107 -0.00699183 0.01592500
v -0.00531042 -0.00712227 0.00697500
v -0.00532977 -0.00725272 0.01145000
v -0.00527172 -0.00686139 0.00697500
v -0.00527172 -0.00686139 0.01592500
v -0.00529107 -0.00699183 0.00697500
v -0.00529107 -0.00699183 0.01145000
v -0.00532977 -0.00725272 0.02040000
v -0.00529107 -0.00699183 0.02040000
v -0.00532977 -0.00725272 0.01592500
v -0.00531042 -0.00712227 0.01592500
v -0.00523968 -0.00673347 0.00697500
v -0.00517560 -0.00647764 0.01592500
v -0.00520764 -0.00660555 0.00697500
v -0.00523968 -0.00673347 0.01145000
v -0.00514355 -0.00634972 0.00697500
v -0.00514355 -0.00634972 0.01592500
v -0.00517560 -0.00647764 0.00697500
v -0.00517560 -0.00647764 0.01145000
v -0.00523968 -0.00673347 0.02040000
v -0.00517560 -0.00647764 0.02040000
v -0.00523968 -0.00673347 0.01592500
v -0.00520764 -0.00660555 0.01592500
v -0.01660266 -0.01681965 0.02200000
v -0.00980799 -0.01045895 0.02200000
v -0.01321308 -0.01379715 0.02200000
v -0.00643391 -0.00775215 0.02200000
v -0.00641840 -0.00743645 0.02200000
v -0.00982350 -0.01077465 0.02200000
v -0.00616077 -0.00762044 0.02160000
v -0.00981574 -0.01061680 0.02200000
v -0.00561450 -0.00735702 0.02080000
v -0.00614527 -0.00730474 0.02160000
v -0.00588764 -0.00748873 0.02120000
v -0.00559515 -0.00722658 0.02080000
v -0.00615302 -0.00746259 0.02160000
v -0.00555645 -0.00696569 0.02080000
v -0.00612592 -0.00717430 0.02160000
v -0.00557580 -0.00709614 0.02080000
v -0.00586053 -0.00720044 0.02120000
v -0.01657947 -0.01666332 0.02200000
v -0.00973842 -0.00998997 0.02200000
v -0.01318213 -0.01348297 0.02200000
v -0.00553326 -0.00680937 0.02080000
v -0.00605635 -0.00670532 0.02160000
v -0.00550122 -0.00668145 0.02080000
v -0.00581800 -0.00691367 0.02120000
v -0.00543714 -0.00642561 0.02080000
v -0.00602431 -0.00657740 0.02160000
v -0.00546918 -0.00655353 0.02080000
v -0.00576276 -0.00662942 0.02120000
v -0.00638746 -0.00712228 0.02200000
v -0.00634108 -0.00680962 0.02200000
v -0.00978480 -0.01030263 0.02200000
v -0.00610273 -0.00701797 0.02160000
v -0.00976161 -0.01014630 0.02200000
v -0.00607954 -0.00686165 0.02160000
v -0.01654107 -0.01651002 0.02200000
v -0.00962322 -0.00953006 0.02200000
v -0.01433574 -0.01232044 0.02200000
v -0.01312055 -0.01317334 0.02200000
v -0.00992507 -0.00394127 0.02200000
v -0.00741788 -0.00534048 0.02200000
v -0.01213041 -0.00813085 0.02200000
v -0.01087681 -0.00883046 0.02200000
v -0.00539874 -0.00627231 0.02080000
v -0.00590911 -0.00611749 0.02160000
v -0.00569232 -0.00634820 0.02120000
v -0.00627949 -0.00649999 0.02200000
v -0.00620269 -0.00619339 0.02200000
v -0.00970002 -0.00983667 0.02200000
v -0.00598591 -0.00642410 0.02160000
v -0.00966162 -0.00968336 0.02200000
v -0.00594751 -0.00627079 0.02160000
v -0.00987183 -0.00379247 0.02200000
v -0.00725816 -0.00489408 0.02200000
v -0.00861824 -0.00449207 0.02200000
v -0.00611105 -0.00589128 0.02200000
v -0.00600457 -0.00559368 0.02200000
v -0.00736464 -0.00519168 0.02200000
v -0.00731140 -0.00504288 0.02200000
v -0.00980426 -0.00364960 0.02200000
v -0.00705545 -0.00446548 0.02200000
v -0.00849742 -0.00420041 0.02200000
v -0.00588375 -0.00530202 0.02200000
v -0.00574861 -0.00501629 0.02200000
v -0.00719059 -0.00475121 0.02200000
v -0.00712302 -0.00460835 0.02200000
v -0.00972301 -0.00351405 0.02200000
v -0.00681170 -0.00405882 0.02200000
v -0.00834861 -0.00392199 0.02200000
v -0.00559979 -0.00473787 0.02200000
v -0.00543730 -0.00446676 0.02200000
v -0.00697420 -0.00432993 0.02200000
v -0.00689295 -0.00419437 0.02200000
v -0.00479671 -0.01032455 0.00697500
v -0.00490947 -0.01008613 0.01592500
v -0.00485309 -0.01020534 0.00697500
v -0.00479671 -0.01032455 0.01145000
v -0.00496585 -0.00996692 0.00697500
v -0.00496585 -0.00996692 0.01592500
v -0.00490947 -0.01008613 0.00697500
v -0.00501028 -0.00984276 0.01145000
v -0.00490947 -0.01008613 0.01145000
v -0.00550224 -0.01070167 0.02160000
v -0.00514465 -0.01021184 0.02080000
v -0.00556982 -0.01055880 0.02160000
v -0.00526707 -0.01057596 0.02120000
v -0.00570496 -0.01027307 0.02160000
v -0.00521222 -0.01006897 0.02080000
v -0.00563739 -0.01041594 0.02160000
v -0.00550301 -0.01004686 0.02120000
v -0.00539102 -0.01031389 0.02120000
v -0.00479671 -0.01032455 0.02040000
v -0.00490947 -0.01008613 0.02040000
v -0.00479671 -0.01032455 0.01592500
v -0.00503189 -0.01045025 0.02080000
v -0.00485309 -0.01020534 0.01592500
v -0.00508827 -0.01033105 0.02080000
v -0.00509913 -0.00959444 0.02040000
v -0.00501028 -0.00984276 0.02040000
v -0.00505470 -0.00971860 0.01592500
v -0.00530107 -0.00982065 0.02080000
v -0.00501028 -0.00984276 0.01592500
v -0.00525665 -0.00994481 0.02080000
v -0.00509913 -0.00622556 0.00697500
v -0.00501028 -0.00597724 0.01592500
v -0.00505470 -0.00610140 0.00697500
v -0.00509913 -0.00622556 0.01145000
v -0.00496585 -0.00585308 0.00697500
v -0.00496585 -0.00585308 0.01592500
v -0.00501028 -0.00597724 0.00697500
v -0.00501028 -0.00597724 0.01145000
v -0.00509913 -0.00622556 0.02040000
v -0.00501028 -0.00597724 0.02040000
v -0.00509913 -0.00622556 0.01592500
v -0.00535431 -0.00614815 0.02080000
v -0.00505470 -0.00610140 0.01592500
v -0.00586468 -0.00599333 0.02160000
v -0.00526546 -0.00589983 0.02080000
v -0.00560950 -0.00607074 0.02120000
v -0.00581144 -0.00584453 0.02160000
v -0.00530989 -0.00602399 0.02080000
v -0.00570496 -0.00554693 0.02160000
v -0.00521222 -0.00575103 0.02080000
v -0.00575820 -0.00569573 0.02160000
v -0.00551183 -0.00579778 0.02120000
v -0.00490947 -0.00573387 0.00697500
v -0.00479671 -0.00549545 0.01592500
v -0.00485309 -0.00561466 0.00697500
v -0.00490947 -0.00573387 0.01145000
v -0.00474033 -0.00537624 0.00697500
v -0.00474033 -0.00537624 0.01592500
v -0.00479671 -0.00549545 0.00697500
v -0.00479671 -0.00549545 0.01145000
v -0.00564857 -0.00542772 0.02160000
v -0.00504308 -0.00539340 0.02080000
v -0.00558100 -0.00528486 0.02160000
v -0.00540221 -0.00552977 0.02120000
v -0.00544586 -0.00499913 0.02160000
v -0.00497551 -0.00525054 0.02080000
v -0.00551343 -0.00514199 0.02160000
v -0.00527825 -0.00526770 0.02120000
v -0.00490947 -0.00573387 0.02040000
v -0.00479671 -0.00549545 0.02040000
v -0.00490947 -0.00573387 0.01592500
v -0.00515584 -0.00563182 0.02080000
v -0.00485309 -0.00561466 0.01592500
v -0.00509946 -0.00551261 0.02080000
v -0.00467253 -0.00526313 0.00697500
v -0.00453694 -0.00503692 0.01592500
v -0.00460474 -0.00515003 0.00697500
v -0.00467253 -0.00526313 0.01145000
v -0.00446915 -0.00492381 0.00697500
v -0.00446915 -0.00492381 0.01592500
v -0.00453694 -0.00503692 0.00697500
v -0.00453694 -0.00503692 0.01145000
v -0.00537807 -0.00488602 0.02160000
v -0.00477212 -0.00491121 0.02080000
v -0.00529682 -0.00475046 0.02160000
v -0.00514289 -0.00501172 0.02120000
v -0.00513432 -0.00447935 0.02160000
v -0.00469087 -0.00477566 0.02080000
v -0.00521557 -0.00461491 0.02160000
v -0.00499385 -0.00476306 0.02120000
v -0.00467253 -0.00526313 0.02040000
v -0.00453694 -0.00503692 0.02040000
v -0.00467253 -0.00526313 0.01592500
v -0.00490771 -0.00513743 0.02080000
v -0.00460474 -0.00515003 0.01592500
v -0.00483992 -0.00502432 0.02080000
v -0.00439059 -0.00481789 0.00697500
v -0.00423349 -0.00460605 0.01592500
v -0.00431204 -0.00471197 0.00697500
v -0.00439059 -0.00481789 0.01145000
v -0.00415493 -0.00450014 0.00697500
v -0.00415493 -0.00450014 0.01592500
v -0.00423349 -0.00460605 0.00697500
v -0.00423349 -0.00460605 0.01145000
v -0.00505577 -0.00437344 0.02160000
v -0.00445521 -0.00445790 0.02080000
v -0.00483404 -0.00452159 0.02120000
v -0.00439059 -0.00481789 0.02040000
v -0.00423349 -0.00460605 0.02040000
v -0.00439059 -0.00481789 0.01592500
v -0.00461232 -0.00466974 0.02080000
v -0.00431204 -0.00471197 0.01592500
v -0.00453377 -0.00456382 0.02080000
v -0.00406637 -0.00440243 0.00697500
v -0.00388926 -0.00420701 0.01592500
v -0.00397782 -0.00430472 0.00697500
v -0.00406637 -0.00440243 0.01145000
v -0.00380070 -0.00410930 0.00697500
v -0.00380070 -0.00410930 0.01592500
v -0.00388926 -0.00420701 0.00697500
v -0.00388926 -0.00420701 0.01145000
v -0.00406637 -0.00440243 0.02040000
v -0.00388926 -0.00420701 0.02040000
v -0.00406637 -0.00440243 0.01592500
v -0.00397782 -0.00430472 0.01592500
v -0.00370299 -0.00402074 0.00697500
v -0.00350757 -0.00384363 0.01592500
v -0.00360528 -0.00393218 0.00697500
v -0.00370299 -0.00402074 0.01145000
v -0.00340986 -0.00375507 0.00697500
v -0.00340986 -0.00375507 0.01592500
v -0.00350757 -0.00384363 0.00697500
v -0.00350757 -0.00384363 0.01145000
v -0.00370299 -0.00402074 0.02040000
v -0.00350757 -0.00384363 0.02040000
v -0.00370299 -0.00402074 0.01592500
v -0.00360528 -0.00393218 0.01592500
v -0.00330395 -0.00367651 0.00697500
v -0.00309211 -0.00351941 0.01592500
v -0.00319803 -0.00359796 0.00697500
v -0.00330395 -0.00367651 0.01145000
v -0.00298619 -0.00344085 0.00697500
v -0.00298619 -0.00344085 0.01592500
v -0.00309211 -0.00351941 0.00697500
v -0.00309211 -0.00351941 0.01145000
v -0.00330395 -0.00367651 0.02040000
v -0.00309211 -0.00351941 0.02040000
v -0.00330395 -0.00367651 0.01592500
v -0.00319803 -0.00359796 0.01592500
v -0.00287308 -0.00337306 0.00697500
v -0.00264687 -0.00323747 0.01592500
v -0.00275997 -0.00330526 0.00697500
v -0.00287308 -0.00337306 0.01145000
v -0.00253376 -0.00316967 0.00697500
v -0.00253376 -0.00316967 0.01592500
v -0.00264687 -0.00323747 0.00697500
v -0.00264687 -0.00323747 0.01145000
v -0.00287308 -0.00337306 0.02040000
v -0.00264687 -0.00323747 0.02040000
v -0.00287308 -0.00337306 0.01592500
v -0.00275997 -0.00330526 0.01592500
v -0.00962887 -0.00338711 0.02200000
v -0.00652927 -0.00367800 0.02200000
v -0.00817321 -0.00365950 0.02200000
v -0.00526191 -0.00420426 0.02200000
v -0.00507362 -0.00395039 0.02200000
v -0.00671756 -0.00393188 0.02200000
v -0.00496163 -0.00424650 0.02160000
v -0.00662342 -0.00380494 0.02200000
v -0.00436107 -0.00433096 0.02080000
v -0.00477334 -0.00399262 0.02160000
v -0.00466135 -0.00428873 0.02120000
v -0.00427251 -0.00423326 0.02080000
v -0.00486748 -0.00411956 0.02160000
v -0.00409539 -0.00403784 0.02080000
v -0.00468478 -0.00389491 0.02160000
v -0.00418395 -0.00413555 0.02080000
v -0.00447865 -0.00406408 0.02120000
v -0.00952274 -0.00327001 0.02200000
v -0.00621088 -0.00332671 0.02200000
v -0.00797294 -0.00341546 0.02200000
v -0.00398926 -0.00392074 0.02080000
v -0.00436638 -0.00354362 0.02160000
v -0.00389155 -0.00383218 0.02080000
v -0.00428395 -0.00384928 0.02120000
v -0.00369613 -0.00365507 0.02080000
v -0.00426868 -0.00345506 0.02160000
v -0.00379384 -0.00374362 0.02080000
v -0.00408011 -0.00364362 0.02120000
v -0.00487334 -0.00370635 0.02200000
v -0.00466108 -0.00347215 0.02200000
v -0.00642314 -0.00356091 0.02200000
v -0.00457865 -0.00377781 0.02160000
v -0.00631701 -0.00344381 0.02200000
v -0.00447252 -0.00366071 0.02160000
v -0.00949146 -0.00324167 0.02200000
v -0.00611705 -0.00324167 0.02200000
v -0.00783553 -0.00327001 0.02200000
v -0.00452367 -0.00332671 0.02200000
v -0.00446112 -0.00327001 0.02200000
v -0.00617960 -0.00329836 0.02200000
v -0.00614832 -0.00327001 0.02200000
v -0.00937780 -0.00319779 0.02193419
v -0.00577608 -0.00311005 0.02180258
v -0.00769060 -0.00319779 0.02193419
v -0.00355120 -0.00358285 0.02073419
v -0.00383388 -0.00323840 0.02140258
v -0.00383747 -0.00348284 0.02113419
v -0.00441001 -0.00328284 0.02193419
v -0.00412015 -0.00313840 0.02180258
v -0.00412374 -0.00338284 0.02153419
v -0.00437874 -0.00325449 0.02193419
v -0.00397881 -0.00331062 0.02146838
v -0.00431619 -0.00319779 0.02193419
v -0.00408888 -0.00311005 0.02180258
v -0.00600339 -0.00319779 0.02193419
v -0.00434746 -0.00322614 0.02193419
v -0.00588974 -0.00315392 0.02186838
v -0.00423381 -0.00318227 0.02186838
v -0.00914471 -0.00312513 0.02182520
v -0.00507681 -0.00289206 0.02147559
v -0.00300036 -0.00327452 0.02062520
v -0.00302869 -0.00294186 0.02107559
v -0.00907973 -0.00310714 0.02179820
v -0.00488185 -0.00283807 0.02139461
v -0.00704578 -0.00299060 0.02162340
v -0.00293537 -0.00325652 0.02059820
v -0.00283373 -0.00288787 0.02099461
v -0.00282226 -0.00318873 0.02059820
v -0.00294954 -0.00309019 0.02082340
v -0.00259605 -0.00305314 0.02059820
v -0.00272062 -0.00282007 0.02099461
v -0.00270915 -0.00312093 0.02059820
v -0.00277144 -0.00300440 0.02079641
v -0.00297787 -0.00275753 0.02127379
v -0.00284790 -0.00272154 0.02121981
v -0.00501182 -0.00287407 0.02144860
v -0.00296371 -0.00292386 0.02104860
v -0.00494684 -0.00285607 0.02142160
v -0.00289872 -0.00290586 0.02102160
v -0.00927468 -0.00316370 0.02188306
v -0.00546671 -0.00300778 0.02164917
v -0.00747382 -0.00311983 0.02181725
v -0.00344808 -0.00354876 0.02068306
v -0.00352451 -0.00313613 0.02124917
v -0.00358942 -0.00337653 0.02101725
v -0.00387210 -0.00303209 0.02168563
v -0.00366585 -0.00296391 0.02158336
v -0.00567296 -0.00307596 0.02175144
v -0.00373076 -0.00320431 0.02135144
v -0.00556983 -0.00304187 0.02170030
v -0.00362763 -0.00317022 0.02130030
v -0.00922654 -0.00314779 0.02185919
v -0.00532230 -0.00296004 0.02157756
v -0.00719259 -0.00303126 0.02168438
v -0.00732256 -0.00306983 0.02174224
v -0.00339994 -0.00353284 0.02065919
v -0.00338010 -0.00308839 0.02117756
v -0.00329402 -0.00345429 0.02065919
v -0.00343816 -0.00332653 0.02094224
v -0.00308219 -0.00329718 0.02065919
v -0.00327418 -0.00300984 0.02117756
v -0.00318811 -0.00337573 0.02065919
v -0.00309636 -0.00313085 0.02088438
v -0.00328410 -0.00323206 0.02091838
v -0.00312469 -0.00279819 0.02133478
v -0.00328835 -0.00284351 0.02140276
v -0.00515864 -0.00291472 0.02150958
v -0.00311052 -0.00296452 0.02110958
v -0.00524047 -0.00293738 0.02154357
v -0.00319235 -0.00298718 0.02114357
v -0.00351459 -0.00291390 0.02150835
v -0.00341832 -0.00288208 0.02146062
v -0.00541857 -0.00299187 0.02162530
v -0.00347637 -0.00312022 0.02122530
v -0.00537044 -0.00297595 0.02160143
v -0.00342824 -0.00310430 0.02120143
v -0.00258800 -0.00217500 0.00810000
v -0.00258800 -0.00217500 0.01630000
v -0.00446900 -0.00217500 0.01220000
v -0.00903100 -0.00297500 0.02160000
v -0.00473567 -0.00244167 0.02080000
v -0.00876433 -0.00270833 0.02120000
v -0.00693206 -0.00284047 0.02139820
v -0.00823100 -0.00217500 0.02040000
v -0.00446900 -0.00217500 0.02040000
v -0.00635000 -0.00217500 0.01630000
v -0.00849767 -0.00244167 0.02080000
v -0.00446900 -0.00217500 0.01630000
v -0.00661667 -0.00244167 0.02080000
v -0.00273418 -0.00257141 0.02099461
v -0.00263673 -0.00230714 0.02059820
v -0.00483312 -0.00270594 0.02119641
v -0.00478439 -0.00257380 0.02099820
v -0.00241455 -0.00311329 0.00697500
v -0.00217613 -0.00300053 0.01592500
v -0.00229534 -0.00305691 0.00697500
v -0.00241455 -0.00311329 0.01145000
v -0.00205692 -0.00294415 0.00697500
v -0.00205692 -0.00294415 0.01592500
v -0.00217613 -0.00300053 0.00697500
v -0.00217613 -0.00300053 0.01145000
v -0.00241455 -0.00311329 0.02040000
v -0.00217613 -0.00300053 0.02040000
v -0.00241455 -0.00311329 0.01592500
v -0.00229534 -0.00305691 0.01592500
v -0.00193276 -0.00289972 0.00697500
v -0.00168444 -0.00281087 0.01592500
v -0.00180860 -0.00285530 0.00697500
v -0.00193276 -0.00289972 0.01145000
v -0.00156028 -0.00276645 0.00697500
v -0.00156028 -0.00276645 0.01592500
v -0.00168444 -0.00281087 0.00697500
v -0.00168444 -0.00281087 0.01145000
v -0.00193276 -0.00289972 0.02040000
v -0.00168444 -0.00281087 0.02040000
v -0.00193276 -0.00289972 0.01592500
v -0.00180860 -0.00285530 0.01592500
v -0.00143236 -0.00273440 0.00697500
v -0.00117653 -0.00267032 0.01592500
v -0.00130445 -0.00270236 0.00697500
v -0.00143236 -0.00273440 0.01145000
v -0.00104861 -0.00263828 0.00697500
v -0.00104861 -0.00263828 0.01592500
v -0.00117653 -0.00267032 0.00697500
v -0.00117653 -0.00267032 0.01145000
v -0.00143236 -0.00273440 0.02040000
v -0.00117653 -0.00267032 0.02040000
v -0.00143236 -0.00273440 0.01592500
v -0.00130445 -0.00270236 0.01592500
v -0.00091817 -0.00261893 0.00697500
v -0.00065728 -0.00258023 0.01592500
v -0.00078773 -0.00259958 0.00697500
v -0.00091817 -0.00261893 0.01145000
v -0.00052684 -0.00256088 0.00697500
v -0.00052684 -0.00256088 0.01592500
v -0.00065728 -0.00258023 0.00697500
v -0.00065728 -0.00258023 0.01145000
v -0.00091817 -0.00261893 0.02040000
v -0.00065728 -0.00258023 0.02040000
v -0.00091817 -0.00261893 0.01592500
v -0.00078773 -0.00259958 0.01592500
v -0.00251316 -0.00303452 0.02057027
v -0.00247197 -0.00276420 0.02091080
v -0.00257545 -0.00291798 0.02076847
v -0.00239395 -0.00297814 0.02057027
v -0.00270003 -0.00268492 0.02116488
v -0.00253426 -0.00264767 0.02110901
v -0.00263774 -0.00280145 0.02096667
v -0.00265130 -0.00255278 0.02096667
v -0.00255486 -0.00278283 0.02093874
v -0.00255385 -0.00228851 0.02057027
v -0.00248554 -0.00251553 0.02091080
v -0.00260257 -0.00242065 0.02076847
v -0.00256842 -0.00253416 0.02093874
v -0.00215554 -0.00286537 0.02057027
v -0.00235277 -0.00270782 0.02091080
v -0.00227475 -0.00292175 0.02057027
v -0.00237336 -0.00284298 0.02074053
v -0.00249348 -0.00227495 0.02054992
v -0.00230444 -0.00247484 0.02084976
v -0.00245932 -0.00238846 0.02072019
v -0.00209517 -0.00285181 0.02054992
v -0.00217167 -0.00266713 0.02084976
v -0.00219379 -0.00277303 0.02072019
v -0.00239101 -0.00261548 0.02106072
v -0.00227028 -0.00258835 0.02102003
v -0.00242517 -0.00250197 0.02089046
v -0.00229240 -0.00269426 0.02089046
v -0.00236480 -0.00248841 0.02087011
v -0.00223203 -0.00268069 0.02087011
v -0.00248886 -0.00227414 0.02054872
v -0.00229057 -0.00247243 0.02084615
v -0.00239433 -0.00237409 0.02069864
v -0.00209055 -0.00285101 0.02054872
v -0.00215780 -0.00266472 0.02084615
v -0.00212880 -0.00275867 0.02069864
v -0.00220529 -0.00257399 0.02099848
v -0.00219605 -0.00257238 0.02099607
v -0.00229981 -0.00247404 0.02084856
v -0.00216704 -0.00266633 0.02084856
v -0.00229519 -0.00247324 0.02084735
v -0.00216242 -0.00266552 0.02084735
v -0.00238887 -0.00213231 0.02069869
v -0.00199062 -0.00204693 0.02129607
v -0.00228973 -0.00223145 0.02084741
v -0.00199057 -0.00270917 0.02069869
v -0.00185785 -0.00223921 0.02129607
v -0.00186641 -0.00266474 0.02069869
v -0.00202419 -0.00261603 0.02084741
v -0.00161808 -0.00257589 0.02069869
v -0.00173369 -0.00219479 0.02129607
v -0.00174224 -0.00262032 0.02069869
v -0.00180005 -0.00242977 0.02099738
v -0.00209144 -0.00242974 0.02114484
v -0.00189148 -0.00214607 0.02144479
v -0.00219058 -0.00233060 0.02099612
v -0.00205781 -0.00252289 0.02099612
v -0.00209060 -0.00218876 0.02114610
v -0.00195783 -0.00238105 0.02114610
v -0.00232133 -0.00204585 0.02080000
v -0.00178800 -0.00178755 0.02160000
v -0.00212221 -0.00200316 0.02109869
v -0.00155054 -0.00248943 0.02080000
v -0.00153107 -0.00193541 0.02160000
v -0.00142263 -0.00245739 0.02080000
v -0.00160835 -0.00229888 0.02109869
v -0.00116679 -0.00239331 0.02080000
v -0.00140315 -0.00190337 0.02160000
v -0.00129471 -0.00242535 0.02080000
v -0.00141289 -0.00218038 0.02120000
v -0.00172395 -0.00191778 0.02169607
v -0.00158887 -0.00174485 0.02189869
v -0.00192308 -0.00196047 0.02139738
v -0.00166615 -0.00210833 0.02139738
v -0.00185554 -0.00187401 0.02149869
v -0.00159861 -0.00202187 0.02149869
v -0.00110063 -0.00237674 0.02080000
v -0.00120468 -0.00185365 0.02160000
v -0.00097019 -0.00235739 0.02080000
v -0.00121882 -0.00213177 0.02120000
v -0.00070931 -0.00231869 0.02080000
v -0.00107424 -0.00183430 0.02160000
v -0.00083975 -0.00233804 0.02080000
v -0.00102222 -0.00209584 0.02120000
v -0.00145518 -0.00164182 0.02200000
v -0.00132286 -0.00160868 0.02200000
v -0.00133700 -0.00188679 0.02160000
v -0.00127084 -0.00187022 0.02160000
v -0.00055298 -0.00229550 0.02080000
v -0.00060526 -0.00176473 0.02160000
v -0.00073545 -0.00205331 0.02120000
v -0.00110038 -0.00156892 0.02200000
v -0.00078772 -0.00152254 0.02200000
v -0.00091791 -0.00181111 0.02160000
v -0.00076158 -0.00178792 0.02160000
v -0.02000000 -0.01000000 0.00000000
v -0.02000000 0.01000000 0.00000000
v -0.01011200 0.00091250 0.00400000
v -0.01011200 0.00708750 0.00400000
v -0.00823100 0.00091250 0.00400000
v -0.00446900 0.00091250 0.00400000
v -0.00823100 0.00708750 0.00400000
v -0.00635000 0.00091250 0.00400000
v -0.00823100 0.00400000 0.00400000
v -0.00258800 0.00091250 0.00400000
v -0.00258800 0.00708750 0.00400000
v -0.00258800 0.00091250 0.00810000
v -0.00446900 0.00400000 0.00400000
v -0.00258800 0.00091250 0.01630000
v -0.00258800 0.00708750 0.00810000
v -0.00258800 0.00091250 0.01220000
v -0.00258800 0.00400000 0.00810000
v -0.00823100 0.01017500 0.00400000
v -0.00446900 0.01017500 0.00400000
v -0.00635000 0.00708750 0.00400000
v -0.00446900 0.00708750 0.00400000
v -0.02000000 -0.01000000 0.00550000
v -0.02000000 0.01000000 0.01650000
v -0.02000000 -0.01000000 0.01100000
v -0.02000000 0.00000000 0.00550000
v -0.02000000 -0.01000000 0.02200000
v -0.02000000 0.01000000 0.02200000
v -0.02000000 -0.01000000 0.01650000
v -0.01779467 -0.00581042 0.02200000
v -0.02000000 0.00000000 0.01650000
v -0.01338400 0.00256875 0.02200000
v -0.01779467 0.01418958 0.02200000
v -0.01558933 -0.00162083 0.02200000
v -0.01779467 0.00418958 0.02200000
v -0.02000000 0.02000000 0.00550000
v -0.02000000 0.02000000 0.01650000
v -0.02000000 0.01000000 0.00550000
v -0.02000000 0.01000000 0.01100000
v -0.01011200 0.00091250 0.00810000
v -0.01011200 0.00708750 0.01630000
v -0.01011200 0.00091250 0.01220000
v -0.01011200 0.00400000 0.00810000
v -0.01011200 0.00091250 0.02040000
v -0.01011200 0.00708750 0.02040000
v -0.01011200 0.00091250 0.01630000
v -0.01011200 0.00400000 0.01630000
v -0.01011200 0.01017500 0.00810000
v -0.01011200 0.01017500 0.01630000
v -0.01011200 0.00708750 0.00810000
v -0.01011200 0.00708750 0.01220000
v -0.01117867 0.00037917 0.02200000
v -0.01117867 0.00762083 0.02200000
v -0.01091200 0.00064583 0.02160000
v -0.01338400 0.00618958 0.02200000
v -0.01037867 0.00117917 0.02080000
v -0.01091200 0.00788750 0.02160000
v -0.01064533 0.00091250 0.02120000
v -0.01037867 0.00426667 0.02080000
v -0.01091200 0.00426667 0.02160000
v -0.01779467 0.01781042 0.02200000
v -0.01338400 0.01343125 0.02200000
v -0.01558933 0.01200000 0.02200000
v -0.01338400 0.00981042 0.02200000
v -0.01037867 0.01044167 0.02080000
v -0.01091200 0.01097500 0.02160000
v -0.01037867 0.00735417 0.02080000
v -0.01064533 0.00762083 0.02120000
v -0.00258800 0.00091250 0.02040000
v -0.00258800 0.00708750 0.02040000
v -0.00232133 0.00104165 0.02080000
v -0.00258800 0.00400000 0.01630000
v -0.00178800 0.00129995 0.02160000
v -0.00232133 0.00721665 0.02080000
v -0.00205467 0.00117080 0.02120000
v -0.00232133 0.00412915 0.02080000
v -0.00823100 0.01017500 0.00810000
v -0.00446900 0.01017500 0.01630000
v -0.00635000 0.01017500 0.00810000
v -0.00823100 0.01017500 0.01220000
v -0.00258800 0.01017500 0.00810000
v -0.00258800 0.01017500 0.01630000
v -0.00258800 0.00708750 0.01220000
v -0.00446900 0.01017500 0.00810000
v -0.00258800 0.00708750 0.01630000
v -0.00446900 0.01017500 0.01220000
v -0.00823100 0.01017500 0.02040000
v -0.00446900 0.01017500 0.02040000
v -0.00823100 0.01017500 0.01630000
v -0.00635000 0.01017500 0.01630000
v -0.00152133 0.00156662 0.02200000
v -0.00152133 0.00801665 0.02200000
v -0.00178800 0.00452497 0.02160000
v -0.01538033 0.01781042 0.02200000
v -0.00614100 0.01343125 0.02200000
v -0.01317500 0.01562083 0.02200000
v -0.00796433 0.01044167 0.02080000
v -0.00366900 0.01097500 0.02160000
v -0.00823100 0.01070833 0.02120000
v -0.00608333 0.01044167 0.02080000
v -0.00876433 0.01124167 0.02200000
v -0.00393567 0.01124167 0.02200000
v -0.01096967 0.01343125 0.02200000
v -0.00849767 0.01097500 0.02160000
v -0.00855533 0.01343125 0.02200000
v -0.00608333 0.01097500 0.02160000
v -0.00232133 0.01044167 0.02080000
v -0.00178800 0.01097500 0.02160000
v -0.00205467 0.00748332 0.02120000
v -0.00420233 0.01044167 0.02080000
v -0.00178800 0.00774998 0.02160000
v -0.00393567 0.01070833 0.02120000
v -0.00039513 -0.01326559 0.00250000
v -0.00013171 -0.01327853 0.00250000
v -0.00039513 -0.01326559 0.00697500
v -0.00039513 -0.01326559 0.01592500
v -0.00013171 -0.01327853 0.00697500
v -0.00039513 -0.01326559 0.01145000
v -0.00026342 -0.01327206 0.00697500
v 0.00013171 -0.01327853 0.00250000
v 0.00039513 -0.01326559 0.00250000
v 0.00065728 -0.01323977 0.00250000
v 0.00091817 -0.01320107 0.00250000
v 0.00117653 -0.01314968 0.00250000
v 0.00143236 -0.01308560 0.00250000
v 0.00168444 -0.01300913 0.00250000
v 0.00193276 -0.01292028 0.00250000
v 0.00217613 -0.01281947 0.00250000
v 0.00241455 -0.01270671 0.00250000
v 0.00264687 -0.01258253 0.00250000
v 0.00287308 -0.01244694 0.00250000
v 0.00309211 -0.01230059 0.00250000
v 0.00330395 -0.01214349 0.00250000
v 0.00350757 -0.01197637 0.00250000
v 0.00370299 -0.01179926 0.00250000
v 0.00388926 -0.01161299 0.00250000
v 0.00406637 -0.01141757 0.00250000
v 0.00423349 -0.01121395 0.00250000
v 0.00439059 -0.01100211 0.00250000
v 0.00453694 -0.01078308 0.00250000
v 0.00467253 -0.01055687 0.00250000
v -0.00190032 -0.01146525 0.00250000
v -0.00063344 -0.00909508 0.00250000
v -0.00201343 -0.01139745 0.00250000
v -0.00178111 -0.01152163 0.00250000
v -0.00311620 -0.01046740 0.00250000
v -0.00103873 -0.00876247 0.00250000
v -0.00302764 -0.01056511 0.00250000
v -0.00319475 -0.01036148 0.00250000
v -0.00285052 -0.01076052 0.00250000
v -0.00095017 -0.00886017 0.00250000
v -0.00293908 -0.01066282 0.00250000
v -0.00275282 -0.01084908 0.00250000
v -0.00198891 -0.00971264 0.00250000
v -0.00335186 -0.01014964 0.00250000
v -0.00111729 -0.00865655 0.00250000
v -0.00327331 -0.01025556 0.00250000
v -0.00341966 -0.01003653 0.00250000
v -0.00215602 -0.00950901 0.00250000
v -0.00355525 -0.00981032 0.00250000
v -0.00118508 -0.00854344 0.00250000
v -0.00348745 -0.00992343 0.00250000
v -0.00361163 -0.00969111 0.00250000
v -0.00230237 -0.00928999 0.00250000
v -0.00255740 -0.01102620 0.00250000
v -0.00085247 -0.00894873 0.00250000
v -0.00265511 -0.01093764 0.00250000
v -0.00245148 -0.01110475 0.00250000
v -0.00180264 -0.00989891 0.00250000
v -0.00223964 -0.01126186 0.00250000
v -0.00074655 -0.00902729 0.00250000
v -0.00212653 -0.01132966 0.00250000
v -0.00234556 -0.01118331 0.00250000
v -0.00137999 -0.01021237 0.00250000
v -0.00159901 -0.01006602 0.00250000
v -0.00154269 -0.01163439 0.00250000
v -0.00051423 -0.00915146 0.00250000
v -0.00166190 -0.01157801 0.00250000
v -0.00141853 -0.01167881 0.00250000
v -0.00114767 -0.01033654 0.00250000
v -0.00117021 -0.01176767 0.00250000
v -0.00039007 -0.00919589 0.00250000
v -0.00129437 -0.01172324 0.00250000
v -0.00104229 -0.01179971 0.00250000
v -0.00090430 -0.01043735 0.00250000
v -0.00078646 -0.01186379 0.00250000
v -0.00026215 -0.00922793 0.00250000
v -0.00091438 -0.01183175 0.00250000
v -0.00065602 -0.01188314 0.00250000
v -0.00065222 -0.01051382 0.00250000
v -0.00039513 -0.01192184 0.00250000
v -0.00013171 -0.00924728 0.00250000
v -0.00052557 -0.01190249 0.00250000
v -0.00026342 -0.01192831 0.00250000
v -0.00039386 -0.01056521 0.00250000
v -0.00385767 -0.00908021 0.00250000
v -0.00128589 -0.00830007 0.00250000
v -0.00388971 -0.00895229 0.00250000
v -0.00381324 -0.00920437 0.00250000
v -0.00395379 -0.00869646 0.00250000
v -0.00131793 -0.00817215 0.00250000
v -0.00392175 -0.00882438 0.00250000
v -0.00397314 -0.00856602 0.00250000
v -0.00260382 -0.00856222 0.00250000
v -0.00401184 -0.00830513 0.00250000
v -0.00133728 -0.00804171 0.00250000
v -0.00399249 -0.00843557 0.00250000
v -0.00401831 -0.00817342 0.00250000
v -0.00265521 -0.00830386 0.00250000
v -0.00403125 -0.00791000 0.00250000
v -0.00134375 -0.00791000 0.00250000
v -0.00402478 -0.00804171 0.00250000
v -0.00402478 -0.00777829 0.00250000
v -0.00268103 -0.00804171 0.00250000
v -0.00401184 -0.00751487 0.00250000
v -0.00133728 -0.00777829 0.00250000
v -0.00401831 -0.00764658 0.00250000
v -0.00399249 -0.00738443 0.00250000
v -0.00268103 -0.00777829 0.00250000
v -0.00395379 -0.00712354 0.00250000
v -0.00131793 -0.00764785 0.00250000
v -0.00397314 -0.00725398 0.00250000
v -0.00392175 -0.00699562 0.00250000
v -0.00265521 -0.00751614 0.00250000
v -0.00385767 -0.00673979 0.00250000
v -0.00128589 -0.00751993 0.00250000
v -0.00388971 -0.00686771 0.00250000
v -0.00381324 -0.00661563 0.00250000
v -0.00260382 -0.00725778 0.00250000
v -0.00372439 -0.00945269 0.00250000
v -0.00124146 -0.00842423 0.00250000
v -0.00366801 -0.00957190 0.00250000
v -0.00376881 -0.00932853 0.00250000
v -0.00242654 -0.00905767 0.00250000
v -0.00252735 -0.00881430 0.00250000
v -0.00372439 -0.00636731 0.00250000
v -0.00124146 -0.00739577 0.00250000
v -0.00376881 -0.00649147 0.00250000
v -0.00366801 -0.00624810 0.00250000
v -0.00252735 -0.00700570 0.00250000
v -0.00355525 -0.00600968 0.00250000
v -0.00118508 -0.00727656 0.00250000
v -0.00361163 -0.00612889 0.00250000
v -0.00348745 -0.00589657 0.00250000
v -0.00242654 -0.00676233 0.00250000
v -0.00335186 -0.00567036 0.00250000
v -0.00111729 -0.00716345 0.00250000
v -0.00341966 -0.00578347 0.00250000
v -0.00327331 -0.00556444 0.00250000
v -0.00230237 -0.00653001 0.00250000
v -0.00311620 -0.00535260 0.00250000
v -0.00103873 -0.00705753 0.00250000
v -0.00319475 -0.00545852 0.00250000
v -0.00302764 -0.00525489 0.00250000
v -0.00215602 -0.00631099 0.00250000
v -0.00285052 -0.00505948 0.00250000
v -0.00095017 -0.00695983 0.00250000
v -0.00293908 -0.00515718 0.00250000
v -0.00275282 -0.00497092 0.00250000
v -0.00198891 -0.00610736 0.00250000
v -0.00255740 -0.00479380 0.00250000
v -0.00085247 -0.00687127 0.00250000
v -0.00265511 -0.00488236 0.00250000
v -0.00245148 -0.00471525 0.00250000
v -0.00180264 -0.00592109 0.00250000
v -0.00223964 -0.00455814 0.00250000
v -0.00074655 -0.00679271 0.00250000
v -0.00234556 -0.00463669 0.00250000
v -0.00212653 -0.00449034 0.00250000
v -0.00159901 -0.00575398 0.00250000
v -0.00190032 -0.00435475 0.00250000
v -0.00063344 -0.00672492 0.00250000
v -0.00201343 -0.00442255 0.00250000
v -0.00178111 -0.00429837 0.00250000
v -0.00137999 -0.00560763 0.00250000
v -0.00154269 -0.00418561 0.00250000
v -0.00051423 -0.00666854 0.00250000
v -0.00166190 -0.00424199 0.00250000
v -0.00141853 -0.00414119 0.00250000
v -0.00114767 -0.00548346 0.00250000
v -0.00117021 -0.00405233 0.00250000
v -0.00039007 -0.00662411 0.00250000
v -0.00129437 -0.00409676 0.00250000
v -0.00104229 -0.00402029 0.00250000
v -0.00090430 -0.00538265 0.00250000
v -0.00078646 -0.00395621 0.00250000
v -0.00026215 -0.00659207 0.00250000
v -0.00091438 -0.00398825 0.00250000
v -0.00065602 -0.00393686 0.00250000
v -0.00065222 -0.00530618 0.00250000
v -0.00039513 -0.00389816 0.00250000
v -0.00013171 -0.00657272 0.00250000
v -0.00052557 -0.00391751 0.00250000
v -0.00039386 -0.00525479 0.00250000
v -0.00000000 -0.01194125 0.00250000
v -0.00000000 -0.00925375 0.00250000
v -0.00013171 -0.01193478 0.00250000
v 0.00013171 -0.01193478 0.00250000
v -0.00013171 -0.01059103 0.00250000
v 0.00039513 -0.01192184 0.00250000
v 0.00013171 -0.00924728 0.00250000
v 0.00026342 -0.01192831 0.00250000
v 0.00052557 -0.01190249 0.00250000
v 0.00013171 -0.01059103 0.00250000
v 0.00078646 -0.01186379 0.00250000
v 0.00026215 -0.00922793 0.00250000
v 0.00065602 -0.01188314 0.00250000
v 0.00091438 -0.01183175 0.00250000
v 0.00039386 -0.01056521 0.00250000
v 0.00117021 -0.01176767 0.00250000
v 0.00039007 -0.00919589 0.00250000
v 0.00104229 -0.01179971 0.00250000
v 0.00129437 -0.01172324 0.00250000
v 0.00065222 -0.01051382 0.00250000
v 0.00154269 -0.01163439 0.00250000
v 0.00051423 -0.00915146 0.00250000
v 0.00141853 -0.01167881 0.00250000
v 0.00166190 -0.01157801 0.00250000
v 0.00090430 -0.01043735 0.00250000
v 0.00190032 -0.01146525 0.00250000
v 0.00063344 -0.00909508 0.00250000
v 0.00178111 -0.01152163 0.00250000
v 0.00201343 -0.01139745 0.00250000
v 0.00114767 -0.01033654 0.00250000
v 0.00223964 -0.01126186 0.00250000
v 0.00074655 -0.00902729 0.00250000
v 0.00212653 -0.01132966 0.00250000
v 0.00234556 -0.01118331 0.00250000
v 0.00137999 -0.01021237 0.00250000
v 0.00255740 -0.01102620 0.00250000
v 0.00085247 -0.00894873 0.00250000
v 0.00245148 -0.01110475 0.00250000
v 0.00265511 -0.01093764 0.00250000
v 0.00159901 -0.01006602 0.00250000
v 0.00285052 -0.01076052 0.00250000
v 0.00095017 -0.00886017 0.00250000
v 0.00275282 -0.01084908 0.00250000
v 0.00293908 -0.01066282 0.00250000
v 0.00180264 -0.00989891 0.00250000
v 0.00311620 -0.01046740 0.00250000
v 0.00103873 -0.00876247 0.00250000
v 0.00302764 -0.01056511 0.00250000
v 0.00319475 -0.01036148 0.00250000
v 0.00198891 -0.00971264 0.00250000
v 0.00335186 -0.01014964 0.00250000
v 0.00111729 -0.00865655 0.00250000
v 0.00327331 -0.01025556 0.00250000
v 0.00341966 -0.01003653 0.00250000
v 0.00215602 -0.00950901 0.00250000
v 0.00355525 -0.00981032 0.00250000
v 0.00118508 -0.00854344 0.00250000
v 0.00348745 -0.00992343 0.00250000
v 0.00230237 -0.00928999 0.00250000
v 0.00479671 -0.01032455 0.00250000
v 0.00490947 -0.01008613 0.00250000
v 0.00361163 -0.00969111 0.00250000
v 0.00124146 -0.00842423 0.00250000
v 0.00372439 -0.00945269 0.00250000
v 0.00242654 -0.00905767 0.00250000
v 0.00366801 -0.00957190 0.00250000
v 0.00124146 -0.00739577 0.00250000
v 0.00372439 -0.00636731 0.00250000
v 0.00118508 -0.00727656 0.00250000
v 0.00355525 -0.00600968 0.00250000
v 0.00242654 -0.00676233 0.00250000
v 0.00490947 -0.00573387 0.00250000
v 0.00479671 -0.00549545 0.00250000
v 0.00366801 -0.00624810 0.00250000
v 0.00361163 -0.00612889 0.00250000
v -0.00039513 -0.00255441 0.00250000
v -0.00013171 -0.00254147 0.00250000
v -0.00026342 -0.00389169 0.00250000
v 0.00000000 -0.00656625 0.00250000
v 0.00000000 -0.00387875 0.00250000
v -0.00013171 -0.00522897 0.00250000
v -0.00013171 -0.00388522 0.00250000
v 0.00013171 -0.00657272 0.00250000
v 0.00039513 -0.00389816 0.00250000
v 0.00013171 -0.00522897 0.00250000
v 0.00013171 -0.00254147 0.00250000
v 0.00039513 -0.00255441 0.00250000
v 0.00013171 -0.00388522 0.00250000
v 0.00026342 -0.00389169 0.00250000
v 0.00026215 -0.00659207 0.00250000
v 0.00078646 -0.00395621 0.00250000
v 0.00039386 -0.00525479 0.00250000
v 0.00065728 -0.00258023 0.00250000
v 0.00091817 -0.00261893 0.00250000
v 0.00052557 -0.00391751 0.00250000
v 0.00065602 -0.00393686 0.00250000
v 0.00039007 -0.00662411 0.00250000
v 0.00117021 -0.00405233 0.00250000
v 0.00065222 -0.00530618 0.00250000
v 0.00117653 -0.00267032 0.00250000
v 0.00143236 -0.00273440 0.00250000
v 0.00091438 -0.00398825 0.00250000
v 0.00104229 -0.00402029 0.00250000
v 0.00051423 -0.00666854 0.00250000
v 0.00154269 -0.00418561 0.00250000
v 0.00090430 -0.00538265 0.00250000
v 0.00168444 -0.00281087 0.00250000
v 0.00193276 -0.00289972 0.00250000
v 0.00129437 -0.00409676 0.00250000
v 0.00141853 -0.00414119 0.00250000
v 0.00085247 -0.00687127 0.00250000
v 0.00255740 -0.00479380 0.00250000
v 0.00063344 -0.00672492 0.00250000
v 0.00190032 -0.00435475 0.00250000
v 0.00114767 -0.00548346 0.00250000
v 0.00217613 -0.00300053 0.00250000
v 0.00241455 -0.00311329 0.00250000
v 0.00166190 -0.00424199 0.00250000
v 0.00178111 -0.00429837 0.00250000
v 0.00074655 -0.00679271 0.00250000
v 0.00223964 -0.00455814 0.00250000
v 0.00159901 -0.00575398 0.00250000
v 0.00137999 -0.00560763 0.00250000
v 0.00330395 -0.00367651 0.00250000
v 0.00309211 -0.00351941 0.00250000
v 0.00245148 -0.00471525 0.00250000
v 0.00234556 -0.00463669 0.00250000
v 0.00264687 -0.00323747 0.00250000
v 0.00287308 -0.00337306 0.00250000
v 0.00201343 -0.00442255 0.00250000
v 0.00212653 -0.00449034 0.00250000
v 0.00103873 -0.00705753 0.00250000
v 0.00311620 -0.00535260 0.00250000
v 0.00095017 -0.00695983 0.00250000
v 0.00285052 -0.00505948 0.00250000
v 0.00180264 -0.00592109 0.00250000
v 0.00198891 -0.00610736 0.00250000
v 0.00350757 -0.00384363 0.00250000
v 0.00370299 -0.00402074 0.00250000
v 0.00265511 -0.00488236 0.00250000
v 0.00275282 -0.00497092 0.00250000
v 0.00406637 -0.00440243 0.00250000
v 0.00388926 -0.00420701 0.00250000
v 0.00302764 -0.00525489 0.00250000
v 0.00293908 -0.00515718 0.00250000
v 0.00111729 -0.00716345 0.00250000
v 0.00335186 -0.00567036 0.00250000
v 0.00230237 -0.00653001 0.00250000
v 0.00215602 -0.00631099 0.00250000
v 0.00467253 -0.00526313 0.00250000
v 0.00453694 -0.00503692 0.00250000
v 0.00348745 -0.00589657 0.00250000
v 0.00341966 -0.00578347 0.00250000
v 0.00423349 -0.00460605 0.00250000
v 0.00439059 -0.00481789 0.00250000
v 0.00319475 -0.00545852 0.00250000
v 0.00327331 -0.00556444 0.00250000
v 0.00128589 -0.00830007 0.00250000
v 0.00385767 -0.00908021 0.00250000
v 0.00252735 -0.00881430 0.00250000
v 0.00501028 -0.00984276 0.00250000
v 0.00509913 -0.00959444 0.00250000
v 0.00376881 -0.00932853 0.00250000
v 0.00381324 -0.00920437 0.00250000
v 0.00131793 -0.00817215 0.00250000
v 0.00395379 -0.00869646 0.00250000
v 0.00260382 -0.00856222 0.00250000
v 0.00517560 -0.00934236 0.00250000
v 0.00523968 -0.00908653 0.00250000
v 0.00388971 -0.00895229 0.00250000
v 0.00392175 -0.00882438 0.00250000
v 0.00133728 -0.00804171 0.00250000
v 0.00401184 -0.00830513 0.00250000
v 0.00265521 -0.00830386 0.00250000
v 0.00529107 -0.00882817 0.00250000
v 0.00532977 -0.00856728 0.00250000
v 0.00397314 -0.00856602 0.00250000
v 0.00399249 -0.00843557 0.00250000
v 0.00134375 -0.00791000 0.00250000
v 0.00403125 -0.00791000 0.00250000
v 0.00268103 -0.00804171 0.00250000
v 0.00535559 -0.00830513 0.00250000
v 0.00536853 -0.00804171 0.00250000
v 0.00401831 -0.00817342 0.00250000
v 0.00402478 -0.00804171 0.00250000
v 0.00133728 -0.00777829 0.00250000
v 0.00401184 -0.00751487 0.00250000
v 0.00268103 -0.00777829 0.00250000
v 0.00536853 -0.00777829 0.00250000
v 0.00535559 -0.00751487 0.00250000
v 0.00402478 -0.00777829 0.00250000
v 0.00401831 -0.00764658 0.00250000
v 0.00131793 -0.00764785 0.00250000
v 0.00395379 -0.00712354 0.00250000
v 0.00265521 -0.00751614 0.00250000
v 0.00532977 -0.00725272 0.00250000
v 0.00529107 -0.00699183 0.00250000
v 0.00399249 -0.00738443 0.00250000
v 0.00397314 -0.00725398 0.00250000
v 0.00128589 -0.00751993 0.00250000
v 0.00385767 -0.00673979 0.00250000
v 0.00252735 -0.00700570 0.00250000
v 0.00260382 -0.00725778 0.00250000
v 0.00501028 -0.00597724 0.00250000
v 0.00509913 -0.00622556 0.00250000
v 0.00376881 -0.00649147 0.00250000
v 0.00381324 -0.00661563 0.00250000
v 0.00523968 -0.00673347 0.00250000
v 0.00517560 -0.00647764 0.00250000
v 0.00392175 -0.00699562 0.00250000
v 0.00388971 -0.00686771 0.00250000
v -0.01000000 -0.02000000 0.00000000
v 0.01000000 -0.02000000 0.00000000
v -0.01000000 -0.02000000 0.00550000
v -0.01000000 -0.01000000 0.00000000
v -0.01000000 -0.02000000 0.01650000
v 0.01000000 -0.02000000 0.00550000
v -0.01000000 -0.02000000 0.01100000
v 0.00000000 -0.02000000 0.00550000
v -0.01000000 0.01000000 0.00000000
v 0.01000000 -0.01000000 0.00000000
v -0.01000000 0.00000000 0.00000000
v 0.00000000 -0.01000000 0.00000000
v 0.00446900 -0.00217500 0.00400000
v 0.00823100 -0.00217500 0.00400000
v -0.00039513 -0.01326559 0.02040000
v -0.00013171 -0.01327853 0.02040000
v -0.00026342 -0.01327206 0.01592500
v -0.00000000 -0.01328500 0.00697500
v -0.00000000 -0.01328500 0.01592500
v -0.00013171 -0.01327853 0.01145000
v 0.00013171 -0.01327853 0.00697500
v -0.00013171 -0.01327853 0.01592500
v 0.00039513 -0.01326559 0.00697500
v 0.00013171 -0.01327853 0.01592500
v 0.00026342 -0.01327206 0.00697500
v 0.00013171 -0.01327853 0.01145000
v 0.00052684 -0.01325912 0.00697500
v 0.00052684 -0.01325912 0.01592500
v 0.00065728 -0.01323977 0.00697500
v 0.00039513 -0.01326559 0.01145000
v 0.00091817 -0.01320107 0.00697500
v 0.00065728 -0.01323977 0.01592500
v 0.00078773 -0.01322042 0.00697500
v 0.00065728 -0.01323977 0.01145000
v 0.00013171 -0.01327853 0.02040000
v 0.00039513 -0.01326559 0.02040000
v 0.00026342 -0.01327206 0.01592500
v 0.00039513 -0.01326559 0.01592500
v 0.00104861 -0.01318172 0.00697500
v 0.00104861 -0.01318172 0.01592500
v 0.00117653 -0.01314968 0.00697500
v 0.00091817 -0.01320107 0.01145000
v 0.00143236 -0.01308560 0.00697500
v 0.00117653 -0.01314968 0.01592500
v 0.00130445 -0.01311764 0.00697500
v 0.00117653 -0.01314968 0.01145000
v 0.00065728 -0.01323977 0.02040000
v 0.00091817 -0.01320107 0.02040000
v 0.00078773 -0.01322042 0.01592500
v 0.00091817 -0.01320107 0.01592500
v 0.00156028 -0.01305355 0.00697500
v 0.00156028 -0.01305355 0.01592500
v 0.00168444 -0.01300913 0.00697500
v 0.00143236 -0.01308560 0.01145000
v 0.00193276 -0.01292028 0.00697500
v 0.00168444 -0.01300913 0.01592500
v 0.00180860 -0.01296470 0.00697500
v 0.00168444 -0.01300913 0.01145000
v 0.00117653 -0.01314968 0.02040000
v 0.00143236 -0.01308560 0.02040000
v 0.00130445 -0.01311764 0.01592500
v 0.00143236 -0.01308560 0.01592500
v 0.00205692 -0.01287585 0.00697500
v 0.00205692 -0.01287585 0.01592500
v 0.00217613 -0.01281947 0.00697500
v 0.00193276 -0.01292028 0.01145000
v 0.00241455 -0.01270671 0.00697500
v 0.00217613 -0.01281947 0.01592500
v 0.00229534 -0.01276309 0.00697500
v 0.00217613 -0.01281947 0.01145000
v 0.00168444 -0.01300913 0.02040000
v 0.00193276 -0.01292028 0.02040000
v 0.00180860 -0.01296470 0.01592500
v 0.00193276 -0.01292028 0.01592500
v -0.00039513 -0.01353225 0.02080000
v -0.00013171 -0.01407853 0.02160000
v -0.00042127 -0.01379764 0.02120000
v -0.00026342 -0.01353873 0.02080000
v -0.00047355 -0.01432840 0.02200000
v -0.00015785 -0.01434391 0.02200000
v -0.00044741 -0.01406302 0.02160000
v -0.00028956 -0.01407077 0.02160000
v -0.00000000 -0.01355167 0.02080000
v -0.00000000 -0.01408500 0.02160000
v -0.00013171 -0.01354520 0.02080000
v -0.00013171 -0.01381186 0.02120000
v 0.00015785 -0.01354391 0.02080000
v 0.00047355 -0.01406174 0.02160000
v 0.00028956 -0.01353744 0.02080000
v 0.00015785 -0.01381058 0.02120000
v 0.00055298 -0.01352450 0.02080000
v 0.00060526 -0.01405527 0.02160000
v 0.00042127 -0.01353097 0.02080000
v 0.00044741 -0.01379635 0.02120000
v 0.00015785 -0.01434391 0.02200000
v 0.00047355 -0.01432840 0.02200000
v 0.00015785 -0.01407724 0.02160000
v 0.00031570 -0.01406949 0.02160000
v 0.00070931 -0.01350131 0.02080000
v 0.00107424 -0.01398570 0.02160000
v 0.00083975 -0.01348196 0.02080000
v 0.00073545 -0.01376669 0.02120000
v 0.00110063 -0.01344326 0.02080000
v 0.00120468 -0.01396635 0.02160000
v 0.00097019 -0.01346261 0.02080000
v 0.00102222 -0.01372416 0.02120000
v 0.00078772 -0.01429746 0.02200000
v 0.00110038 -0.01425108 0.02200000
v 0.00076158 -0.01403208 0.02160000
v 0.00091791 -0.01400889 0.02160000
v 0.00125394 -0.01340486 0.02080000
v 0.00166459 -0.01385115 0.02160000
v 0.00138185 -0.01337282 0.02080000
v 0.00130596 -0.01366641 0.02120000
v 0.00163769 -0.01330874 0.02080000
v 0.00179251 -0.01381911 0.02160000
v 0.00150977 -0.01334078 0.02080000
v 0.00158718 -0.01359596 0.02120000
v 0.00141001 -0.01418949 0.02200000
v 0.00171661 -0.01411269 0.02200000
v 0.00135799 -0.01392795 0.02160000
v 0.00151129 -0.01388955 0.02160000
v 0.00178649 -0.01325550 0.02080000
v 0.00223891 -0.01365938 0.02160000
v 0.00191065 -0.01321107 0.02080000
v 0.00186390 -0.01351068 0.02120000
v 0.00215897 -0.01312222 0.02080000
v 0.00236307 -0.01361496 0.02160000
v 0.00203481 -0.01316665 0.02080000
v 0.00213686 -0.01341301 0.02120000
v 0.00201872 -0.01402105 0.02200000
v 0.00231632 -0.01391457 0.02200000
v 0.00194131 -0.01376586 0.02160000
v 0.00209011 -0.01371262 0.02160000
v 0.00253376 -0.01265033 0.00697500
v 0.00253376 -0.01265033 0.01592500
v 0.00264687 -0.01258253 0.00697500
v 0.00241455 -0.01270671 0.01145000
v 0.00287308 -0.01244694 0.00697500
v 0.00264687 -0.01258253 0.01592500
v 0.00275997 -0.01251474 0.00697500
v 0.00264687 -0.01258253 0.01145000
v 0.00217613 -0.01281947 0.02040000
v 0.00241455 -0.01270671 0.02040000
v 0.00229534 -0.01276309 0.01592500
v 0.00241455 -0.01270671 0.01592500
v 0.00230184 -0.01305465 0.02080000
v 0.00279167 -0.01341225 0.02160000
v 0.00240389 -0.01330102 0.02120000
v 0.00242105 -0.01299827 0.02080000
v 0.00260798 -0.01379375 0.02200000
v 0.00289372 -0.01365861 0.02200000
v 0.00250594 -0.01354739 0.02160000
v 0.00264880 -0.01347982 0.02160000
v 0.00265946 -0.01288551 0.02080000
v 0.00291087 -0.01335586 0.02160000
v 0.00254025 -0.01294189 0.02080000
v 0.00266596 -0.01317707 0.02120000
v 0.00279502 -0.01280426 0.02080000
v 0.00331754 -0.01311212 0.02160000
v 0.00292072 -0.01303944 0.02120000
v 0.00317213 -0.01350979 0.02200000
v 0.00344324 -0.01334730 0.02200000
v 0.00304643 -0.01327462 0.02160000
v 0.00318198 -0.01319337 0.02160000
v 0.00370574 -0.01317191 0.02200000
v 0.00395961 -0.01298362 0.02200000
v 0.00298619 -0.01237915 0.00697500
v 0.00298619 -0.01237915 0.01592500
v 0.00309211 -0.01230059 0.00697500
v 0.00287308 -0.01244694 0.01145000
v 0.00330395 -0.01214349 0.00697500
v 0.00309211 -0.01230059 0.01592500
v 0.00319803 -0.01222204 0.00697500
v 0.00309211 -0.01230059 0.01145000
v 0.00264687 -0.01258253 0.02040000
v 0.00287308 -0.01244694 0.02040000
v 0.00275997 -0.01251474 0.01592500
v 0.00290813 -0.01273646 0.02080000
v 0.00287308 -0.01244694 0.01592500
v 0.00343065 -0.01304433 0.02160000
v 0.00313434 -0.01260087 0.02080000
v 0.00316939 -0.01289039 0.02120000
v 0.00355758 -0.01295018 0.02160000
v 0.00302123 -0.01266867 0.02080000
v 0.00381146 -0.01276189 0.02160000
v 0.00326128 -0.01250673 0.02080000
v 0.00368452 -0.01285604 0.02160000
v 0.00340943 -0.01272846 0.02120000
v 0.00340986 -0.01206493 0.00697500
v 0.00340986 -0.01206493 0.01592500
v 0.00350757 -0.01197637 0.00697500
v 0.00330395 -0.01214349 0.01145000
v 0.00370299 -0.01179926 0.00697500
v 0.00350757 -0.01197637 0.01592500
v 0.00360528 -0.01188781 0.00697500
v 0.00350757 -0.01197637 0.01145000
v 0.00391738 -0.01268334 0.02160000
v 0.00357904 -0.01227107 0.02080000
v 0.00364229 -0.01255576 0.02120000
v 0.00309211 -0.01230059 0.02040000
v 0.00330395 -0.01214349 0.02040000
v 0.00319803 -0.01222204 0.01592500
v 0.00336720 -0.01242818 0.02080000
v 0.00330395 -0.01214349 0.01592500
v 0.00347312 -0.01234962 0.02080000
v 0.00380070 -0.01171070 0.00697500
v 0.00380070 -0.01171070 0.01592500
v 0.00388926 -0.01161299 0.00697500
v 0.00370299 -0.01179926 0.01145000
v 0.00406637 -0.01141757 0.00697500
v 0.00388926 -0.01161299 0.01592500
v 0.00397782 -0.01151528 0.00697500
v 0.00388926 -0.01161299 0.01145000
v 0.00350757 -0.01197637 0.02040000
v 0.00370299 -0.01179926 0.02040000
v 0.00360528 -0.01188781 0.01592500
v 0.00370299 -0.01179926 0.01592500
v 0.00415493 -0.01131986 0.00697500
v 0.00415493 -0.01131986 0.01592500
v 0.00423349 -0.01121395 0.00697500
v 0.00406637 -0.01141757 0.01145000
v 0.00439059 -0.01100211 0.00697500
v 0.00423349 -0.01121395 0.01592500
v 0.00431204 -0.01110803 0.00697500
v 0.00423349 -0.01121395 0.01145000
v 0.00388926 -0.01161299 0.02040000
v 0.00406637 -0.01141757 0.02040000
v 0.00397782 -0.01151528 0.01592500
v 0.00406637 -0.01141757 0.01592500
v 0.00446915 -0.01089619 0.00697500
v 0.00446915 -0.01089619 0.01592500
v 0.00453694 -0.01078308 0.00697500
v 0.00439059 -0.01100211 0.01145000
v 0.00467253 -0.01055687 0.00697500
v 0.00453694 -0.01078308 0.01592500
v 0.00460474 -0.01066997 0.00697500
v 0.00453694 -0.01078308 0.01145000
v 0.00423349 -0.01121395 0.02040000
v 0.00439059 -0.01100211 0.02040000
v 0.00431204 -0.01110803 0.01592500
v 0.00439059 -0.01100211 0.01592500
v 0.00474033 -0.01044376 0.00697500
v 0.00474033 -0.01044376 0.01592500
v 0.00479671 -0.01032455 0.00697500
v 0.00467253 -0.01055687 0.01145000
v 0.00490947 -0.01008613 0.00697500
v 0.00479671 -0.01032455 0.01592500
v 0.00485309 -0.01020534 0.00697500
v 0.00479671 -0.01032455 0.01145000
v 0.00453694 -0.01078308 0.02040000
v 0.00467253 -0.01055687 0.02040000
v 0.00460474 -0.01066997 0.01592500
v 0.00467253 -0.01055687 0.01592500
v 0.00420365 -0.01278334 0.02200000
v 0.00443785 -0.01257108 0.02200000
v 0.00403448 -0.01257721 0.02160000
v 0.00369613 -0.01216493 0.02080000
v 0.00426868 -0.01236494 0.02160000
v 0.00386531 -0.01237107 0.02120000
v 0.00379384 -0.01207638 0.02080000
v 0.00415158 -0.01247107 0.02160000
v 0.00398926 -0.01189926 0.02080000
v 0.00436638 -0.01227638 0.02160000
v 0.00389155 -0.01198782 0.02080000
v 0.00408011 -0.01217638 0.02120000
v 0.00409539 -0.01178216 0.02080000
v 0.00468478 -0.01192509 0.02160000
v 0.00418395 -0.01168445 0.02080000
v 0.00428395 -0.01197072 0.02120000
v 0.00436107 -0.01148904 0.02080000
v 0.00477334 -0.01182738 0.02160000
v 0.00427251 -0.01158674 0.02080000
v 0.00447865 -0.01175592 0.02120000
v 0.00466108 -0.01234785 0.02200000
v 0.00487334 -0.01211365 0.02200000
v 0.00447252 -0.01215929 0.02160000
v 0.00457865 -0.01204219 0.02160000
v 0.00445521 -0.01136210 0.02080000
v 0.00505577 -0.01144656 0.02160000
v 0.00453377 -0.01125618 0.02080000
v 0.00466135 -0.01153127 0.02120000
v 0.00469087 -0.01104434 0.02080000
v 0.00513432 -0.01134065 0.02160000
v 0.00461232 -0.01115026 0.02080000
v 0.00483404 -0.01129841 0.02120000
v 0.00507362 -0.01186961 0.02200000
v 0.00526191 -0.01161574 0.02200000
v 0.00486748 -0.01170044 0.02160000
v 0.00496163 -0.01157350 0.02160000
v 0.00477212 -0.01090879 0.02080000
v 0.00537807 -0.01093398 0.02160000
v 0.00483992 -0.01079568 0.02080000
v 0.00499385 -0.01105694 0.02120000
v 0.00497551 -0.01056946 0.02080000
v 0.00544586 -0.01082087 0.02160000
v 0.00490771 -0.01068257 0.02080000
v 0.00514289 -0.01080828 0.02120000
v 0.00543730 -0.01135324 0.02200000
v 0.00559979 -0.01108213 0.02200000
v 0.00521557 -0.01120509 0.02160000
v 0.00529682 -0.01106954 0.02160000
v 0.00504308 -0.01042660 0.02080000
v 0.00564857 -0.01039228 0.02160000
v 0.00527825 -0.01055230 0.02120000
v 0.00574861 -0.01080372 0.02200000
v 0.00588375 -0.01051798 0.02200000
v 0.00551343 -0.01067801 0.02160000
v 0.00558100 -0.01053514 0.02160000
v 0.00496585 -0.00996692 0.00697500
v 0.00496585 -0.00996692 0.01592500
v 0.00501028 -0.00984276 0.00697500
v 0.00490947 -0.01008613 0.01145000
v 0.00509913 -0.00959444 0.00697500
v 0.00501028 -0.00984276 0.01592500
v 0.00505470 -0.00971860 0.00697500
v 0.00501028 -0.00984276 0.01145000
v 0.00479671 -0.01032455 0.02040000
v 0.00490947 -0.01008613 0.02040000
v 0.00485309 -0.01020534 0.01592500
v 0.00509946 -0.01030739 0.02080000
v 0.00490947 -0.01008613 0.01592500
v 0.00570496 -0.01027307 0.02160000
v 0.00521222 -0.01006897 0.02080000
v 0.00540221 -0.01029023 0.02120000
v 0.00515584 -0.01018818 0.02080000
v 0.00496585 -0.00585308 0.00697500
v 0.00496585 -0.00585308 0.01592500
v 0.00490947 -0.00573387 0.00697500
v 0.00479671 -0.00549545 0.00697500
v 0.00490947 -0.00573387 0.01592500
v 0.00485309 -0.00561466 0.00697500
v 0.00490947 -0.00573387 0.01145000
v 0.00474033 -0.00537624 0.00697500
v 0.00474033 -0.00537624 0.01592500
v 0.00467253 -0.00526313 0.00697500
v 0.00479671 -0.00549545 0.01145000
v 0.00453694 -0.00503692 0.00697500
v 0.00467253 -0.00526313 0.01592500
v 0.00460474 -0.00515003 0.00697500
v 0.00467253 -0.00526313 0.01145000
v 0.00490947 -0.00573387 0.02040000
v 0.00479671 -0.00549545 0.02040000
v 0.00485309 -0.00561466 0.01592500
v 0.00479671 -0.00549545 0.01592500
v -0.00039513 -0.00255441 0.00697500
v -0.00013171 -0.00254147 0.01592500
v -0.00039513 -0.00255441 0.01145000
v -0.00026342 -0.00254794 0.00697500
v -0.00039513 -0.00255441 0.02040000
v -0.00013171 -0.00254147 0.02040000
v -0.00039513 -0.00255441 0.01592500
v -0.00042127 -0.00228903 0.02080000
v -0.00026342 -0.00254794 0.01592500
v -0.00047355 -0.00175826 0.02160000
v -0.00015785 -0.00227609 0.02080000
v -0.00044741 -0.00202365 0.02120000
v -0.00028956 -0.00228256 0.02080000
v 0.00000000 -0.00253500 0.00697500
v 0.00000000 -0.00253500 0.01592500
v -0.00013171 -0.00254147 0.00697500
v -0.00013171 -0.00254147 0.01145000
v 0.00013171 -0.00254147 0.00697500
v 0.00039513 -0.00255441 0.01592500
v 0.00026342 -0.00254794 0.00697500
v 0.00013171 -0.00254147 0.01145000
v 0.00052684 -0.00256088 0.00697500
v 0.00052684 -0.00256088 0.01592500
v 0.00039513 -0.00255441 0.00697500
v 0.00039513 -0.00255441 0.01145000
v 0.00013171 -0.00254147 0.02040000
v 0.00039513 -0.00255441 0.02040000
v 0.00013171 -0.00254147 0.01592500
v 0.00026342 -0.00254794 0.01592500
v 0.00065728 -0.00258023 0.00697500
v 0.00091817 -0.00261893 0.01592500
v 0.00078773 -0.00259958 0.00697500
v 0.00065728 -0.00258023 0.01145000
v 0.00104861 -0.00263828 0.00697500
v 0.00104861 -0.00263828 0.01592500
v 0.00091817 -0.00261893 0.00697500
v 0.00091817 -0.00261893 0.01145000
v 0.00065728 -0.00258023 0.02040000
v 0.00091817 -0.00261893 0.02040000
v 0.00065728 -0.00258023 0.01592500
v 0.00078773 -0.00259958 0.01592500
v 0.00117653 -0.00267032 0.00697500
v 0.00143236 -0.00273440 0.01592500
v 0.00130445 -0.00270236 0.00697500
v 0.00117653 -0.00267032 0.01145000
v 0.00156028 -0.00276645 0.00697500
v 0.00156028 -0.00276645 0.01592500
v 0.00143236 -0.00273440 0.00697500
v 0.00143236 -0.00273440 0.01145000
v 0.00117653 -0.00267032 0.02040000
v 0.00143236 -0.00273440 0.02040000
v 0.00117653 -0.00267032 0.01592500
v 0.00130445 -0.00270236 0.01592500
v 0.00168444 -0.00281087 0.00697500
v 0.00193276 -0.00289972 0.01592500
v 0.00180860 -0.00285530 0.00697500
v 0.00168444 -0.00281087 0.01145000
v 0.00205692 -0.00294415 0.00697500
v 0.00205692 -0.00294415 0.01592500
v 0.00193276 -0.00289972 0.00697500
v 0.00193276 -0.00289972 0.01145000
v 0.00168444 -0.00281087 0.02040000
v 0.00193276 -0.00289972 0.02040000
v 0.00168444 -0.00281087 0.01592500
v 0.00180860 -0.00285530 0.01592500
v 0.00171807 -0.00271773 0.02054872
v 0.00203364 -0.00262030 0.02084615
v 0.00184223 -0.00276215 0.02054872
v 0.00209055 -0.00285101 0.02054872
v 0.00215780 -0.00266472 0.02084615
v 0.00196639 -0.00280658 0.02054872
v 0.00200001 -0.00271344 0.02069743
v 0.00209517 -0.00285181 0.02054992
v 0.00217167 -0.00266713 0.02084976
v 0.00212880 -0.00275867 0.02069864
v 0.00219605 -0.00257238 0.02099607
v 0.00220529 -0.00257399 0.02099848
v 0.00216242 -0.00266552 0.02084735
v 0.00216704 -0.00266633 0.02084856
v -0.00047355 -0.00149160 0.02200000
v -0.00015785 -0.00147609 0.02200000
v -0.00031570 -0.00175051 0.02160000
v 0.00000000 -0.00226833 0.02080000
v 0.00000000 -0.00173500 0.02160000
v -0.00015785 -0.00200942 0.02120000
v 0.00013171 -0.00227480 0.02080000
v -0.00015785 -0.00174275 0.02160000
v 0.00039513 -0.00228775 0.02080000
v 0.00013171 -0.00174147 0.02160000
v 0.00026342 -0.00228127 0.02080000
v 0.00013171 -0.00200814 0.02120000
v 0.00055298 -0.00229550 0.02080000
v 0.00060526 -0.00176473 0.02160000
v 0.00068342 -0.00231485 0.02080000
v 0.00042127 -0.00202236 0.02120000
v 0.00094431 -0.00235355 0.02080000
v 0.00073570 -0.00178408 0.02160000
v 0.00081386 -0.00233420 0.02080000
v 0.00070956 -0.00204947 0.02120000
v 0.00015785 -0.00147609 0.02200000
v 0.00047355 -0.00149160 0.02200000
v 0.00028956 -0.00174923 0.02160000
v 0.00044741 -0.00175698 0.02160000
v 0.00123433 -0.00247977 0.02069869
v 0.00160577 -0.00216275 0.02129607
v 0.00136225 -0.00251181 0.02069869
v 0.00161808 -0.00257589 0.02069869
v 0.00173369 -0.00219479 0.02129607
v 0.00149017 -0.00254385 0.02069869
v 0.00177587 -0.00252718 0.02084741
v 0.00154797 -0.00235330 0.02099738
v 0.00209144 -0.00242974 0.02114484
v 0.00189148 -0.00214607 0.02144479
v 0.00193365 -0.00247846 0.02099612
v 0.00183367 -0.00233662 0.02114610
v 0.00110063 -0.00237674 0.02080000
v 0.00120468 -0.00185365 0.02160000
v 0.00099633 -0.00209200 0.02120000
v 0.00128636 -0.00221823 0.02109869
v 0.00078772 -0.00152254 0.02200000
v 0.00110038 -0.00156892 0.02200000
v 0.00089203 -0.00180727 0.02160000
v 0.00104835 -0.00183046 0.02160000
v 0.00165780 -0.00190120 0.02169607
v 0.00139040 -0.00169514 0.02189869
v 0.00147208 -0.00205972 0.02139738
v 0.00133838 -0.00195668 0.02149869
v 0.00172395 -0.00191778 0.02169607
v 0.00158887 -0.00174485 0.02189869
v 0.00159026 -0.00181474 0.02179738
v 0.00132286 -0.00160868 0.02200000
v 0.00145518 -0.00164182 0.02200000
v 0.00145656 -0.00171171 0.02189869
v 0.00152272 -0.00172828 0.02189869
v 0.00340986 -0.00375507 0.00697500
v 0.00340986 -0.00375507 0.01592500
v 0.00330395 -0.00367651 0.00697500
v 0.00309211 -0.00351941 0.00697500
v 0.00330395 -0.00367651 0.01592500
v 0.00319803 -0.00359796 0.00697500
v 0.00330395 -0.00367651 0.01145000
v 0.00217613 -0.00300053 0.00697500
v 0.00241455 -0.00311329 0.01592500
v 0.00229534 -0.00305691 0.00697500
v 0.00217613 -0.00300053 0.01145000
v 0.00253376 -0.00316967 0.00697500
v 0.00253376 -0.00316967 0.01592500
v 0.00241455 -0.00311329 0.00697500
v 0.00241455 -0.00311329 0.01145000
v 0.00217613 -0.00300053 0.02040000
v 0.00241455 -0.00311329 0.02040000
v 0.00217613 -0.00300053 0.01592500
v 0.00229534 -0.00305691 0.01592500
v 0.00264687 -0.00323747 0.00697500
v 0.00287308 -0.00337306 0.01592500
v 0.00275997 -0.00330526 0.00697500
v 0.00264687 -0.00323747 0.01145000
v 0.00298619 -0.00344085 0.00697500
v 0.00298619 -0.00344085 0.01592500
v 0.00287308 -0.00337306 0.00697500
v 0.00309211 -0.00351941 0.01145000
v 0.00287308 -0.00337306 0.01145000
v 0.00330395 -0.00367651 0.02040000
v 0.00309211 -0.00351941 0.02040000
v 0.00319803 -0.00359796 0.01592500
v 0.00309211 -0.00351941 0.01592500
v 0.00264687 -0.00323747 0.02040000
v 0.00287308 -0.00337306 0.02040000
v 0.00264687 -0.00323747 0.01592500
v 0.00275997 -0.00330526 0.01592500
v 0.00415493 -0.00450014 0.00697500
v 0.00415493 -0.00450014 0.01592500
v 0.00406637 -0.00440243 0.00697500
v 0.00388926 -0.00420701 0.00697500
v 0.00406637 -0.00440243 0.01592500
v 0.00397782 -0.00430472 0.00697500
v 0.00406637 -0.00440243 0.01145000
v 0.00350757 -0.00384363 0.00697500
v 0.00370299 -0.00402074 0.01592500
v 0.00360528 -0.00393218 0.00697500
v 0.00350757 -0.00384363 0.01145000
v 0.00380070 -0.00410930 0.00697500
v 0.00380070 -0.00410930 0.01592500
v 0.00370299 -0.00402074 0.00697500
v 0.00388926 -0.00420701 0.01145000
v 0.00370299 -0.00402074 0.01145000
v 0.00350757 -0.00384363 0.02040000
v 0.00370299 -0.00402074 0.02040000
v 0.00350757 -0.00384363 0.01592500
v 0.00360528 -0.00393218 0.01592500
v 0.00406637 -0.00440243 0.02040000
v 0.00388926 -0.00420701 0.02040000
v 0.00397782 -0.00430472 0.01592500
v 0.00388926 -0.00420701 0.01592500
v 0.00423349 -0.00460605 0.00697500
v 0.00439059 -0.00481789 0.01592500
v 0.00431204 -0.00471197 0.00697500
v 0.00423349 -0.00460605 0.01145000
v 0.00446915 -0.00492381 0.00697500
v 0.00446915 -0.00492381 0.01592500
v 0.00439059 -0.00481789 0.00697500
v 0.00453694 -0.00503692 0.01145000
v 0.00439059 -0.00481789 0.01145000
v 0.00467253 -0.00526313 0.02040000
v 0.00453694 -0.00503692 0.02040000
v 0.00460474 -0.00515003 0.01592500
v 0.00453694 -0.00503692 0.01592500
v 0.00423349 -0.00460605 0.02040000
v 0.00439059 -0.00481789 0.02040000
v 0.00423349 -0.00460605 0.01592500
v 0.00431204 -0.00471197 0.01592500
v 0.00217440 -0.00286961 0.02057663
v 0.00240936 -0.00272054 0.02092988
v 0.00221265 -0.00277727 0.02072655
v 0.00229361 -0.00292599 0.02057663
v 0.00228915 -0.00259259 0.02102639
v 0.00244761 -0.00262820 0.02107980
v 0.00225090 -0.00268493 0.02087647
v 0.00233013 -0.00270274 0.02090317
v 0.00253203 -0.00303876 0.02057663
v 0.00252857 -0.00277692 0.02092988
v 0.00241282 -0.00298237 0.02057663
v 0.00241109 -0.00285146 0.02075325
v 0.00259605 -0.00305314 0.02059820
v 0.00272062 -0.00282007 0.02099461
v 0.00259432 -0.00292222 0.02077483
v 0.00259086 -0.00266039 0.02112808
v 0.00271889 -0.00268916 0.02117124
v 0.00259259 -0.00279131 0.02095146
v 0.00265661 -0.00280569 0.02097303
v 0.00267820 -0.00307589 0.02063233
v 0.00296710 -0.00288833 0.02109699
v 0.00279131 -0.00314369 0.02063233
v 0.00274049 -0.00295936 0.02083053
v 0.00301753 -0.00327927 0.02063233
v 0.00308021 -0.00295612 0.02109699
v 0.00290442 -0.00321148 0.02063233
v 0.00293576 -0.00304990 0.02086466
v 0.00286507 -0.00272629 0.02122694
v 0.00302939 -0.00277179 0.02129519
v 0.00280278 -0.00284283 0.02102874
v 0.00288494 -0.00286558 0.02106286
v 0.00308219 -0.00329718 0.02065919
v 0.00327418 -0.00300984 0.02117756
v 0.00311353 -0.00313560 0.02089152
v 0.00317620 -0.00281245 0.02135618
v 0.00330552 -0.00284826 0.02140989
v 0.00314486 -0.00297403 0.02112385
v 0.00320952 -0.00299193 0.02115070
v 0.00436107 -0.00433096 0.02080000
v 0.00477334 -0.00399262 0.02160000
v 0.00443962 -0.00443688 0.02080000
v 0.00459673 -0.00464872 0.02080000
v 0.00485189 -0.00409854 0.02160000
v 0.00451818 -0.00454280 0.02080000
v 0.00464576 -0.00426771 0.02120000
v 0.00351074 -0.00356947 0.02071413
v 0.00371248 -0.00319827 0.02134238
v 0.00340482 -0.00349091 0.02071413
v 0.00319298 -0.00333380 0.02071413
v 0.00360656 -0.00311971 0.02134238
v 0.00329890 -0.00341236 0.02071413
v 0.00328898 -0.00319013 0.02097331
v 0.00350569 -0.00330531 0.02102825
v 0.00348097 -0.00290279 0.02149169
v 0.00370256 -0.00297604 0.02160156
v 0.00338498 -0.00304646 0.02123250
v 0.00349577 -0.00308309 0.02128744
v 0.00355120 -0.00358285 0.02073419
v 0.00383388 -0.00323840 0.02140258
v 0.00365207 -0.00339725 0.02104832
v 0.00385382 -0.00302605 0.02167657
v 0.00393475 -0.00305280 0.02171670
v 0.00375295 -0.00321165 0.02136244
v 0.00379341 -0.00322502 0.02138251
v 0.00357975 -0.00359387 0.02075072
v 0.00391952 -0.00327146 0.02145216
v 0.00367746 -0.00368242 0.02075072
v 0.00372109 -0.00342164 0.02108491
v 0.00387288 -0.00385954 0.02075072
v 0.00401723 -0.00336002 0.02145216
v 0.00377517 -0.00377098 0.02075072
v 0.00384735 -0.00352122 0.02110144
v 0.00400377 -0.00307720 0.02175330
v 0.00406086 -0.00309924 0.02178636
v 0.00386243 -0.00324942 0.02141911
v 0.00389098 -0.00326044 0.02143563
v 0.00417452 -0.00314311 0.02185216
v 0.00434473 -0.00320881 0.02195072
v 0.00425493 -0.00421387 0.02080000
v 0.00445494 -0.00364132 0.02160000
v 0.00416638 -0.00411616 0.02080000
v 0.00446107 -0.00404469 0.02120000
v 0.00398926 -0.00392074 0.02080000
v 0.00436638 -0.00354362 0.02160000
v 0.00407782 -0.00401845 0.02080000
v 0.00406144 -0.00367098 0.02115072
v 0.00426638 -0.00382989 0.02120000
v 0.00487334 -0.00370635 0.02200000
v 0.00466108 -0.00347215 0.02200000
v 0.00466721 -0.00387552 0.02160000
v 0.00456107 -0.00375842 0.02160000
v 0.00420579 -0.00317146 0.02185216
v 0.00443856 -0.00329385 0.02195072
v 0.00413362 -0.00342122 0.02150144
v 0.00429090 -0.00320431 0.02190144
v 0.00425000 -0.00348242 0.02155072
v 0.00446112 -0.00327001 0.02200000
v 0.00452367 -0.00332671 0.02200000
v 0.00437601 -0.00323716 0.02195072
v 0.00440729 -0.00326551 0.02195072
v 0.00258800 -0.00217500 0.00810000
v 0.00258800 -0.00217500 0.01630000
v 0.00446900 -0.00217500 0.00810000
v 0.00823100 -0.00217500 0.00810000
v 0.00446900 -0.00217500 0.01630000
v 0.00635000 -0.00217500 0.00810000
v 0.00446900 -0.00217500 0.01220000
v 0.00229057 -0.00247243 0.02084615
v 0.00248886 -0.00227414 0.02054872
v 0.00229519 -0.00247324 0.02084735
v 0.00230444 -0.00247484 0.02084976
v 0.00249348 -0.00227495 0.02054992
v 0.00229981 -0.00247404 0.02084856
v 0.00238367 -0.00249265 0.02087647
v 0.00239433 -0.00237409 0.02069864
v 0.00254213 -0.00252825 0.02092988
v 0.00257271 -0.00229275 0.02057663
v 0.00246290 -0.00251045 0.02090317
v 0.00260615 -0.00254264 0.02095146
v 0.00247819 -0.00239270 0.02072655
v 0.00273418 -0.00257141 0.02099461
v 0.00263673 -0.00230714 0.02059820
v 0.00267017 -0.00255702 0.02097303
v 0.00281634 -0.00259416 0.02102874
v 0.00262144 -0.00242489 0.02077483
v 0.00298066 -0.00263966 0.02109699
v 0.00271889 -0.00232989 0.02063233
v 0.00289850 -0.00261691 0.02106286
v 0.00304532 -0.00265756 0.02112385
v 0.00276761 -0.00246202 0.02083053
v 0.00317464 -0.00269337 0.02117756
v 0.00278355 -0.00234779 0.02065919
v 0.00310998 -0.00267547 0.02115070
v 0.00328543 -0.00273000 0.02123250
v 0.00291443 -0.00250268 0.02089152
v 0.00350701 -0.00280325 0.02134238
v 0.00289434 -0.00238442 0.02071413
v 0.00339622 -0.00276663 0.02128744
v 0.00354748 -0.00281663 0.02136244
v 0.00308988 -0.00255721 0.02097331
v 0.00362842 -0.00284338 0.02140258
v 0.00293481 -0.00239779 0.02073419
v 0.00358795 -0.00283001 0.02138251
v 0.00324114 -0.00260721 0.02104832
v 0.00514355 -0.00947028 0.00697500
v 0.00514355 -0.00947028 0.01592500
v 0.00517560 -0.00934236 0.00697500
v 0.00509913 -0.00959444 0.01145000
v 0.00523968 -0.00908653 0.00697500
v 0.00517560 -0.00934236 0.01592500
v 0.00520764 -0.00921445 0.00697500
v 0.00517560 -0.00934236 0.01145000
v 0.00501028 -0.00984276 0.02040000
v 0.00509913 -0.00959444 0.02040000
v 0.00505470 -0.00971860 0.01592500
v 0.00509913 -0.00959444 0.01592500
v 0.00527172 -0.00895861 0.00697500
v 0.00527172 -0.00895861 0.01592500
v 0.00529107 -0.00882817 0.00697500
v 0.00523968 -0.00908653 0.01145000
v 0.00532977 -0.00856728 0.00697500
v 0.00529107 -0.00882817 0.01592500
v 0.00531042 -0.00869773 0.00697500
v 0.00529107 -0.00882817 0.01145000
v 0.00517560 -0.00934236 0.02040000
v 0.00523968 -0.00908653 0.02040000
v 0.00520764 -0.00921445 0.01592500
v 0.00523968 -0.00908653 0.01592500
v 0.00534912 -0.00843684 0.00697500
v 0.00534912 -0.00843684 0.01592500
v 0.00535559 -0.00830513 0.00697500
v 0.00532977 -0.00856728 0.01145000
v 0.00536853 -0.00804171 0.00697500
v 0.00535559 -0.00830513 0.01592500
v 0.00536206 -0.00817342 0.00697500
v 0.00535559 -0.00830513 0.01145000
v 0.00529107 -0.00882817 0.02040000
v 0.00532977 -0.00856728 0.02040000
v 0.00531042 -0.00869773 0.01592500
v 0.00532977 -0.00856728 0.01592500
v 0.00537500 -0.00791000 0.00697500
v 0.00537500 -0.00791000 0.01592500
v 0.00536853 -0.00777829 0.00697500
v 0.00536853 -0.00804171 0.01145000
v 0.00535559 -0.00751487 0.00697500
v 0.00536853 -0.00777829 0.01592500
v 0.00536206 -0.00764658 0.00697500
v 0.00536853 -0.00777829 0.01145000
v 0.00535559 -0.00830513 0.02040000
v 0.00536853 -0.00804171 0.02040000
v 0.00536206 -0.00817342 0.01592500
v 0.00536853 -0.00804171 0.01592500
v 0.00600457 -0.01022632 0.02200000
v 0.00611105 -0.00992872 0.02200000
v 0.00575820 -0.01012427 0.02160000
v 0.00526546 -0.00992017 0.02080000
v 0.00586468 -0.00982667 0.02160000
v 0.00551183 -0.01002222 0.02120000
v 0.00530989 -0.00979601 0.02080000
v 0.00581144 -0.00997547 0.02160000
v 0.00539874 -0.00954769 0.02080000
v 0.00590911 -0.00970251 0.02160000
v 0.00535431 -0.00967185 0.02080000
v 0.00560950 -0.00974926 0.02120000
v 0.00543714 -0.00939439 0.02080000
v 0.00602431 -0.00924260 0.02160000
v 0.00546918 -0.00926647 0.02080000
v 0.00569232 -0.00947180 0.02120000
v 0.00553326 -0.00901063 0.02080000
v 0.00605635 -0.00911468 0.02160000
v 0.00550122 -0.00913855 0.02080000
v 0.00576276 -0.00919058 0.02120000
v 0.00620269 -0.00962661 0.02200000
v 0.00627949 -0.00932001 0.02200000
v 0.00594751 -0.00954920 0.02160000
v 0.00598591 -0.00939590 0.02160000
v 0.00555645 -0.00885431 0.02080000
v 0.00612592 -0.00864570 0.02160000
v 0.00557580 -0.00872386 0.02080000
v 0.00581800 -0.00890633 0.02120000
v 0.00561450 -0.00846298 0.02080000
v 0.00614527 -0.00851526 0.02160000
v 0.00559515 -0.00859342 0.02080000
v 0.00586053 -0.00861956 0.02120000
v 0.00634108 -0.00901038 0.02200000
v 0.00638746 -0.00869772 0.02200000
v 0.00607954 -0.00895835 0.02160000
v 0.00610273 -0.00880203 0.02160000
v 0.00562225 -0.00830513 0.02080000
v 0.00616853 -0.00804171 0.02160000
v 0.00562873 -0.00817342 0.02080000
v 0.00588764 -0.00833127 0.02120000
v 0.00564167 -0.00791000 0.02080000
v 0.00617500 -0.00791000 0.02160000
v 0.00563520 -0.00804171 0.02080000
v 0.00590186 -0.00804171 0.02120000
v 0.00641840 -0.00838354 0.02200000
v 0.00643391 -0.00806785 0.02200000
v 0.00615302 -0.00835741 0.02160000
v 0.00616077 -0.00819956 0.02160000
v 0.00534912 -0.00738316 0.00697500
v 0.00534912 -0.00738316 0.01592500
v 0.00532977 -0.00725272 0.00697500
v 0.00535559 -0.00751487 0.01145000
v 0.00529107 -0.00699183 0.00697500
v 0.00532977 -0.00725272 0.01592500
v 0.00531042 -0.00712227 0.00697500
v 0.00532977 -0.00725272 0.01145000
v 0.00536853 -0.00777829 0.02040000
v 0.00535559 -0.00751487 0.02040000
v 0.00536206 -0.00764658 0.01592500
v 0.00535559 -0.00751487 0.01592500
v 0.00527172 -0.00686139 0.00697500
v 0.00527172 -0.00686139 0.01592500
v 0.00523968 -0.00673347 0.00697500
v 0.00529107 -0.00699183 0.01145000
v 0.00517560 -0.00647764 0.00697500
v 0.00523968 -0.00673347 0.01592500
v 0.00520764 -0.00660555 0.00697500
v 0.00523968 -0.00673347 0.01145000
v 0.00532977 -0.00725272 0.02040000
v 0.00529107 -0.00699183 0.02040000
v 0.00531042 -0.00712227 0.01592500
v 0.00529107 -0.00699183 0.01592500
v 0.00501028 -0.00597724 0.00697500
v 0.00509913 -0.00622556 0.01592500
v 0.00505470 -0.00610140 0.00697500
v 0.00501028 -0.00597724 0.01145000
v 0.00514355 -0.00634972 0.00697500
v 0.00514355 -0.00634972 0.01592500
v 0.00509913 -0.00622556 0.00697500
v 0.00517560 -0.00647764 0.01145000
v 0.00509913 -0.00622556 0.01145000
v 0.00501028 -0.00597724 0.02040000
v 0.00509913 -0.00622556 0.02040000
v 0.00501028 -0.00597724 0.01592500
v 0.00505470 -0.00610140 0.01592500
v 0.00523968 -0.00673347 0.02040000
v 0.00517560 -0.00647764 0.02040000
v 0.00520764 -0.00660555 0.01592500
v 0.00517560 -0.00647764 0.01592500
v 0.00549486 -0.00665606 0.02080000
v 0.00594115 -0.00624541 0.02160000
v 0.00546282 -0.00652815 0.02080000
v 0.00539874 -0.00627231 0.02080000
v 0.00590911 -0.00611749 0.02160000
v 0.00543078 -0.00640023 0.02080000
v 0.00568596 -0.00632282 0.02120000
v 0.00521222 -0.00575103 0.02080000
v 0.00570496 -0.00554693 0.02160000
v 0.00525665 -0.00587519 0.02080000
v 0.00534550 -0.00612351 0.02080000
v 0.00574938 -0.00567109 0.02160000
v 0.00530107 -0.00599935 0.02080000
v 0.00560068 -0.00604610 0.02120000
v 0.00550301 -0.00577314 0.02120000
v 0.00611105 -0.00589128 0.02200000
v 0.00600457 -0.00559368 0.02200000
v 0.00585586 -0.00596869 0.02160000
v 0.00580262 -0.00581989 0.02160000
v 0.00563391 -0.00775215 0.02080000
v 0.00615174 -0.00743645 0.02160000
v 0.00590058 -0.00775215 0.02120000
v 0.00562744 -0.00762044 0.02080000
v 0.00643391 -0.00775215 0.02200000
v 0.00641840 -0.00743645 0.02200000
v 0.00616725 -0.00775215 0.02160000
v 0.00615949 -0.00759430 0.02160000
v 0.00561450 -0.00735702 0.02080000
v 0.00614527 -0.00730474 0.02160000
v 0.00562097 -0.00748873 0.02080000
v 0.00588635 -0.00746259 0.02120000
v 0.00559131 -0.00720069 0.02080000
v 0.00607570 -0.00683576 0.02160000
v 0.00557196 -0.00707025 0.02080000
v 0.00585669 -0.00717455 0.02120000
v 0.00553326 -0.00680937 0.02080000
v 0.00605635 -0.00670532 0.02160000
v 0.00555261 -0.00693981 0.02080000
v 0.00575641 -0.00660404 0.02120000
v 0.00581416 -0.00688778 0.02120000
v 0.00620269 -0.00619339 0.02200000
v 0.00627949 -0.00649999 0.02200000
v 0.00597955 -0.00639871 0.02160000
v 0.00601795 -0.00655201 0.02160000
v 0.00638746 -0.00712228 0.02200000
v 0.00634108 -0.00680962 0.02200000
v 0.00612208 -0.00714842 0.02160000
v 0.00609889 -0.00699209 0.02160000
v 0.00489426 -0.00511498 0.02080000
v 0.00520212 -0.00459246 0.02160000
v 0.00482646 -0.00500187 0.02080000
v 0.00469087 -0.00477566 0.02080000
v 0.00513432 -0.00447935 0.02160000
v 0.00475867 -0.00488877 0.02080000
v 0.00481846 -0.00450057 0.02120000
v 0.00498039 -0.00474061 0.02120000
v 0.00507362 -0.00395039 0.02200000
v 0.00526191 -0.00420426 0.02200000
v 0.00494604 -0.00422548 0.02160000
v 0.00504018 -0.00435242 0.02160000
v 0.00514465 -0.00560816 0.02080000
v 0.00550224 -0.00511833 0.02160000
v 0.00508827 -0.00548895 0.02080000
v 0.00539102 -0.00550611 0.02120000
v 0.00497551 -0.00525054 0.02080000
v 0.00544586 -0.00499913 0.02160000
v 0.00503189 -0.00536975 0.02080000
v 0.00512944 -0.00498928 0.02120000
v 0.00526707 -0.00524404 0.02120000
v 0.00588375 -0.00530202 0.02200000
v 0.00574861 -0.00501629 0.02200000
v 0.00563739 -0.00540406 0.02160000
v 0.00556982 -0.00526120 0.02160000
v 0.00543730 -0.00446676 0.02200000
v 0.00559979 -0.00473787 0.02200000
v 0.00528337 -0.00472802 0.02160000
v 0.00536462 -0.00486357 0.02160000
v -0.01000000 -0.02000000 0.02200000
v 0.01000000 -0.02000000 0.02200000
v -0.00546748 -0.01851857 0.02200000
v 0.00000000 -0.02000000 0.01650000
v 0.00359756 -0.01555572 0.02200000
v 0.01453252 -0.01851857 0.02200000
v -0.00093496 -0.01703715 0.02200000
v 0.00375086 -0.01559412 0.02200000
v 0.00453252 -0.01851857 0.02200000
v 0.00405747 -0.01567092 0.02200000
v 0.01468582 -0.01855697 0.02200000
v 0.00390417 -0.01563252 0.02200000
v 0.00421380 -0.01569411 0.02200000
v 0.00921834 -0.01707555 0.02200000
v 0.00452645 -0.01574049 0.02200000
v 0.01484215 -0.01858016 0.02200000
v 0.00437013 -0.01571730 0.02200000
v 0.00468430 -0.01574824 0.02200000
v 0.00952797 -0.01713714 0.02200000
v 0.02000000 -0.02000000 0.00550000
v 0.02000000 -0.02000000 0.01650000
v 0.01000000 -0.02000000 0.01100000
v 0.01000000 -0.02000000 0.01650000
v 0.00500000 -0.01576375 0.02200000
v 0.01500000 -0.01858792 0.02200000
v 0.00484215 -0.01575599 0.02200000
v 0.00515785 -0.01575599 0.02200000
v 0.00984215 -0.01716808 0.02200000
v 0.00547355 -0.01574049 0.02200000
v 0.01515785 -0.01858016 0.02200000
v 0.00531570 -0.01574824 0.02200000
v 0.00562987 -0.01571730 0.02200000
v 0.01015785 -0.01716808 0.02200000
v 0.00594253 -0.01567092 0.02200000
v 0.01531418 -0.01855697 0.02200000
v 0.00578620 -0.01569411 0.02200000
v 0.00609583 -0.01563252 0.02200000
v 0.01047203 -0.01713714 0.02200000
v 0.00640244 -0.01555572 0.02200000
v 0.01546748 -0.01851857 0.02200000
v 0.00624914 -0.01559412 0.02200000
v 0.00655124 -0.01550248 0.02200000
v 0.01078166 -0.01707555 0.02200000
v 0.00684884 -0.01539599 0.02200000
v 0.01561628 -0.01846533 0.02200000
v 0.00670004 -0.01544923 0.02200000
v 0.00699170 -0.01532842 0.02200000
v 0.01108376 -0.01698390 0.02200000
v 0.00727744 -0.01519328 0.02200000
v 0.01575915 -0.01839776 0.02200000
v 0.00713457 -0.01526085 0.02200000
v 0.00741299 -0.01511203 0.02200000
v 0.01137542 -0.01686309 0.02200000
v 0.00768410 -0.01494954 0.02200000
v 0.01589470 -0.01831651 0.02200000
v 0.00754854 -0.01503079 0.02200000
v 0.00781104 -0.01485539 0.02200000
v 0.01165384 -0.01671427 0.02200000
v 0.00806491 -0.01466711 0.02200000
v 0.01602164 -0.01822237 0.02200000
v 0.00793797 -0.01476125 0.02200000
v 0.00818201 -0.01456097 0.02200000
v 0.01191634 -0.01653888 0.02200000
v 0.00841621 -0.01434871 0.02200000
v 0.01613874 -0.01811624 0.02200000
v 0.00829911 -0.01445484 0.02200000
v 0.00852234 -0.01423161 0.02200000
v 0.01216037 -0.01633861 0.02200000
v 0.00873461 -0.01399741 0.02200000
v 0.01624487 -0.01799914 0.02200000
v 0.00862847 -0.01411451 0.02200000
v 0.00882875 -0.01387047 0.02200000
v 0.01238361 -0.01611537 0.02200000
v 0.00901704 -0.01361660 0.02200000
v 0.01633901 -0.01787220 0.02200000
v 0.00892289 -0.01374354 0.02200000
v 0.00909829 -0.01348104 0.02200000
v 0.01258388 -0.01587134 0.02200000
v 0.00926078 -0.01320994 0.02200000
v 0.01642026 -0.01773665 0.02200000
v 0.00917953 -0.01334549 0.02200000
v 0.00932835 -0.01306707 0.02200000
v 0.01275927 -0.01560884 0.02200000
v 0.00946349 -0.01278134 0.02200000
v 0.01648783 -0.01759378 0.02200000
v 0.00939592 -0.01292420 0.02200000
v 0.00951673 -0.01263254 0.02200000
v 0.01290809 -0.01533043 0.02200000
v 0.00962322 -0.01233494 0.02200000
v 0.01654107 -0.01744498 0.02200000
v 0.00956998 -0.01248374 0.02200000
v 0.00966162 -0.01218163 0.02200000
v 0.01302890 -0.01503876 0.02200000
v 0.00973842 -0.01187503 0.02200000
v 0.01657947 -0.01729168 0.02200000
v 0.00970002 -0.01202833 0.02200000
v 0.00976161 -0.01171870 0.02200000
v 0.01312055 -0.01473666 0.02200000
v 0.00980799 -0.01140604 0.02200000
v 0.01660266 -0.01713535 0.02200000
v 0.00978480 -0.01156237 0.02200000
v 0.01318213 -0.01442702 0.02200000
v 0.00652927 -0.00367800 0.02200000
v 0.00962887 -0.00338711 0.02200000
v 0.00642314 -0.00356091 0.02200000
v 0.00662342 -0.00380494 0.02200000
v 0.00586172 -0.00314311 0.02185216
v 0.00940635 -0.00320881 0.02195072
v 0.00594683 -0.00317596 0.02190144
v 0.00611705 -0.00324167 0.02200000
v 0.00949146 -0.00324167 0.02200000
v 0.00603194 -0.00320881 0.02195072
v 0.00614832 -0.00327001 0.02200000
v 0.00771915 -0.00320881 0.02195072
v 0.00621088 -0.00332671 0.02200000
v 0.00952274 -0.00327001 0.02200000
v 0.00631701 -0.00344381 0.02200000
v 0.00617960 -0.00329836 0.02200000
v 0.00797294 -0.00341546 0.02200000
v 0.00783553 -0.00327001 0.02200000
v 0.00760265 -0.00721646 0.02200000
v 0.00998666 -0.00456660 0.02200000
v 0.00761041 -0.00705861 0.02200000
v 0.01099999 -0.01008111 0.02200000
v 0.00762592 -0.00674292 0.02200000
v 0.00999442 -0.00440875 0.02200000
v 0.00761816 -0.00690076 0.02200000
v 0.00761816 -0.00658507 0.02200000
v 0.00880241 -0.00573368 0.02200000
v 0.00741788 -0.00534048 0.02200000
v 0.00992507 -0.00394127 0.02200000
v 0.00736464 -0.00519168 0.02200000
v 0.00745628 -0.00549378 0.02200000
v 0.00725816 -0.00489408 0.02200000
v 0.00987183 -0.00379247 0.02200000
v 0.00731140 -0.00504288 0.02200000
v 0.00719059 -0.00475121 0.02200000
v 0.00861824 -0.00449207 0.02200000
v 0.00760265 -0.00626937 0.02200000
v 0.00998666 -0.00425090 0.02200000
v 0.00761041 -0.00642722 0.02200000
v 0.00757946 -0.00611304 0.02200000
v 0.00880241 -0.00541798 0.02200000
v 0.00753309 -0.00580039 0.02200000
v 0.00996347 -0.00409457 0.02200000
v 0.00749468 -0.00564708 0.02200000
v 0.00755627 -0.00595671 0.02200000
v 0.00870988 -0.00479418 0.02200000
v 0.00877147 -0.00510381 0.02200000
v 0.00681170 -0.00405882 0.02200000
v 0.00972301 -0.00351405 0.02200000
v 0.00671756 -0.00393188 0.02200000
v 0.00689295 -0.00419437 0.02200000
v 0.00817321 -0.00365950 0.02200000
v 0.00705545 -0.00446548 0.02200000
v 0.00980426 -0.00364960 0.02200000
v 0.00712302 -0.00460835 0.02200000
v 0.00697420 -0.00432993 0.02200000
v 0.00849742 -0.00420041 0.02200000
v 0.00834861 -0.00392199 0.02200000
v 0.01779467 -0.01581042 0.02200000
v 0.01338400 -0.00743125 0.02200000
v 0.01439733 -0.01294576 0.02200000
v 0.01219200 -0.00875618 0.02200000
v 0.01011200 -0.00217500 0.00810000
v 0.01011200 -0.00217500 0.01630000
v 0.00823100 -0.00217500 0.01220000
v 0.00550942 -0.00284338 0.02140258
v 0.00857781 -0.00239779 0.02073419
v 0.00553796 -0.00285440 0.02141911
v 0.00516261 -0.00262059 0.02106838
v 0.00559506 -0.00287644 0.02145216
v 0.00860635 -0.00240881 0.02075072
v 0.00556651 -0.00286542 0.02143563
v 0.00736737 -0.00290929 0.02150144
v 0.00707216 -0.00263161 0.02108491
v 0.00446900 -0.00217500 0.02040000
v 0.00823100 -0.00217500 0.02040000
v 0.00635000 -0.00217500 0.01630000
v 0.00481581 -0.00239779 0.02073419
v 0.00823100 -0.00217500 0.01630000
v 0.00669681 -0.00239779 0.02073419
v 0.01091200 -0.00297500 0.02160000
v 0.01037867 -0.00244167 0.02080000
v 0.00913969 -0.00294215 0.02155072
v 0.00887302 -0.00267548 0.02115072
v 0.00258800 0.00091250 0.00400000
v 0.00258800 0.00708750 0.00400000
v 0.00446900 0.00091250 0.00400000
v 0.00823100 0.00091250 0.00400000
v 0.00446900 0.00708750 0.00400000
v 0.00635000 0.00091250 0.00400000
v 0.00446900 0.00400000 0.00400000
v 0.01011200 0.00091250 0.00400000
v 0.01011200 0.00708750 0.00400000
v 0.01011200 0.00091250 0.00810000
v 0.00823100 0.00400000 0.00400000
v 0.01011200 0.00091250 0.01630000
v 0.01011200 0.00708750 0.00810000
v 0.01011200 0.00091250 0.01220000
v 0.01011200 0.00400000 0.00810000
v 0.00446900 0.01017500 0.00400000
v 0.00823100 0.01017500 0.00400000
v 0.00635000 0.00708750 0.00400000
v 0.00823100 0.00708750 0.00400000
v -0.01000000 0.02000000 0.00000000
v 0.01000000 0.02000000 0.00000000
v 0.00000000 0.01000000 0.00000000
v 0.02000000 -0.01000000 0.00000000
v 0.02000000 0.01000000 0.00000000
v 0.01000000 0.00000000 0.00000000
v 0.02000000 -0.01000000 0.00550000
v 0.01000000 0.01000000 0.00000000
v 0.02000000 -0.01000000 0.01650000
v 0.02000000 0.01000000 0.00550000
v 0.02000000 -0.01000000 0.01100000
v 0.02000000 0.00000000 0.00550000
v -0.00076067 0.00156662 0.02200000
v 0.00076067 0.00801665 0.02200000
v -0.00069451 0.00158319 0.02200000
v -0.00076067 0.00479164 0.02200000
v -0.00056220 0.00161634 0.02200000
v 0.00082682 0.00803322 0.02200000
v -0.00062835 0.00159976 0.02200000
v -0.00040587 0.00163952 0.02200000
v 0.00006616 0.00480821 0.02200000
v -0.00009321 0.00168590 0.02200000
v 0.00098315 0.00805641 0.02200000
v -0.00024954 0.00166271 0.02200000
v 0.00006464 0.00169366 0.02200000
v 0.00028864 0.00484797 0.02200000
v -0.00076067 0.01124167 0.02200000
v 0.00076067 0.01124167 0.02200000
v -0.00076067 0.00801665 0.02200000
v 0.00000000 0.00801665 0.02200000
v 0.00038033 0.00170917 0.02200000
v 0.00114100 0.00806417 0.02200000
v 0.00022249 0.00170141 0.02200000
v 0.00053818 0.00170141 0.02200000
v 0.00060282 0.00487891 0.02200000
v 0.00085388 0.00168590 0.02200000
v 0.00129885 0.00805641 0.02200000
v 0.00069603 0.00169366 0.02200000
v 0.00101021 0.00166271 0.02200000
v 0.00091852 0.00487891 0.02200000
v 0.00172395 0.00130724 0.02169607
v 0.00158887 0.00793019 0.02189869
v 0.00165641 0.00139370 0.02179738
v 0.00132286 0.00161634 0.02200000
v 0.00145518 0.00803322 0.02200000
v 0.00116654 0.00163952 0.02200000
v 0.00138902 0.00159976 0.02200000
v 0.00123269 0.00484797 0.02200000
v 0.00152133 0.00156662 0.02200000
v 0.00152133 0.00801665 0.02200000
v 0.00158887 0.00148016 0.02189869
v 0.00145518 0.00158319 0.02200000
v 0.00158887 0.00470518 0.02189869
v 0.00145518 0.00480821 0.02200000
v 0.00258800 0.00091250 0.00810000
v 0.00258800 0.00708750 0.01630000
v 0.00258800 0.00091250 0.01220000
v 0.00258800 0.00400000 0.00810000
v 0.00229057 0.00061507 0.02084615
v 0.00248886 0.00698836 0.02054872
v 0.00219058 0.00075690 0.02099612
v 0.00238971 0.00071421 0.02069743
v 0.00199062 0.00104057 0.02129607
v 0.00238887 0.00713019 0.02069869
v 0.00209060 0.00089874 0.02114610
v 0.00192308 0.00435205 0.02139738
v 0.00228973 0.00394355 0.02084741
v 0.00258800 0.00091250 0.02040000
v 0.00258800 0.00708750 0.02040000
v 0.00258800 0.00091250 0.01630000
v 0.00248886 0.00081336 0.02054872
v 0.00258800 0.00400000 0.01630000
v 0.00248886 0.00390086 0.02054872
v 0.00258800 0.01017500 0.00810000
v 0.00258800 0.01017500 0.01630000
v 0.00258800 0.00708750 0.00810000
v 0.00258800 0.00708750 0.01220000
v 0.00178800 0.01097500 0.02160000
v 0.00232133 0.01044167 0.02080000
v 0.00185554 0.00766352 0.02149869
v 0.00212221 0.00739686 0.02109869
v 0.01091200 0.00011250 0.02160000
v 0.01037867 0.00682083 0.02080000
v 0.01064533 0.00037917 0.02120000
v 0.01011200 0.00091250 0.02040000
v 0.01011200 0.00708750 0.02040000
v 0.01037867 0.00064583 0.02080000
v 0.01011200 0.00400000 0.01630000
v 0.01037867 0.00373333 0.02080000
v 0.00446900 0.01017500 0.00810000
v 0.00823100 0.01017500 0.01630000
v 0.00635000 0.01017500 0.00810000
v 0.00446900 0.01017500 0.01220000
v 0.01011200 0.01017500 0.00810000
v 0.01011200 0.01017500 0.01630000
v 0.01011200 0.00708750 0.01220000
v 0.00823100 0.01017500 0.00810000
v 0.01011200 0.00708750 0.01630000
v 0.00823100 0.01017500 0.01220000
v 0.00446900 0.01017500 0.02040000
v 0.00823100 0.01017500 0.02040000
v 0.00446900 0.01017500 0.01630000
v 0.00635000 0.01017500 0.01630000
v 0.01117867 0.00037917 0.02200000
v 0.01117867 0.00762083 0.02200000
v 0.01091200 0.00373333 0.02160000
v 0.00393567 0.01124167 0.02200000
v 0.00876433 0.01124167 0.02200000
v 0.00420233 0.01097500 0.02160000
v 0.00473567 0.01044167 0.02080000
v 0.00903100 0.01097500 0.02160000
v 0.00446900 0.01070833 0.02120000
v 0.00661667 0.01044167 0.02080000
v 0.00661667 0.01097500 0.02160000
v 0.01037867 0.01044167 0.02080000
v 0.01091200 0.01097500 0.02160000
v 0.01064533 0.00708750 0.02120000
v 0.00849767 0.01044167 0.02080000
v 0.01091200 0.00735417 0.02160000
v 0.00876433 0.01070833 0.02120000
v -0.01000000 0.02000000 0.00550000
v 0.01000000 0.02000000 0.01650000
v -0.01000000 0.02000000 0.01100000
v 0.00000000 0.02000000 0.00550000
v -0.01000000 0.02000000 0.02200000
v 0.01000000 0.02000000 0.02200000
v -0.01000000 0.02000000 0.01650000
v -0.00538033 0.01781042 0.02200000
v 0.00000000 0.02000000 0.01650000
v 0.00385900 0.01343125 0.02200000
v 0.01461967 0.01781042 0.02200000
v -0.00076067 0.01562083 0.02200000
v 0.00461967 0.01343125 0.02200000
v 0.00461967 0.01781042 0.02200000
v 0.02000000 -0.01000000 0.02200000
v 0.02000000 0.01000000 0.02200000
v 0.01779467 -0.00581042 0.02200000
v 0.02000000 0.00000000 0.01650000
v 0.01338400 0.00256875 0.02200000
v 0.01779467 0.01418958 0.02200000
v 0.01558933 -0.00162083 0.02200000
v 0.01338400 0.00618958 0.02200000
v 0.01779467 0.00418958 0.02200000
v 0.02000000 0.02000000 0.00550000
v 0.02000000 0.02000000 0.01650000
v 0.01000000 0.02000000 0.00550000
v 0.02000000 0.01000000 0.01100000
v 0.01000000 0.02000000 0.01100000
v 0.02000000 0.01000000 0.01650000
v 0.00614100 0.01343125 0.02200000
v 0.01538033 0.01781042 0.02200000
v 0.00538033 0.01343125 0.02200000
v 0.00855533 0.01343125 0.02200000
v 0.01000000 0.01562083 0.02200000
v 0.01338400 0.01343125 0.02200000
v 0.01779467 0.01781042 0.02200000
v 0.01338400 0.00981042 0.02200000
v 0.01096967 0.01343125 0.02200000
v 0.01558933 0.01200000 0.02200000
v 0.01317500 0.01562083 0.02200000
f 1 2468 1001
f 2468 631 2470
f 1001 2470 268
f 2468 2470 1001
f 631 2469 2475
f 2469 150 2473
f 2475 2473 632
f 2469 2473 2475
f 268 2474 1002
f 2474 632 2472
f 1002 2472 35
f 2474 2472 1002
f 631 2475 2470
f 2475 632 2474
f 2470 2474 268
f 2475 2474 2470
f 1 1964 2468
f 1964 505 2471
f 2468 2471 631
f 1964 2471 2468
f 505 1965 2478
f 1965 107 2476
f 2478 2476 633
f 1965 2476 2478
f 631 2479 2469
f 2479 633 2477
f 2469 2477 150
f 2479 2477 2469
f 505 2478 2471
f 2478 633 2479
f 2471 2479 631
f 2478 2479 2471
f 35 1164 1014
f 1164 312 1166
f 1014 1166 273
f 1164 1166 1014
f 312 1165 1171
f 1165 51 1168
f 1171 1168 313
f 1165 1168 1171
f 273 1169 1015
f 1169 313 1167
f 1015 1167 38
f 1169 1167 1015
f 312 1171 1166
f 1171 313 1169
f 1166 1169 273
f 1171 1169 1166
f 35 1014 1016
f 1014 273 1018
f 1016 1018 274
f 1014 1018 1016
f 273 1015 1021
f 1015 38 1019
f 1021 1019 275
f 1015 1019 1021
f 274 1022 1017
f 1022 275 1020
f 1017 1020 39
f 1022 1020 1017
f 273 1021 1018
f 1021 275 1022
f 1018 1022 274
f 1021 1022 1018
f 35 1016 1023
f 1016 274 1025
f 1023 1025 276
f 1016 1025 1023
f 274 1017 1028
f 1017 39 1026
f 1028 1026 277
f 1017 1026 1028
f 276 1029 1024
f 1029 277 1027
f 1024 1027 40
f 1029 1027 1024
f 274 1028 1025
f 1028 277 1029
f 1025 1029 276
f 1028 1029 1025
f 35 1023 1390
f 1023 276 1392
f 1390 1392 368
f 1023 1392 1390
f 276 1024 1396
f 1024 40 1394
f 1396 1394 369
f 1024 1394 1396
f 368 1398 1391
f 1398 369 1395
f 1391 1395 68
f 1398 1395 1391
f 276 1396 1392
f 1396 369 1398
f 1392 1398 368
f 1396 1398 1392
f 35 1390 1352
f 1390 368 1393
f 1352 1393 358
f 1390 1393 1352
f 368 1391 1413
f 1391 68 1410
f 1413 1410 372
f 1391 1410 1413
f 358 1411 1353
f 1411 372 1409
f 1353 1409 65
f 1411 1409 1353
f 368 1413 1393
f 1413 372 1411
f 1393 1411 358
f 1413 1411 1393
f 35 1352 1361
f 1352 358 1363
f 1361 1363 361
f 1352 1363 1361
f 358 1353 1374
f 1353 65 1372
f 1374 1372 364
f 1353 1372 1374
f 361 1376 1362
f 1376 364 1373
f 1362 1373 66
f 1376 1373 1362
f 358 1374 1363
f 1374 364 1376
f 1363 1376 361
f 1374 1376 1363
f 35 1361 1378
f 1361 361 1380
f 1378 1380 365
f 1361 1380 1378
f 361 1362 1386
f 1362 66 1384
f 1386 1384 367
f 1362 1384 1386
f 365 1388 1379
f 1388 367 1385
f 1379 1385 67
f 1388 1385 1379
f 361 1386 1380
f 1386 367 1388
f 1380 1388 365
f 1386 1388 1380
f 35 1378 1456
f 1378 365 1458
f 1456 1458 383
f 1378 1458 1456
f 365 1379 1461
f 1379 67 1459
f 1461 1459 384
f 1379 1459 1461
f 383 1463 1457
f 1463 384 1460
f 1457 1460 72
f 1463 1460 1457
f 365 1461 1458
f 1461 384 1463
f 1458 1463 383
f 1461 1463 1458
f 35 1456 1473
f 1456 383 1475
f 1473 1475 387
f 1456 1475 1473
f 383 1457 1486
f 1457 72 1484
f 1486 1484 390
f 1457 1484 1486
f 387 1488 1474
f 1488 390 1485
f 1474 1485 73
f 1488 1485 1474
f 383 1486 1475
f 1486 390 1488
f 1475 1488 387
f 1486 1488 1475
f 35 1473 1490
f 1473 387 1493
f 1490 1493 391
f 1473 1493 1490
f 387 1474 1503
f 1474 73 1501
f 1503 1501 394
f 1474 1501 1503
f 391 1505 1491
f 1505 394 1502
f 1491 1502 74
f 1505 1502 1491
f 387 1503 1493
f 1503 394 1505
f 1493 1505 391
f 1503 1505 1493
f 1 1001 1985
f 1001 268 1987
f 1985 1987 511
f 1001 1987 1985
f 268 1002 1991
f 1002 35 1989
f 1991 1989 512
f 1002 1989 1991
f 511 1993 1986
f 1993 512 1990
f 1986 1990 110
f 1993 1990 1986
f 268 1991 1987
f 1991 512 1993
f 1987 1993 511
f 1991 1993 1987
f 35 1003 1989
f 1003 269 1992
f 1989 1992 512
f 1003 1992 1989
f 269 1004 1996
f 1004 36 1994
f 1996 1994 513
f 1004 1994 1996
f 512 1997 1990
f 1997 513 1995
f 1990 1995 110
f 1997 1995 1990
f 269 1996 1992
f 1996 513 1997
f 1992 1997 512
f 1996 1997 1992
f 35 1490 1003
f 1490 391 1492
f 1003 1492 269
f 1490 1492 1003
f 391 1491 1497
f 1491 74 1495
f 1497 1495 392
f 1491 1495 1497
f 269 1496 1004
f 1496 392 1494
f 1004 1494 36
f 1496 1494 1004
f 391 1497 1492
f 1497 392 1496
f 1492 1496 269
f 1497 1496 1492
f 35 1037 1181
f 1037 280 1183
f 1181 1183 316
f 1037 1183 1181
f 280 1038 1187
f 1038 42 1185
f 1187 1185 317
f 1038 1185 1187
f 316 1189 1182
f 1189 317 1186
f 1182 1186 52
f 1189 1186 1182
f 280 1187 1183
f 1187 317 1189
f 1183 1189 316
f 1187 1189 1183
f 35 1039 1037
f 1039 281 1041
f 1037 1041 280
f 1039 1041 1037
f 281 1040 1045
f 1040 43 1043
f 1045 1043 282
f 1040 1043 1045
f 280 1044 1038
f 1044 282 1042
f 1038 1042 42
f 1044 1042 1038
f 281 1045 1041
f 1045 282 1044
f 1041 1044 280
f 1045 1044 1041
f 35 1046 1039
f 1046 283 1048
f 1039 1048 281
f 1046 1048 1039
f 283 1047 1054
f 1047 44 1052
f 1054 1052 285
f 1047 1052 1054
f 281 1053 1040
f 1053 285 1051
f 1040 1051 43
f 1053 1051 1040
f 283 1054 1048
f 1054 285 1053
f 1048 1053 281
f 1054 1053 1048
f 35 1249 1046
f 1249 332 1251
f 1046 1251 283
f 1249 1251 1046
f 332 1250 1260
f 1250 57 1257
f 1260 1257 334
f 1250 1257 1260
f 283 1258 1047
f 1258 334 1256
f 1047 1256 44
f 1258 1256 1047
f 332 1260 1251
f 1260 334 1258
f 1251 1258 283
f 1260 1258 1251
f 35 1266 1249
f 1266 336 1268
f 1249 1268 332
f 1266 1268 1249
f 336 1267 1281
f 1267 58 1278
f 1281 1278 339
f 1267 1278 1281
f 332 1279 1250
f 1279 339 1277
f 1250 1277 57
f 1279 1277 1250
f 336 1281 1268
f 1281 339 1279
f 1268 1279 332
f 1281 1279 1268
f 35 1181 1164
f 1181 316 1184
f 1164 1184 312
f 1181 1184 1164
f 316 1182 1204
f 1182 52 1201
f 1204 1201 320
f 1182 1201 1204
f 312 1202 1165
f 1202 320 1200
f 1165 1200 51
f 1202 1200 1165
f 316 1204 1184
f 1204 320 1202
f 1184 1202 312
f 1204 1202 1184
f 35 3382 1266
f 3382 860 3384
f 1266 3384 336
f 3382 3384 1266
f 860 3383 3390
f 3383 226 3387
f 3390 3387 861
f 3383 3387 3390
f 336 3388 1267
f 3388 861 3386
f 1267 3386 58
f 3388 3386 1267
f 860 3390 3384
f 3390 861 3388
f 3384 3388 336
f 3390 3388 3384
f 36 1494 1507
f 1494 392 1509
f 1507 1509 395
f 1494 1509 1507
f 392 1495 1512
f 1495 74 1510
f 1512 1510 396
f 1495 1510 1512
f 395 1513 1508
f 1513 396 1511
f 1508 1511 75
f 1513 1511 1508
f 392 1512 1509
f 1512 396 1513
f 1509 1513 395
f 1512 1513 1509
f 36 1507 1514
f 1507 395 1516
f 1514 1516 397
f 1507 1516 1514
f 395 1508 1519
f 1508 75 1517
f 1519 1517 398
f 1508 1517 1519
f 397 1520 1515
f 1520 398 1518
f 1515 1518 76
f 1520 1518 1515
f 395 1519 1516
f 1519 398 1520
f 1516 1520 397
f 1519 1520 1516
f 36 1514 1521
f 1514 397 1523
f 1521 1523 399
f 1514 1523 1521
f 397 1515 1526
f 1515 76 1524
f 1526 1524 400
f 1515 1524 1526
f 399 1527 1522
f 1527 400 1525
f 1522 1525 77
f 1527 1525 1522
f 397 1526 1523
f 1526 400 1527
f 1523 1527 399
f 1526 1527 1523
f 36 1521 1689
f 1521 399 1691
f 1689 1691 438
f 1521 1691 1689
f 399 1522 1694
f 1522 77 1692
f 1694 1692 439
f 1522 1692 1694
f 438 1696 1690
f 1696 439 1693
f 1690 1693 87
f 1696 1693 1690
f 399 1694 1691
f 1694 439 1696
f 1691 1696 438
f 1694 1696 1691
f 36 1689 1706
f 1689 438 1708
f 1706 1708 442
f 1689 1708 1706
f 438 1690 1719
f 1690 87 1717
f 1719 1717 445
f 1690 1717 1719
f 442 1721 1707
f 1721 445 1718
f 1707 1718 88
f 1721 1718 1707
f 438 1719 1708
f 1719 445 1721
f 1708 1721 442
f 1719 1721 1708
f 36 1706 1723
f 1706 442 1725
f 1723 1725 446
f 1706 1725 1723
f 442 1707 1728
f 1707 88 1726
f 1728 1726 447
f 1707 1726 1728
f 446 1729 1724
f 1729 447 1727
f 1724 1727 89
f 1729 1727 1724
f 442 1728 1725
f 1728 447 1729
f 1725 1729 446
f 1728 1729 1725
f 1 1985 1964
f 1985 511 1988
f 1964 1988 505
f 1985 1988 1964
f 511 1986 2001
f 1986 110 1999
f 2001 1999 514
f 1986 1999 2001
f 505 2000 1965
f 2000 514 1998
f 1965 1998 107
f 2000 1998 1965
f 511 2001 1988
f 2001 514 2000
f 1988 2000 505
f 2001 2000 1988
f 110 1995 2023
f 1995 513 2025
f 2023 2025 520
f 1995 2025 2023
f 513 1994 2017
f 1994 36 2014
f 2017 2014 518
f 1994 2014 2017
f 520 2026 2024
f 2026 518 2015
f 2024 2015 112
f 2026 2015 2024
f 513 2017 2025
f 2017 518 2026
f 2025 2026 520
f 2017 2026 2025
f 110 2023 2056
f 2023 520 2058
f 2056 2058 528
f 2023 2058 2056
f 520 2024 2065
f 2024 112 2063
f 2065 2063 530
f 2024 2063 2065
f 528 2067 2057
f 2067 530 2064
f 2057 2064 114
f 2067 2064 2057
f 520 2065 2058
f 2065 530 2067
f 2058 2067 528
f 2065 2067 2058
f 232 3600 3604
f 3600 907 3607
f 3604 3607 908
f 3600 3607 3604
f 907 3599 3601
f 3599 104 1953
f 3601 1953 502
f 3599 1953 3601
f 908 3605 3603
f 3605 502 1954
f 3603 1954 105
f 3605 1954 3603
f 907 3601 3607
f 3601 502 3605
f 3607 3605 908
f 3601 3605 3607
f 232 3604 3609
f 3604 908 3612
f 3609 3612 909
f 3604 3612 3609
f 908 3603 3606
f 3603 105 1960
f 3606 1960 504
f 3603 1960 3606
f 909 3610 3608
f 3610 504 1961
f 3608 1961 106
f 3610 1961 3608
f 908 3606 3612
f 3606 504 3610
f 3612 3610 909
f 3606 3610 3612
f 104 3599 2053
f 3599 907 3602
f 2053 3602 527
f 3599 3602 2053
f 907 3600 3616
f 3600 232 3614
f 3616 3614 910
f 3600 3614 3616
f 527 3615 2054
f 3615 910 3613
f 2054 3613 114
f 3615 3613 2054
f 907 3616 3602
f 3616 910 3615
f 3602 3615 527
f 3616 3615 3602
f 107 1998 3707
f 1998 514 3709
f 3707 3709 931
f 1998 3709 3707
f 514 1999 3713
f 1999 110 3711
f 3713 3711 932
f 1999 3711 3713
f 931 3715 3708
f 3715 932 3712
f 3708 3712 236
f 3715 3712 3708
f 514 3713 3709
f 3713 932 3715
f 3709 3715 931
f 3713 3715 3709
f 110 2056 3711
f 2056 528 3714
f 3711 3714 932
f 2056 3714 3711
f 528 2057 3718
f 2057 114 3716
f 3718 3716 933
f 2057 3716 3718
f 932 3720 3712
f 3720 933 3717
f 3712 3717 236
f 3720 3717 3712
f 528 3718 3714
f 3718 933 3720
f 3714 3720 932
f 3718 3720 3714
f 150 3590 3401
f 3590 905 3593
f 3401 3593 864
f 3590 3593 3401
f 905 3591 3598
f 3591 231 3596
f 3598 3596 906
f 3591 3596 3598
f 864 3597 3402
f 3597 906 3595
f 3402 3595 226
f 3597 3595 3402
f 905 3598 3593
f 3598 906 3597
f 3593 3597 864
f 3598 3597 3593
f 35 2472 3382
f 2472 632 3385
f 3382 3385 860
f 2472 3385 3382
f 632 2473 3403
f 2473 150 3401
f 3403 3401 864
f 2473 3401 3403
f 860 3404 3383
f 3404 864 3402
f 3383 3402 226
f 3404 3402 3383
f 632 3403 3385
f 3403 864 3404
f 3385 3404 860
f 3403 3404 3385
f 226 3392 3387
f 3392 862 3395
f 3387 3395 861
f 3392 3395 3387
f 862 3391 3393
f 3391 59 1292
f 3393 1292 342
f 3391 1292 3393
f 861 3389 3386
f 3389 342 1291
f 3386 1291 58
f 3389 1291 3386
f 862 3393 3395
f 3393 342 3389
f 3395 3389 861
f 3393 3389 3395
f 226 3397 3392
f 3397 863 3400
f 3392 3400 862
f 3397 3400 3392
f 863 3396 3398
f 3396 60 1304
f 3398 1304 345
f 3396 1304 3398
f 862 3394 3391
f 3394 345 1303
f 3391 1303 59
f 3394 1303 3391
f 863 3398 3400
f 3398 345 3394
f 3400 3394 862
f 3398 3394 3400
f 226 3406 3397
f 3406 865 3409
f 3397 3409 863
f 3406 3409 3397
f 865 3405 3407
f 3405 157 2547
f 3407 2547 651
f 3405 2547 3407
f 863 3399 3396
f 3399 651 2546
f 3396 2546 60
f 3399 2546 3396
f 865 3407 3409
f 3407 651 3399
f 3409 3399 863
f 3407 3399 3409
f 226 3411 3406
f 3411 866 3414
f 3406 3414 865
f 3411 3414 3406
f 866 3410 3412
f 3410 158 2563
f 3412 2563 655
f 3410 2563 3412
f 865 3408 3405
f 3408 655 2562
f 3405 2562 157
f 3408 2562 3405
f 866 3412 3414
f 3412 655 3408
f 3414 3408 865
f 3412 3408 3414
f 226 3416 3411
f 3416 867 3419
f 3411 3419 866
f 3416 3419 3411
f 867 3415 3417
f 3415 159 2575
f 3417 2575 658
f 3415 2575 3417
f 866 3413 3410
f 3413 658 2574
f 3410 2574 158
f 3413 2574 3410
f 867 3417 3419
f 3417 658 3413
f 3419 3413 866
f 3417 3413 3419
f 226 3421 3416
f 3421 868 3424
f 3416 3424 867
f 3421 3424 3416
f 868 3420 3422
f 3420 160 2587
f 3422 2587 661
f 3420 2587 3422
f 867 3418 3415
f 3418 661 2586
f 3415 2586 159
f 3418 2586 3415
f 868 3422 3424
f 3422 661 3418
f 3424 3418 867
f 3422 3418 3424
f 226 3426 3421
f 3426 869 3429
f 3421 3429 868
f 3426 3429 3421
f 869 3425 3427
f 3425 161 2599
f 3427 2599 664
f 3425 2599 3427
f 868 3423 3420
f 3423 664 2598
f 3420 2598 160
f 3423 2598 3420
f 869 3427 3429
f 3427 664 3423
f 3429 3423 868
f 3427 3423 3429
f 226 3431 3426
f 3431 870 3434
f 3426 3434 869
f 3431 3434 3426
f 870 3430 3432
f 3430 163 2619
f 3432 2619 669
f 3430 2619 3432
f 869 3428 3425
f 3428 669 2618
f 3425 2618 161
f 3428 2618 3425
f 870 3432 3434
f 3432 669 3428
f 3434 3428 869
f 3432 3428 3434
f 226 3436 3431
f 3436 871 3439
f 3431 3439 870
f 3436 3439 3431
f 871 3435 3437
f 3435 164 2630
f 3437 2630 672
f 3435 2630 3437
f 870 3433 3430
f 3433 672 2629
f 3430 2629 163
f 3433 2629 3430
f 871 3437 3439
f 3437 672 3433
f 3439 3433 870
f 3437 3433 3439
f 226 3441 3436
f 3441 872 3444
f 3436 3444 871
f 3441 3444 3436
f 872 3440 3442
f 3440 165 2634
f 3442 2634 673
f 3440 2634 3442
f 871 3438 3435
f 3438 673 2633
f 3435 2633 164
f 3438 2633 3435
f 872 3442 3444
f 3442 673 3438
f 3444 3438 871
f 3442 3438 3444
f 226 3446 3441
f 3446 873 3449
f 3441 3449 872
f 3446 3449 3441
f 873 3445 3447
f 3445 172 2723
f 3447 2723 695
f 3445 2723 3447
f 872 3443 3440
f 3443 695 2722
f 3440 2722 165
f 3443 2722 3440
f 873 3447 3449
f 3447 695 3443
f 3449 3443 872
f 3447 3443 3449
f 226 3451 3446
f 3451 874 3454
f 3446 3454 873
f 3451 3454 3446
f 874 3450 3452
f 3450 173 2743
f 3452 2743 700
f 3450 2743 3452
f 873 3448 3445
f 3448 700 2742
f 3445 2742 172
f 3448 2742 3445
f 874 3452 3454
f 3452 700 3448
f 3454 3448 873
f 3452 3448 3454
f 215 3502 3260
f 3502 885 3504
f 3260 3504 830
f 3502 3504 3260
f 885 3503 3510
f 3503 227 3507
f 3510 3507 886
f 3503 3507 3510
f 830 3508 3261
f 3508 886 3506
f 3261 3506 216
f 3508 3506 3261
f 885 3510 3504
f 3510 886 3508
f 3504 3508 830
f 3510 3508 3504
f 216 3506 3328
f 3506 886 3509
f 3328 3509 847
f 3506 3509 3328
f 886 3507 3524
f 3507 227 3521
f 3524 3521 889
f 3507 3521 3524
f 847 3522 3329
f 3522 889 3520
f 3329 3520 222
f 3522 3520 3329
f 886 3524 3509
f 3524 889 3522
f 3509 3522 847
f 3524 3522 3509
f 222 3520 3349
f 3520 889 3523
f 3349 3523 852
f 3520 3523 3349
f 889 3521 3530
f 3521 227 3526
f 3530 3526 890
f 3521 3526 3530
f 852 3528 3350
f 3528 890 3525
f 3350 3525 223
f 3528 3525 3350
f 889 3530 3523
f 3530 890 3528
f 3523 3528 852
f 3530 3528 3523
f 220 3345 3511
f 3345 851 3514
f 3511 3514 887
f 3345 3514 3511
f 851 3346 3527
f 3346 223 3525
f 3527 3525 890
f 3346 3525 3527
f 887 3529 3512
f 3529 890 3526
f 3512 3526 227
f 3529 3526 3512
f 851 3527 3514
f 3527 890 3529
f 3514 3529 887
f 3527 3529 3514
f 224 3531 3362
f 3531 891 3533
f 3362 3533 855
f 3531 3533 3362
f 891 3532 3535
f 3532 227 3485
f 3535 3485 881
f 3532 3485 3535
f 855 3487 3361
f 3487 881 3484
f 3361 3484 202
f 3487 3484 3361
f 891 3535 3533
f 3535 881 3487
f 3533 3487 855
f 3535 3487 3533
f 225 3536 3379
f 3536 892 3539
f 3379 3539 859
f 3536 3539 3379
f 892 3537 3541
f 3537 227 3532
f 3541 3532 891
f 3537 3532 3541
f 859 3534 3378
f 3534 891 3531
f 3378 3531 224
f 3534 3531 3378
f 892 3541 3539
f 3541 891 3534
f 3539 3534 859
f 3541 3534 3539
f 206 3120 3491
f 3120 796 3494
f 3491 3494 883
f 3120 3494 3491
f 796 3121 3499
f 3121 207 3496
f 3499 3496 884
f 3121 3496 3499
f 883 3501 3492
f 3501 884 3497
f 3492 3497 227
f 3501 3497 3492
f 796 3499 3494
f 3499 884 3501
f 3494 3501 883
f 3499 3501 3494
f 207 3112 3496
f 3112 794 3498
f 3496 3498 884
f 3112 3498 3496
f 794 3111 3486
f 3111 202 3484
f 3486 3484 881
f 3111 3484 3486
f 884 3500 3497
f 3500 881 3485
f 3497 3485 227
f 3500 3485 3497
f 794 3486 3498
f 3486 881 3500
f 3498 3500 884
f 3486 3500 3498
f 220 3511 3320
f 3511 887 3513
f 3320 3513 845
f 3511 3513 3320
f 887 3512 3519
f 3512 227 3516
f 3519 3516 888
f 3512 3516 3519
f 845 3517 3321
f 3517 888 3515
f 3321 3515 221
f 3517 3515 3321
f 887 3519 3513
f 3519 888 3517
f 3513 3517 845
f 3519 3517 3513
f 225 3375 3536
f 3375 858 3538
f 3536 3538 892
f 3375 3538 3536
f 858 3374 3518
f 3374 221 3515
f 3518 3515 888
f 3374 3515 3518
f 892 3540 3537
f 3540 888 3516
f 3537 3516 227
f 3540 3516 3537
f 858 3518 3538
f 3518 888 3540
f 3538 3540 892
f 3518 3540 3538
f 226 3456 3451
f 3456 875 3459
f 3451 3459 874
f 3456 3459 3451
f 875 3455 3457
f 3455 174 2755
f 3457 2755 703
f 3455 2755 3457
f 874 3453 3450
f 3453 703 2754
f 3450 2754 173
f 3453 2754 3450
f 875 3457 3459
f 3457 703 3453
f 3459 3453 874
f 3457 3453 3459
f 226 3461 3456
f 3461 876 3464
f 3456 3464 875
f 3461 3464 3456
f 876 3460 3462
f 3460 175 2767
f 3462 2767 706
f 3460 2767 3462
f 875 3458 3455
f 3458 706 2766
f 3455 2766 174
f 3458 2766 3455
f 876 3462 3464
f 3462 706 3458
f 3464 3458 875
f 3462 3458 3464
f 226 3466 3461
f 3466 877 3469
f 3461 3469 876
f 3466 3469 3461
f 877 3465 3467
f 3465 176 2774
f 3467 2774 708
f 3465 2774 3467
f 876 3463 3460
f 3463 708 2773
f 3460 2773 175
f 3463 2773 3460
f 877 3467 3469
f 3467 708 3463
f 3469 3463 876
f 3467 3463 3469
f 226 3471 3466
f 3471 878 3474
f 3466 3474 877
f 3471 3474 3466
f 878 3470 3472
f 3470 213 3217
f 3472 3217 819
f 3470 3217 3472
f 877 3468 3465
f 3468 819 3216
f 3465 3216 176
f 3468 3216 3465
f 878 3472 3474
f 3472 819 3468
f 3474 3468 877
f 3472 3468 3474
f 226 3476 3471
f 3476 879 3479
f 3471 3479 878
f 3476 3479 3471
f 879 3475 3477
f 3475 214 3237
f 3477 3237 824
f 3475 3237 3477
f 878 3473 3470
f 3473 824 3236
f 3470 3236 213
f 3473 3236 3470
f 879 3477 3479
f 3477 824 3473
f 3479 3473 878
f 3477 3473 3479
f 226 3481 3476
f 3481 880 3483
f 3476 3483 879
f 3481 3483 3476
f 880 3480 3482
f 3480 215 3249
f 3482 3249 827
f 3480 3249 3482
f 879 3478 3475
f 3478 827 3248
f 3475 3248 214
f 3478 3248 3475
f 880 3482 3483
f 3482 827 3478
f 3483 3478 879
f 3482 3478 3483
f 226 3542 3481
f 3542 893 3544
f 3481 3544 880
f 3542 3544 3481
f 893 3543 3545
f 3543 227 3503
f 3545 3503 885
f 3543 3503 3545
f 880 3505 3480
f 3505 885 3502
f 3480 3502 215
f 3505 3502 3480
f 893 3545 3544
f 3545 885 3505
f 3544 3505 880
f 3545 3505 3544
f 226 3721 3542
f 3721 934 3723
f 3542 3723 893
f 3721 3723 3542
f 934 3722 3729
f 3722 236 3726
f 3729 3726 935
f 3722 3726 3729
f 893 3727 3543
f 3727 935 3725
f 3543 3725 227
f 3727 3725 3543
f 934 3729 3723
f 3729 935 3727
f 3723 3727 893
f 3729 3727 3723
f 107 3587 2476
f 3587 904 3589
f 2476 3589 633
f 3587 3589 2476
f 904 3588 3594
f 3588 231 3591
f 3594 3591 905
f 3588 3591 3594
f 633 3592 2477
f 3592 905 3590
f 2477 3590 150
f 3592 3590 2477
f 904 3594 3589
f 3594 905 3592
f 3589 3592 633
f 3594 3592 3589
f 107 3707 3587
f 3707 931 3710
f 3587 3710 904
f 3707 3710 3587
f 931 3708 3734
f 3708 236 3731
f 3734 3731 936
f 3708 3731 3734
f 904 3732 3588
f 3732 936 3730
f 3588 3730 231
f 3732 3730 3588
f 931 3734 3710
f 3734 936 3732
f 3710 3732 904
f 3734 3732 3710
f 232 3609 3618
f 3609 909 3621
f 3618 3621 911
f 3609 3621 3618
f 909 3608 3611
f 3608 106 2892
f 3611 2892 738
f 3608 2892 3611
f 911 3619 3617
f 3619 738 2893
f 3617 2893 187
f 3619 2893 3617
f 909 3611 3621
f 3611 738 3619
f 3621 3619 911
f 3611 3619 3621
f 187 2912 3617
f 2912 743 3620
f 3617 3620 911
f 2912 3620 3617
f 743 2913 3624
f 2913 188 3622
f 3624 3622 912
f 2913 3622 3624
f 911 3626 3618
f 3626 912 3623
f 3618 3623 232
f 3626 3623 3618
f 743 3624 3620
f 3624 912 3626
f 3620 3626 911
f 3624 3626 3620
f 188 2932 3622
f 2932 748 3625
f 3622 3625 912
f 2932 3625 3622
f 748 2933 3632
f 2933 190 3630
f 3632 3630 914
f 2933 3630 3632
f 912 3634 3623
f 3634 914 3631
f 3623 3631 232
f 3634 3631 3623
f 748 3632 3625
f 3632 914 3634
f 3625 3634 912
f 3632 3634 3625
f 190 2943 3630
f 2943 751 3633
f 3630 3633 914
f 2943 3633 3630
f 751 2944 3638
f 2944 191 3635
f 3638 3635 915
f 2944 3635 3638
f 914 3640 3631
f 3640 915 3636
f 3631 3636 232
f 3640 3636 3631
f 751 3638 3633
f 3638 915 3640
f 3633 3640 914
f 3638 3640 3633
f 236 3717 3737
f 3717 933 3740
f 3737 3740 937
f 3717 3740 3737
f 933 3716 3719
f 3716 114 3613
f 3719 3613 910
f 3716 3613 3719
f 937 3738 3736
f 3738 910 3614
f 3736 3614 232
f 3738 3614 3736
f 933 3719 3740
f 3719 910 3738
f 3740 3738 937
f 3719 3738 3740
f 226 3595 3721
f 3595 906 3724
f 3721 3724 934
f 3595 3724 3721
f 906 3596 3733
f 3596 231 3730
f 3733 3730 936
f 3596 3730 3733
f 934 3735 3722
f 3735 936 3731
f 3722 3731 236
f 3735 3731 3722
f 906 3733 3724
f 3733 936 3735
f 3724 3735 934
f 3733 3735 3724
f 236 3742 3726
f 3742 938 3745
f 3726 3745 935
f 3742 3745 3726
f 938 3741 3743
f 3741 235 3691
f 3743 3691 927
f 3741 3691 3743
f 935 3728 3725
f 3728 927 3690
f 3725 3690 227
f 3728 3690 3725
f 938 3743 3745
f 3743 927 3728
f 3745 3728 935
f 3743 3728 3745
f 236 3737 3742
f 3737 937 3746
f 3742 3746 938
f 3737 3746 3742
f 937 3736 3739
f 3736 232 3693
f 3739 3693 928
f 3736 3693 3739
f 938 3744 3741
f 3744 928 3694
f 3741 3694 235
f 3744 3694 3741
f 937 3739 3746
f 3739 928 3744
f 3746 3744 938
f 3739 3744 3746
f 2 1005 999
f 1005 270 1007
f 999 1007 267
f 1005 1007 999
f 270 1006 1011
f 1006 37 1009
f 1011 1009 271
f 1006 1009 1011
f 267 1010 1000
f 1010 271 1008
f 1000 1008 34
f 1010 1008 1000
f 270 1011 1007
f 1011 271 1010
f 1007 1010 267
f 1011 1010 1007
f 37 1812 1009
f 1812 468 1814
f 1009 1814 271
f 1812 1814 1009
f 468 1813 1816
f 1813 95 1806
f 1816 1806 466
f 1813 1806 1816
f 271 1807 1008
f 1807 466 1805
f 1008 1805 34
f 1807 1805 1008
f 468 1816 1814
f 1816 466 1807
f 1814 1807 271
f 1816 1807 1814
f 2 1966 2002
f 1966 506 2005
f 2002 2005 515
f 1966 2005 2002
f 506 1967 2012
f 1967 108 2010
f 2012 2010 517
f 1967 2010 2012
f 515 2013 2003
f 2013 517 2011
f 2003 2011 111
f 2013 2011 2003
f 506 2012 2005
f 2012 517 2013
f 2005 2013 515
f 2012 2013 2005
f 2 999 1966
f 999 267 1968
f 1966 1968 506
f 999 1968 1966
f 267 1000 1971
f 1000 34 1969
f 1971 1969 507
f 1000 1969 1971
f 506 1972 1967
f 1972 507 1970
f 1967 1970 108
f 1972 1970 1967
f 267 1971 1968
f 1971 507 1972
f 1968 1972 506
f 1971 1972 1968
f 34 1973 1969
f 1973 508 1976
f 1969 1976 507
f 1973 1976 1969
f 508 1974 1984
f 1974 109 1982
f 1984 1982 510
f 1974 1982 1984
f 507 1983 1970
f 1983 510 1981
f 1970 1981 108
f 1983 1981 1970
f 508 1984 1976
f 1984 510 1983
f 1976 1983 507
f 1984 1983 1976
f 34 1805 1973
f 1805 466 1975
f 1973 1975 508
f 1805 1975 1973
f 466 1806 1979
f 1806 95 1977
f 1979 1977 509
f 1806 1977 1979
f 508 1980 1974
f 1980 509 1978
f 1974 1978 109
f 1980 1978 1974
f 466 1979 1975
f 1979 509 1980
f 1975 1980 508
f 1979 1980 1975
f 108 1981 2039
f 1981 510 2041
f 2039 2041 524
f 1981 2041 2039
f 510 1982 2046
f 1982 109 2043
f 2046 2043 525
f 1982 2043 2046
f 524 2048 2040
f 2048 525 2044
f 2040 2044 113
f 2048 2044 2040
f 510 2046 2041
f 2046 525 2048
f 2041 2048 524
f 2046 2048 2041
f 2 2002 1005
f 2002 515 2004
f 1005 2004 270
f 2002 2004 1005
f 515 2003 2009
f 2003 111 2007
f 2009 2007 516
f 2003 2007 2009
f 270 2008 1006
f 2008 516 2006
f 1006 2006 37
f 2008 2006 1006
f 515 2009 2004
f 2009 516 2008
f 2004 2008 270
f 2009 2008 2004
f 95 2031 1977
f 2031 522 2034
f 1977 2034 509
f 2031 2034 1977
f 522 2032 2047
f 2032 113 2044
f 2047 2044 525
f 2032 2044 2047
f 509 2045 1978
f 2045 525 2043
f 1978 2043 109
f 2045 2043 1978
f 522 2047 2034
f 2047 525 2045
f 2034 2045 509
f 2047 2045 2034
f 108 2039 2010
f 2039 524 2042
f 2010 2042 517
f 2039 2042 2010
f 524 2040 2052
f 2040 113 2050
f 2052 2050 526
f 2040 2050 2052
f 517 2051 2011
f 2051 526 2049
f 2011 2049 111
f 2051 2049 2011
f 524 2052 2042
f 2052 526 2051
f 2042 2051 517
f 2052 2051 2042
f 37 1013 1812
f 1013 272 1815
f 1812 1815 468
f 1013 1815 1812
f 272 1012 1810
f 1012 36 1808
f 1810 1808 467
f 1012 1808 1810
f 468 1817 1813
f 1817 467 1809
f 1813 1809 95
f 1817 1809 1813
f 272 1810 1815
f 1810 467 1817
f 1815 1817 468
f 1810 1817 1815
f 90 1731 1742
f 1731 448 1745
f 1742 1745 451
f 1731 1745 1742
f 448 1730 1732
f 1730 36 1723
f 1732 1723 446
f 1730 1723 1732
f 451 1743 1741
f 1743 446 1724
f 1741 1724 89
f 1743 1724 1741
f 448 1732 1745
f 1732 446 1743
f 1745 1743 451
f 1732 1743 1745
f 92 1818 1752
f 1818 469 1820
f 1752 1820 454
f 1818 1820 1752
f 469 1819 1821
f 1819 95 1809
f 1821 1809 467
f 1819 1809 1821
f 454 1811 1751
f 1811 467 1808
f 1751 1808 36
f 1811 1808 1751
f 469 1821 1820
f 1821 467 1811
f 1820 1811 454
f 1821 1811 1820
f 94 1794 1781
f 1794 464 1797
f 1781 1797 461
f 1794 1797 1781
f 464 1793 1795
f 1793 91 1748
f 1795 1748 452
f 1793 1748 1795
f 461 1782 1780
f 1782 452 1747
f 1780 1747 36
f 1782 1747 1780
f 464 1795 1797
f 1795 452 1782
f 1797 1782 461
f 1795 1782 1797
f 91 1762 1748
f 1762 457 1764
f 1748 1764 452
f 1762 1764 1748
f 457 1763 1766
f 1763 92 1752
f 1766 1752 454
f 1763 1752 1766
f 452 1753 1747
f 1753 454 1751
f 1747 1751 36
f 1753 1751 1747
f 457 1766 1764
f 1766 454 1753
f 1764 1753 452
f 1766 1753 1764
f 90 1774 1731
f 1774 460 1776
f 1731 1776 448
f 1774 1776 1731
f 460 1775 1778
f 1775 93 1769
f 1778 1769 458
f 1775 1769 1778
f 448 1770 1730
f 1770 458 1768
f 1730 1768 36
f 1770 1768 1730
f 460 1778 1776
f 1778 458 1770
f 1776 1770 448
f 1778 1770 1776
f 93 1799 1769
f 1799 465 1801
f 1769 1801 458
f 1799 1801 1769
f 465 1800 1803
f 1800 94 1781
f 1803 1781 461
f 1800 1781 1803
f 458 1783 1768
f 1783 461 1780
f 1768 1780 36
f 1783 1780 1768
f 465 1803 1801
f 1803 461 1783
f 1801 1783 458
f 1803 1783 1801
f 92 1874 1818
f 1874 483 1877
f 1818 1877 469
f 1874 1877 1818
f 483 1875 1882
f 1875 100 1880
f 1882 1880 484
f 1875 1880 1882
f 469 1881 1819
f 1881 484 1879
f 1819 1879 95
f 1881 1879 1819
f 483 1882 1877
f 1882 484 1881
f 1877 1881 469
f 1882 1881 1877
f 100 1893 1880
f 1893 488 1895
f 1880 1895 484
f 1893 1895 1880
f 488 1894 1897
f 1894 101 1888
f 1897 1888 486
f 1894 1888 1897
f 484 1889 1879
f 1889 486 1887
f 1879 1887 95
f 1889 1887 1879
f 488 1897 1895
f 1897 486 1889
f 1895 1889 484
f 1897 1889 1895
f 101 1905 1888
f 1905 491 1907
f 1888 1907 486
f 1905 1907 1888
f 491 1906 1909
f 1906 102 1900
f 1909 1900 489
f 1906 1900 1909
f 486 1901 1887
f 1901 489 1899
f 1887 1899 95
f 1901 1899 1887
f 491 1909 1907
f 1909 489 1901
f 1907 1901 486
f 1909 1901 1907
f 102 1922 1900
f 1922 495 1924
f 1900 1924 489
f 1922 1924 1900
f 495 1923 1926
f 1923 103 1912
f 1926 1912 492
f 1923 1912 1926
f 489 1913 1899
f 1913 492 1911
f 1899 1911 95
f 1913 1911 1899
f 495 1926 1924
f 1926 492 1913
f 1924 1913 489
f 1926 1913 1924
f 95 1911 1928
f 1911 492 1930
f 1928 1930 496
f 1911 1930 1928
f 492 1912 1941
f 1912 103 1939
f 1941 1939 499
f 1912 1939 1941
f 496 1943 1929
f 1943 499 1940
f 1929 1940 104
f 1943 1940 1929
f 492 1941 1930
f 1941 499 1943
f 1930 1943 496
f 1941 1943 1930
f 37 2018 1013
f 2018 519 2020
f 1013 2020 272
f 2018 2020 1013
f 519 2019 2022
f 2019 112 2015
f 2022 2015 518
f 2019 2015 2022
f 272 2016 1012
f 2016 518 2014
f 1012 2014 36
f 2016 2014 1012
f 519 2022 2020
f 2022 518 2016
f 2020 2016 272
f 2022 2016 2020
f 37 2006 2018
f 2006 516 2021
f 2018 2021 519
f 2006 2021 2018
f 516 2007 2029
f 2007 111 2027
f 2029 2027 521
f 2007 2027 2029
f 519 2030 2019
f 2030 521 2028
f 2019 2028 112
f 2030 2028 2019
f 516 2029 2021
f 2029 521 2030
f 2021 2030 519
f 2029 2030 2021
f 95 1928 2031
f 1928 496 2033
f 2031 2033 522
f 1928 2033 2031
f 496 1929 2037
f 1929 104 2035
f 2037 2035 523
f 1929 2035 2037
f 522 2038 2032
f 2038 523 2036
f 2032 2036 113
f 2038 2036 2032
f 496 2037 2033
f 2037 523 2038
f 2033 2038 522
f 2037 2038 2033
f 113 2036 2069
f 2036 523 2071
f 2069 2071 531
f 2036 2071 2069
f 523 2035 2055
f 2035 104 2053
f 2055 2053 527
f 2035 2053 2055
f 531 2073 2070
f 2073 527 2054
f 2070 2054 114
f 2073 2054 2070
f 523 2055 2071
f 2055 527 2073
f 2071 2073 531
f 2055 2073 2071
f 111 2059 2027
f 2059 529 2061
f 2027 2061 521
f 2059 2061 2027
f 529 2060 2068
f 2060 114 2064
f 2068 2064 530
f 2060 2064 2068
f 521 2066 2028
f 2066 530 2063
f 2028 2063 112
f 2066 2063 2028
f 529 2068 2061
f 2068 530 2066
f 2061 2066 521
f 2068 2066 2061
f 111 2049 2059
f 2049 526 2062
f 2059 2062 529
f 2049 2062 2059
f 526 2050 2072
f 2050 113 2069
f 2072 2069 531
f 2050 2069 2072
f 529 2074 2060
f 2074 531 2070
f 2060 2070 114
f 2074 2070 2060
f 526 2072 2062
f 2072 531 2074
f 2062 2074 529
f 2072 2074 2062
f 142 3124 2480
f 3124 797 3126
f 2480 3126 634
f 3124 3126 2480
f 797 3125 3130
f 3125 208 3128
f 3130 3128 798
f 3125 3128 3130
f 634 3129 2481
f 3129 798 3127
f 2481 3127 151
f 3129 3127 2481
f 797 3130 3126
f 3130 798 3129
f 3126 3129 634
f 3130 3129 3126
f 208 3558 3128
f 3558 897 3560
f 3128 3560 798
f 3558 3560 3128
f 897 3559 3562
f 3559 228 3547
f 3562 3547 894
f 3559 3547 3562
f 798 3548 3127
f 3548 894 3546
f 3127 3546 151
f 3548 3546 3127
f 897 3562 3560
f 3562 894 3548
f 3560 3548 798
f 3562 3548 3560
f 142 2480 3568
f 2480 634 3570
f 3568 3570 899
f 2480 3570 3568
f 634 2481 3573
f 2481 151 3571
f 3573 3571 900
f 2481 3571 3573
f 899 3574 3569
f 3574 900 3572
f 3569 3572 229
f 3574 3572 3569
f 634 3573 3570
f 3573 900 3574
f 3570 3574 899
f 3573 3574 3570
f 151 3575 3571
f 3575 901 3578
f 3571 3578 900
f 3575 3578 3571
f 901 3576 3586
f 3576 230 3584
f 3586 3584 903
f 3576 3584 3586
f 900 3585 3572
f 3585 903 3583
f 3572 3583 229
f 3585 3583 3572
f 901 3586 3578
f 3586 903 3585
f 3578 3585 900
f 3586 3585 3578
f 142 3568 3641
f 3568 899 3644
f 3641 3644 916
f 3568 3644 3641
f 899 3569 3662
f 3569 229 3660
f 3662 3660 920
f 3569 3660 3662
f 916 3663 3642
f 3663 920 3661
f 3642 3661 233
f 3663 3661 3642
f 899 3662 3644
f 3662 920 3663
f 3644 3663 916
f 3662 3663 3644
f 229 3583 3676
f 3583 903 3678
f 3676 3678 924
f 3583 3678 3676
f 903 3584 3683
f 3584 230 3680
f 3683 3680 925
f 3584 3680 3683
f 924 3685 3677
f 3685 925 3681
f 3677 3681 234
f 3685 3681 3677
f 903 3683 3678
f 3683 925 3685
f 3678 3685 924
f 3683 3685 3678
f 151 3546 3575
f 3546 894 3577
f 3575 3577 901
f 3546 3577 3575
f 894 3547 3581
f 3547 228 3579
f 3581 3579 902
f 3547 3579 3581
f 901 3582 3576
f 3582 902 3580
f 3576 3580 230
f 3582 3580 3576
f 894 3581 3577
f 3581 902 3582
f 3577 3582 901
f 3581 3582 3577
f 142 3641 3124
f 3641 916 3643
f 3124 3643 797
f 3641 3643 3124
f 916 3642 3658
f 3642 233 3655
f 3658 3655 919
f 3642 3655 3658
f 797 3656 3125
f 3656 919 3654
f 3125 3654 208
f 3656 3654 3125
f 916 3658 3643
f 3658 919 3656
f 3643 3656 797
f 3658 3656 3643
f 229 3676 3660
f 3676 924 3679
f 3660 3679 920
f 3676 3679 3660
f 924 3677 3689
f 3677 234 3687
f 3689 3687 926
f 3677 3687 3689
f 920 3688 3661
f 3688 926 3686
f 3661 3686 233
f 3688 3686 3661
f 924 3689 3679
f 3689 926 3688
f 3679 3688 920
f 3689 3688 3679
f 228 3671 3579
f 3671 923 3674
f 3579 3674 902
f 3671 3674 3579
f 923 3672 3684
f 3672 234 3681
f 3684 3681 925
f 3672 3681 3684
f 902 3682 3580
f 3682 925 3680
f 3580 3680 230
f 3682 3680 3580
f 923 3684 3674
f 3684 925 3682
f 3674 3682 902
f 3684 3682 3674
f 185 2888 3131
f 2888 737 3133
f 3131 3133 799
f 2888 3133 3131
f 737 2889 3136
f 2889 186 3134
f 3136 3134 800
f 2889 3134 3136
f 799 3138 3132
f 3138 800 3135
f 3132 3135 208
f 3138 3135 3132
f 737 3136 3133
f 3136 800 3138
f 3133 3138 799
f 3136 3138 3133
f 186 3028 3134
f 3028 772 3137
f 3134 3137 800
f 3028 3137 3134
f 772 3029 3141
f 3029 198 3139
f 3141 3139 801
f 3029 3139 3141
f 800 3143 3135
f 3143 801 3140
f 3135 3140 208
f 3143 3140 3135
f 772 3141 3137
f 3141 801 3143
f 3137 3143 800
f 3141 3143 3137
f 198 3039 3139
f 3039 775 3142
f 3139 3142 801
f 3039 3142 3139
f 775 3040 3146
f 3040 199 3144
f 3146 3144 802
f 3040 3144 3146
f 801 3148 3140
f 3148 802 3145
f 3140 3145 208
f 3148 3145 3140
f 775 3146 3142
f 3146 802 3148
f 3142 3148 801
f 3146 3148 3142
f 199 3051 3144
f 3051 778 3147
f 3144 3147 802
f 3051 3147 3144
f 778 3052 3151
f 3052 200 3149
f 3151 3149 803
f 3052 3149 3151
f 802 3153 3145
f 3153 803 3150
f 3145 3150 208
f 3153 3150 3145
f 778 3151 3147
f 3151 803 3153
f 3147 3153 802
f 3151 3153 3147
f 208 3150 3155
f 3150 803 3158
f 3155 3158 804
f 3150 3158 3155
f 803 3149 3152
f 3149 200 3058
f 3152 3058 780
f 3149 3058 3152
f 804 3156 3154
f 3156 780 3059
f 3154 3059 201
f 3156 3059 3154
f 803 3152 3158
f 3152 780 3156
f 3158 3156 804
f 3152 3156 3158
f 208 3155 3160
f 3155 804 3163
f 3160 3163 805
f 3155 3163 3160
f 804 3154 3157
f 3154 201 3077
f 3157 3077 785
f 3154 3077 3157
f 805 3161 3159
f 3161 785 3078
f 3159 3078 203
f 3161 3078 3159
f 804 3157 3163
f 3157 785 3161
f 3163 3161 805
f 3157 3161 3163
f 208 3160 3165
f 3160 805 3167
f 3165 3167 806
f 3160 3167 3165
f 805 3159 3162
f 3159 203 3084
f 3162 3084 787
f 3159 3084 3162
f 806 3166 3164
f 3166 787 3085
f 3164 3085 204
f 3166 3085 3164
f 805 3162 3167
f 3162 787 3166
f 3167 3166 806
f 3162 3166 3167
f 204 3096 3549
f 3096 790 3551
f 3549 3551 895
f 3096 3551 3549
f 790 3097 3555
f 3097 205 3553
f 3555 3553 896
f 3097 3553 3555
f 895 3557 3550
f 3557 896 3554
f 3550 3554 228
f 3557 3554 3550
f 790 3555 3551
f 3555 896 3557
f 3551 3557 895
f 3555 3557 3551
f 205 3100 3488
f 3100 791 3490
f 3488 3490 882
f 3100 3490 3488
f 791 3101 3493
f 3101 206 3491
f 3493 3491 883
f 3101 3491 3493
f 882 3495 3489
f 3495 883 3492
f 3489 3492 227
f 3495 3492 3489
f 791 3493 3490
f 3493 883 3495
f 3490 3495 882
f 3493 3495 3490
f 208 3165 3558
f 3165 806 3561
f 3558 3561 897
f 3165 3561 3558
f 806 3164 3552
f 3164 204 3549
f 3552 3549 895
f 3164 3549 3552
f 897 3563 3559
f 3563 895 3550
f 3559 3550 228
f 3563 3550 3559
f 806 3552 3561
f 3552 895 3563
f 3561 3563 897
f 3552 3563 3561
f 205 3488 3553
f 3488 882 3556
f 3553 3556 896
f 3488 3556 3553
f 882 3489 3566
f 3489 227 3564
f 3566 3564 898
f 3489 3564 3566
f 896 3567 3554
f 3567 898 3565
f 3554 3565 228
f 3567 3565 3554
f 882 3566 3556
f 3566 898 3567
f 3556 3567 896
f 3566 3567 3556
f 185 3131 3645
f 3131 799 3648
f 3645 3648 917
f 3131 3648 3645
f 799 3132 3657
f 3132 208 3654
f 3657 3654 919
f 3132 3654 3657
f 917 3659 3646
f 3659 919 3655
f 3646 3655 233
f 3659 3655 3646
f 799 3657 3648
f 3657 919 3659
f 3648 3659 917
f 3657 3659 3648
f 189 2925 3649
f 2925 746 3651
f 3649 3651 918
f 2925 3651 3649
f 746 2924 3647
f 2924 185 3645
f 3647 3645 917
f 2924 3645 3647
f 918 3653 3650
f 3653 917 3646
f 3650 3646 233
f 3653 3646 3650
f 746 3647 3651
f 3647 917 3653
f 3651 3653 918
f 3647 3653 3651
f 189 3627 2940
f 3627 913 3629
f 2940 3629 750
f 3627 3629 2940
f 913 3628 3639
f 3628 232 3636
f 3639 3636 915
f 3628 3636 3639
f 750 3637 2941
f 3637 915 3635
f 2941 3635 191
f 3637 3635 2941
f 913 3639 3629
f 3639 915 3637
f 3629 3637 750
f 3639 3637 3629
f 189 3649 3627
f 3649 918 3652
f 3627 3652 913
f 3649 3652 3627
f 918 3650 3667
f 3650 233 3665
f 3667 3665 921
f 3650 3665 3667
f 913 3666 3628
f 3666 921 3664
f 3628 3664 232
f 3666 3664 3628
f 918 3667 3652
f 3667 921 3666
f 3652 3666 913
f 3667 3666 3652
f 233 3696 3665
f 3696 929 3698
f 3665 3698 921
f 3696 3698 3665
f 929 3697 3700
f 3697 235 3694
f 3700 3694 928
f 3697 3694 3700
f 921 3695 3664
f 3695 928 3693
f 3664 3693 232
f 3695 3693 3664
f 929 3700 3698
f 3700 928 3695
f 3698 3695 921
f 3700 3695 3698
f 233 3686 3696
f 3686 926 3699
f 3696 3699 929
f 3686 3699 3696
f 926 3687 3704
f 3687 234 3701
f 3704 3701 930
f 3687 3701 3704
f 929 3706 3697
f 3706 930 3702
f 3697 3702 235
f 3706 3702 3697
f 926 3704 3699
f 3704 930 3706
f 3699 3706 929
f 3704 3706 3699
f 228 3565 3671
f 3565 898 3673
f 3671 3673 923
f 3565 3673 3671
f 898 3564 3670
f 3564 227 3668
f 3670 3668 922
f 3564 3668 3670
f 923 3675 3672
f 3675 922 3669
f 3672 3669 234
f 3675 3669 3672
f 898 3670 3673
f 3670 922 3675
f 3673 3675 923
f 3670 3675 3673
f 234 3669 3701
f 3669 922 3703
f 3701 3703 930
f 3669 3703 3701
f 922 3668 3692
f 3668 227 3690
f 3692 3690 927
f 3668 3690 3692
f 930 3705 3702
f 3705 927 3691
f 3702 3691 235
f 3705 3691 3702
f 922 3692 3703
f 3692 927 3705
f 3703 3705 930
f 3692 3705 3703
f 4 2108 941
f 2108 546 2111
f 941 2111 238
f 2108 2111 941
f 546 2109 2121
f 2109 127 2118
f 2121 2118 548
f 2109 2118 2121
f 238 2119 942
f 2119 548 2117
f 942 2117 6
f 2119 2117 942
f 546 2121 2111
f 2121 548 2119
f 2111 2119 238
f 2121 2119 2111
f 4 939 2108
f 939 237 2110
f 2108 2110 546
f 939 2110 2108
f 237 940 2114
f 940 5 2112
f 2114 2112 547
f 940 2112 2114
f 546 2116 2109
f 2116 547 2113
f 2109 2113 127
f 2116 2113 2109
f 237 2114 2110
f 2114 547 2116
f 2110 2116 546
f 2114 2116 2110
f 8 949 2127
f 949 242 2130
f 2127 2130 550
f 949 2130 2127
f 242 950 2135
f 950 9 2132
f 2135 2132 551
f 950 2132 2135
f 550 2137 2128
f 2137 551 2133
f 2128 2133 127
f 2137 2133 2128
f 242 2135 2130
f 2135 551 2137
f 2130 2137 550
f 2135 2137 2130
f 5 945 2112
f 945 240 2115
f 2112 2115 547
f 945 2115 2112
f 240 946 2129
f 946 8 2127
f 2129 2127 550
f 946 2127 2129
f 547 2131 2113
f 2131 550 2128
f 2113 2128 127
f 2131 2128 2113
f 240 2129 2115
f 2129 550 2131
f 2115 2131 547
f 2129 2131 2115
f 9 948 2132
f 948 241 2134
f 2132 2134 551
f 948 2134 2132
f 241 947 2106
f 947 3 2104
f 2106 2104 545
f 947 2104 2106
f 551 2136 2133
f 2136 545 2105
f 2133 2105 127
f 2136 2105 2133
f 241 2106 2134
f 2106 545 2136
f 2134 2136 551
f 2106 2136 2134
f 10 2138 952
f 2138 552 2140
f 952 2140 243
f 2138 2140 952
f 552 2139 2142
f 2139 127 2105
f 2142 2105 545
f 2139 2105 2142
f 243 2107 951
f 2107 545 2104
f 951 2104 3
f 2107 2104 951
f 552 2142 2140
f 2142 545 2107
f 2140 2107 243
f 2142 2107 2140
f 10 953 2138
f 953 244 2141
f 2138 2141 552
f 953 2141 2138
f 244 954 2145
f 954 11 2143
f 2145 2143 553
f 954 2143 2145
f 552 2147 2139
f 2147 553 2144
f 2139 2144 127
f 2147 2144 2139
f 244 2145 2141
f 2145 553 2147
f 2141 2147 552
f 2145 2147 2141
f 11 955 2143
f 955 245 2146
f 2143 2146 553
f 955 2146 2143
f 245 956 2150
f 956 12 2148
f 2150 2148 554
f 956 2148 2150
f 553 2152 2144
f 2152 554 2149
f 2144 2149 127
f 2152 2149 2144
f 245 2150 2146
f 2150 554 2152
f 2146 2152 553
f 2150 2152 2146
f 12 957 2148
f 957 246 2151
f 2148 2151 554
f 957 2151 2148
f 246 958 2155
f 958 13 2153
f 2155 2153 555
f 958 2153 2155
f 554 2157 2149
f 2157 555 2154
f 2149 2154 127
f 2157 2154 2149
f 246 2155 2151
f 2155 555 2157
f 2151 2157 554
f 2155 2157 2151
f 13 2075 2153
f 2075 532 2156
f 2153 2156 555
f 2075 2156 2153
f 532 2076 2259
f 2076 115 2257
f 2259 2257 576
f 2076 2257 2259
f 555 2261 2154
f 2261 576 2258
f 2154 2258 127
f 2261 2258 2154
f 532 2259 2156
f 2259 576 2261
f 2156 2261 555
f 2259 2261 2156
f 4 1055 939
f 1055 286 1057
f 939 1057 237
f 1055 1057 939
f 286 1056 1061
f 1056 45 1059
f 1061 1059 287
f 1056 1059 1061
f 237 1060 940
f 1060 287 1058
f 940 1058 5
f 1060 1058 940
f 286 1061 1057
f 1061 287 1060
f 1057 1060 237
f 1061 1060 1057
f 21 1532 972
f 1532 402 1534
f 972 1534 253
f 1532 1534 972
f 402 1533 1536
f 1533 78 1529
f 1536 1529 401
f 1533 1529 1536
f 253 1530 971
f 1530 401 1528
f 971 1528 7
f 1530 1528 971
f 402 1536 1534
f 1536 401 1530
f 1534 1530 253
f 1536 1530 1534
f 6 943 1090
f 943 239 1092
f 1090 1092 296
f 943 1092 1090
f 239 944 1096
f 944 7 1094
f 1096 1094 297
f 944 1094 1096
f 296 1097 1091
f 1097 297 1095
f 1091 1095 48
f 1097 1095 1091
f 239 1096 1092
f 1096 297 1097
f 1092 1097 296
f 1096 1097 1092
f 4 941 1076
f 941 238 1078
f 1076 1078 292
f 941 1078 1076
f 238 942 1082
f 942 6 1080
f 1082 1080 293
f 942 1080 1082
f 292 1083 1077
f 1083 293 1081
f 1077 1081 47
f 1083 1081 1077
f 238 1082 1078
f 1082 293 1083
f 1078 1083 292
f 1082 1083 1078
f 8 1112 949
f 1112 301 1114
f 949 1114 242
f 1112 1114 949
f 301 1113 1119
f 1113 49 1117
f 1119 1117 302
f 1113 1117 1119
f 242 1118 950
f 1118 302 1116
f 950 1116 9
f 1118 1116 950
f 301 1119 1114
f 1119 302 1118
f 1114 1118 242
f 1119 1118 1114
f 5 1062 945
f 1062 288 1064
f 945 1064 240
f 1062 1064 945
f 288 1063 1069
f 1063 46 1067
f 1069 1067 289
f 1063 1067 1069
f 240 1068 946
f 1068 289 1066
f 946 1066 8
f 1068 1066 946
f 288 1069 1064
f 1069 289 1068
f 1064 1068 240
f 1069 1068 1064
f 9 1138 948
f 1138 307 1140
f 948 1140 241
f 1138 1140 948
f 307 1139 1142
f 1139 50 1135
f 1142 1135 306
f 1139 1135 1142
f 241 1136 947
f 1136 306 1134
f 947 1134 3
f 1136 1134 947
f 307 1142 1140
f 1142 306 1136
f 1140 1136 241
f 1142 1136 1140
f 10 952 1033
f 952 243 1035
f 1033 1035 279
f 952 1035 1033
f 243 951 1032
f 951 3 1030
f 1032 1030 278
f 951 1030 1032
f 279 1036 1034
f 1036 278 1031
f 1034 1031 41
f 1036 1031 1034
f 243 1032 1035
f 1032 278 1036
f 1035 1036 279
f 1032 1036 1035
f 10 1206 953
f 1206 321 1208
f 953 1208 244
f 1206 1208 953
f 321 1207 1213
f 1207 53 1211
f 1213 1211 322
f 1207 1211 1213
f 244 1212 954
f 1212 322 1210
f 954 1210 11
f 1212 1210 954
f 321 1213 1208
f 1213 322 1212
f 1208 1212 244
f 1213 1212 1208
f 11 1218 955
f 1218 324 1220
f 955 1220 245
f 1218 1220 955
f 324 1219 1225
f 1219 54 1223
f 1225 1223 325
f 1219 1223 1225
f 245 1224 956
f 1224 325 1222
f 956 1222 12
f 1224 1222 956
f 324 1225 1220
f 1225 325 1224
f 1220 1224 245
f 1225 1224 1220
f 12 1230 957
f 1230 327 1232
f 957 1232 246
f 1230 1232 957
f 327 1231 1237
f 1231 55 1235
f 1237 1235 328
f 1231 1235 1237
f 246 1236 958
f 1236 328 1234
f 958 1234 13
f 1236 1234 958
f 327 1237 1232
f 1237 328 1236
f 1232 1236 246
f 1237 1236 1232
f 13 1242 2075
f 1242 330 2077
f 2075 2077 532
f 1242 2077 2075
f 330 1243 2080
f 1243 56 2078
f 2080 2078 533
f 1243 2078 2080
f 532 2081 2076
f 2081 533 2079
f 2076 2079 115
f 2081 2079 2076
f 330 2080 2077
f 2080 533 2081
f 2077 2081 532
f 2080 2081 2077
f 21 972 2192
f 972 253 2194
f 2192 2194 563
f 972 2194 2192
f 253 971 2125
f 971 7 2122
f 2125 2122 549
f 971 2122 2125
f 563 2196 2193
f 2196 549 2123
f 2193 2123 127
f 2196 2123 2193
f 253 2125 2194
f 2125 549 2196
f 2194 2196 563
f 2125 2196 2194
f 14 2158 959
f 2158 556 2160
f 959 2160 247
f 2158 2160 959
f 556 2159 2166
f 2159 127 2163
f 2166 2163 557
f 2159 2163 2166
f 247 2164 960
f 2164 557 2162
f 960 2162 15
f 2164 2162 960
f 556 2166 2160
f 2166 557 2164
f 2160 2164 247
f 2166 2164 2160
f 21 2192 974
f 2192 563 2195
f 974 2195 254
f 2192 2195 974
f 563 2193 2197
f 2193 127 2159
f 2197 2159 556
f 2193 2159 2197
f 254 2161 973
f 2161 556 2158
f 973 2158 14
f 2161 2158 973
f 563 2197 2195
f 2197 556 2161
f 2195 2161 254
f 2197 2161 2195
f 6 2117 943
f 2117 548 2120
f 943 2120 239
f 2117 2120 943
f 548 2118 2126
f 2118 127 2123
f 2126 2123 549
f 2118 2123 2126
f 239 2124 944
f 2124 549 2122
f 944 2122 7
f 2124 2122 944
f 548 2126 2120
f 2126 549 2124
f 2120 2124 239
f 2126 2124 2120
f 15 2162 961
f 2162 557 2165
f 961 2165 248
f 2162 2165 961
f 557 2163 2171
f 2163 127 2168
f 2171 2168 558
f 2163 2168 2171
f 248 2169 962
f 2169 558 2167
f 962 2167 16
f 2169 2167 962
f 557 2171 2165
f 2171 558 2169
f 2165 2169 248
f 2171 2169 2165
f 16 2167 963
f 2167 558 2170
f 963 2170 249
f 2167 2170 963
f 558 2168 2176
f 2168 127 2173
f 2176 2173 559
f 2168 2173 2176
f 249 2174 964
f 2174 559 2172
f 964 2172 17
f 2174 2172 964
f 558 2176 2170
f 2176 559 2174
f 2170 2174 249
f 2176 2174 2170
f 17 2172 965
f 2172 559 2175
f 965 2175 250
f 2172 2175 965
f 559 2173 2181
f 2173 127 2178
f 2181 2178 560
f 2173 2178 2181
f 250 2179 966
f 2179 560 2177
f 966 2177 18
f 2179 2177 966
f 559 2181 2175
f 2181 560 2179
f 2175 2179 250
f 2181 2179 2175
f 18 2177 967
f 2177 560 2180
f 967 2180 251
f 2177 2180 967
f 560 2178 2186
f 2178 127 2183
f 2186 2183 561
f 2178 2183 2186
f 251 2184 968
f 2184 561 2182
f 968 2182 19
f 2184 2182 968
f 560 2186 2180
f 2186 561 2184
f 2180 2184 251
f 2186 2184 2180
f 19 2182 969
f 2182 561 2185
f 969 2185 252
f 2182 2185 969
f 561 2183 2191
f 2183 127 2188
f 2191 2188 562
f 2183 2188 2191
f 252 2189 970
f 2189 562 2187
f 970 2187 20
f 2189 2187 970
f 561 2191 2185
f 2191 562 2189
f 2185 2189 252
f 2191 2189 2185
f 20 2187 975
f 2187 562 2190
f 975 2190 255
f 2187 2190 975
f 562 2188 2202
f 2188 127 2199
f 2202 2199 564
f 2188 2199 2202
f 255 2200 976
f 2200 564 2198
f 976 2198 22
f 2200 2198 976
f 562 2202 2190
f 2202 564 2200
f 2190 2200 255
f 2202 2200 2190
f 22 2198 977
f 2198 564 2201
f 977 2201 256
f 2198 2201 977
f 564 2199 2207
f 2199 127 2204
f 2207 2204 565
f 2199 2204 2207
f 256 2205 978
f 2205 565 2203
f 978 2203 23
f 2205 2203 978
f 564 2207 2201
f 2207 565 2205
f 2201 2205 256
f 2207 2205 2201
f 23 2203 979
f 2203 565 2206
f 979 2206 257
f 2203 2206 979
f 565 2204 2212
f 2204 127 2209
f 2212 2209 566
f 2204 2209 2212
f 257 2210 980
f 2210 566 2208
f 980 2208 24
f 2210 2208 980
f 565 2212 2206
f 2212 566 2210
f 2206 2210 257
f 2212 2210 2206
f 24 2208 981
f 2208 566 2211
f 981 2211 258
f 2208 2211 981
f 566 2209 2217
f 2209 127 2214
f 2217 2214 567
f 2209 2214 2217
f 258 2215 982
f 2215 567 2213
f 982 2213 25
f 2215 2213 982
f 566 2217 2211
f 2217 567 2215
f 2211 2215 258
f 2217 2215 2211
f 25 2213 983
f 2213 567 2216
f 983 2216 259
f 2213 2216 983
f 567 2214 2222
f 2214 127 2219
f 2222 2219 568
f 2214 2219 2222
f 259 2220 984
f 2220 568 2218
f 984 2218 26
f 2220 2218 984
f 567 2222 2216
f 2222 568 2220
f 2216 2220 259
f 2222 2220 2216
f 26 2218 985
f 2218 568 2221
f 985 2221 260
f 2218 2221 985
f 568 2219 2227
f 2219 127 2224
f 2227 2224 569
f 2219 2224 2227
f 260 2225 986
f 2225 569 2223
f 986 2223 27
f 2225 2223 986
f 568 2227 2221
f 2227 569 2225
f 2221 2225 260
f 2227 2225 2221
f 27 2223 987
f 2223 569 2226
f 987 2226 261
f 2223 2226 987
f 569 2224 2232
f 2224 127 2229
f 2232 2229 570
f 2224 2229 2232
f 261 2230 988
f 2230 570 2228
f 988 2228 28
f 2230 2228 988
f 569 2232 2226
f 2232 570 2230
f 2226 2230 261
f 2232 2230 2226
f 28 2228 989
f 2228 570 2231
f 989 2231 262
f 2228 2231 989
f 570 2229 2237
f 2229 127 2234
f 2237 2234 571
f 2229 2234 2237
f 262 2235 990
f 2235 571 2233
f 990 2233 29
f 2235 2233 990
f 570 2237 2231
f 2237 571 2235
f 2231 2235 262
f 2237 2235 2231
f 29 2233 991
f 2233 571 2236
f 991 2236 263
f 2233 2236 991
f 571 2234 2242
f 2234 127 2239
f 2242 2239 572
f 2234 2239 2242
f 263 2240 992
f 2240 572 2238
f 992 2238 30
f 2240 2238 992
f 571 2242 2236
f 2242 572 2240
f 2236 2240 263
f 2242 2240 2236
f 30 2238 993
f 2238 572 2241
f 993 2241 264
f 2238 2241 993
f 572 2239 2247
f 2239 127 2244
f 2247 2244 573
f 2239 2244 2247
f 264 2245 994
f 2245 573 2243
f 994 2243 31
f 2245 2243 994
f 572 2247 2241
f 2247 573 2245
f 2241 2245 264
f 2247 2245 2241
f 31 2243 995
f 2243 573 2246
f 995 2246 265
f 2243 2246 995
f 573 2244 2252
f 2244 127 2249
f 2252 2249 574
f 2244 2249 2252
f 265 2250 996
f 2250 574 2248
f 996 2248 32
f 2250 2248 996
f 573 2252 2246
f 2252 574 2250
f 2246 2250 265
f 2252 2250 2246
f 32 2248 997
f 2248 574 2251
f 997 2251 266
f 2248 2251 997
f 574 2249 2256
f 2249 127 2254
f 2256 2254 575
f 2249 2254 2256
f 266 2255 998
f 2255 575 2253
f 998 2253 33
f 2255 2253 998
f 574 2256 2251
f 2256 575 2255
f 2251 2255 266
f 2256 2255 2251
f 33 2253 2332
f 2253 575 2334
f 2332 2334 593
f 2253 2334 2332
f 575 2254 2337
f 2254 127 2335
f 2337 2335 594
f 2254 2335 2337
f 593 2338 2333
f 2338 594 2336
f 2333 2336 131
f 2338 2336 2333
f 575 2337 2334
f 2337 594 2338
f 2334 2338 593
f 2337 2338 2334
f 21 974 1310
f 974 254 1312
f 1310 1312 347
f 974 1312 1310
f 254 973 1309
f 973 14 1307
f 1309 1307 346
f 973 1307 1309
f 347 1313 1311
f 1313 346 1308
f 1311 1308 61
f 1313 1308 1311
f 254 1309 1312
f 1309 346 1313
f 1312 1313 347
f 1309 1313 1312
f 14 959 1316
f 959 247 1318
f 1316 1318 349
f 959 1318 1316
f 247 960 1322
f 960 15 1320
f 1322 1320 350
f 960 1320 1322
f 349 1323 1317
f 1323 350 1321
f 1317 1321 62
f 1323 1321 1317
f 247 1322 1318
f 1322 350 1323
f 1318 1323 349
f 1322 1323 1318
f 15 961 1328
f 961 248 1330
f 1328 1330 352
f 961 1330 1328
f 248 962 1334
f 962 16 1332
f 1334 1332 353
f 962 1332 1334
f 352 1335 1329
f 1335 353 1333
f 1329 1333 63
f 1335 1333 1329
f 248 1334 1330
f 1334 353 1335
f 1330 1335 352
f 1334 1335 1330
f 16 963 1340
f 963 249 1342
f 1340 1342 355
f 963 1342 1340
f 249 964 1346
f 964 17 1344
f 1346 1344 356
f 964 1344 1346
f 355 1347 1341
f 1347 356 1345
f 1341 1345 64
f 1347 1345 1341
f 249 1346 1342
f 1346 356 1347
f 1342 1347 355
f 1346 1347 1342
f 17 965 1415
f 965 250 1417
f 1415 1417 373
f 965 1417 1415
f 250 966 1421
f 966 18 1419
f 1421 1419 374
f 966 1419 1421
f 373 1422 1416
f 1422 374 1420
f 1416 1420 69
f 1422 1420 1416
f 250 1421 1417
f 1421 374 1422
f 1417 1422 373
f 1421 1422 1417
f 18 967 1432
f 967 251 1434
f 1432 1434 377
f 967 1434 1432
f 251 968 1438
f 968 19 1436
f 1438 1436 378
f 968 1436 1438
f 377 1439 1433
f 1439 378 1437
f 1433 1437 70
f 1439 1437 1433
f 251 1438 1434
f 1438 378 1439
f 1434 1439 377
f 1438 1439 1434
f 19 969 1444
f 969 252 1446
f 1444 1446 380
f 969 1446 1444
f 252 970 1450
f 970 20 1448
f 1450 1448 381
f 970 1448 1450
f 380 1451 1445
f 1451 381 1449
f 1445 1449 71
f 1451 1449 1445
f 252 1450 1446
f 1450 381 1451
f 1446 1451 380
f 1450 1451 1446
f 20 975 1558
f 975 255 1560
f 1558 1560 407
f 975 1560 1558
f 255 976 1564
f 976 22 1562
f 1564 1562 408
f 976 1562 1564
f 407 1565 1559
f 1565 408 1563
f 1559 1563 79
f 1565 1563 1559
f 255 1564 1560
f 1564 408 1565
f 1560 1565 407
f 1564 1565 1560
f 22 977 1580
f 977 256 1582
f 1580 1582 412
f 977 1582 1580
f 256 978 1586
f 978 23 1584
f 1586 1584 413
f 978 1584 1586
f 412 1587 1581
f 1587 413 1585
f 1581 1585 80
f 1587 1585 1581
f 256 1586 1582
f 1586 413 1587
f 1582 1587 412
f 1586 1587 1582
f 23 979 1602
f 979 257 1604
f 1602 1604 417
f 979 1604 1602
f 257 980 1608
f 980 24 1606
f 1608 1606 418
f 980 1606 1608
f 417 1609 1603
f 1609 418 1607
f 1603 1607 81
f 1609 1607 1603
f 257 1608 1604
f 1608 418 1609
f 1604 1609 417
f 1608 1609 1604
f 24 981 1624
f 981 258 1626
f 1624 1626 422
f 981 1626 1624
f 258 982 1630
f 982 25 1628
f 1630 1628 423
f 982 1628 1630
f 422 1631 1625
f 1631 423 1629
f 1625 1629 82
f 1631 1629 1625
f 258 1630 1626
f 1630 423 1631
f 1626 1631 422
f 1630 1631 1626
f 25 983 1641
f 983 259 1643
f 1641 1643 426
f 983 1643 1641
f 259 984 1647
f 984 26 1645
f 1647 1645 427
f 984 1645 1647
f 426 1648 1642
f 1648 427 1646
f 1642 1646 83
f 1648 1646 1642
f 259 1647 1643
f 1647 427 1648
f 1643 1648 426
f 1647 1648 1643
f 26 985 1653
f 985 260 1655
f 1653 1655 429
f 985 1655 1653
f 260 986 1659
f 986 27 1657
f 1659 1657 430
f 986 1657 1659
f 429 1660 1654
f 1660 430 1658
f 1654 1658 84
f 1660 1658 1654
f 260 1659 1655
f 1659 430 1660
f 1655 1660 429
f 1659 1660 1655
f 27 987 1665
f 987 261 1667
f 1665 1667 432
f 987 1667 1665
f 261 988 1671
f 988 28 1669
f 1671 1669 433
f 988 1669 1671
f 432 1672 1666
f 1672 433 1670
f 1666 1670 85
f 1672 1670 1666
f 261 1671 1667
f 1671 433 1672
f 1667 1672 432
f 1671 1672 1667
f 28 989 1677
f 989 262 1679
f 1677 1679 435
f 989 1679 1677
f 262 990 1683
f 990 29 1681
f 1683 1681 436
f 990 1681 1683
f 435 1684 1678
f 1684 436 1682
f 1678 1682 86
f 1684 1682 1678
f 262 1683 1679
f 1683 436 1684
f 1679 1684 435
f 1683 1684 1679
f 29 991 1822
f 991 263 1824
f 1822 1824 470
f 991 1824 1822
f 263 992 1828
f 992 30 1826
f 1828 1826 471
f 992 1826 1828
f 470 1829 1823
f 1829 471 1827
f 1823 1827 96
f 1829 1827 1823
f 263 1828 1824
f 1828 471 1829
f 1824 1829 470
f 1828 1829 1824
f 30 993 1834
f 993 264 1836
f 1834 1836 473
f 993 1836 1834
f 264 994 1840
f 994 31 1838
f 1840 1838 474
f 994 1838 1840
f 473 1841 1835
f 1841 474 1839
f 1835 1839 97
f 1841 1839 1835
f 264 1840 1836
f 1840 474 1841
f 1836 1841 473
f 1840 1841 1836
f 31 995 1846
f 995 265 1848
f 1846 1848 476
f 995 1848 1846
f 265 996 1852
f 996 32 1850
f 1852 1850 477
f 996 1850 1852
f 476 1853 1847
f 1853 477 1851
f 1847 1851 98
f 1853 1851 1847
f 265 1852 1848
f 1852 477 1853
f 1848 1853 476
f 1852 1853 1848
f 32 997 1858
f 997 266 1860
f 1858 1860 479
f 997 1860 1858
f 266 998 1864
f 998 33 1862
f 1864 1862 480
f 998 1862 1864
f 479 1865 1859
f 1865 480 1863
f 1859 1863 99
f 1865 1863 1859
f 266 1864 1860
f 1864 480 1865
f 1860 1865 479
f 1864 1865 1860
f 33 2332 2813
f 2332 593 2816
f 2813 2816 718
f 2332 2816 2813
f 593 2333 2828
f 2333 131 2826
f 2828 2826 721
f 2333 2826 2828
f 718 2829 2814
f 2829 721 2827
f 2814 2827 180
f 2829 2827 2814
f 593 2828 2816
f 2828 721 2829
f 2816 2829 718
f 2828 2829 2816
f 3 1134 1030
f 1134 306 1137
f 1030 1137 278
f 1134 1137 1030
f 306 1135 1147
f 1135 50 1144
f 1147 1144 308
f 1135 1144 1147
f 278 1145 1031
f 1145 308 1143
f 1031 1143 41
f 1145 1143 1031
f 306 1147 1137
f 1147 308 1145
f 1137 1145 278
f 1147 1145 1137
f 5 1058 1062
f 1058 287 1065
f 1062 1065 288
f 1058 1065 1062
f 287 1059 1074
f 1059 45 1072
f 1074 1072 291
f 1059 1072 1074
f 288 1075 1063
f 1075 291 1073
f 1063 1073 46
f 1075 1073 1063
f 287 1074 1065
f 1074 291 1075
f 1065 1075 288
f 1074 1075 1065
f 6 1090 1080
f 1090 296 1093
f 1080 1093 293
f 1090 1093 1080
f 296 1091 1110
f 1091 48 1107
f 1110 1107 300
f 1091 1107 1110
f 293 1108 1081
f 1108 300 1106
f 1081 1106 47
f 1108 1106 1081
f 296 1110 1093
f 1110 300 1108
f 1093 1108 293
f 1110 1108 1093
f 7 1528 1094
f 1528 401 1531
f 1094 1531 297
f 1528 1531 1094
f 401 1529 1550
f 1529 78 1547
f 1550 1547 405
f 1529 1547 1550
f 297 1548 1095
f 1548 405 1546
f 1095 1546 48
f 1548 1546 1095
f 401 1550 1531
f 1550 405 1548
f 1531 1548 297
f 1550 1548 1531
f 4 1076 1055
f 1076 292 1079
f 1055 1079 286
f 1076 1079 1055
f 292 1077 1089
f 1077 47 1087
f 1089 1087 295
f 1077 1087 1089
f 286 1088 1056
f 1088 295 1086
f 1056 1086 45
f 1088 1086 1056
f 292 1089 1079
f 1089 295 1088
f 1079 1088 286
f 1089 1088 1079
f 8 1066 1112
f 1066 289 1115
f 1112 1115 301
f 1066 1115 1112
f 289 1067 1130
f 1067 46 1128
f 1130 1128 305
f 1067 1128 1130
f 301 1132 1113
f 1132 305 1129
f 1113 1129 49
f 1132 1129 1113
f 289 1130 1115
f 1130 305 1132
f 1115 1132 301
f 1130 1132 1115
f 9 1116 1138
f 1116 302 1141
f 1138 1141 307
f 1116 1141 1138
f 302 1117 1160
f 1117 49 1158
f 1160 1158 311
f 1117 1158 1160
f 307 1162 1139
f 1162 311 1159
f 1139 1159 50
f 1162 1159 1139
f 302 1160 1141
f 1160 311 1162
f 1141 1162 307
f 1160 1162 1141
f 10 1033 1206
f 1033 279 1209
f 1206 1209 321
f 1033 1209 1206
f 279 1034 1216
f 1034 41 1214
f 1216 1214 323
f 1034 1214 1216
f 321 1217 1207
f 1217 323 1215
f 1207 1215 53
f 1217 1215 1207
f 279 1216 1209
f 1216 323 1217
f 1209 1217 321
f 1216 1217 1209
f 11 1210 1218
f 1210 322 1221
f 1218 1221 324
f 1210 1221 1218
f 322 1211 1228
f 1211 53 1226
f 1228 1226 326
f 1211 1226 1228
f 324 1229 1219
f 1229 326 1227
f 1219 1227 54
f 1229 1227 1219
f 322 1228 1221
f 1228 326 1229
f 1221 1229 324
f 1228 1229 1221
f 12 1222 1230
f 1222 325 1233
f 1230 1233 327
f 1222 1233 1230
f 325 1223 1240
f 1223 54 1238
f 1240 1238 329
f 1223 1238 1240
f 327 1241 1231
f 1241 329 1239
f 1231 1239 55
f 1241 1239 1231
f 325 1240 1233
f 1240 329 1241
f 1233 1241 327
f 1240 1241 1233
f 13 1234 1242
f 1234 328 1244
f 1242 1244 330
f 1234 1244 1242
f 328 1235 1247
f 1235 55 1245
f 1247 1245 331
f 1235 1245 1247
f 330 1248 1243
f 1248 331 1246
f 1243 1246 56
f 1248 1246 1243
f 328 1247 1244
f 1247 331 1248
f 1244 1248 330
f 1247 1248 1244
f 115 2079 2485
f 2079 533 2487
f 2485 2487 636
f 2079 2487 2485
f 533 2078 2484
f 2078 56 2482
f 2484 2482 635
f 2078 2482 2484
f 636 2489 2486
f 2489 635 2483
f 2486 2483 152
f 2489 2483 2486
f 533 2484 2487
f 2484 635 2489
f 2487 2489 636
f 2484 2489 2487
f 21 1310 1532
f 1310 347 1535
f 1532 1535 402
f 1310 1535 1532
f 347 1311 1554
f 1311 61 1552
f 1554 1552 406
f 1311 1552 1554
f 402 1556 1533
f 1556 406 1553
f 1533 1553 78
f 1556 1553 1533
f 347 1554 1535
f 1554 406 1556
f 1535 1556 402
f 1554 1556 1535
f 14 1316 1307
f 1316 349 1319
f 1307 1319 346
f 1316 1319 1307
f 349 1317 1327
f 1317 62 1325
f 1327 1325 351
f 1317 1325 1327
f 346 1326 1308
f 1326 351 1324
f 1308 1324 61
f 1326 1324 1308
f 349 1327 1319
f 1327 351 1326
f 1319 1326 346
f 1327 1326 1319
f 15 1328 1320
f 1328 352 1331
f 1320 1331 350
f 1328 1331 1320
f 352 1329 1339
f 1329 63 1337
f 1339 1337 354
f 1329 1337 1339
f 350 1338 1321
f 1338 354 1336
f 1321 1336 62
f 1338 1336 1321
f 352 1339 1331
f 1339 354 1338
f 1331 1338 350
f 1339 1338 1331
f 16 1340 1332
f 1340 355 1343
f 1332 1343 353
f 1340 1343 1332
f 355 1341 1351
f 1341 64 1349
f 1351 1349 357
f 1341 1349 1351
f 353 1350 1333
f 1350 357 1348
f 1333 1348 63
f 1350 1348 1333
f 355 1351 1343
f 1351 357 1350
f 1343 1350 353
f 1351 1350 1343
f 17 1415 1344
f 1415 373 1418
f 1344 1418 356
f 1415 1418 1344
f 373 1416 1427
f 1416 69 1424
f 1427 1424 375
f 1416 1424 1427
f 356 1425 1345
f 1425 375 1423
f 1345 1423 64
f 1425 1423 1345
f 373 1427 1418
f 1427 375 1425
f 1418 1425 356
f 1427 1425 1418
f 18 1432 1419
f 1432 377 1435
f 1419 1435 374
f 1432 1435 1419
f 377 1433 1443
f 1433 70 1441
f 1443 1441 379
f 1433 1441 1443
f 374 1442 1420
f 1442 379 1440
f 1420 1440 69
f 1442 1440 1420
f 377 1443 1435
f 1443 379 1442
f 1435 1442 374
f 1443 1442 1435
f 19 1444 1436
f 1444 380 1447
f 1436 1447 378
f 1444 1447 1436
f 380 1445 1455
f 1445 71 1453
f 1455 1453 382
f 1445 1453 1455
f 378 1454 1437
f 1454 382 1452
f 1437 1452 70
f 1454 1452 1437
f 380 1455 1447
f 1455 382 1454
f 1447 1454 378
f 1455 1454 1447
f 20 1558 1448
f 1558 407 1561
f 1448 1561 381
f 1558 1561 1448
f 407 1559 1570
f 1559 79 1567
f 1570 1567 409
f 1559 1567 1570
f 381 1568 1449
f 1568 409 1566
f 1449 1566 71
f 1568 1566 1449
f 407 1570 1561
f 1570 409 1568
f 1561 1568 381
f 1570 1568 1561
f 22 1580 1562
f 1580 412 1583
f 1562 1583 408
f 1580 1583 1562
f 412 1581 1600
f 1581 80 1597
f 1600 1597 416
f 1581 1597 1600
f 408 1598 1563
f 1598 416 1596
f 1563 1596 79
f 1598 1596 1563
f 412 1600 1583
f 1600 416 1598
f 1583 1598 408
f 1600 1598 1583
f 23 1602 1584
f 1602 417 1605
f 1584 1605 413
f 1602 1605 1584
f 417 1603 1622
f 1603 81 1619
f 1622 1619 421
f 1603 1619 1622
f 413 1620 1585
f 1620 421 1618
f 1585 1618 80
f 1620 1618 1585
f 417 1622 1605
f 1622 421 1620
f 1605 1620 413
f 1622 1620 1605
f 24 1624 1606
f 1624 422 1627
f 1606 1627 418
f 1624 1627 1606
f 422 1625 1639
f 1625 82 1636
f 1639 1636 425
f 1625 1636 1639
f 418 1637 1607
f 1637 425 1635
f 1607 1635 81
f 1637 1635 1607
f 422 1639 1627
f 1639 425 1637
f 1627 1637 418
f 1639 1637 1627
f 25 1641 1628
f 1641 426 1644
f 1628 1644 423
f 1641 1644 1628
f 426 1642 1652
f 1642 83 1650
f 1652 1650 428
f 1642 1650 1652
f 423 1651 1629
f 1651 428 1649
f 1629 1649 82
f 1651 1649 1629
f 426 1652 1644
f 1652 428 1651
f 1644 1651 423
f 1652 1651 1644
f 26 1653 1645
f 1653 429 1656
f 1645 1656 427
f 1653 1656 1645
f 429 1654 1664
f 1654 84 1662
f 1664 1662 431
f 1654 1662 1664
f 427 1663 1646
f 1663 431 1661
f 1646 1661 83
f 1663 1661 1646
f 429 1664 1656
f 1664 431 1663
f 1656 1663 427
f 1664 1663 1656
f 27 1665 1657
f 1665 432 1668
f 1657 1668 430
f 1665 1668 1657
f 432 1666 1676
f 1666 85 1674
f 1676 1674 434
f 1666 1674 1676
f 430 1675 1658
f 1675 434 1673
f 1658 1673 84
f 1675 1673 1658
f 432 1676 1668
f 1676 434 1675
f 1668 1675 430
f 1676 1675 1668
f 28 1677 1669
f 1677 435 1680
f 1669 1680 433
f 1677 1680 1669
f 435 1678 1688
f 1678 86 1686
f 1688 1686 437
f 1678 1686 1688
f 433 1687 1670
f 1687 437 1685
f 1670 1685 85
f 1687 1685 1670
f 435 1688 1680
f 1688 437 1687
f 1680 1687 433
f 1688 1687 1680
f 29 1822 1681
f 1822 470 1825
f 1681 1825 436
f 1822 1825 1681
f 470 1823 1833
f 1823 96 1831
f 1833 1831 472
f 1823 1831 1833
f 436 1832 1682
f 1832 472 1830
f 1682 1830 86
f 1832 1830 1682
f 470 1833 1825
f 1833 472 1832
f 1825 1832 436
f 1833 1832 1825
f 30 1834 1826
f 1834 473 1837
f 1826 1837 471
f 1834 1837 1826
f 473 1835 1845
f 1835 97 1843
f 1845 1843 475
f 1835 1843 1845
f 471 1844 1827
f 1844 475 1842
f 1827 1842 96
f 1844 1842 1827
f 473 1845 1837
f 1845 475 1844
f 1837 1844 471
f 1845 1844 1837
f 31 1846 1838
f 1846 476 1849
f 1838 1849 474
f 1846 1849 1838
f 476 1847 1857
f 1847 98 1855
f 1857 1855 478
f 1847 1855 1857
f 474 1856 1839
f 1856 478 1854
f 1839 1854 97
f 1856 1854 1839
f 476 1857 1849
f 1857 478 1856
f 1849 1856 474
f 1857 1856 1849
f 32 1858 1850
f 1858 479 1861
f 1850 1861 477
f 1858 1861 1850
f 479 1859 1869
f 1859 99 1867
f 1869 1867 481
f 1859 1867 1869
f 477 1868 1851
f 1868 481 1866
f 1851 1866 98
f 1868 1866 1851
f 479 1869 1861
f 1869 481 1868
f 1861 1868 477
f 1869 1868 1861
f 33 2813 1862
f 2813 718 2815
f 1862 2815 480
f 2813 2815 1862
f 718 2814 2821
f 2814 180 2818
f 2821 2818 719
f 2814 2818 2821
f 480 2819 1863
f 2819 719 2817
f 1863 2817 99
f 2819 2817 1863
f 718 2821 2815
f 2821 719 2819
f 2815 2819 480
f 2821 2819 2815
f 115 2082 2257
f 2082 534 2260
f 2257 2260 576
f 2082 2260 2257
f 534 2083 2264
f 2083 116 2262
f 2264 2262 577
f 2083 2262 2264
f 576 2266 2258
f 2266 577 2263
f 2258 2263 127
f 2266 2263 2258
f 534 2264 2260
f 2264 577 2266
f 2260 2266 576
f 2264 2266 2260
f 116 2084 2262
f 2084 535 2265
f 2262 2265 577
f 2084 2265 2262
f 535 2085 2269
f 2085 117 2267
f 2269 2267 578
f 2085 2267 2269
f 577 2271 2263
f 2271 578 2268
f 2263 2268 127
f 2271 2268 2263
f 535 2269 2265
f 2269 578 2271
f 2265 2271 577
f 2269 2271 2265
f 117 2086 2267
f 2086 536 2270
f 2267 2270 578
f 2086 2270 2267
f 536 2087 2274
f 2087 118 2272
f 2274 2272 579
f 2087 2272 2274
f 578 2276 2268
f 2276 579 2273
f 2268 2273 127
f 2276 2273 2268
f 536 2274 2270
f 2274 579 2276
f 2270 2276 578
f 2274 2276 2270
f 118 2088 2272
f 2088 537 2275
f 2272 2275 579
f 2088 2275 2272
f 537 2089 2279
f 2089 119 2277
f 2279 2277 580
f 2089 2277 2279
f 579 2281 2273
f 2281 580 2278
f 2273 2278 127
f 2281 2278 2273
f 537 2279 2275
f 2279 580 2281
f 2275 2281 579
f 2279 2281 2275
f 119 2090 2277
f 2090 538 2280
f 2277 2280 580
f 2090 2280 2277
f 538 2091 2284
f 2091 120 2282
f 2284 2282 581
f 2091 2282 2284
f 580 2286 2278
f 2286 581 2283
f 2278 2283 127
f 2286 2283 2278
f 538 2284 2280
f 2284 581 2286
f 2280 2286 580
f 2284 2286 2280
f 120 2092 2282
f 2092 539 2285
f 2282 2285 581
f 2092 2285 2282
f 539 2093 2289
f 2093 121 2287
f 2289 2287 582
f 2093 2287 2289
f 581 2291 2283
f 2291 582 2288
f 2283 2288 127
f 2291 2288 2283
f 539 2289 2285
f 2289 582 2291
f 2285 2291 581
f 2289 2291 2285
f 121 2094 2287
f 2094 540 2290
f 2287 2290 582
f 2094 2290 2287
f 540 2095 2294
f 2095 122 2292
f 2294 2292 583
f 2095 2292 2294
f 582 2296 2288
f 2296 583 2293
f 2288 2293 127
f 2296 2293 2288
f 540 2294 2290
f 2294 583 2296
f 2290 2296 582
f 2294 2296 2290
f 122 2096 2292
f 2096 541 2295
f 2292 2295 583
f 2096 2295 2292
f 541 2097 2299
f 2097 123 2297
f 2299 2297 584
f 2097 2297 2299
f 583 2301 2293
f 2301 584 2298
f 2293 2298 127
f 2301 2298 2293
f 541 2299 2295
f 2299 584 2301
f 2295 2301 583
f 2299 2301 2295
f 123 2098 2297
f 2098 542 2300
f 2297 2300 584
f 2098 2300 2297
f 542 2099 2304
f 2099 124 2302
f 2304 2302 585
f 2099 2302 2304
f 584 2306 2298
f 2306 585 2303
f 2298 2303 127
f 2306 2303 2298
f 542 2304 2300
f 2304 585 2306
f 2300 2306 584
f 2304 2306 2300
f 124 2100 2302
f 2100 543 2305
f 2302 2305 585
f 2100 2305 2302
f 543 2101 2309
f 2101 125 2307
f 2309 2307 586
f 2101 2307 2309
f 585 2311 2303
f 2311 586 2308
f 2303 2308 127
f 2311 2308 2303
f 543 2309 2305
f 2309 586 2311
f 2305 2311 585
f 2309 2311 2305
f 115 2485 2082
f 2485 636 2488
f 2082 2488 534
f 2485 2488 2082
f 636 2486 2493
f 2486 152 2491
f 2493 2491 637
f 2486 2491 2493
f 534 2492 2083
f 2492 637 2490
f 2083 2490 116
f 2492 2490 2083
f 636 2493 2488
f 2493 637 2492
f 2488 2492 534
f 2493 2492 2488
f 116 2494 2084
f 2494 638 2496
f 2084 2496 535
f 2494 2496 2084
f 638 2495 2501
f 2495 153 2499
f 2501 2499 639
f 2495 2499 2501
f 535 2500 2085
f 2500 639 2498
f 2085 2498 117
f 2500 2498 2085
f 638 2501 2496
f 2501 639 2500
f 2496 2500 535
f 2501 2500 2496
f 117 2506 2086
f 2506 641 2508
f 2086 2508 536
f 2506 2508 2086
f 641 2507 2513
f 2507 154 2511
f 2513 2511 642
f 2507 2511 2513
f 536 2512 2087
f 2512 642 2510
f 2087 2510 118
f 2512 2510 2087
f 641 2513 2508
f 2513 642 2512
f 2508 2512 536
f 2513 2512 2508
f 118 2518 2088
f 2518 644 2520
f 2088 2520 537
f 2518 2520 2088
f 644 2519 2525
f 2519 155 2523
f 2525 2523 645
f 2519 2523 2525
f 537 2524 2089
f 2524 645 2522
f 2089 2522 119
f 2524 2522 2089
f 644 2525 2520
f 2525 645 2524
f 2520 2524 537
f 2525 2524 2520
f 119 2530 2090
f 2530 647 2532
f 2090 2532 538
f 2530 2532 2090
f 647 2531 2537
f 2531 156 2535
f 2537 2535 648
f 2531 2535 2537
f 538 2536 2091
f 2536 648 2534
f 2091 2534 120
f 2536 2534 2091
f 647 2537 2532
f 2537 648 2536
f 2532 2536 538
f 2537 2536 2532
f 120 2602 2092
f 2602 665 2604
f 2092 2604 539
f 2602 2604 2092
f 665 2603 2609
f 2603 162 2607
f 2609 2607 666
f 2603 2607 2609
f 539 2608 2093
f 2608 666 2606
f 2093 2606 121
f 2608 2606 2093
f 665 2609 2604
f 2609 666 2608
f 2604 2608 539
f 2609 2608 2604
f 121 2635 2094
f 2635 674 2637
f 2094 2637 540
f 2635 2637 2094
f 674 2636 2642
f 2636 166 2640
f 2642 2640 675
f 2636 2640 2642
f 540 2641 2095
f 2641 675 2639
f 2095 2639 122
f 2641 2639 2095
f 674 2642 2637
f 2642 675 2641
f 2637 2641 540
f 2642 2641 2637
f 122 2657 2096
f 2657 679 2659
f 2096 2659 541
f 2657 2659 2096
f 679 2658 2664
f 2658 167 2662
f 2664 2662 680
f 2658 2662 2664
f 541 2663 2097
f 2663 680 2661
f 2097 2661 123
f 2663 2661 2097
f 679 2664 2659
f 2664 680 2663
f 2659 2663 541
f 2664 2663 2659
f 123 2674 2098
f 2674 683 2676
f 2098 2676 542
f 2674 2676 2098
f 683 2675 2681
f 2675 168 2679
f 2681 2679 684
f 2675 2679 2681
f 542 2680 2099
f 2680 684 2678
f 2099 2678 124
f 2680 2678 2099
f 683 2681 2676
f 2681 684 2680
f 2676 2680 542
f 2681 2680 2676
f 124 2686 2100
f 2686 686 2688
f 2100 2688 543
f 2686 2688 2100
f 686 2687 2693
f 2687 169 2691
f 2693 2691 687
f 2687 2691 2693
f 543 2692 2101
f 2692 687 2690
f 2101 2690 125
f 2692 2690 2101
f 686 2693 2688
f 2693 687 2692
f 2688 2692 543
f 2693 2692 2688
f 125 2698 2102
f 2698 689 2700
f 2102 2700 544
f 2698 2700 2102
f 689 2699 2705
f 2699 170 2703
f 2705 2703 690
f 2699 2703 2705
f 544 2704 2103
f 2704 690 2702
f 2103 2702 126
f 2704 2702 2103
f 689 2705 2700
f 2705 690 2704
f 2700 2704 544
f 2705 2704 2700
f 126 2710 2316
f 2710 692 2712
f 2316 2712 588
f 2710 2712 2316
f 692 2711 2717
f 2711 171 2715
f 2717 2715 693
f 2711 2715 2717
f 588 2716 2317
f 2716 693 2714
f 2317 2714 128
f 2716 2714 2317
f 692 2717 2712
f 2717 693 2716
f 2712 2716 588
f 2717 2716 2712
f 127 2367 2376
f 2367 603 2378
f 2376 2378 606
f 2367 2378 2376
f 603 2368 2382
f 2368 136 2380
f 2382 2380 607
f 2368 2380 2382
f 606 2383 2377
f 2383 607 2381
f 2377 2381 138
f 2383 2381 2377
f 603 2382 2378
f 2382 607 2383
f 2378 2383 606
f 2382 2383 2378
f 127 2390 2367
f 2390 610 2392
f 2367 2392 603
f 2390 2392 2367
f 610 2391 2397
f 2391 140 2395
f 2397 2395 611
f 2391 2395 2397
f 603 2396 2368
f 2396 611 2394
f 2368 2394 136
f 2396 2394 2368
f 610 2397 2392
f 2397 611 2396
f 2392 2396 603
f 2397 2396 2392
f 125 2102 2307
f 2102 544 2310
f 2307 2310 586
f 2102 2310 2307
f 544 2103 2314
f 2103 126 2312
f 2314 2312 587
f 2103 2312 2314
f 586 2315 2308
f 2315 587 2313
f 2308 2313 127
f 2315 2313 2308
f 544 2314 2310
f 2314 587 2315
f 2310 2315 586
f 2314 2315 2310
f 126 2316 2312
f 2316 588 2318
f 2312 2318 587
f 2316 2318 2312
f 588 2317 2322
f 2317 128 2320
f 2322 2320 589
f 2317 2320 2322
f 587 2321 2313
f 2321 589 2319
f 2313 2319 127
f 2321 2319 2313
f 588 2322 2318
f 2322 589 2321
f 2318 2321 587
f 2322 2321 2318
f 128 2417 2320
f 2417 617 2419
f 2320 2419 589
f 2417 2419 2320
f 617 2418 2420
f 2418 143 2415
f 2420 2415 616
f 2418 2415 2420
f 589 2416 2319
f 2416 616 2414
f 2319 2414 127
f 2416 2414 2319
f 617 2420 2419
f 2420 616 2416
f 2419 2416 589
f 2420 2416 2419
f 143 2424 2415
f 2424 619 2426
f 2415 2426 616
f 2424 2426 2415
f 619 2425 2427
f 2425 144 2422
f 2427 2422 618
f 2425 2422 2427
f 616 2423 2414
f 2423 618 2421
f 2414 2421 127
f 2423 2421 2414
f 619 2427 2426
f 2427 618 2423
f 2426 2423 616
f 2427 2423 2426
f 144 2431 2422
f 2431 621 2433
f 2422 2433 618
f 2431 2433 2422
f 621 2432 2434
f 2432 145 2429
f 2434 2429 620
f 2432 2429 2434
f 618 2430 2421
f 2430 620 2428
f 2421 2428 127
f 2430 2428 2421
f 621 2434 2433
f 2434 620 2430
f 2433 2430 618
f 2434 2430 2433
f 145 2438 2429
f 2438 623 2440
f 2429 2440 620
f 2438 2440 2429
f 623 2439 2441
f 2439 146 2436
f 2441 2436 622
f 2439 2436 2441
f 620 2437 2428
f 2437 622 2435
f 2428 2435 127
f 2437 2435 2428
f 623 2441 2440
f 2441 622 2437
f 2440 2437 620
f 2441 2437 2440
f 127 2435 2442
f 2435 622 2444
f 2442 2444 624
f 2435 2444 2442
f 622 2436 2447
f 2436 146 2445
f 2447 2445 625
f 2436 2445 2447
f 624 2448 2443
f 2448 625 2446
f 2443 2446 147
f 2448 2446 2443
f 622 2447 2444
f 2447 625 2448
f 2444 2448 624
f 2447 2448 2444
f 127 2442 2449
f 2442 624 2451
f 2449 2451 626
f 2442 2451 2449
f 624 2443 2454
f 2443 147 2452
f 2454 2452 627
f 2443 2452 2454
f 626 2455 2450
f 2455 627 2453
f 2450 2453 148
f 2455 2453 2450
f 624 2454 2451
f 2454 627 2455
f 2451 2455 626
f 2454 2455 2451
f 127 2449 2456
f 2449 626 2459
f 2456 2459 628
f 2449 2459 2456
f 626 2450 2466
f 2450 148 2464
f 2466 2464 630
f 2450 2464 2466
f 628 2467 2457
f 2467 630 2465
f 2457 2465 149
f 2467 2465 2457
f 626 2466 2459
f 2466 630 2467
f 2459 2467 628
f 2466 2467 2459
f 127 2456 2323
f 2456 628 2458
f 2323 2458 590
f 2456 2458 2323
f 628 2457 2463
f 2457 149 2461
f 2463 2461 629
f 2457 2461 2463
f 590 2462 2324
f 2462 629 2460
f 2324 2460 129
f 2462 2460 2324
f 628 2463 2458
f 2463 629 2462
f 2458 2462 590
f 2463 2462 2458
f 127 2323 2325
f 2323 590 2327
f 2325 2327 591
f 2323 2327 2325
f 590 2324 2330
f 2324 129 2328
f 2330 2328 592
f 2324 2328 2330
f 591 2331 2326
f 2331 592 2329
f 2326 2329 130
f 2331 2329 2326
f 590 2330 2327
f 2330 592 2331
f 2327 2331 591
f 2330 2331 2327
f 127 2325 2402
f 2325 591 2404
f 2402 2404 613
f 2325 2404 2402
f 591 2326 2408
f 2326 130 2406
f 2408 2406 614
f 2326 2406 2408
f 613 2409 2403
f 2409 614 2407
f 2403 2407 141
f 2409 2407 2403
f 591 2408 2404
f 2408 614 2409
f 2404 2409 613
f 2408 2409 2404
f 127 2402 2388
f 2402 613 2405
f 2388 2405 609
f 2402 2405 2388
f 613 2403 2413
f 2403 141 2411
f 2413 2411 615
f 2403 2411 2413
f 609 2412 2389
f 2412 615 2410
f 2389 2410 139
f 2412 2410 2389
f 613 2413 2405
f 2413 615 2412
f 2405 2412 609
f 2413 2412 2405
f 127 2388 2390
f 2388 609 2393
f 2390 2393 610
f 2388 2393 2390
f 609 2389 2400
f 2389 139 2398
f 2400 2398 612
f 2389 2398 2400
f 610 2401 2391
f 2401 612 2399
f 2391 2399 140
f 2401 2399 2391
f 609 2400 2393
f 2400 612 2401
f 2393 2401 610
f 2400 2401 2393
f 127 2339 2335
f 2339 595 2341
f 2335 2341 594
f 2339 2341 2335
f 595 2340 2345
f 2340 132 2343
f 2345 2343 596
f 2340 2343 2345
f 594 2344 2336
f 2344 596 2342
f 2336 2342 131
f 2344 2342 2336
f 595 2345 2341
f 2345 596 2344
f 2341 2344 594
f 2345 2344 2341
f 127 2346 2339
f 2346 597 2348
f 2339 2348 595
f 2346 2348 2339
f 597 2347 2352
f 2347 133 2350
f 2352 2350 598
f 2347 2350 2352
f 595 2351 2340
f 2351 598 2349
f 2340 2349 132
f 2351 2349 2340
f 597 2352 2348
f 2352 598 2351
f 2348 2351 595
f 2352 2351 2348
f 127 2353 2346
f 2353 599 2355
f 2346 2355 597
f 2353 2355 2346
f 599 2354 2359
f 2354 134 2357
f 2359 2357 600
f 2354 2357 2359
f 597 2358 2347
f 2358 600 2356
f 2347 2356 133
f 2358 2356 2347
f 599 2359 2355
f 2359 600 2358
f 2355 2358 597
f 2359 2358 2355
f 127 2360 2353
f 2360 601 2362
f 2353 2362 599
f 2360 2362 2353
f 601 2361 2366
f 2361 135 2364
f 2366 2364 602
f 2361 2364 2366
f 599 2365 2354
f 2365 602 2363
f 2354 2363 134
f 2365 2363 2354
f 601 2366 2362
f 2366 602 2365
f 2362 2365 599
f 2366 2365 2362
f 127 2369 2360
f 2369 604 2371
f 2360 2371 601
f 2369 2371 2360
f 604 2370 2375
f 2370 137 2373
f 2375 2373 605
f 2370 2373 2375
f 601 2374 2361
f 2374 605 2372
f 2361 2372 135
f 2374 2372 2361
f 604 2375 2371
f 2375 605 2374
f 2371 2374 601
f 2375 2374 2371
f 127 2376 2369
f 2376 606 2379
f 2369 2379 604
f 2376 2379 2369
f 606 2377 2387
f 2377 138 2385
f 2387 2385 608
f 2377 2385 2387
f 604 2386 2370
f 2386 608 2384
f 2370 2384 137
f 2386 2384 2370
f 606 2387 2379
f 2387 608 2386
f 2379 2386 604
f 2387 2386 2379
f 130 2329 2797
f 2329 592 2799
f 2797 2799 714
f 2329 2799 2797
f 592 2328 2796
f 2328 129 2794
f 2796 2794 713
f 2328 2794 2796
f 714 2800 2798
f 2800 713 2795
f 2798 2795 178
f 2800 2795 2798
f 592 2796 2799
f 2796 713 2800
f 2799 2800 714
f 2796 2800 2799
f 141 2407 2805
f 2407 614 2807
f 2805 2807 716
f 2407 2807 2805
f 614 2406 2803
f 2406 130 2801
f 2803 2801 715
f 2406 2801 2803
f 716 2808 2806
f 2808 715 2802
f 2806 2802 179
f 2808 2802 2806
f 614 2803 2807
f 2803 715 2808
f 2807 2808 716
f 2803 2808 2807
f 131 2342 2830
f 2342 596 2832
f 2830 2832 722
f 2342 2832 2830
f 596 2343 2836
f 2343 132 2834
f 2836 2834 723
f 2343 2834 2836
f 722 2837 2831
f 2837 723 2835
f 2831 2835 181
f 2837 2835 2831
f 596 2836 2832
f 2836 723 2837
f 2832 2837 722
f 2836 2837 2832
f 132 2349 2842
f 2349 598 2844
f 2842 2844 725
f 2349 2844 2842
f 598 2350 2848
f 2350 133 2846
f 2848 2846 726
f 2350 2846 2848
f 725 2849 2843
f 2849 726 2847
f 2843 2847 182
f 2849 2847 2843
f 598 2848 2844
f 2848 726 2849
f 2844 2849 725
f 2848 2849 2844
f 133 2356 2854
f 2356 600 2856
f 2854 2856 728
f 2356 2856 2854
f 600 2357 2860
f 2357 134 2858
f 2860 2858 729
f 2357 2858 2860
f 728 2861 2855
f 2861 729 2859
f 2855 2859 183
f 2861 2859 2855
f 600 2860 2856
f 2860 729 2861
f 2856 2861 728
f 2860 2861 2856
f 134 2363 2866
f 2363 602 2868
f 2866 2868 731
f 2363 2868 2866
f 602 2364 2872
f 2364 135 2870
f 2872 2870 732
f 2364 2870 2872
f 731 2873 2867
f 2873 732 2871
f 2867 2871 184
f 2873 2871 2867
f 602 2872 2868
f 2872 732 2873
f 2868 2873 731
f 2872 2873 2868
f 135 2372 2954
f 2372 605 2956
f 2954 2956 754
f 2372 2956 2954
f 605 2373 2960
f 2373 137 2958
f 2960 2958 755
f 2373 2958 2960
f 754 2961 2955
f 2961 755 2959
f 2955 2959 193
f 2961 2959 2955
f 605 2960 2956
f 2960 755 2961
f 2956 2961 754
f 2960 2961 2956
f 136 2394 2990
f 2394 611 2992
f 2990 2992 763
f 2394 2992 2990
f 611 2395 2996
f 2395 140 2994
f 2996 2994 764
f 2395 2994 2996
f 763 2998 2991
f 2998 764 2995
f 2991 2995 196
f 2998 2995 2991
f 611 2996 2992
f 2996 764 2998
f 2992 2998 763
f 2996 2998 2992
f 137 2384 2966
f 2384 608 2968
f 2966 2968 757
f 2384 2968 2966
f 608 2385 2972
f 2385 138 2970
f 2972 2970 758
f 2385 2970 2972
f 757 2974 2967
f 2974 758 2971
f 2967 2971 194
f 2974 2971 2967
f 608 2972 2968
f 2972 758 2974
f 2968 2974 757
f 2972 2974 2968
f 138 2381 2950
f 2381 607 2952
f 2950 2952 753
f 2381 2952 2950
f 607 2380 2949
f 2380 136 2947
f 2949 2947 752
f 2380 2947 2949
f 753 2953 2951
f 2953 752 2948
f 2951 2948 192
f 2953 2948 2951
f 607 2949 2952
f 2949 752 2953
f 2952 2953 753
f 2949 2953 2952
f 141 3011 2411
f 3011 768 3013
f 2411 3013 615
f 3011 3013 2411
f 768 3012 3015
f 3012 197 3008
f 3015 3008 767
f 3012 3008 3015
f 615 3009 2410
f 3009 767 3007
f 2410 3007 139
f 3009 3007 2410
f 768 3015 3013
f 3015 767 3009
f 3013 3009 615
f 3015 3009 3013
f 140 2399 2986
f 2399 612 2988
f 2986 2988 762
f 2399 2988 2986
f 612 2398 2985
f 2398 139 2983
f 2985 2983 761
f 2398 2983 2985
f 762 2989 2987
f 2989 761 2984
f 2987 2984 195
f 2989 2984 2987
f 612 2985 2988
f 2985 761 2989
f 2988 2989 762
f 2985 2989 2988
f 128 2777 2417
f 2777 709 2779
f 2417 2779 617
f 2777 2779 2417
f 709 2778 2784
f 2778 177 2782
f 2784 2782 710
f 2778 2782 2784
f 617 2783 2418
f 2783 710 2781
f 2418 2781 143
f 2783 2781 2418
f 709 2784 2779
f 2784 710 2783
f 2779 2783 617
f 2784 2783 2779
f 143 3168 2424
f 3168 807 3170
f 2424 3170 619
f 3168 3170 2424
f 807 3169 3175
f 3169 209 3173
f 3175 3173 808
f 3169 3173 3175
f 619 3174 2425
f 3174 808 3172
f 2425 3172 144
f 3174 3172 2425
f 807 3175 3170
f 3175 808 3174
f 3170 3174 619
f 3175 3174 3170
f 144 3180 2431
f 3180 810 3182
f 2431 3182 621
f 3180 3182 2431
f 810 3181 3187
f 3181 210 3185
f 3187 3185 811
f 3181 3185 3187
f 621 3186 2432
f 3186 811 3184
f 2432 3184 145
f 3186 3184 2432
f 810 3187 3182
f 3187 811 3186
f 3182 3186 621
f 3187 3186 3182
f 145 3192 2438
f 3192 813 3194
f 2438 3194 623
f 3192 3194 2438
f 813 3193 3199
f 3193 211 3197
f 3199 3197 814
f 3193 3197 3199
f 623 3198 2439
f 3198 814 3196
f 2439 3196 146
f 3198 3196 2439
f 813 3199 3194
f 3199 814 3198
f 3194 3198 623
f 3199 3198 3194
f 146 3204 2445
f 3204 816 3206
f 2445 3206 625
f 3204 3206 2445
f 816 3205 3211
f 3205 212 3209
f 3211 3209 817
f 3205 3209 3211
f 625 3210 2446
f 3210 817 3208
f 2446 3208 147
f 3210 3208 2446
f 816 3211 3206
f 3211 817 3210
f 3206 3210 625
f 3211 3210 3206
f 147 3264 2452
f 3264 831 3266
f 2452 3266 627
f 3264 3266 2452
f 831 3265 3271
f 3265 217 3269
f 3271 3269 832
f 3265 3269 3271
f 627 3270 2453
f 3270 832 3268
f 2453 3268 148
f 3270 3268 2453
f 831 3271 3266
f 3271 832 3270
f 3266 3270 627
f 3271 3270 3266
f 148 3276 2464
f 3276 834 3278
f 2464 3278 630
f 3276 3278 2464
f 834 3277 3283
f 3277 218 3281
f 3283 3281 835
f 3277 3281 3283
f 630 3282 2465
f 3282 835 3280
f 2465 3280 149
f 3282 3280 2465
f 834 3283 3278
f 3283 835 3282
f 3278 3282 630
f 3283 3282 3278
f 149 3292 2461
f 3292 838 3294
f 2461 3294 629
f 3292 3294 2461
f 838 3293 3296
f 3293 219 3289
f 3296 3289 837
f 3293 3289 3296
f 629 3290 2460
f 3290 837 3288
f 2460 3288 129
f 3290 3288 2460
f 838 3296 3294
f 3296 837 3290
f 3294 3290 629
f 3296 3290 3294
f 152 2502 2491
f 2502 640 2504
f 2491 2504 637
f 2502 2504 2491
f 640 2503 2505
f 2503 153 2495
f 2505 2495 638
f 2503 2495 2505
f 637 2497 2490
f 2497 638 2494
f 2490 2494 116
f 2497 2494 2490
f 640 2505 2504
f 2505 638 2497
f 2504 2497 637
f 2505 2497 2504
f 117 2498 2506
f 2498 639 2509
f 2506 2509 641
f 2498 2509 2506
f 639 2499 2516
f 2499 153 2514
f 2516 2514 643
f 2499 2514 2516
f 641 2517 2507
f 2517 643 2515
f 2507 2515 154
f 2517 2515 2507
f 639 2516 2509
f 2516 643 2517
f 2509 2517 641
f 2516 2517 2509
f 118 2510 2518
f 2510 642 2521
f 2518 2521 644
f 2510 2521 2518
f 642 2511 2528
f 2511 154 2526
f 2528 2526 646
f 2511 2526 2528
f 644 2529 2519
f 2529 646 2527
f 2519 2527 155
f 2529 2527 2519
f 642 2528 2521
f 2528 646 2529
f 2521 2529 644
f 2528 2529 2521
f 119 2522 2530
f 2522 645 2533
f 2530 2533 647
f 2522 2533 2530
f 645 2523 2540
f 2523 155 2538
f 2540 2538 649
f 2523 2538 2540
f 647 2541 2531
f 2541 649 2539
f 2531 2539 156
f 2541 2539 2531
f 645 2540 2533
f 2540 649 2541
f 2533 2541 647
f 2540 2541 2533
f 120 2534 2602
f 2534 648 2605
f 2602 2605 665
f 2534 2605 2602
f 648 2535 2612
f 2535 156 2610
f 2612 2610 667
f 2535 2610 2612
f 665 2613 2603
f 2613 667 2611
f 2603 2611 162
f 2613 2611 2603
f 648 2612 2605
f 2612 667 2613
f 2605 2613 665
f 2612 2613 2605
f 121 2606 2635
f 2606 666 2638
f 2635 2638 674
f 2606 2638 2635
f 666 2607 2645
f 2607 162 2643
f 2645 2643 676
f 2607 2643 2645
f 674 2647 2636
f 2647 676 2644
f 2636 2644 166
f 2647 2644 2636
f 666 2645 2638
f 2645 676 2647
f 2638 2647 674
f 2645 2647 2638
f 122 2639 2657
f 2639 675 2660
f 2657 2660 679
f 2639 2660 2657
f 675 2640 2670
f 2640 166 2668
f 2670 2668 682
f 2640 2668 2670
f 679 2672 2658
f 2672 682 2669
f 2658 2669 167
f 2672 2669 2658
f 675 2670 2660
f 2670 682 2672
f 2660 2672 679
f 2670 2672 2660
f 123 2661 2674
f 2661 680 2677
f 2674 2677 683
f 2661 2677 2674
f 680 2662 2684
f 2662 167 2682
f 2684 2682 685
f 2662 2682 2684
f 683 2685 2675
f 2685 685 2683
f 2675 2683 168
f 2685 2683 2675
f 680 2684 2677
f 2684 685 2685
f 2677 2685 683
f 2684 2685 2677
f 124 2678 2686
f 2678 684 2689
f 2686 2689 686
f 2678 2689 2686
f 684 2679 2696
f 2679 168 2694
f 2696 2694 688
f 2679 2694 2696
f 686 2697 2687
f 2697 688 2695
f 2687 2695 169
f 2697 2695 2687
f 684 2696 2689
f 2696 688 2697
f 2689 2697 686
f 2696 2697 2689
f 125 2690 2698
f 2690 687 2701
f 2698 2701 689
f 2690 2701 2698
f 687 2691 2708
f 2691 169 2706
f 2708 2706 691
f 2691 2706 2708
f 689 2709 2699
f 2709 691 2707
f 2699 2707 170
f 2709 2707 2699
f 687 2708 2701
f 2708 691 2709
f 2701 2709 689
f 2708 2709 2701
f 126 2702 2710
f 2702 690 2713
f 2710 2713 692
f 2702 2713 2710
f 690 2703 2720
f 2703 170 2718
f 2720 2718 694
f 2703 2718 2720
f 692 2721 2711
f 2721 694 2719
f 2711 2719 171
f 2721 2719 2711
f 690 2720 2713
f 2720 694 2721
f 2713 2721 692
f 2720 2721 2713
f 128 2714 2777
f 2714 693 2780
f 2777 2780 709
f 2714 2780 2777
f 693 2715 2787
f 2715 171 2785
f 2787 2785 711
f 2715 2785 2787
f 709 2789 2778
f 2789 711 2786
f 2778 2786 177
f 2789 2786 2778
f 693 2787 2780
f 2787 711 2789
f 2780 2789 709
f 2787 2789 2780
f 141 2805 3011
f 2805 716 3014
f 3011 3014 768
f 2805 3014 3011
f 716 2806 3018
f 2806 179 3016
f 3018 3016 769
f 2806 3016 3018
f 768 3019 3012
f 3019 769 3017
f 3012 3017 197
f 3019 3017 3012
f 716 3018 3014
f 3018 769 3019
f 3014 3019 768
f 3018 3019 3014
f 130 2797 2801
f 2797 714 2804
f 2801 2804 715
f 2797 2804 2801
f 714 2798 2811
f 2798 178 2809
f 2811 2809 717
f 2798 2809 2811
f 715 2812 2802
f 2812 717 2810
f 2802 2810 179
f 2812 2810 2802
f 714 2811 2804
f 2811 717 2812
f 2804 2812 715
f 2811 2812 2804
f 131 2830 2826
f 2830 722 2833
f 2826 2833 721
f 2830 2833 2826
f 722 2831 2841
f 2831 181 2839
f 2841 2839 724
f 2831 2839 2841
f 721 2840 2827
f 2840 724 2838
f 2827 2838 180
f 2840 2838 2827
f 722 2841 2833
f 2841 724 2840
f 2833 2840 721
f 2841 2840 2833
f 132 2842 2834
f 2842 725 2845
f 2834 2845 723
f 2842 2845 2834
f 725 2843 2853
f 2843 182 2851
f 2853 2851 727
f 2843 2851 2853
f 723 2852 2835
f 2852 727 2850
f 2835 2850 181
f 2852 2850 2835
f 725 2853 2845
f 2853 727 2852
f 2845 2852 723
f 2853 2852 2845
f 133 2854 2846
f 2854 728 2857
f 2846 2857 726
f 2854 2857 2846
f 728 2855 2865
f 2855 183 2863
f 2865 2863 730
f 2855 2863 2865
f 726 2864 2847
f 2864 730 2862
f 2847 2862 182
f 2864 2862 2847
f 728 2865 2857
f 2865 730 2864
f 2857 2864 726
f 2865 2864 2857
f 134 2866 2858
f 2866 731 2869
f 2858 2869 729
f 2866 2869 2858
f 731 2867 2877
f 2867 184 2875
f 2877 2875 733
f 2867 2875 2877
f 729 2876 2859
f 2876 733 2874
f 2859 2874 183
f 2876 2874 2859
f 731 2877 2869
f 2877 733 2876
f 2869 2876 729
f 2877 2876 2869
f 135 2954 2870
f 2954 754 2957
f 2870 2957 732
f 2954 2957 2870
f 754 2955 2965
f 2955 193 2963
f 2965 2963 756
f 2955 2963 2965
f 732 2964 2871
f 2964 756 2962
f 2871 2962 184
f 2964 2962 2871
f 754 2965 2957
f 2965 756 2964
f 2957 2964 732
f 2965 2964 2957
f 136 2990 2947
f 2990 763 2993
f 2947 2993 752
f 2990 2993 2947
f 763 2991 3002
f 2991 196 3000
f 3002 3000 765
f 2991 3000 3002
f 752 3001 2948
f 3001 765 2999
f 2948 2999 192
f 3001 2999 2948
f 763 3002 2993
f 3002 765 3001
f 2993 3001 752
f 3002 3001 2993
f 137 2966 2958
f 2966 757 2969
f 2958 2969 755
f 2966 2969 2958
f 757 2967 2982
f 2967 194 2980
f 2982 2980 760
f 2967 2980 2982
f 755 2981 2959
f 2981 760 2979
f 2959 2979 193
f 2981 2979 2959
f 757 2982 2969
f 2982 760 2981
f 2969 2981 755
f 2982 2981 2969
f 138 2950 2970
f 2950 753 2973
f 2970 2973 758
f 2950 2973 2970
f 753 2951 2977
f 2951 192 2975
f 2977 2975 759
f 2951 2975 2977
f 758 2978 2971
f 2978 759 2976
f 2971 2976 194
f 2978 2976 2971
f 753 2977 2973
f 2977 759 2978
f 2973 2978 758
f 2977 2978 2973
f 139 3007 2983
f 3007 767 3010
f 2983 3010 761
f 3007 3010 2983
f 767 3008 3023
f 3008 197 3021
f 3023 3021 770
f 3008 3021 3023
f 761 3022 2984
f 3022 770 3020
f 2984 3020 195
f 3022 3020 2984
f 767 3023 3010
f 3023 770 3022
f 3010 3022 761
f 3023 3022 3010
f 140 2986 2994
f 2986 762 2997
f 2994 2997 764
f 2986 2997 2994
f 762 2987 3005
f 2987 195 3003
f 3005 3003 766
f 2987 3003 3005
f 764 3006 2995
f 3006 766 3004
f 2995 3004 196
f 3006 3004 2995
f 762 3005 2997
f 3005 766 3006
f 2997 3006 764
f 3005 3006 2997
f 143 2781 3168
f 2781 710 3171
f 3168 3171 807
f 2781 3171 3168
f 710 2782 3178
f 2782 177 3176
f 3178 3176 809
f 2782 3176 3178
f 807 3179 3169
f 3179 809 3177
f 3169 3177 209
f 3179 3177 3169
f 710 3178 3171
f 3178 809 3179
f 3171 3179 807
f 3178 3179 3171
f 144 3172 3180
f 3172 808 3183
f 3180 3183 810
f 3172 3183 3180
f 808 3173 3190
f 3173 209 3188
f 3190 3188 812
f 3173 3188 3190
f 810 3191 3181
f 3191 812 3189
f 3181 3189 210
f 3191 3189 3181
f 808 3190 3183
f 3190 812 3191
f 3183 3191 810
f 3190 3191 3183
f 145 3184 3192
f 3184 811 3195
f 3192 3195 813
f 3184 3195 3192
f 811 3185 3202
f 3185 210 3200
f 3202 3200 815
f 3185 3200 3202
f 813 3203 3193
f 3203 815 3201
f 3193 3201 211
f 3203 3201 3193
f 811 3202 3195
f 3202 815 3203
f 3195 3203 813
f 3202 3203 3195
f 211 3212 3197
f 3212 818 3214
f 3197 3214 814
f 3212 3214 3197
f 818 3213 3215
f 3213 212 3205
f 3215 3205 816
f 3213 3205 3215
f 814 3207 3196
f 3207 816 3204
f 3196 3204 146
f 3207 3204 3196
f 818 3215 3214
f 3215 816 3207
f 3214 3207 814
f 3215 3207 3214
f 147 3208 3264
f 3208 817 3267
f 3264 3267 831
f 3208 3267 3264
f 817 3209 3274
f 3209 212 3272
f 3274 3272 833
f 3209 3272 3274
f 831 3275 3265
f 3275 833 3273
f 3265 3273 217
f 3275 3273 3265
f 817 3274 3267
f 3274 833 3275
f 3267 3275 831
f 3274 3275 3267
f 148 3268 3276
f 3268 832 3279
f 3276 3279 834
f 3268 3279 3276
f 832 3269 3286
f 3269 217 3284
f 3286 3284 836
f 3269 3284 3286
f 834 3287 3277
f 3287 836 3285
f 3277 3285 218
f 3287 3285 3277
f 832 3286 3279
f 3286 836 3287
f 3279 3287 834
f 3286 3287 3279
f 149 3280 3292
f 3280 835 3295
f 3292 3295 838
f 3280 3295 3292
f 835 3281 3303
f 3281 218 3301
f 3303 3301 840
f 3281 3301 3303
f 838 3304 3293
f 3304 840 3302
f 3293 3302 219
f 3304 3302 3293
f 835 3303 3295
f 3303 840 3304
f 3295 3304 838
f 3303 3304 3295
f 129 3288 2794
f 3288 837 3291
f 2794 3291 713
f 3288 3291 2794
f 837 3289 3300
f 3289 219 3298
f 3300 3298 839
f 3289 3298 3300
f 713 3299 2795
f 3299 839 3297
f 2795 3297 178
f 3299 3297 2795
f 837 3300 3291
f 3300 839 3299
f 3291 3299 713
f 3300 3299 3291
f 78 1538 1547
f 1538 403 1551
f 1547 1551 405
f 1538 1551 1547
f 403 1537 1540
f 1537 39 1102
f 1540 1102 299
f 1537 1102 1540
f 405 1549 1546
f 1549 299 1103
f 1546 1103 48
f 1549 1103 1546
f 403 1540 1551
f 1540 299 1549
f 1551 1549 405
f 1540 1549 1551
f 48 1103 1099
f 1103 299 1105
f 1099 1105 298
f 1103 1105 1099
f 299 1102 1104
f 1102 39 1020
f 1104 1020 275
f 1102 1020 1104
f 298 1100 1098
f 1100 275 1019
f 1098 1019 38
f 1100 1019 1098
f 299 1104 1105
f 1104 275 1100
f 1105 1100 298
f 1104 1100 1105
f 78 1542 1538
f 1542 404 1545
f 1538 1545 403
f 1542 1545 1538
f 404 1541 1543
f 1541 40 1027
f 1543 1027 277
f 1541 1027 1543
f 403 1539 1537
f 1539 277 1026
f 1537 1026 39
f 1539 1026 1537
f 404 1543 1545
f 1543 277 1539
f 1545 1539 403
f 1543 1539 1545
f 49 1125 1158
f 1125 304 1161
f 1158 1161 311
f 1125 1161 1158
f 304 1124 1151
f 1124 43 1148
f 1151 1148 309
f 1124 1148 1151
f 311 1163 1159
f 1163 309 1149
f 1159 1149 50
f 1163 1149 1159
f 304 1151 1161
f 1151 309 1163
f 1161 1163 311
f 1151 1163 1161
f 50 1153 1144
f 1153 310 1156
f 1144 1156 308
f 1153 1156 1144
f 310 1152 1154
f 1152 44 1050
f 1154 1050 284
f 1152 1050 1154
f 308 1146 1143
f 1146 284 1049
f 1143 1049 41
f 1146 1049 1143
f 310 1154 1156
f 1154 284 1146
f 1156 1146 308
f 1154 1146 1156
f 49 1121 1125
f 1121 303 1127
f 1125 1127 304
f 1121 1127 1125
f 303 1120 1122
f 1120 42 1042
f 1122 1042 282
f 1120 1042 1122
f 304 1126 1124
f 1126 282 1043
f 1124 1043 43
f 1126 1043 1124
f 303 1122 1127
f 1122 282 1126
f 1127 1126 304
f 1122 1126 1127
f 50 1149 1153
f 1149 309 1157
f 1153 1157 310
f 1149 1157 1153
f 309 1148 1150
f 1148 43 1051
f 1150 1051 285
f 1148 1051 1150
f 310 1155 1152
f 1155 285 1052
f 1152 1052 44
f 1155 1052 1152
f 309 1150 1157
f 1150 285 1155
f 1157 1155 310
f 1150 1155 1157
f 41 1049 1252
f 1049 284 1254
f 1252 1254 333
f 1049 1254 1252
f 284 1050 1259
f 1050 44 1256
f 1259 1256 334
f 1050 1256 1259
f 333 1261 1253
f 1261 334 1257
f 1253 1257 57
f 1261 1257 1253
f 284 1259 1254
f 1259 334 1261
f 1254 1261 333
f 1259 1261 1254
f 45 1086 1172
f 1086 295 1174
f 1172 1174 314
f 1086 1174 1172
f 295 1087 1178
f 1087 47 1175
f 1178 1175 315
f 1087 1175 1178
f 314 1180 1173
f 1180 315 1176
f 1173 1176 51
f 1180 1176 1173
f 295 1178 1174
f 1178 315 1180
f 1174 1180 314
f 1178 1180 1174
f 46 1071 1128
f 1071 290 1131
f 1128 1131 305
f 1071 1131 1128
f 290 1070 1123
f 1070 42 1120
f 1123 1120 303
f 1070 1120 1123
f 305 1133 1129
f 1133 303 1121
f 1129 1121 49
f 1133 1121 1129
f 290 1123 1131
f 1123 303 1133
f 1131 1133 305
f 1123 1133 1131
f 45 1190 1072
f 1190 318 1192
f 1072 1192 291
f 1190 1192 1072
f 318 1191 1199
f 1191 52 1195
f 1199 1195 319
f 1191 1195 1199
f 291 1197 1073
f 1197 319 1194
f 1073 1194 46
f 1197 1194 1073
f 318 1199 1192
f 1199 319 1197
f 1192 1197 291
f 1199 1197 1192
f 45 1172 1190
f 1172 314 1193
f 1190 1193 318
f 1172 1193 1190
f 314 1173 1203
f 1173 51 1200
f 1203 1200 320
f 1173 1200 1203
f 318 1205 1191
f 1205 320 1201
f 1191 1201 52
f 1205 1201 1191
f 314 1203 1193
f 1203 320 1205
f 1193 1205 318
f 1203 1205 1193
f 47 1085 1175
f 1085 294 1177
f 1175 1177 315
f 1085 1177 1175
f 294 1084 1170
f 1084 38 1167
f 1170 1167 313
f 1084 1167 1170
f 315 1179 1176
f 1179 313 1168
f 1176 1168 51
f 1179 1168 1176
f 294 1170 1177
f 1170 313 1179
f 1177 1179 315
f 1170 1179 1177
f 46 1194 1071
f 1194 319 1196
f 1071 1196 290
f 1194 1196 1071
f 319 1195 1198
f 1195 52 1186
f 1198 1186 317
f 1195 1186 1198
f 290 1188 1070
f 1188 317 1185
f 1070 1185 42
f 1188 1185 1070
f 319 1198 1196
f 1198 317 1188
f 1196 1188 290
f 1198 1188 1196
f 47 1106 1085
f 1106 300 1109
f 1085 1109 294
f 1106 1109 1085
f 300 1107 1111
f 1107 48 1099
f 1111 1099 298
f 1107 1099 1111
f 294 1101 1084
f 1101 298 1098
f 1084 1098 38
f 1101 1098 1084
f 300 1111 1109
f 1111 298 1101
f 1109 1101 294
f 1111 1101 1109
f 54 1273 1283
f 1273 338 1286
f 1283 1286 340
f 1273 1286 1283
f 338 1274 1293
f 1274 58 1291
f 1293 1291 342
f 1274 1291 1293
f 340 1294 1284
f 1294 342 1292
f 1284 1292 59
f 1294 1292 1284
f 338 1293 1286
f 1293 342 1294
f 1286 1294 340
f 1293 1294 1286
f 53 1215 1262
f 1215 323 1264
f 1262 1264 335
f 1215 1264 1262
f 323 1214 1255
f 1214 41 1252
f 1255 1252 333
f 1214 1252 1255
f 335 1265 1263
f 1265 333 1253
f 1263 1253 57
f 1265 1253 1263
f 323 1255 1264
f 1255 333 1265
f 1264 1265 335
f 1255 1265 1264
f 53 1269 1226
f 1269 337 1271
f 1226 1271 326
f 1269 1271 1226
f 337 1270 1276
f 1270 58 1274
f 1276 1274 338
f 1270 1274 1276
f 326 1275 1227
f 1275 338 1273
f 1227 1273 54
f 1275 1273 1227
f 337 1276 1271
f 1276 338 1275
f 1271 1275 326
f 1276 1275 1271
f 54 1283 1238
f 1283 340 1285
f 1238 1285 329
f 1283 1285 1238
f 340 1284 1290
f 1284 59 1288
f 1290 1288 341
f 1284 1288 1290
f 329 1289 1239
f 1289 341 1287
f 1239 1287 55
f 1289 1287 1239
f 340 1290 1285
f 1290 341 1289
f 1285 1289 329
f 1290 1289 1285
f 53 1262 1269
f 1262 335 1272
f 1269 1272 337
f 1262 1272 1269
f 335 1263 1280
f 1263 57 1277
f 1280 1277 339
f 1263 1277 1280
f 337 1282 1270
f 1282 339 1278
f 1270 1278 58
f 1282 1278 1270
f 335 1280 1272
f 1280 339 1282
f 1272 1282 337
f 1280 1282 1272
f 55 1287 1295
f 1287 341 1298
f 1295 1298 343
f 1287 1298 1295
f 341 1288 1305
f 1288 59 1303
f 1305 1303 345
f 1288 1303 1305
f 343 1306 1296
f 1306 345 1304
f 1296 1304 60
f 1306 1304 1296
f 341 1305 1298
f 1305 345 1306
f 1298 1306 343
f 1305 1306 1298
f 56 1299 2542
f 1299 344 2544
f 2542 2544 650
f 1299 2544 2542
f 344 1300 2548
f 1300 60 2546
f 2548 2546 651
f 1300 2546 2548
f 650 2549 2543
f 2549 651 2547
f 2543 2547 157
f 2549 2547 2543
f 344 2548 2544
f 2548 651 2549
f 2544 2549 650
f 2548 2549 2544
f 55 1295 1245
f 1295 343 1297
f 1245 1297 331
f 1295 1297 1245
f 343 1296 1302
f 1296 60 1300
f 1302 1300 344
f 1296 1300 1302
f 331 1301 1246
f 1301 344 1299
f 1246 1299 56
f 1301 1299 1246
f 343 1302 1297
f 1302 344 1301
f 1297 1301 331
f 1302 1301 1297
f 56 2542 2482
f 2542 650 2545
f 2482 2545 635
f 2542 2545 2482
f 650 2543 2553
f 2543 157 2551
f 2553 2551 652
f 2543 2551 2553
f 635 2552 2483
f 2552 652 2550
f 2483 2550 152
f 2552 2550 2483
f 650 2553 2545
f 2553 652 2552
f 2545 2552 635
f 2553 2552 2545
f 62 1336 1354
f 1336 354 1356
f 1354 1356 359
f 1336 1356 1354
f 354 1337 1359
f 1337 63 1357
f 1359 1357 360
f 1337 1357 1359
f 359 1360 1355
f 1360 360 1358
f 1355 1358 65
f 1360 1358 1355
f 354 1359 1356
f 1359 360 1360
f 1356 1360 359
f 1359 1360 1356
f 78 1553 1542
f 1553 406 1557
f 1542 1557 404
f 1553 1557 1542
f 406 1552 1555
f 1552 61 1315
f 1555 1315 348
f 1552 1315 1555
f 404 1544 1541
f 1544 348 1314
f 1541 1314 40
f 1544 1314 1541
f 406 1555 1557
f 1555 348 1544
f 1557 1544 404
f 1555 1544 1557
f 61 1324 1399
f 1324 351 1402
f 1399 1402 370
f 1324 1402 1399
f 351 1325 1406
f 1325 62 1404
f 1406 1404 371
f 1325 1404 1406
f 370 1408 1400
f 1408 371 1405
f 1400 1405 68
f 1408 1405 1400
f 351 1406 1402
f 1406 371 1408
f 1402 1408 370
f 1406 1408 1402
f 61 1399 1315
f 1399 370 1401
f 1315 1401 348
f 1399 1401 1315
f 370 1400 1403
f 1400 68 1395
f 1403 1395 369
f 1400 1395 1403
f 348 1397 1314
f 1397 369 1394
f 1314 1394 40
f 1397 1394 1314
f 370 1403 1401
f 1403 369 1397
f 1401 1397 348
f 1403 1397 1401
f 62 1354 1404
f 1354 359 1407
f 1404 1407 371
f 1354 1407 1404
f 359 1355 1412
f 1355 65 1409
f 1412 1409 372
f 1355 1409 1412
f 371 1414 1405
f 1414 372 1410
f 1405 1410 68
f 1414 1410 1405
f 359 1412 1407
f 1412 372 1414
f 1407 1414 371
f 1412 1414 1407
f 63 1348 1364
f 1348 357 1366
f 1364 1366 362
f 1348 1366 1364
f 357 1349 1370
f 1349 64 1368
f 1370 1368 363
f 1349 1368 1370
f 362 1371 1365
f 1371 363 1369
f 1365 1369 66
f 1371 1369 1365
f 357 1370 1366
f 1370 363 1371
f 1366 1371 362
f 1370 1371 1366
f 64 1423 1381
f 1423 375 1426
f 1381 1426 366
f 1423 1426 1381
f 375 1424 1431
f 1424 69 1429
f 1431 1429 376
f 1424 1429 1431
f 366 1430 1382
f 1430 376 1428
f 1382 1428 67
f 1430 1428 1382
f 375 1431 1426
f 1431 376 1430
f 1426 1430 366
f 1431 1430 1426
f 63 1364 1357
f 1364 362 1367
f 1357 1367 360
f 1364 1367 1357
f 362 1365 1377
f 1365 66 1373
f 1377 1373 364
f 1365 1373 1377
f 360 1375 1358
f 1375 364 1372
f 1358 1372 65
f 1375 1372 1358
f 362 1377 1367
f 1377 364 1375
f 1367 1375 360
f 1377 1375 1367
f 64 1381 1368
f 1381 366 1383
f 1368 1383 363
f 1381 1383 1368
f 366 1382 1389
f 1382 67 1385
f 1389 1385 367
f 1382 1385 1389
f 363 1387 1369
f 1387 367 1384
f 1369 1384 66
f 1387 1384 1369
f 366 1389 1383
f 1389 367 1387
f 1383 1387 363
f 1389 1387 1383
f 69 1464 1429
f 1464 385 1466
f 1429 1466 376
f 1464 1466 1429
f 385 1465 1468
f 1465 72 1460
f 1468 1460 384
f 1465 1460 1468
f 376 1462 1428
f 1462 384 1459
f 1428 1459 67
f 1462 1459 1428
f 385 1468 1466
f 1468 384 1462
f 1466 1462 376
f 1468 1462 1466
f 69 1440 1464
f 1440 379 1467
f 1464 1467 385
f 1440 1467 1464
f 379 1441 1471
f 1441 70 1469
f 1471 1469 386
f 1441 1469 1471
f 385 1472 1465
f 1472 386 1470
f 1465 1470 72
f 1472 1470 1465
f 379 1471 1467
f 1471 386 1472
f 1467 1472 385
f 1471 1472 1467
f 70 1452 1476
f 1452 382 1478
f 1476 1478 388
f 1452 1478 1476
f 382 1453 1482
f 1453 71 1480
f 1482 1480 389
f 1453 1480 1482
f 388 1483 1477
f 1483 389 1481
f 1477 1481 73
f 1483 1481 1477
f 382 1482 1478
f 1482 389 1483
f 1478 1483 388
f 1482 1483 1478
f 70 1476 1469
f 1476 388 1479
f 1469 1479 386
f 1476 1479 1469
f 388 1477 1489
f 1477 73 1485
f 1489 1485 390
f 1477 1485 1489
f 386 1487 1470
f 1487 390 1484
f 1470 1484 72
f 1487 1484 1470
f 388 1489 1479
f 1489 390 1487
f 1479 1487 386
f 1489 1487 1479
f 71 1498 1480
f 1498 393 1500
f 1480 1500 389
f 1498 1500 1480
f 393 1499 1506
f 1499 74 1502
f 1506 1502 394
f 1499 1502 1506
f 389 1504 1481
f 1504 394 1501
f 1481 1501 73
f 1504 1501 1481
f 393 1506 1500
f 1506 394 1504
f 1500 1504 389
f 1506 1504 1500
f 71 1566 1498
f 1566 409 1569
f 1498 1569 393
f 1566 1569 1498
f 409 1567 1575
f 1567 79 1572
f 1575 1572 410
f 1567 1572 1575
f 393 1573 1499
f 1573 410 1571
f 1499 1571 74
f 1573 1571 1499
f 409 1575 1569
f 1575 410 1573
f 1569 1573 393
f 1575 1573 1569
f 79 1596 1577
f 1596 416 1599
f 1577 1599 411
f 1596 1599 1577
f 416 1597 1601
f 1597 80 1589
f 1601 1589 414
f 1597 1589 1601
f 411 1591 1576
f 1591 414 1588
f 1576 1588 75
f 1591 1588 1576
f 416 1601 1599
f 1601 414 1591
f 1599 1591 411
f 1601 1591 1599
f 79 1577 1572
f 1577 411 1579
f 1572 1579 410
f 1577 1579 1572
f 411 1576 1578
f 1576 75 1511
f 1578 1511 396
f 1576 1511 1578
f 410 1574 1571
f 1574 396 1510
f 1571 1510 74
f 1574 1510 1571
f 411 1578 1579
f 1578 396 1574
f 1579 1574 410
f 1578 1574 1579
f 80 1593 1589
f 1593 415 1595
f 1589 1595 414
f 1593 1595 1589
f 415 1592 1594
f 1592 76 1518
f 1594 1518 398
f 1592 1518 1594
f 414 1590 1588
f 1590 398 1517
f 1588 1517 75
f 1590 1517 1588
f 415 1594 1595
f 1594 398 1590
f 1595 1590 414
f 1594 1590 1595
f 81 1615 1611
f 1615 420 1617
f 1611 1617 419
f 1615 1617 1611
f 420 1614 1616
f 1614 77 1525
f 1616 1525 400
f 1614 1525 1616
f 419 1612 1610
f 1612 400 1524
f 1610 1524 76
f 1612 1524 1610
f 420 1616 1617
f 1616 400 1612
f 1617 1612 419
f 1616 1612 1617
f 80 1618 1593
f 1618 421 1621
f 1593 1621 415
f 1618 1621 1593
f 421 1619 1623
f 1619 81 1611
f 1623 1611 419
f 1619 1611 1623
f 415 1613 1592
f 1613 419 1610
f 1592 1610 76
f 1613 1610 1592
f 421 1623 1621
f 1623 419 1613
f 1621 1613 415
f 1623 1613 1621
f 81 1635 1615
f 1635 425 1638
f 1615 1638 420
f 1635 1638 1615
f 425 1636 1640
f 1636 82 1633
f 1640 1633 424
f 1636 1633 1640
f 420 1634 1614
f 1634 424 1632
f 1614 1632 77
f 1634 1632 1614
f 425 1640 1638
f 1640 424 1634
f 1638 1634 420
f 1640 1634 1638
f 82 1649 1697
f 1649 428 1700
f 1697 1700 440
f 1649 1700 1697
f 428 1650 1704
f 1650 83 1702
f 1704 1702 441
f 1650 1702 1704
f 440 1705 1698
f 1705 441 1703
f 1698 1703 87
f 1705 1703 1698
f 428 1704 1700
f 1704 441 1705
f 1700 1705 440
f 1704 1705 1700
f 82 1697 1633
f 1697 440 1699
f 1633 1699 424
f 1697 1699 1633
f 440 1698 1701
f 1698 87 1693
f 1701 1693 439
f 1698 1693 1701
f 424 1695 1632
f 1695 439 1692
f 1632 1692 77
f 1695 1692 1632
f 440 1701 1699
f 1701 439 1695
f 1699 1695 424
f 1701 1695 1699
f 83 1709 1702
f 1709 443 1712
f 1702 1712 441
f 1709 1712 1702
f 443 1710 1722
f 1710 88 1718
f 1722 1718 445
f 1710 1718 1722
f 441 1720 1703
f 1720 445 1717
f 1703 1717 87
f 1720 1717 1703
f 443 1722 1712
f 1722 445 1720
f 1712 1720 441
f 1722 1720 1712
f 83 1661 1709
f 1661 431 1711
f 1709 1711 443
f 1661 1711 1709
f 431 1662 1715
f 1662 84 1713
f 1715 1713 444
f 1662 1713 1715
f 443 1716 1710
f 1716 444 1714
f 1710 1714 88
f 1716 1714 1710
f 431 1715 1711
f 1715 444 1716
f 1711 1716 443
f 1715 1716 1711
f 84 1733 1713
f 1733 449 1735
f 1713 1735 444
f 1733 1735 1713
f 449 1734 1740
f 1734 90 1737
f 1740 1737 450
f 1734 1737 1740
f 444 1738 1714
f 1738 450 1736
f 1714 1736 88
f 1738 1736 1714
f 449 1740 1735
f 1740 450 1738
f 1735 1738 444
f 1740 1738 1735
f 90 1742 1737
f 1742 451 1746
f 1737 1746 450
f 1742 1746 1737
f 451 1741 1744
f 1741 89 1727
f 1744 1727 447
f 1741 1727 1744
f 450 1739 1736
f 1739 447 1726
f 1736 1726 88
f 1739 1726 1736
f 451 1744 1746
f 1744 447 1739
f 1746 1739 450
f 1744 1739 1746
f 84 1673 1784
f 1673 434 1786
f 1784 1786 462
f 1673 1786 1784
f 434 1674 1790
f 1674 85 1788
f 1790 1788 463
f 1674 1788 1790
f 462 1792 1785
f 1792 463 1789
f 1785 1789 94
f 1792 1789 1785
f 434 1790 1786
f 1790 463 1792
f 1786 1792 462
f 1790 1792 1786
f 84 1784 1771
f 1784 462 1787
f 1771 1787 459
f 1784 1787 1771
f 462 1785 1804
f 1785 94 1800
f 1804 1800 465
f 1785 1800 1804
f 459 1802 1772
f 1802 465 1799
f 1772 1799 93
f 1802 1799 1772
f 462 1804 1787
f 1804 465 1802
f 1787 1802 459
f 1804 1802 1787
f 84 1771 1733
f 1771 459 1773
f 1733 1773 449
f 1771 1773 1733
f 459 1772 1779
f 1772 93 1775
f 1779 1775 460
f 1772 1775 1779
f 449 1777 1734
f 1777 460 1774
f 1734 1774 90
f 1777 1774 1734
f 459 1779 1773
f 1779 460 1777
f 1773 1777 449
f 1779 1777 1773
f 85 1749 1788
f 1749 453 1791
f 1788 1791 463
f 1749 1791 1788
f 453 1750 1796
f 1750 91 1793
f 1796 1793 464
f 1750 1793 1796
f 463 1798 1789
f 1798 464 1794
f 1789 1794 94
f 1798 1794 1789
f 453 1796 1791
f 1796 464 1798
f 1791 1798 463
f 1796 1798 1791
f 85 1754 1749
f 1754 455 1757
f 1749 1757 453
f 1754 1757 1749
f 455 1755 1767
f 1755 92 1763
f 1767 1763 457
f 1755 1763 1767
f 453 1765 1750
f 1765 457 1762
f 1750 1762 91
f 1765 1762 1750
f 455 1767 1757
f 1767 457 1765
f 1757 1765 453
f 1767 1765 1757
f 85 1685 1754
f 1685 437 1756
f 1754 1756 455
f 1685 1756 1754
f 437 1686 1760
f 1686 86 1758
f 1760 1758 456
f 1686 1758 1760
f 455 1761 1755
f 1761 456 1759
f 1755 1759 92
f 1761 1759 1755
f 437 1760 1756
f 1760 456 1761
f 1756 1761 455
f 1760 1761 1756
f 86 1870 1758
f 1870 482 1872
f 1758 1872 456
f 1870 1872 1758
f 482 1871 1878
f 1871 100 1875
f 1878 1875 483
f 1871 1875 1878
f 456 1876 1759
f 1876 483 1874
f 1759 1874 92
f 1876 1874 1759
f 482 1878 1872
f 1878 483 1876
f 1872 1876 456
f 1878 1876 1872
f 86 1830 1870
f 1830 472 1873
f 1870 1873 482
f 1830 1873 1870
f 472 1831 1885
f 1831 96 1883
f 1885 1883 485
f 1831 1883 1885
f 482 1886 1871
f 1886 485 1884
f 1871 1884 100
f 1886 1884 1871
f 472 1885 1873
f 1885 485 1886
f 1873 1886 482
f 1885 1886 1873
f 100 1884 1893
f 1884 485 1896
f 1893 1896 488
f 1884 1896 1893
f 485 1883 1892
f 1883 96 1890
f 1892 1890 487
f 1883 1890 1892
f 488 1898 1894
f 1898 487 1891
f 1894 1891 101
f 1898 1891 1894
f 485 1892 1896
f 1892 487 1898
f 1896 1898 488
f 1892 1898 1896
f 101 1891 1905
f 1891 487 1908
f 1905 1908 491
f 1891 1908 1905
f 487 1890 1904
f 1890 96 1902
f 1904 1902 490
f 1890 1902 1904
f 491 1910 1906
f 1910 490 1903
f 1906 1903 102
f 1910 1903 1906
f 487 1904 1908
f 1904 490 1910
f 1908 1910 491
f 1904 1910 1908
f 102 1903 1922
f 1903 490 1925
f 1922 1925 495
f 1903 1925 1922
f 490 1902 1917
f 1902 96 1914
f 1917 1914 493
f 1902 1914 1917
f 495 1927 1923
f 1927 493 1915
f 1923 1915 103
f 1927 1915 1923
f 490 1917 1925
f 1917 493 1927
f 1925 1927 495
f 1917 1927 1925
f 96 1842 1914
f 1842 475 1916
f 1914 1916 493
f 1842 1916 1914
f 475 1843 1920
f 1843 97 1918
f 1920 1918 494
f 1843 1918 1920
f 493 1921 1915
f 1921 494 1919
f 1915 1919 103
f 1921 1919 1915
f 475 1920 1916
f 1920 494 1921
f 1916 1921 493
f 1920 1921 1916
f 97 1854 1931
f 1854 478 1933
f 1931 1933 497
f 1854 1933 1931
f 478 1855 1937
f 1855 98 1935
f 1937 1935 498
f 1855 1935 1937
f 497 1938 1932
f 1938 498 1936
f 1932 1936 104
f 1938 1936 1932
f 478 1937 1933
f 1937 498 1938
f 1933 1938 497
f 1937 1938 1933
f 97 1931 1918
f 1931 497 1934
f 1918 1934 494
f 1931 1934 1918
f 497 1932 1944
f 1932 104 1940
f 1944 1940 499
f 1932 1940 1944
f 494 1942 1919
f 1942 499 1939
f 1919 1939 103
f 1942 1939 1919
f 497 1944 1934
f 1944 499 1942
f 1934 1942 494
f 1944 1942 1934
f 98 1945 1935
f 1945 500 1948
f 1935 1948 498
f 1945 1948 1935
f 500 1946 1956
f 1946 105 1954
f 1956 1954 502
f 1946 1954 1956
f 498 1955 1936
f 1955 502 1953
f 1936 1953 104
f 1955 1953 1936
f 500 1956 1948
f 1956 502 1955
f 1948 1955 498
f 1956 1955 1948
f 98 1866 1945
f 1866 481 1947
f 1945 1947 500
f 1866 1947 1945
f 481 1867 1951
f 1867 99 1949
f 1951 1949 501
f 1867 1949 1951
f 500 1952 1946
f 1952 501 1950
f 1946 1950 105
f 1952 1950 1946
f 481 1951 1947
f 1951 501 1952
f 1947 1952 500
f 1951 1952 1947
f 99 2817 1957
f 2817 719 2820
f 1957 2820 503
f 2817 2820 1957
f 719 2818 2825
f 2818 180 2823
f 2825 2823 720
f 2818 2823 2825
f 503 2824 1958
f 2824 720 2822
f 1958 2822 106
f 2824 2822 1958
f 719 2825 2820
f 2825 720 2824
f 2820 2824 503
f 2825 2824 2820
f 99 1957 1949
f 1957 503 1959
f 1949 1959 501
f 1957 1959 1949
f 503 1958 1963
f 1958 106 1961
f 1963 1961 504
f 1958 1961 1963
f 501 1962 1950
f 1962 504 1960
f 1950 1960 105
f 1962 1960 1950
f 503 1963 1959
f 1963 504 1962
f 1959 1962 501
f 1963 1962 1959
f 180 2895 2823
f 2895 739 2897
f 2823 2897 720
f 2895 2897 2823
f 739 2896 2899
f 2896 187 2893
f 2899 2893 738
f 2896 2893 2899
f 720 2894 2822
f 2894 738 2892
f 2822 2892 106
f 2894 2892 2822
f 739 2899 2897
f 2899 738 2894
f 2897 2894 720
f 2899 2894 2897
f 152 2550 2554
f 2550 652 2557
f 2554 2557 653
f 2550 2557 2554
f 652 2551 2564
f 2551 157 2562
f 2564 2562 655
f 2551 2562 2564
f 653 2565 2555
f 2565 655 2563
f 2555 2563 158
f 2565 2563 2555
f 652 2564 2557
f 2564 655 2565
f 2557 2565 653
f 2564 2565 2557
f 153 2558 2566
f 2558 654 2569
f 2566 2569 656
f 2558 2569 2566
f 654 2559 2576
f 2559 158 2574
f 2576 2574 658
f 2559 2574 2576
f 656 2577 2567
f 2577 658 2575
f 2567 2575 159
f 2577 2575 2567
f 654 2576 2569
f 2576 658 2577
f 2569 2577 656
f 2576 2577 2569
f 152 2554 2502
f 2554 653 2556
f 2502 2556 640
f 2554 2556 2502
f 653 2555 2561
f 2555 158 2559
f 2561 2559 654
f 2555 2559 2561
f 640 2560 2503
f 2560 654 2558
f 2503 2558 153
f 2560 2558 2503
f 653 2561 2556
f 2561 654 2560
f 2556 2560 640
f 2561 2560 2556
f 153 2566 2514
f 2566 656 2568
f 2514 2568 643
f 2566 2568 2514
f 656 2567 2573
f 2567 159 2571
f 2573 2571 657
f 2567 2571 2573
f 643 2572 2515
f 2572 657 2570
f 2515 2570 154
f 2572 2570 2515
f 656 2573 2568
f 2573 657 2572
f 2568 2572 643
f 2573 2572 2568
f 154 2570 2578
f 2570 657 2581
f 2578 2581 659
f 2570 2581 2578
f 657 2571 2588
f 2571 159 2586
f 2588 2586 661
f 2571 2586 2588
f 659 2589 2579
f 2589 661 2587
f 2579 2587 160
f 2589 2587 2579
f 657 2588 2581
f 2588 661 2589
f 2581 2589 659
f 2588 2589 2581
f 154 2578 2526
f 2578 659 2580
f 2526 2580 646
f 2578 2580 2526
f 659 2579 2585
f 2579 160 2583
f 2585 2583 660
f 2579 2583 2585
f 646 2584 2527
f 2584 660 2582
f 2527 2582 155
f 2584 2582 2527
f 659 2585 2580
f 2585 660 2584
f 2580 2584 646
f 2585 2584 2580
f 155 2590 2538
f 2590 662 2592
f 2538 2592 649
f 2590 2592 2538
f 662 2591 2597
f 2591 161 2595
f 2597 2595 663
f 2591 2595 2597
f 649 2596 2539
f 2596 663 2594
f 2539 2594 156
f 2596 2594 2539
f 662 2597 2592
f 2597 663 2596
f 2592 2596 649
f 2597 2596 2592
f 155 2582 2590
f 2582 660 2593
f 2590 2593 662
f 2582 2593 2590
f 660 2583 2600
f 2583 160 2598
f 2600 2598 664
f 2583 2598 2600
f 662 2601 2591
f 2601 664 2599
f 2591 2599 161
f 2601 2599 2591
f 660 2600 2593
f 2600 664 2601
f 2593 2601 662
f 2600 2601 2593
f 156 2614 2610
f 2614 668 2617
f 2610 2617 667
f 2614 2617 2610
f 668 2615 2625
f 2615 163 2623
f 2625 2623 670
f 2615 2623 2625
f 667 2624 2611
f 2624 670 2622
f 2611 2622 162
f 2624 2622 2611
f 668 2625 2617
f 2625 670 2624
f 2617 2624 667
f 2625 2624 2617
f 162 2626 2643
f 2626 671 2646
f 2643 2646 676
f 2626 2646 2643
f 671 2627 2650
f 2627 164 2648
f 2650 2648 677
f 2627 2648 2650
f 676 2652 2644
f 2652 677 2649
f 2644 2649 166
f 2652 2649 2644
f 671 2650 2646
f 2650 677 2652
f 2646 2652 676
f 2650 2652 2646
f 156 2594 2614
f 2594 663 2616
f 2614 2616 668
f 2594 2616 2614
f 663 2595 2620
f 2595 161 2618
f 2620 2618 669
f 2595 2618 2620
f 668 2621 2615
f 2621 669 2619
f 2615 2619 163
f 2621 2619 2615
f 663 2620 2616
f 2620 669 2621
f 2616 2621 668
f 2620 2621 2616
f 162 2622 2626
f 2622 670 2628
f 2626 2628 671
f 2622 2628 2626
f 670 2623 2631
f 2623 163 2629
f 2631 2629 672
f 2623 2629 2631
f 671 2632 2627
f 2632 672 2630
f 2627 2630 164
f 2632 2630 2627
f 670 2631 2628
f 2631 672 2632
f 2628 2632 671
f 2631 2632 2628
f 166 2649 2654
f 2649 677 2656
f 2654 2656 678
f 2649 2656 2654
f 677 2648 2651
f 2648 164 2633
f 2651 2633 673
f 2648 2633 2651
f 678 2655 2653
f 2655 673 2634
f 2653 2634 165
f 2655 2634 2653
f 677 2651 2656
f 2651 673 2655
f 2656 2655 678
f 2651 2655 2656
f 166 2654 2668
f 2654 678 2671
f 2668 2671 682
f 2654 2671 2668
f 678 2653 2667
f 2653 165 2665
f 2667 2665 681
f 2653 2665 2667
f 682 2673 2669
f 2673 681 2666
f 2669 2666 167
f 2673 2666 2669
f 678 2667 2671
f 2667 681 2673
f 2671 2673 682
f 2667 2673 2671
f 167 2725 2682
f 2725 696 2728
f 2682 2728 685
f 2725 2728 2682
f 696 2726 2733
f 2726 172 2731
f 2733 2731 697
f 2726 2731 2733
f 685 2732 2683
f 2732 697 2730
f 2683 2730 168
f 2732 2730 2683
f 696 2733 2728
f 2733 697 2732
f 2728 2732 685
f 2733 2732 2728
f 168 2734 2694
f 2734 698 2736
f 2694 2736 688
f 2734 2736 2694
f 698 2735 2741
f 2735 173 2739
f 2741 2739 699
f 2735 2739 2741
f 688 2740 2695
f 2740 699 2738
f 2695 2738 169
f 2740 2738 2695
f 698 2741 2736
f 2741 699 2740
f 2736 2740 688
f 2741 2740 2736
f 167 2666 2725
f 2666 681 2727
f 2725 2727 696
f 2666 2727 2725
f 681 2665 2724
f 2665 165 2722
f 2724 2722 695
f 2665 2722 2724
f 696 2729 2726
f 2729 695 2723
f 2726 2723 172
f 2729 2723 2726
f 681 2724 2727
f 2724 695 2729
f 2727 2729 696
f 2724 2729 2727
f 168 2730 2734
f 2730 697 2737
f 2734 2737 698
f 2730 2737 2734
f 697 2731 2744
f 2731 172 2742
f 2744 2742 700
f 2731 2742 2744
f 698 2745 2735
f 2745 700 2743
f 2735 2743 173
f 2745 2743 2735
f 697 2744 2737
f 2744 700 2745
f 2737 2745 698
f 2744 2745 2737
f 169 2738 2746
f 2738 699 2749
f 2746 2749 701
f 2738 2749 2746
f 699 2739 2756
f 2739 173 2754
f 2756 2754 703
f 2739 2754 2756
f 701 2757 2747
f 2757 703 2755
f 2747 2755 174
f 2757 2755 2747
f 699 2756 2749
f 2756 703 2757
f 2749 2757 701
f 2756 2757 2749
f 169 2746 2706
f 2746 701 2748
f 2706 2748 691
f 2746 2748 2706
f 701 2747 2753
f 2747 174 2751
f 2753 2751 702
f 2747 2751 2753
f 691 2752 2707
f 2752 702 2750
f 2707 2750 170
f 2752 2750 2707
f 701 2753 2748
f 2753 702 2752
f 2748 2752 691
f 2753 2752 2748
f 170 2758 2718
f 2758 704 2760
f 2718 2760 694
f 2758 2760 2718
f 704 2759 2765
f 2759 175 2763
f 2765 2763 705
f 2759 2763 2765
f 694 2764 2719
f 2764 705 2762
f 2719 2762 171
f 2764 2762 2719
f 704 2765 2760
f 2765 705 2764
f 2760 2764 694
f 2765 2764 2760
f 171 2770 2785
f 2770 707 2788
f 2785 2788 711
f 2770 2788 2785
f 707 2771 2792
f 2771 176 2790
f 2792 2790 712
f 2771 2790 2792
f 711 2793 2786
f 2793 712 2791
f 2786 2791 177
f 2793 2791 2786
f 707 2792 2788
f 2792 712 2793
f 2788 2793 711
f 2792 2793 2788
f 170 2750 2758
f 2750 702 2761
f 2758 2761 704
f 2750 2761 2758
f 702 2751 2768
f 2751 174 2766
f 2768 2766 706
f 2751 2766 2768
f 704 2769 2759
f 2769 706 2767
f 2759 2767 175
f 2769 2767 2759
f 702 2768 2761
f 2768 706 2769
f 2761 2769 704
f 2768 2769 2761
f 171 2762 2770
f 2762 705 2772
f 2770 2772 707
f 2762 2772 2770
f 705 2763 2775
f 2763 175 2773
f 2775 2773 708
f 2763 2773 2775
f 707 2776 2771
f 2776 708 2774
f 2771 2774 176
f 2776 2774 2771
f 705 2775 2772
f 2775 708 2776
f 2772 2776 707
f 2775 2776 2772
f 177 2791 3219
f 2791 712 3221
f 3219 3221 820
f 2791 3221 3219
f 712 2790 3218
f 2790 176 3216
f 3218 3216 819
f 2790 3216 3218
f 820 3223 3220
f 3223 819 3217
f 3220 3217 213
f 3223 3217 3220
f 712 3218 3221
f 3218 819 3223
f 3221 3223 820
f 3218 3223 3221
f 183 2874 2878
f 2874 733 2880
f 2878 2880 734
f 2874 2880 2878
f 733 2875 2883
f 2875 184 2881
f 2883 2881 735
f 2875 2881 2883
f 734 2884 2879
f 2884 735 2882
f 2879 2882 185
f 2884 2882 2879
f 733 2883 2880
f 2883 735 2884
f 2880 2884 734
f 2883 2884 2880
f 184 2885 2881
f 2885 736 2887
f 2881 2887 735
f 2885 2887 2881
f 736 2886 2891
f 2886 186 2889
f 2891 2889 737
f 2886 2889 2891
f 735 2890 2882
f 2890 737 2888
f 2882 2888 185
f 2890 2888 2882
f 736 2891 2887
f 2891 737 2890
f 2887 2890 735
f 2891 2890 2887
f 184 2962 3024
f 2962 756 3027
f 3024 3027 771
f 2962 3027 3024
f 756 2963 3034
f 2963 193 3032
f 3034 3032 773
f 2963 3032 3034
f 771 3035 3025
f 3035 773 3033
f 3025 3033 198
f 3035 3033 3025
f 756 3034 3027
f 3034 773 3035
f 3027 3035 771
f 3034 3035 3027
f 184 3024 2885
f 3024 771 3026
f 2885 3026 736
f 3024 3026 2885
f 771 3025 3031
f 3025 198 3029
f 3031 3029 772
f 3025 3029 3031
f 736 3030 2886
f 3030 772 3028
f 2886 3028 186
f 3030 3028 2886
f 771 3031 3026
f 3031 772 3030
f 3026 3030 736
f 3031 3030 3026
f 180 2838 2895
f 2838 724 2898
f 2895 2898 739
f 2838 2898 2895
f 724 2839 2902
f 2839 181 2900
f 2902 2900 740
f 2839 2900 2902
f 739 2903 2896
f 2903 740 2901
f 2896 2901 187
f 2903 2901 2896
f 724 2902 2898
f 2902 740 2903
f 2898 2903 739
f 2902 2903 2898
f 181 2850 2904
f 2850 727 2906
f 2904 2906 741
f 2850 2906 2904
f 727 2851 2910
f 2851 182 2908
f 2910 2908 742
f 2851 2908 2910
f 741 2911 2905
f 2911 742 2909
f 2905 2909 188
f 2911 2909 2905
f 727 2910 2906
f 2910 742 2911
f 2906 2911 741
f 2910 2911 2906
f 181 2904 2900
f 2904 741 2907
f 2900 2907 740
f 2904 2907 2900
f 741 2905 2915
f 2905 188 2913
f 2915 2913 743
f 2905 2913 2915
f 740 2914 2901
f 2914 743 2912
f 2901 2912 187
f 2914 2912 2901
f 741 2915 2907
f 2915 743 2914
f 2907 2914 740
f 2915 2914 2907
f 182 2928 2908
f 2928 747 2930
f 2908 2930 742
f 2928 2930 2908
f 747 2929 2935
f 2929 190 2933
f 2935 2933 748
f 2929 2933 2935
f 742 2934 2909
f 2934 748 2932
f 2909 2932 188
f 2934 2932 2909
f 747 2935 2930
f 2935 748 2934
f 2930 2934 742
f 2935 2934 2930
f 182 2862 2916
f 2862 730 2918
f 2916 2918 744
f 2862 2918 2916
f 730 2863 2921
f 2863 183 2919
f 2921 2919 745
f 2863 2919 2921
f 744 2923 2917
f 2923 745 2920
f 2917 2920 189
f 2923 2920 2917
f 730 2921 2918
f 2921 745 2923
f 2918 2923 744
f 2921 2923 2918
f 183 2878 2919
f 2878 734 2922
f 2919 2922 745
f 2878 2922 2919
f 734 2879 2926
f 2879 185 2924
f 2926 2924 746
f 2879 2924 2926
f 745 2927 2920
f 2927 746 2925
f 2920 2925 189
f 2927 2925 2920
f 734 2926 2922
f 2926 746 2927
f 2922 2927 745
f 2926 2927 2922
f 182 2916 2928
f 2916 744 2931
f 2928 2931 747
f 2916 2931 2928
f 744 2917 2938
f 2917 189 2936
f 2938 2936 749
f 2917 2936 2938
f 747 2939 2929
f 2939 749 2937
f 2929 2937 190
f 2939 2937 2929
f 744 2938 2931
f 2938 749 2939
f 2931 2939 747
f 2938 2939 2931
f 189 2940 2936
f 2940 750 2942
f 2936 2942 749
f 2940 2942 2936
f 750 2941 2946
f 2941 191 2944
f 2946 2944 751
f 2941 2944 2946
f 749 2945 2937
f 2945 751 2943
f 2937 2943 190
f 2945 2943 2937
f 750 2946 2942
f 2946 751 2945
f 2942 2945 749
f 2946 2945 2942
f 193 2979 3043
f 2979 760 3045
f 3043 3045 776
f 2979 3045 3043
f 760 2980 3049
f 2980 194 3047
f 3049 3047 777
f 2980 3047 3049
f 776 3050 3044
f 3050 777 3048
f 3044 3048 200
f 3050 3048 3044
f 760 3049 3045
f 3049 777 3050
f 3045 3050 776
f 3049 3050 3045
f 193 3036 3032
f 3036 774 3038
f 3032 3038 773
f 3036 3038 3032
f 774 3037 3042
f 3037 199 3040
f 3042 3040 775
f 3037 3040 3042
f 773 3041 3033
f 3041 775 3039
f 3033 3039 198
f 3041 3039 3033
f 774 3042 3038
f 3042 775 3041
f 3038 3041 773
f 3042 3041 3038
f 193 3043 3036
f 3043 776 3046
f 3036 3046 774
f 3043 3046 3036
f 776 3044 3054
f 3044 200 3052
f 3054 3052 778
f 3044 3052 3054
f 774 3053 3037
f 3053 778 3051
f 3037 3051 199
f 3053 3051 3037
f 776 3054 3046
f 3054 778 3053
f 3046 3053 774
f 3054 3053 3046
f 194 2976 3072
f 2976 759 3074
f 3072 3074 784
f 2976 3074 3072
f 759 2975 3071
f 2975 192 3069
f 3071 3069 783
f 2975 3069 3071
f 784 3076 3073
f 3076 783 3070
f 3073 3070 203
f 3076 3070 3073
f 759 3071 3074
f 3071 783 3076
f 3074 3076 784
f 3071 3076 3074
f 192 3081 3069
f 3081 786 3083
f 3069 3083 783
f 3081 3083 3069
f 786 3082 3087
f 3082 204 3085
f 3087 3085 787
f 3082 3085 3087
f 783 3086 3070
f 3086 787 3084
f 3070 3084 203
f 3086 3084 3070
f 786 3087 3083
f 3087 787 3086
f 3083 3086 783
f 3087 3086 3083
f 194 3055 3047
f 3055 779 3057
f 3047 3057 777
f 3055 3057 3047
f 779 3056 3061
f 3056 201 3059
f 3061 3059 780
f 3056 3059 3061
f 777 3060 3048
f 3060 780 3058
f 3048 3058 200
f 3060 3058 3048
f 779 3061 3057
f 3061 780 3060
f 3057 3060 777
f 3061 3060 3057
f 194 3072 3055
f 3072 784 3075
f 3055 3075 779
f 3072 3075 3055
f 784 3073 3080
f 3073 203 3078
f 3080 3078 785
f 3073 3078 3080
f 779 3079 3056
f 3079 785 3077
f 3056 3077 201
f 3079 3077 3056
f 784 3080 3075
f 3080 785 3079
f 3075 3079 779
f 3080 3079 3075
f 196 3004 3106
f 3004 766 3108
f 3106 3108 793
f 3004 3108 3106
f 766 3003 3104
f 3003 195 3102
f 3104 3102 792
f 3003 3102 3104
f 793 3110 3107
f 3110 792 3103
f 3107 3103 207
f 3110 3103 3107
f 766 3104 3108
f 3104 792 3110
f 3108 3110 793
f 3104 3110 3108
f 197 3065 3021
f 3065 782 3067
f 3021 3067 770
f 3065 3067 3021
f 782 3066 3068
f 3066 202 3063
f 3068 3063 781
f 3066 3063 3068
f 770 3064 3020
f 3064 781 3062
f 3020 3062 195
f 3064 3062 3020
f 782 3068 3067
f 3068 781 3064
f 3067 3064 770
f 3068 3064 3067
f 197 3017 3356
f 3017 769 3358
f 3356 3358 854
f 3017 3358 3356
f 769 3016 3355
f 3016 179 3353
f 3355 3353 853
f 3016 3353 3355
f 854 3360 3357
f 3360 853 3354
f 3357 3354 224
f 3360 3354 3357
f 769 3355 3358
f 3355 853 3360
f 3358 3360 854
f 3355 3360 3358
f 195 3062 3102
f 3062 781 3105
f 3102 3105 792
f 3062 3105 3102
f 781 3063 3113
f 3063 202 3111
f 3113 3111 794
f 3063 3111 3113
f 792 3114 3103
f 3114 794 3112
f 3103 3112 207
f 3114 3112 3103
f 781 3113 3105
f 3113 794 3114
f 3105 3114 792
f 3113 3114 3105
f 197 3356 3065
f 3356 854 3359
f 3065 3359 782
f 3356 3359 3065
f 854 3357 3364
f 3357 224 3362
f 3364 3362 855
f 3357 3362 3364
f 782 3363 3066
f 3363 855 3361
f 3066 3361 202
f 3363 3361 3066
f 854 3364 3359
f 3364 855 3363
f 3359 3363 782
f 3364 3363 3359
f 192 2999 3088
f 2999 765 3090
f 3088 3090 788
f 2999 3090 3088
f 765 3000 3094
f 3000 196 3092
f 3094 3092 789
f 3000 3092 3094
f 788 3095 3089
f 3095 789 3093
f 3089 3093 205
f 3095 3093 3089
f 765 3094 3090
f 3094 789 3095
f 3090 3095 788
f 3094 3095 3090
f 192 3088 3081
f 3088 788 3091
f 3081 3091 786
f 3088 3091 3081
f 788 3089 3099
f 3089 205 3097
f 3099 3097 790
f 3089 3097 3099
f 786 3098 3082
f 3098 790 3096
f 3082 3096 204
f 3098 3096 3082
f 788 3099 3091
f 3099 790 3098
f 3091 3098 786
f 3099 3098 3091
f 196 3106 3092
f 3106 793 3109
f 3092 3109 789
f 3106 3109 3092
f 793 3107 3119
f 3107 207 3116
f 3119 3116 795
f 3107 3116 3119
f 789 3117 3093
f 3117 795 3115
f 3093 3115 205
f 3117 3115 3093
f 793 3119 3109
f 3119 795 3117
f 3109 3117 789
f 3119 3117 3109
f 205 3115 3100
f 3115 795 3118
f 3100 3118 791
f 3115 3118 3100
f 795 3116 3123
f 3116 207 3121
f 3123 3121 796
f 3116 3121 3123
f 791 3122 3101
f 3122 796 3120
f 3101 3120 206
f 3122 3120 3101
f 795 3123 3118
f 3123 796 3122
f 3118 3122 791
f 3123 3122 3118
f 177 3219 3176
f 3219 820 3222
f 3176 3222 809
f 3219 3222 3176
f 820 3220 3227
f 3220 213 3225
f 3227 3225 821
f 3220 3225 3227
f 809 3226 3177
f 3226 821 3224
f 3177 3224 209
f 3226 3224 3177
f 820 3227 3222
f 3227 821 3226
f 3222 3226 809
f 3227 3226 3222
f 209 3228 3188
f 3228 822 3230
f 3188 3230 812
f 3228 3230 3188
f 822 3229 3235
f 3229 214 3233
f 3235 3233 823
f 3229 3233 3235
f 812 3234 3189
f 3234 823 3232
f 3189 3232 210
f 3234 3232 3189
f 822 3235 3230
f 3235 823 3234
f 3230 3234 812
f 3235 3234 3230
f 209 3224 3228
f 3224 821 3231
f 3228 3231 822
f 3224 3231 3228
f 821 3225 3238
f 3225 213 3236
f 3238 3236 824
f 3225 3236 3238
f 822 3239 3229
f 3239 824 3237
f 3229 3237 214
f 3239 3237 3229
f 821 3238 3231
f 3238 824 3239
f 3231 3239 822
f 3238 3239 3231
f 210 3232 3240
f 3232 823 3243
f 3240 3243 825
f 3232 3243 3240
f 823 3233 3250
f 3233 214 3248
f 3250 3248 827
f 3233 3248 3250
f 825 3251 3241
f 3251 827 3249
f 3241 3249 215
f 3251 3249 3241
f 823 3250 3243
f 3250 827 3251
f 3243 3251 825
f 3250 3251 3243
f 210 3240 3200
f 3240 825 3242
f 3200 3242 815
f 3240 3242 3200
f 825 3241 3247
f 3241 215 3245
f 3247 3245 826
f 3241 3245 3247
f 815 3246 3201
f 3246 826 3244
f 3201 3244 211
f 3246 3244 3201
f 825 3247 3242
f 3247 826 3246
f 3242 3246 815
f 3247 3246 3242
f 211 3252 3212
f 3252 828 3254
f 3212 3254 818
f 3252 3254 3212
f 828 3253 3259
f 3253 216 3257
f 3259 3257 829
f 3253 3257 3259
f 818 3258 3213
f 3258 829 3256
f 3213 3256 212
f 3258 3256 3213
f 828 3259 3254
f 3259 829 3258
f 3254 3258 818
f 3259 3258 3254
f 212 3324 3272
f 3324 846 3327
f 3272 3327 833
f 3324 3327 3272
f 846 3325 3335
f 3325 222 3333
f 3335 3333 848
f 3325 3333 3335
f 833 3334 3273
f 3334 848 3332
f 3273 3332 217
f 3334 3332 3273
f 846 3335 3327
f 3335 848 3334
f 3327 3334 833
f 3335 3334 3327
f 211 3244 3252
f 3244 826 3255
f 3252 3255 828
f 3244 3255 3252
f 826 3245 3262
f 3245 215 3260
f 3262 3260 830
f 3245 3260 3262
f 828 3263 3253
f 3263 830 3261
f 3253 3261 216
f 3263 3261 3253
f 826 3262 3255
f 3262 830 3263
f 3255 3263 828
f 3262 3263 3255
f 212 3256 3324
f 3256 829 3326
f 3324 3326 846
f 3256 3326 3324
f 829 3257 3330
f 3257 216 3328
f 3330 3328 847
f 3257 3328 3330
f 846 3331 3325
f 3331 847 3329
f 3325 3329 222
f 3331 3329 3325
f 829 3330 3326
f 3330 847 3331
f 3326 3331 846
f 3330 3331 3326
f 218 3305 3301
f 3305 841 3307
f 3301 3307 840
f 3305 3307 3301
f 841 3306 3311
f 3306 220 3309
f 3311 3309 842
f 3306 3309 3311
f 840 3310 3302
f 3310 842 3308
f 3302 3308 219
f 3310 3308 3302
f 841 3311 3307
f 3311 842 3310
f 3307 3310 840
f 3311 3310 3307
f 217 3336 3284
f 3336 849 3338
f 3284 3338 836
f 3336 3338 3284
f 849 3337 3344
f 3337 223 3341
f 3344 3341 850
f 3337 3341 3344
f 836 3342 3285
f 3342 850 3340
f 3285 3340 218
f 3342 3340 3285
f 849 3344 3338
f 3344 850 3342
f 3338 3342 836
f 3344 3342 3338
f 217 3332 3336
f 3332 848 3339
f 3336 3339 849
f 3332 3339 3336
f 848 3333 3351
f 3333 222 3349
f 3351 3349 852
f 3333 3349 3351
f 849 3352 3337
f 3352 852 3350
f 3337 3350 223
f 3352 3350 3337
f 848 3351 3339
f 3351 852 3352
f 3339 3352 849
f 3351 3352 3339
f 218 3340 3305
f 3340 850 3343
f 3305 3343 841
f 3340 3343 3305
f 850 3341 3348
f 3341 223 3346
f 3348 3346 851
f 3341 3346 3348
f 841 3347 3306
f 3347 851 3345
f 3306 3345 220
f 3347 3345 3306
f 850 3348 3343
f 3348 851 3347
f 3343 3347 841
f 3348 3347 3343
f 219 3315 3298
f 3315 844 3317
f 3298 3317 839
f 3315 3317 3298
f 844 3316 3319
f 3316 221 3313
f 3319 3313 843
f 3316 3313 3319
f 839 3314 3297
f 3314 843 3312
f 3297 3312 178
f 3314 3312 3297
f 844 3319 3317
f 3319 843 3314
f 3317 3314 839
f 3319 3314 3317
f 179 2810 3369
f 2810 717 3371
f 3369 3371 857
f 2810 3371 3369
f 717 2809 3367
f 2809 178 3365
f 3367 3365 856
f 2809 3365 3367
f 857 3373 3370
f 3373 856 3366
f 3370 3366 225
f 3373 3366 3370
f 717 3367 3371
f 3367 856 3373
f 3371 3373 857
f 3367 3373 3371
f 178 3312 3365
f 3312 843 3368
f 3365 3368 856
f 3312 3368 3365
f 843 3313 3376
f 3313 221 3374
f 3376 3374 858
f 3313 3374 3376
f 856 3377 3366
f 3377 858 3375
f 3366 3375 225
f 3377 3375 3366
f 843 3376 3368
f 3376 858 3377
f 3368 3377 856
f 3376 3377 3368
f 219 3308 3315
f 3308 842 3318
f 3315 3318 844
f 3308 3318 3315
f 842 3309 3322
f 3309 220 3320
f 3322 3320 845
f 3309 3320 3322
f 844 3323 3316
f 3323 845 3321
f 3316 3321 221
f 3323 3321 3316
f 842 3322 3318
f 3322 845 3323
f 3318 3323 844
f 3322 3323 3318
f 179 3369 3353
f 3369 857 3372
f 3353 3372 853
f 3369 3372 3353
f 857 3370 3381
f 3370 225 3379
f 3381 3379 859
f 3370 3379 3381
f 853 3380 3354
f 3380 859 3378
f 3354 3378 224
f 3380 3378 3354
f 857 3381 3372
f 3381 859 3380
f 3372 3380 853
f 3381 3380 3372

