{"min": [-0.220644, -0.857287, -0.377605], "max": [0.209696, 0.992035, 0.37549]}